RegionID,SizeRank,RegionName,RegionType,StateName,2015-01-31,2015-02-28,2015-03-31,2015-04-30,2015-05-31,2015-06-30,2015-07-31,2015-08-31,2015-09-30,2015-10-31,2015-11-30,2015-12-31,2016-01-31,2016-02-29,2016-03-31,2016-04-30,2016-05-31,2016-06-30,2016-07-31,2016-08-31,2016-09-30,2016-10-31,2016-11-30,2016-12-31,2017-01-31,2017-02-28,2017-03-31,2017-04-30,2017-05-31,2017-06-30,2017-07-31,2017-08-31,2017-09-30,2017-10-31,2017-11-30,2017-12-31,2018-01-31,2018-02-28,2018-03-31,2018-04-30,2018-05-31,2018-06-30,2018-07-31,2018-08-31,2018-09-30,2018-10-31,2018-11-30,2018-12-31,2019-01-31,2019-02-28,2019-03-31,2019-04-30,2019-05-31,2019-06-30,2019-07-31,2019-08-31,2019-09-30,2019-10-31,2019-11-30,2019-12-31,2020-01-31,2020-02-29,2020-03-31,2020-04-30,2020-05-31,2020-06-30,2020-07-31,2020-08-31,2020-09-30,2020-10-31,2020-11-30,2020-12-31,2021-01-31,2021-02-28,2021-03-31,2021-04-30,2021-05-31,2021-06-30,2021-07-31,2021-08-31,2021-09-30,2021-10-31,2021-11-30,2021-12-31,2022-01-31,2022-02-28,2022-03-31,2022-04-30,2022-05-31,2022-06-30,2022-07-31,2022-08-31,2022-09-30,2022-10-31,2022-11-30,2022-12-31,2023-01-31,2023-02-28,2023-03-31,2023-04-30,2023-05-31,2023-06-30,2023-07-31,2023-08-31,2023-09-30,2023-10-31,2023-11-30,2023-12-31,2024-01-31,2024-02-29,2024-03-31,2024-04-30,2024-05-31,2024-06-30,2024-07-31,2024-08-31,2024-09-30,2024-10-31,2024-11-30,2024-12-31,2025-01-31,2025-02-28,2025-03-31,2025-04-30,2025-05-31,2025-06-30,2025-07-31,2025-08-31,2025-09-30,2025-10-31,2025-11-30,2025-12-31,2026-01-31,2026-02-28,2026-03-31,2026-04-30,2026-05-31,2026-06-30
102001,0,United States,country,,1286.7137973720291,1292.150029902225,1297.6058411535203,1303.0375088993806,1307.2163088938983,1311.7923251901263,1316.582490913119,1322.0421140745427,1327.5421860458507,1332.8179450104142,1338.0323682064077,1343.13033589309,1347.7936448750913,1351.1158085994043,1353.2399411472368,1356.74104245543,1360.8622409311254,1365.617937775333,1369.6290276210914,1373.845866564617,1377.414200397919,1381.010521243656,1384.1129600836682,1388.0772290039672,1393.9984683279024,1401.688833775576,1409.9711984329488,1416.3710759038631,1421.7345931402344,1426.745725704228,1431.7580229216574,1436.1704127256116,1441.7766868935205,1446.884757640714,1452.4976702697397,1457.7055393737319,1462.8144374003875,1467.594222524349,1472.6399804107377,1477.6214543434971,1482.4871409309892,1487.3448150579447,1492.512910487998,1498.4480126727776,1503.664691740639,1509.6088275070035,1515.6597822322803,1522.1142398014842,1527.0342608123858,1531.701134904541,1536.238936242337,1541.5421292292676,1547.4342230414327,1553.3971684144688,1559.2962425155602,1564.849299226389,1570.5064499537016,1575.8528617411312,1580.985659428346,1585.863781260119,1591.6303640971973,1597.4752162307113,1603.5288054130506,1606.309736058653,1609.3932519029686,1615.1627042210685,1626.3517280814865,1638.0853116432907,1651.137882272513,1664.0881793690323,1676.5074318206189,1688.861084999207,1701.9508230300448,1715.3029052424463,1729.1846462453752,1745.628025079026,1765.7422870967664,1786.8370419170762,1807.00396003002,1828.0783287955667,1848.8397226175246,1868.0265462302705,1886.3440381923772,1903.8652131505864,1920.8024391196373,1937.4007886919794,1953.140913698528,1969.6620122900117,1983.6651345111181,1997.5866735553716,2008.9488507535455,2018.8633053892072,2026.57476574488,2034.9512957785487,2042.1531621751037,2050.6286520705817,2057.598035175685,2065.1854298926737,2073.472161322988,2081.9874139081103,2090.149463928064,2096.4872307857445,2103.6117217010437,2110.7967854267754,2118.301296703088,2125.2590131237457,2132.2907595004094,2140.028776976099,2148.4785737899447,2156.918450160625,2165.3115151423412,2171.75354694111,2178.1502800627222,2184.151963008614,2190.977854486942,2196.951153457655,2202.28128092042,2207.760594367191,2215.7851224560295,2223.215969989367,2231.3910235632484,2237.80487677467,2243.3317581639326,2246.561996638166,2250.0665721634505,2254.0951010740064,2259.449666823068,2265.406553690527,2271.9014367052364,2278.1787751504176,2282.4537170835297,2286.3679993069886,2289.510300945593,2293.763656035011,2298.505069842361,2305.8373943077527,2313.0641917613643,2320.3740257318627
394913,1,"New York, NY",msa,NY,2080.8136456905877,2098.7669281939716,2112.229537203618,2115.164487494017,2110.0609009622444,2119.93556202509,2125.89839633395,2132.901340134149,2139.2225391003035,2146.828622427979,2154.697709466307,2162.1055513801275,2168.7006809712007,2173.1693593586742,2175.449104742218,2180.0406086484036,2187.860430711162,2188.934720642709,2195.373448526031,2199.2470020895826,2200.898677327377,2201.3250246248854,2215.569094956535,2232.1199502754926,2248.8758679901835,2252.1269577599187,2259.9288254109642,2263.951573549992,2272.7794811087697,2277.3377155607996,2286.3891239439918,2290.119909114612,2315.063153049263,2327.5091653168784,2329.777129193281,2315.595902702099,2314.10970042156,2321.3111137823353,2322.909735902277,2331.9514802175054,2337.9171516096444,2345.4565830368065,2350.2536838901497,2366.125711936527,2376.8311752590275,2377.7429645239436,2382.0791680837337,2386.070309725758,2393.8722623888775,2405.247753545854,2415.5860138390813,2421.859516772762,2427.7162503520703,2435.4312442821583,2442.1801631378953,2443.6640556134416,2439.372805479541,2449.231658846413,2458.6719625565743,2476.0839485832903,2484.433780013907,2488.5324432345046,2486.6060784580463,2493.628126858996,2506.241914785075,2516.989471519227,2527.5865853854507,2539.8460586376973,2557.2788337200686,2558.107419806109,2579.717713469201,2582.3086226803566,2608.235424734763,2616.076975730091,2645.1501874074556,2662.575128393628,2676.75799485218,2696.130855210355,2715.914868814575,2738.4577889851,2751.5516827415117,2779.7458270965762,2792.124210419673,2832.8084496121355,2856.212883626554,2894.5806734662333,2903.608847001172,2923.551192633621,2949.4029497804545,2977.0760342741355,3006.109649063136,3028.180090436306,3050.789801559331,3065.698965024226,3077.666311490849,3075.418765315823,3081.8188242273986,3097.2146779217064,3127.9604652888806,3154.5029478843476,3172.5245790386953,3177.8506907900846,3186.3292698714504,3199.50136307459,3222.4832397616465,3236.0848366022956,3249.716839655843,3267.9841311846794,3291.118207978129,3309.5836994609463,3327.664363354038,3334.4632076347007,3337.668639490185,3346.050402895925,3360.8568393101064,3375.100182364677,3380.9707733805976,3385.7593287354953,3400.3039615482703,3429.1270289503727,3445.31813757801,3449.151741376895,3441.4244005294545,3450.701788553018,3462.726127273005,3481.1356965154973,3491.36504504616,3500.985580779412,3512.1668047315457,3529.782888151951,3540.876408800816,3540.5522318835065,3546.640966331123,3562.357010995561,3585.163276459212,3601.1808027609695,3618.671107262752,3631.4852267497085
753899,2,"Los Angeles, CA",msa,CA,2535.0242814792755,2549.055657413562,2563.9219439211265,2570.7986128292796,2576.9431975073603,2587.7113237450176,2601.919877008169,2613.229405663635,2629.778347480569,2645.4558693506046,2659.4564059497425,2672.557432546702,2685.5786745484284,2698.21227307336,2707.192152719621,2716.077670023664,2732.8359627040563,2743.963610816602,2755.9572776745836,2763.0753323480285,2770.4868072975273,2776.017801541365,2778.949153880877,2789.1375643093547,2808.5321031009785,2829.784400539188,2849.584034233508,2862.653532311509,2873.857612985305,2881.208235274988,2892.5821379190415,2902.332688321914,2916.0084381210822,2920.514575180218,2935.3120995118934,2946.182254652214,2959.583813346221,2969.3517077878623,2978.1522170212206,2991.5096177977503,2995.367843447936,3009.634444869426,3019.144171703211,3033.1453917587432,3044.349643555279,3060.955897058816,3080.2223202084856,3091.2391552153445,3096.223177543517,3096.7081730583022,3105.063289435278,3113.546441880508,3128.66913401584,3138.6303212868734,3149.803304772843,3159.248274942894,3168.3558767086397,3178.094805536991,3181.0396720659114,3190.848683667995,3202.12919749852,3218.3833678398555,3209.4837046545686,3203.834802934835,3200.8160529488546,3214.5673463377243,3242.2172129553624,3256.3392380311516,3272.846066508391,3284.6181727225276,3309.1578329523136,3328.261035440563,3357.238772031001,3376.2293288637484,3401.473145207969,3421.92227004322,3448.350502010823,3475.714147983653,3501.338845368732,3547.115073540233,3589.0342158836843,3627.547648983813,3655.771971774182,3690.2242972647296,3721.16001905034,3761.434176351477,3796.039732361974,3836.1984511874016,3866.203507184691,3888.7602570111976,3908.4770862218606,3915.7404187434317,3928.8997698711514,3946.646449794707,3963.755342968258,3972.792220234935,3973.2478174109942,3974.91932137776,3987.1881758848617,4009.5339187915365,4034.486057298497,4056.7549216231896,4072.994789670788,4092.2153292101143,4101.574349334895,4114.3167648963345,4126.152170467046,4150.02289667487,4159.028308155318,4169.606586217996,4172.696782368122,4189.109791896165,4198.664944164353,4214.490381257681,4233.644123010195,4251.356713006195,4268.9457559179145,4281.428005833652,4294.193780236498,4307.870420654858,4361.850472100427,4405.500133609338,4434.64270504838,4414.654425624919,4403.710686356036,4405.150660474826,4411.430223377032,4418.786281255122,4429.771868839566,4441.685655147485,4453.716731275521,4459.726795567241,4443.110094577178,4432.869383350285,4435.096754619848,4465.044705527635,4491.268820726717,4505.523871427841
394463,3,"Chicago, IL",msa,IL,1498.3479939603496,1499.6785119923059,1501.3622206869957,1508.8820899030065,1512.9684393090604,1517.8170543062024,1520.2767240197281,1524.731928352387,1526.651155527083,1528.919491346624,1531.571394808926,1540.1094507899475,1544.4323869824957,1549.7014507512463,1551.023441668163,1552.7838403169167,1553.4150526581632,1553.6743067648902,1558.4442671798272,1564.392232761009,1567.5146362817266,1570.6010409924324,1572.060687898758,1571.0130982098185,1575.3351311717217,1580.2521567067652,1589.298953216232,1594.231902383113,1599.567478995992,1603.2859940831077,1605.9841280736898,1605.9607713900036,1609.3707976136627,1610.7034012542458,1615.6206060399172,1621.216318831346,1624.8268777307976,1628.1419583749716,1630.3052815709111,1637.6766892019155,1641.1169666135095,1644.9418536286448,1646.9751352029266,1651.4276143408401,1655.6369927323249,1661.5230780082436,1666.2904004250952,1668.6337245920863,1674.8663796991846,1676.0821071936614,1679.0959591348785,1679.9058220168558,1684.087459002341,1688.9195242330356,1694.9150761186565,1700.1530105212773,1704.586302308442,1708.8224652861638,1712.5698686779313,1718.3643783966693,1721.2748161103234,1728.271040767632,1730.4754307626133,1736.6966867851786,1734.4477157868262,1738.504598481959,1746.4560018530497,1757.3459938623232,1761.8215802543532,1768.335101051657,1775.5917481042552,1789.01143785848,1804.7622560804111,1816.982674641825,1826.135158929682,1832.1158187985513,1846.5364605984555,1861.296235135071,1877.2918384092836,1891.5638618132518,1912.729215917458,1929.828523616671,1948.6793364158475,1957.8879676422516,1965.0313601023186,1970.7505736663445,1984.7452246171017,2004.3759322728276,2025.2753174471145,2039.4340754903662,2052.6026425159007,2063.545637513235,2074.076878487611,2084.1327519680467,2089.118109228869,2102.2712775422438,2116.561325487831,2133.9318671144288,2143.0001658356105,2153.432356107472,2162.411785159859,2177.954088932147,2185.983998550345,2198.2767917245656,2204.3305246163195,2219.193698951483,2234.554178752449,2252.521750238807,2266.2732741952523,2275.572750180344,2290.167315754567,2303.9294374581764,2315.8517102536894,2324.361599971813,2334.5015436610365,2348.061153695662,2360.6495776946326,2373.952174047591,2387.1551231814665,2400.335032116316,2410.20321933553,2427.0650868030693,2437.70196730234,2445.138918551845,2450.8563629582823,2458.6872573207756,2471.9033555244173,2480.550264769015,2492.9107185019047,2500.1930682263032,2508.238826458989,2513.330588879616,2522.9343632717373,2528.5837867612718,2537.8862388776706,2549.5315937573932,2563.703749401918,2576.5699322234386
394514,4,"Dallas, TX",msa,TX,1418.9860000830095,1424.5224862059417,1429.8995499575467,1436.8750039760635,1443.1779197305377,1449.140145404473,1456.011315124582,1461.3395692701679,1468.036367561599,1474.1040914242583,1480.922822381711,1487.3871786833945,1491.7828800377479,1498.0972452723017,1502.1084903115336,1508.4114093119774,1513.0488807787758,1519.223649630125,1523.7559976735242,1529.7559424032286,1534.5613402521049,1538.938767151883,1543.0993611741853,1546.6856850488318,1554.9460621430856,1561.4794022283888,1571.520878281771,1577.0219267358013,1583.933211312764,1587.7467998209986,1593.6404188639706,1598.245835046739,1602.9401990138851,1607.5728725378947,1613.6155899728808,1620.7539941686537,1625.9451317585044,1631.0086882653836,1634.1839472461425,1639.1576389906058,1640.4320561670306,1646.487408690264,1650.0618017480467,1656.331503451704,1661.1800881511872,1666.0846500574344,1668.561152654953,1674.3288876288052,1680.2858170325014,1685.2427816581105,1689.6496493599334,1694.2601974358297,1701.252048707797,1705.605867479834,1710.9939551683055,1714.4619954223892,1719.0002488022528,1723.4462104442816,1728.9259941372338,1731.2698092738249,1733.3218798573605,1736.3378231650458,1747.2648669457276,1749.4460819562105,1751.4804893965727,1754.6883811277266,1764.325498882581,1773.9198483005687,1785.300406848065,1797.4411871788484,1812.519057244943,1829.293366461699,1846.006374495808,1862.3069609790516,1875.9548966953407,1895.312194104285,1917.0551905212628,1941.5392934793313,1965.8618606171872,1990.951498452158,2016.662293959091,2040.7530265115417,2058.131742169953,2073.178960939418,2088.248950322782,2107.1456361102278,2125.6330671204837,2143.40823415563,2160.0920320693235,2178.2223058637283,2191.2909521077554,2201.9770314034886,2208.7179317014215,2217.655376563987,2227.206095323181,2237.64198203797,2244.1874373692062,2248.30335549578,2253.3423740536477,2258.5933449808863,2267.2501201249656,2272.015108501798,2279.8466005517694,2284.773951891587,2289.3055820513905,2290.0102266137374,2296.8652908628355,2303.1111178403116,2311.1895429534334,2315.3878445376204,2322.253460053929,2326.3176627258204,2326.3381843078328,2328.8257547740222,2332.2593300388394,2337.704210371724,2338.016048880736,2338.278318032185,2338.0622910469597,2341.1563478312214,2346.011355459051,2352.324543575379,2361.6599704281016,2363.058057382832,2362.4925476999147,2357.4806413885376,2358.300697411131,2358.926495797756,2363.995514282498,2370.169412708423,2373.4831146804595,2374.1474607022633,2373.083020857214,2372.9189426034563,2368.8611153415736,2372.034616977865,2377.8964092573415,2386.622667900322
394692,5,"Houston, TX",msa,TX,1572.5227280787126,1575.8518180931644,1583.3679436818088,1586.2365991259633,1587.941093686267,1588.0170019154475,1590.0124804521954,1592.7458981992875,1593.6134147179846,1596.3615717015161,1599.9135422711042,1600.9198050323419,1602.9284435273062,1601.372637917222,1602.716181521317,1598.8274691389297,1596.278355151722,1594.4444236284262,1594.6599659420488,1594.9599410304372,1591.9602913257822,1589.1012141381286,1585.10980548226,1585.2749563594964,1587.5181430398115,1596.0548819021333,1602.9002205496272,1607.2538008605682,1608.59978793626,1609.7580185651243,1612.3655300802961,1615.3326596312122,1625.7156381906243,1636.180472526788,1646.5925201495195,1650.9479795331974,1654.8764707226135,1656.9313042920264,1657.6593689229662,1657.4786560451112,1658.8398318756535,1662.4625957144171,1664.7188862279572,1668.773020373545,1669.1557679391958,1671.1962962843297,1671.3024816759848,1674.541839987825,1676.0811170798222,1678.9924675633556,1681.8704459706303,1687.8558106966448,1693.8880292965225,1698.1632317325245,1702.3000284025388,1704.9005760576417,1707.4528638071863,1708.7606355674072,1711.9927457106571,1715.1605598937635,1719.563058755986,1722.683999389946,1726.1296481304498,1724.5922324273906,1725.041852103542,1724.836828012948,1735.8819334571854,1747.0956463847706,1759.9386178329914,1769.7403122603077,1780.3404740499059,1791.159906430891,1805.0643041506164,1815.736177739697,1826.4233093877276,1839.2715752633387,1856.9690055398974,1874.5941008181699,1885.0587085997129,1898.1720405065485,1911.3557770211205,1928.7091647743337,1942.3360662552284,1955.6619154646705,1966.3972269589399,1979.0278583322263,1987.8950912608925,1999.5585544483106,2007.0284667364162,2021.0153980801397,2031.4473990434544,2040.95150087094,2046.918929252605,2054.637020946991,2060.7037371854703,2067.323403238043,2072.830690751318,2080.093226660955,2089.8650879609777,2096.317589469951,2104.745234960989,2110.7187855851153,2121.6885444408344,2128.6437285766974,2131.8321489260056,2134.01363686374,2137.2955770770836,2144.1200063545048,2149.3206796687537,2158.893533619467,2163.728044306942,2171.249988022524,2174.407493845169,2180.0323415691823,2184.6880936795696,2189.6272456457405,2194.1883774199764,2197.58692573548,2204.1684677905205,2208.760152605765,2213.4967413681943,2216.3351842238976,2221.0872246844187,2224.415436756586,2224.078669607057,2220.293794327633,2219.9599009544363,2221.1055268331556,2224.715753209018,2228.819297783923,2229.9984564767083,2230.4857348393066,2231.6040876101993,2231.3356654209165,2231.2473547690274,2231.3625264524126,2235.882117865786,2241.9917000402916
395209,6,"Washington, DC",msa,VA,2155.4910498737604,2165.79878191532,2172.5624107187928,2175.184939625965,2174.695636277773,2177.4174382126444,2179.1181302768305,2179.6620910108163,2187.31036276805,2192.7260927955695,2201.677245635432,2206.7590035182643,2210.7765501126137,2214.628525321903,2215.3022642779515,2215.3009438549066,2216.6625632876553,2219.667841795397,2225.9940187679827,2234.171326812697,2235.33493995648,2240.878904274016,2241.835776765269,2245.2311581615395,2250.2897887340077,2257.1085739412592,2266.666418432686,2271.3283117667434,2275.3426504448953,2279.712629998275,2283.7999443602257,2285.492251409756,2289.8806342848948,2292.1233972428595,2297.3259325721424,2306.8892142948575,2313.7788550416567,2316.080605766607,2316.5786871423015,2320.825716402646,2329.3726968858,2334.7955655426117,2341.1317325264044,2346.949531152379,2350.012822513305,2353.7465732021506,2360.414757877385,2368.8556961006043,2372.435266728267,2378.6648618673203,2385.989189500943,2393.1437939445777,2397.1477685191453,2402.916737476911,2407.4423609814776,2413.132214679352,2420.8512041370172,2428.259545456746,2432.7637156989726,2433.3541720565904,2438.6968364343916,2443.8820348337736,2458.2403282223845,2461.743389145433,2465.8712352090133,2468.401597766506,2478.1485467864645,2488.2725328754996,2499.89668124652,2507.922114980695,2518.8233710744994,2530.62657226039,2544.6984667975594,2550.070521988184,2561.168665400863,2574.3659104696458,2596.9884906946586,2614.012268670075,2632.419651482887,2650.7771569464985,2669.0828783131315,2690.290812951523,2707.5628444998224,2721.447942719639,2736.3979516003023,2757.0522137974963,2775.126227428977,2794.7630900178274,2806.0815932137307,2822.5759957748915,2834.097987245147,2844.5852141631385,2860.0780598491788,2870.159888470774,2881.502493878333,2896.525891451836,2909.114576124018,2922.550742784488,2929.5263114333065,2941.1230841307274,2956.988150129391,2973.7791568784564,2989.8774517675497,3004.9487208086102,3014.758157102525,3032.9262571157815,3048.9990950359797,3067.3946254027423,3072.893815229163,3082.9880599444314,3093.0397542707697,3111.172620776813,3125.822036668945,3142.4106465346617,3152.2863460398225,3163.3317009508105,3172.468798203899,3182.7452939769278,3198.9428060486766,3209.902242620636,3224.4674385343224,3234.280056404999,3246.401558648675,3248.2282044231374,3250.4527774434064,3255.4517106730673,3264.148585391278,3272.4254895641584,3283.5235445397407,3290.2846546291426,3293.056953911564,3297.676635059334,3306.0633224969106,3315.0660562610574,3323.484322692207,3334.5396141708893,3346.214824528533,3354.2502639512954
394974,7,"Philadelphia, PA",msa,PA,1367.8051040156884,1374.120227058573,1379.7950240005675,1382.4425646540717,1384.8998973940877,1386.3817715595044,1391.0587355746738,1393.732200461212,1399.095886143925,1402.8750725934688,1404.0204701817447,1406.1025813793428,1407.4073392716482,1411.7740459790334,1414.452654362665,1419.9441368645632,1424.1400148057664,1430.6042047171013,1433.7078860336735,1437.5055350867308,1436.8718309645749,1438.9875861478035,1445.022387545208,1452.0933198100079,1459.871184390842,1463.7833834380624,1468.9121868350041,1471.853650652893,1474.2067263132296,1473.334445109238,1477.8003201311478,1482.6697667245212,1490.6707956199093,1496.154317964885,1500.3258745977469,1504.059784119324,1503.8757348267122,1507.9582069404971,1514.2376750101514,1521.0223688774688,1527.801923527338,1532.431804038859,1534.6745677081333,1537.8305944252636,1542.7090212093321,1548.8891570146693,1556.381189832871,1560.0490331439194,1566.9649724087596,1571.831402150285,1575.3966225168479,1579.2533225843686,1583.8086901312338,1591.267986563932,1598.5998465040657,1605.014935471492,1609.467629837267,1613.699179168939,1616.9201878340243,1623.1979246882877,1628.9135357049715,1634.9545260690202,1641.1423961219323,1643.479700261841,1648.661928535188,1652.8216091064394,1665.8515117830004,1675.6560491794014,1690.3179756885158,1697.8783159079935,1706.370128225832,1713.6161834363822,1727.1872523825546,1740.375557888886,1746.0782564724525,1758.5419953811383,1773.188112652002,1788.8355538054166,1801.0935630173622,1815.2242950478044,1821.510254595186,1838.0051492165665,1855.6923659354022,1883.6188657751911,1897.1573494275663,1905.983874285261,1917.8063433922553,1930.2073960442124,1943.726382166795,1957.4114207163555,1970.588222270064,1981.854387115513,1991.25381033226,1992.1427832726686,1997.7326328439767,1997.4676928737172,2009.6618874313547,2020.0728968195756,2033.8434590548986,2044.0429732812784,2050.663701252716,2058.195212794547,2064.5648996268983,2072.710824319988,2087.793471421646,2106.2335637577166,2117.8664720116794,2120.52295459121,2122.684022403509,2130.9767690406397,2146.251218766849,2156.0526945229863,2167.837901818638,2173.499766169785,2176.842691954745,2186.9281544322885,2194.7859779833166,2207.019688601162,2216.7727036254005,2231.739855790329,2243.240943213393,2249.751432677613,2246.046772570085,2246.2352683166846,2252.9223412321994,2262.908821031515,2274.3682153335753,2280.1019841564685,2284.7689504836553,2285.8153794391815,2291.2066025458284,2298.007070751064,2305.5999707864466,2314.5806597214223,2327.204805339412,2340.5666756573914,2348.775085328122,2357.462515301304
394856,8,"Miami, FL",msa,FL,1740.5877711615,1749.1643377304936,1760.62712287173,1770.4085152593962,1775.3970838127466,1781.2109396863716,1788.8227925427548,1797.6338335360963,1807.3392383327982,1815.2741062880725,1828.0627679031356,1835.9890292082503,1848.1779483978983,1848.5469843647195,1851.418547293069,1852.2706942775392,1859.1459890353485,1861.5843344880584,1863.9393298529137,1866.4059596561776,1873.0462611061844,1876.413391578544,1880.9441496311822,1882.9287740966938,1889.0860077166515,1899.4371694761112,1911.9327396824597,1919.455016100726,1921.6495986893297,1927.8134134428547,1936.143225133143,1944.3527729359205,1947.3615728876505,1951.5485146697195,1953.1276933984884,1962.214154628119,1969.7351964641134,1977.6941062718133,1980.0521728844067,1986.8159166442774,1994.0027993993963,1998.9327732472082,2003.0961998150217,2011.1977880484123,2017.9130426944091,2024.2056942623265,2027.0656307247762,2031.5636117545623,2037.3117838380585,2041.9896353085892,2047.6755362234417,2053.132435224119,2059.9370430880344,2067.5158734447305,2074.714191520844,2078.9464204252463,2086.0742511687795,2093.7840595194602,2105.2753253309293,2112.615397419165,2119.0313593838505,2125.8070697463745,2132.4052897147817,2136.5294713931166,2137.718893122134,2144.4450331998514,2158.687380217934,2172.493177229943,2189.314535058016,2217.899878704523,2241.6173665903784,2268.8485851361006,2286.1712381116845,2311.809493356669,2332.0178958149627,2363.4597698463353,2398.9192397361885,2448.7827158120003,2503.2478347886,2566.385207954295,2632.8056510806064,2678.0578770022494,2737.281509660351,2792.396143557436,2859.706387951283,2906.5114249665476,2960.1199927639314,3015.9509798615672,3073.4382885873943,3110.7067057926224,3136.767183903292,3151.3030342779757,3156.4301046824844,3168.145451413347,3175.2370054758553,3187.866628641547,3192.0035624593384,3198.9106975484683,3206.7487572691525,3215.361395921629,3224.463260224688,3237.51470160062,3243.6114246494476,3252.7422172889032,3263.6885999061456,3283.1794388855683,3292.0740654944307,3289.172517394527,3291.5321747071202,3305.6645688226195,3320.901915934639,3327.462478372515,3329.0011397277253,3330.8766427177757,3338.78114383722,3349.372687156284,3362.281690455574,3358.087560081509,3364.6811522725015,3371.8315842513907,3387.131547895293,3390.1990459079975,3394.8539675124844,3394.1843944570683,3392.5841290399594,3395.3492001566747,3400.041954738438,3402.4329172784687,3403.2222180131107,3411.468388868077,3416.332673073424,3424.783696091659,3425.252385495564,3429.027729814465,3430.422050968392,3439.740116236594,3452.016572513966,3460.6760288546852
394347,9,"Atlanta, GA",msa,GA,1154.1794390642597,1159.6371783947136,1162.745494095746,1168.67121295376,1172.0566030536163,1178.7800708560867,1183.7342980864091,1189.242892098002,1194.8229120766416,1199.553857070689,1202.828796421131,1208.0993226002126,1214.5596220221428,1221.6606901209354,1226.4769290825113,1230.0205588873816,1235.004948294809,1239.8297752703356,1246.3882181547622,1253.1823840105947,1258.1811556484372,1264.2329763377884,1267.2763800496043,1272.2757765221752,1277.127606777081,1284.9530241750977,1293.7313683186585,1301.807349828583,1309.6761335019958,1316.9220769328915,1325.3230477617717,1330.7452926680999,1337.598261110298,1339.7730561040898,1349.2127565535536,1354.4398532751115,1363.5803679509384,1367.0653084212165,1374.835732426109,1380.42940703192,1386.927058982834,1390.6485752547405,1396.5027018437968,1402.3175453640451,1409.09742978436,1418.7043991652429,1426.8466445286463,1435.127130200279,1440.8993857846333,1447.3401926823651,1452.0402566487414,1459.0676359635725,1465.3457987195513,1474.159246305682,1480.3967303183306,1488.1514845187469,1494.7820422805798,1501.3838741797997,1506.0861869504436,1512.4038216219424,1518.670431294481,1526.6906676408187,1535.8438041864883,1543.196572032611,1550.8597500479134,1559.7820935877548,1573.2280100656271,1588.376452579216,1604.9575751654554,1621.7094928148153,1637.9246390487717,1655.1780301811584,1675.3240409659697,1697.9969936654813,1719.3772909038214,1743.9321871929644,1766.4361796788767,1791.812434902261,1813.2103109612215,1840.8764077130509,1865.6053018131865,1892.6946495801415,1913.5894948403227,1929.1975321721977,1942.47877710377,1952.5611970277757,1966.4476306832141,1978.2074854577909,1994.7517231131658,2012.561938414409,2031.796730204477,2043.7347296006005,2054.028432210182,2061.881803580769,2071.283725910286,2083.6552182726673,2086.720860713454,2089.947232664969,2093.1726136666894,2100.709285498677,2108.3770198370426,2107.2899824393244,2109.593062349484,2110.3397156442998,2115.477572606099,2115.3528673320347,2116.834868732185,2121.356915876083,2137.5951964444725,2154.1017496223158,2165.2130070211783,2168.398643891164,2167.5201545409327,2173.826901969354,2179.324564719274,2185.9545518269842,2185.7520764357428,2191.1558707617146,2198.218101024207,2209.0283679149175,2216.195339605712,2225.743997518845,2231.009193351904,2237.2150344780684,2239.1181829487127,2243.0942782023244,2248.945741530912,2255.5068359499724,2265.1689441507447,2273.12319372205,2278.4706617530887,2278.6474830327097,2277.5891893809035,2274.501444303742,2277.102235502206,2281.855355464855,2291.4456346163274,2297.3784315402304
394404,10,"Boston, MA",msa,MA,2265.066366541715,2279.5376550854685,2312.2573018297044,2334.6739322255107,2335.0017870844054,2330.402823880235,2325.856256366814,2331.822416059161,2341.017269588901,2351.370803894205,2350.0114636182634,2352.7263313405274,2368.5645739496863,2382.4273524806663,2382.487562064751,2384.7571231300026,2393.9756393882108,2398.490131022518,2411.4058133620133,2436.8036536737977,2451.6848565587584,2459.007229042515,2474.2623458874796,2484.616153232833,2497.0173041412677,2501.128094509609,2518.031549178373,2512.712337925778,2524.0567653175763,2539.3339047601958,2560.4780485697042,2551.889103680551,2557.761552036399,2562.5958832398046,2583.796253039056,2582.344282040194,2595.9566336732105,2599.908155815546,2619.701110099104,2635.2941973107563,2641.0840103591704,2634.736958129905,2636.516250339984,2649.8817400071266,2659.3799361510555,2669.3728116039815,2674.9103722657183,2692.939517559896,2695.9407653890553,2715.9419233325416,2715.4544943615397,2729.5263787939025,2742.163026786852,2763.6283444121304,2773.9230033717804,2787.01683600343,2798.2770563648805,2811.450155042974,2818.67802098255,2828.5336066808495,2842.153620630084,2849.316426389245,2869.3378375902485,2864.0512571529607,2852.930475546765,2834.9674648312575,2841.009414620335,2831.5642848610664,2836.046257385517,2828.2078016515643,2850.5708711243,2867.4756244666683,2871.8455757605166,2871.5280455133625,2866.471571718866,2888.063545699981,2914.558609754283,2953.164331390607,2976.7685712424877,3000.1257103682824,3038.596636940712,3075.8229057541316,3083.574605684626,3090.5257465405934,3109.4849761818796,3137.1747344493756,3163.4023518683402,3172.7029405004623,3215.5736859573635,3236.056724371977,3276.976681649875,3300.5384988850724,3317.8528729960017,3334.5497026766266,3362.5999465036566,3382.6566338972398,3391.569134865505,3411.32557428611,3446.9483257195197,3489.913715309055,3486.333567985793,3492.334880327687,3498.0700875648586,3530.373599351713,3558.539208370112,3570.420083910943,3577.3671717483517,3601.999662050361,3635.95296148661,3657.594155760328,3651.919801881464,3651.7219385947355,3658.925600351235,3681.011469398136,3702.9919392822485,3710.137824930153,3709.284440085707,3712.874066765678,3748.157977380458,3748.4493009232024,3739.5918406576966,3727.176252450661,3748.6450622153047,3777.0116864823226,3795.692761444003,3811.4825676434757,3818.2584998996113,3826.437938638815,3843.5183611132384,3865.0415119164822,3862.726479305991,3880.229974394971,3901.955467043738,3929.8783818690144,3941.1148269370315,3943.096517145945,3957.722709146753,3965.732883916619
394976,11,"Phoenix, AZ",msa,AZ,1166.723915418444,1176.867196452383,1181.3087484443804,1189.84163506806,1191.0336599071172,1198.2429519750553,1201.3587577811475,1206.531186181042,1213.0965816621044,1220.2797678837421,1227.5184350773534,1233.3605778979534,1238.5503735921427,1241.2069808471297,1244.6557118296223,1248.7029236973813,1255.6317699361546,1260.7217393728808,1267.1709728189985,1272.425695588316,1277.7700118959401,1280.8863688258834,1285.3286823930748,1290.4061901127277,1298.9142853734604,1307.6309974645267,1317.862141044914,1323.7656978133537,1331.4953105703562,1337.7397741348889,1344.243161315336,1349.9003354643623,1354.7260242150949,1361.5531030281315,1369.1183617852626,1376.9742270382114,1385.8083505245806,1388.9742668755953,1396.7056301057307,1401.572932962758,1412.0284973423243,1420.1862929021117,1429.4799834105802,1436.998864410625,1446.51991926072,1455.5867414742181,1465.807037746595,1476.218441012793,1481.3853590099834,1492.9911755881494,1500.6520785844532,1512.975567820036,1519.788153787541,1529.7745833387755,1538.8559130064752,1550.3155961898594,1560.876679118549,1571.550269891211,1580.9275559926875,1590.2543148325956,1602.8789345664386,1613.7700017747788,1618.4158112925697,1620.266590692171,1624.7641077491446,1634.385508230898,1651.7360546701268,1673.997826628121,1699.6721147079181,1728.0532444643072,1751.1994044169492,1774.6111265533452,1794.784547105137,1815.6025816607957,1839.4839900253146,1868.7372966770663,1905.5403769777351,1944.532067340216,1979.3442717976202,2011.8941969997763,2042.9060129350137,2072.7020777620487,2100.172779015881,2116.676767492337,2132.966023755383,2145.658133345171,2159.14784037338,2170.3986356484197,2178.5528232563156,2186.156688893155,2189.5798036827146,2189.6964788417213,2184.189874877225,2183.5158923176486,2183.044367239956,2189.154782906393,2194.345950134802,2204.555406589057,2218.5397055687463,2225.6177306880672,2229.8683312243365,2228.524473059966,2233.029017909982,2234.7451951444486,2236.8670901572236,2233.7141574568263,2234.48743306027,2237.84664605703,2247.0164037528143,2251.9124444103104,2254.129832180823,2256.2427241970477,2259.0044577638155,2262.4519636036753,2265.218600481051,2269.9047896071543,2274.146887627073,2277.6489501259243,2282.771659727092,2285.625733867547,2286.424337047713,2289.0344005351913,2292.0373807171104,2296.9459962519627,2293.437575182582,2292.3218336025343,2294.628472391406,2297.1176957641947,2300.5330004132584,2305.769981110877,2307.598136168828,2308.6847303496347,2308.6028533913504,2308.293383225545,2308.2694434343016,2308.3580472599647,2315.168695900321,2320.9666857412426
395057,12,"San Francisco, CA",msa,CA,2678.3903318120592,2696.271474160405,2706.2438699091754,2722.5162885033233,2734.5638805645485,2754.478329715551,2781.566667171326,2809.0513819068933,2840.942252043619,2856.9090326364003,2879.04404546179,2885.167919995345,2901.8819707937723,2921.091189290597,2927.7780810976697,2950.3801601021723,2958.110102323662,2972.104038063729,2981.235119796119,2987.679067968705,2987.7891211303263,2980.3759306614616,2976.372362229767,2979.267267094011,2998.4109038250276,3017.722944955423,3052.9199660743543,3060.3362624454167,3068.4998510342193,3072.9709472732125,3079.660438839413,3093.3750950748363,3104.413159640599,3127.976197785602,3140.342143917209,3147.5773601313276,3146.891269518558,3153.541727905221,3163.618194999019,3177.3265906911315,3191.905326576239,3208.0988484202007,3216.4386124892208,3219.9933861031973,3225.8244989085983,3234.987129983444,3245.672843082055,3264.3360438489644,3274.158695046736,3278.9333588904283,3275.2411128696244,3279.0147074106835,3284.842862604906,3289.284989049888,3298.973325125367,3308.901382508998,3319.0593048248784,3321.8609924156517,3327.6564039575915,3328.3438634917666,3335.5845102313524,3342.6536236555207,3349.8407214767576,3346.0380812448784,3340.674357719057,3335.6595278629493,3336.4170351157113,3337.1234069779284,3341.7118179963095,3345.085555019975,3343.8286468810534,3346.7437215745713,3354.338779089193,3364.674576013056,3375.76741049456,3389.4763467812363,3410.2768005461467,3428.4575271693507,3450.8373400385103,3472.7313735791804,3493.9425611073234,3513.970464193371,3537.2884170514994,3558.8538548720353,3579.0298379166775,3591.3085019936498,3610.658549304611,3627.020258355113,3641.329260328981,3656.0732309205664,3661.066189815943,3671.738724830782,3679.6134820489556,3691.161665507034,3697.7795777338574,3700.0982366316007,3701.883312005685,3712.996100392379,3718.3930102792256,3728.191427071645,3732.6971096220336,3742.837580416613,3753.3357733742073,3761.9152913889307,3771.055706278873,3783.7454589144522,3792.5455928464967,3813.6964989885096,3826.4870045530256,3831.0923231944457,3840.0852382211133,3851.4110206249193,3867.643348638601,3871.9662379709953,3886.5713733762827,3899.2069112980353,3907.807506948678,3905.956696990088,3920.0130244247157,3925.3963430922913,3945.460365514458,3952.385115480301,3965.4687858904304,3981.6136165279468,3997.5365434299624,4007.378119612199,4018.4964980554228,4031.208838597369,4047.73665412837,4070.320885786331,4083.845909767712,4099.423085095828,4108.368542980221,4130.467299460004,4147.187389144462,4160.178792511019,4172.755626972479,4195.516587935655
395025,13,"Riverside, CA",msa,CA,1602.3707361328925,1602.3545951560818,1610.867776317595,1618.2519214108854,1628.4943200919765,1633.0478720963233,1639.546300800877,1647.3804890684653,1654.335002291563,1664.5050330920453,1669.176143362548,1680.736559056913,1685.2843169706782,1696.1504788955162,1698.89712149764,1703.706061449294,1708.640114281045,1711.136894500225,1720.6239590795108,1725.0515576489863,1737.1291279720103,1741.0723820679036,1749.4520865854597,1754.70548477275,1768.1610169675423,1779.6962299390586,1791.1085428759468,1801.167531752698,1808.3216508855107,1821.774218060364,1829.428676832279,1842.2939408312275,1849.1596559985428,1859.461559170492,1867.9092158043443,1872.967435922177,1880.8537363434398,1891.3017179878473,1904.537164924068,1914.2382939457177,1919.2063270088302,1929.7669164234746,1938.795307355791,1945.4400766770516,1949.6279892490343,1958.799966169129,1973.3904270758867,1984.4336021554973,1993.6042003073192,1995.1061871144202,1999.4176634594837,2006.8632144938329,2019.393717121389,2025.033069588126,2033.2460740691467,2041.739133040955,2053.523796878337,2061.236192930299,2064.8224544692594,2073.3885820363103,2080.4513841998746,2092.4282411761187,2090.894716851522,2096.33867507567,2094.9899483465892,2109.947511983652,2129.542090848949,2157.970483438235,2180.317802075163,2210.082389208122,2237.4000100445974,2269.484155829963,2297.519235744042,2324.4509580857202,2353.0536536994005,2376.139005005101,2414.724105074479,2441.5930161848514,2485.805698711501,2522.8936141122012,2560.406756147426,2582.2675288392475,2605.1759502637183,2629.4304674064488,2659.5805266735433,2688.1026823566563,2719.8890833273163,2748.0298539332452,2764.3648359274603,2778.5504568424167,2786.10943444342,2789.423760973675,2797.6800297802774,2804.1240993488423,2817.0790293527552,2827.5496231695347,2841.7042113116627,2847.335039143935,2846.5570683638343,2858.2176729051585,2870.1730702376954,2887.3138235426177,2887.259957083083,2895.4024175252343,2901.5476259604857,2923.1921281522805,2941.79424213651,2945.538550742097,2938.2517856429286,2945.3124659721316,2964.696469923846,2976.8611642920637,2988.9295664006427,2995.3744685819165,3010.3041925487396,3024.079606424244,3036.1887470563715,3043.6664667822406,3048.262113577068,3057.702756137876,3074.5287440641305,3080.0755425332763,3080.459973310472,3068.6804915664375,3076.941696708106,3084.6676058169546,3091.4116095766585,3096.0915083190976,3101.8772513749673,3104.29889202372,3108.935759680077,3117.5317813334937,3124.9036075547842,3135.671227018749,3145.702554391333,3166.333387508388,3172.3394730069635,3180.7609927304256
394532,14,"Detroit, MI",msa,MI,917.4247074834253,919.5014498667148,922.6218063994501,926.3454616086887,930.352929451003,932.3562373853673,935.4770925724907,938.0012925339595,940.9408882308172,941.9734029074077,944.5818333139943,946.3695174191156,950.9439821208051,952.7957398794158,955.3381616782959,956.932782018145,959.6543899790114,960.8802973575677,964.0290484368959,966.8854153095522,969.3021078648362,974.2455600774884,977.2585572952736,980.851947307034,981.5698770227228,986.2103487413879,991.3922804208123,997.8288903766667,1002.5451576852051,1008.0398733960519,1012.992585858241,1016.0697444372138,1019.6188266665604,1021.3101675866587,1025.0719885655496,1029.449735623269,1033.4680783737288,1036.8763785813685,1038.8669182752813,1042.2672641938277,1046.057447606169,1050.1883767265724,1052.7140043768431,1058.4511810500285,1064.7469192857013,1068.8405922336806,1070.3889481560009,1072.0557909539673,1078.6256824188397,1084.6385718978752,1089.2248071999918,1092.2421619350937,1095.5466450898375,1098.5495156507875,1102.5695121128863,1105.0244835869669,1106.7847806677426,1110.6180052304758,1115.6130408909019,1119.9602650168406,1120.991760708083,1121.8444705289587,1122.3876863587475,1126.5820186236447,1131.7569636113735,1140.608933585356,1151.4020539612438,1164.21328718499,1174.5774763162974,1185.0062066176822,1193.6146781573075,1205.3937254422942,1214.5665839019264,1229.885982779109,1242.4110560240188,1252.3762833291355,1261.5941975363069,1270.4535924428833,1287.4930658849796,1305.633614999828,1319.9701077661186,1333.5471280272266,1344.1338154717912,1359.39555061572,1370.8772998585293,1379.515913672385,1387.117830775368,1398.4128939928617,1408.6578431922076,1419.2650001034708,1423.5152113503902,1423.7364952434511,1430.2587656577691,1432.9083376986039,1439.5366811777672,1440.2342601573769,1445.681618361059,1450.479871851794,1455.3601027438735,1461.6669000641136,1466.8217426281597,1472.4710800224964,1475.0656219338373,1480.3707607380043,1486.6449389635834,1492.569466645596,1502.784677347903,1505.2869871915857,1515.1962543795023,1518.6462008376807,1529.0031313920376,1532.609917400394,1542.2813955034962,1548.8975752437566,1557.270395793603,1562.3491649395828,1565.4434648551714,1572.625731881105,1575.7445093559343,1585.5016582237174,1587.124846271225,1595.6307118109921,1594.4873354357107,1599.6209540236157,1600.0408526934261,1604.6498876089308,1608.8762305989517,1614.9769738949933,1620.731596917871,1624.1666110538995,1627.6530498248192,1630.88871684596,1635.6696273898738,1638.5597249146565,1645.3621458193113,1650.2559000081103,1656.007376473888,1659.8924340625854
395078,15,"Seattle, WA",msa,WA,1912.1368471171531,1922.491908730574,1934.7257073035846,1940.0107605070318,1949.124079907407,1957.6252046126708,1975.9683261809887,1986.7658759179428,1999.246683384837,2011.2169845265385,2024.93532890747,2042.9131726159508,2054.9425458041324,2071.6907794698473,2074.9568887645582,2089.542125426708,2100.287990210342,2119.5184536750885,2132.6699866865542,2143.564679457927,2150.8511978927786,2157.104829093164,2167.355477329694,2170.2213052423276,2188.553534104312,2202.8978522389284,2230.814958971752,2245.096405397864,2258.153312245072,2272.826745417437,2282.6752184142892,2299.114567823639,2310.28041649521,2323.466898250203,2326.7604536156578,2333.421529242696,2333.7005292619874,2339.1131647668676,2346.234562156635,2359.024361615413,2373.36983475407,2378.4415972750753,2382.3123806858625,2380.079763691391,2391.0722227840906,2397.6141304027465,2408.717869110291,2418.767823216963,2428.7616735378624,2442.8305616347375,2445.8620379114473,2449.3681608588877,2453.1602017201453,2461.57982692706,2474.5696762797274,2489.8307765281425,2498.252787460586,2509.307678030099,2520.795573526833,2532.897700617841,2545.237888182518,2552.7592674161356,2563.251082175482,2560.500400984784,2560.956422722725,2563.6164127128623,2575.926869505801,2593.6766917454433,2614.9993862488514,2635.0758763497815,2650.2905460626826,2662.0295849508393,2670.1778896103,2682.5416869874384,2698.7905459398658,2720.644725202403,2744.620858305215,2768.198086335221,2793.83407225029,2822.432493360919,2851.46328641081,2872.654296020287,2893.985666940635,2913.2002286063994,2934.522211280491,2956.165717475074,2975.884394604976,3001.9935106435537,3018.663601999926,3036.6486822616757,3045.878150941455,3053.4777705325964,3058.380161801032,3071.5093160071433,3075.651598599439,3087.5808007283295,3094.427607499506,3112.1694772126093,3118.1421983617734,3125.99869296786,3136.201052193142,3150.407521703016,3162.087370603449,3172.7565687514084,3183.190202401422,3192.4442359032814,3206.8240359193996,3219.7329755247465,3233.8418913838873,3239.0230650685075,3254.6038454222494,3264.435621569954,3279.4813686637226,3282.980714172644,3296.2560977411044,3305.2568809669815,3323.5314044802085,3327.9343286003955,3348.268247411766,3357.424227203333,3372.870541204471,3374.2532857302863,3378.282949461913,3383.234827907847,3394.7046468898366,3409.9525970134046,3417.4146812857143,3428.730278603815,3433.232511157633,3447.2059170428456,3447.7939707064916,3455.901946625753,3459.2892101389793,3475.447060145997,3486.7058141442126,3499.3502335248872,3503.8546738112377,3510.0031004391717
394865,16,"Minneapolis, MN",msa,MN,1483.0807537725207,1488.8773971100018,1492.182756445708,1500.676624155378,1508.8762578810406,1511.6349557683566,1513.4328204383592,1514.8633329659747,1521.2753923164203,1523.560585666566,1528.9046483135098,1531.1841695924222,1536.9857468798964,1541.228458180121,1545.030908380499,1549.5461310156431,1555.1815777268287,1563.7201812621665,1567.4906957630694,1574.0528260061094,1579.4544681739442,1588.5949830975137,1594.7962659940931,1594.6800109590915,1598.8544315972538,1604.2190113739862,1617.0162630518716,1621.6697633234705,1626.0010553623001,1632.3900320299185,1639.7152113654772,1646.917668125071,1650.27350066621,1652.9568696529466,1656.5989044007613,1667.7064757614594,1677.565270466494,1687.5999353526668,1686.9536523469142,1692.8987878001778,1696.7698930595468,1704.3843748215058,1709.8549545997087,1716.396897526101,1725.6135754599206,1734.0931130892907,1740.9777162365974,1743.9198134362011,1748.9879989005544,1754.0842572615518,1762.4381367325982,1769.5827632639284,1778.2967149451736,1782.6359277750269,1789.1717857617928,1794.2814760073609,1799.2722885092303,1804.4487894746924,1810.8796300873585,1818.0120962817598,1823.0895045229952,1827.767732981681,1829.2646282856745,1830.4450159534388,1834.6206069245854,1840.0755175817421,1847.0948486272046,1855.160219808021,1866.1895288998594,1877.432572610036,1888.582209820678,1896.9356761303668,1906.5148687898113,1916.064934162582,1925.366129329174,1936.5874368527705,1946.7071504327166,1960.3533025197967,1971.7696399544097,1986.8064669711405,1998.2219602323673,2011.9783925514625,2020.1017541601257,2030.69423812868,2039.263543707808,2050.1283743875742,2062.885514906556,2074.0483397969497,2086.4346140964294,2092.719580119827,2101.6781057920366,2104.6743083165993,2110.882246082994,2114.1429553859844,2118.5546614084897,2125.1012986971828,2133.2051301605225,2144.563598734063,2155.819440719415,2167.6031160319185,2176.9584310992022,2187.1394118066632,2193.830457415803,2197.825774385906,2202.0877487053563,2207.4867778085904,2222.558335595703,2226.8208447632624,2236.5615507394796,2239.227739874482,2248.1994839751933,2254.7324046482513,2263.8073942267533,2273.934418433362,2283.2574701784406,2293.677275523186,2300.3940254622967,2311.1062070085836,2312.2027182180586,2322.829590232841,2334.6494659367336,2350.428081032566,2359.023837643188,2360.54831801274,2365.6168819871255,2370.281502010489,2377.734010771839,2386.728949037858,2397.821540506686,2405.667919940188,2415.893275011421,2423.452618192375,2426.9725522148083,2430.199601547356,2435.858937305592,2448.208671683883,2457.070964989799,2465.7450739191004
395056,17,"San Diego, CA",msa,CA,2248.50838965846,2257.5076682842337,2259.4477247013006,2261.8007414739272,2270.6421020564785,2273.645856124677,2286.954718867254,2298.1697448012405,2320.4426775789543,2332.6628452357822,2341.1421886667513,2352.7736515980346,2358.8245647840567,2365.619050586574,2373.5114899959212,2381.939278401461,2387.8965344874364,2400.1391680871034,2410.7782127088276,2424.43341352127,2432.1220791616124,2441.9504686109112,2447.654053226081,2452.961879611846,2460.3252029535142,2477.934845162392,2494.9391347133846,2523.420958677212,2538.787502546244,2554.306638206841,2560.5561362692797,2565.62712290876,2570.2426537467504,2579.803459516613,2589.7144395135138,2598.934303135234,2610.1781857590718,2625.8514995430596,2641.0554801301014,2646.137915572995,2654.952373439527,2662.3108818693486,2675.5741830111115,2687.2564854385405,2698.9564800762287,2707.643800298909,2708.9352282503637,2720.0750299473466,2726.5777041276833,2740.2297566170555,2742.105116513804,2745.9391436744,2753.904015944493,2761.6070345895555,2769.1590939268717,2777.6310238330657,2786.846408438509,2795.4073335763924,2810.078159518039,2817.11859014474,2826.1043053094613,2824.918087851333,2836.6886235579213,2828.3240758942306,2830.620152544473,2837.4981149631863,2863.650387993274,2887.161479406995,2909.586985583195,2932.3777920732236,2951.462384601356,2979.3050283800435,2994.367399425824,3018.132129400591,3035.4818932164653,3068.053423102258,3103.6454568305235,3141.0740844823754,3182.2450842164208,3236.382196562526,3291.4148391254244,3334.975840766525,3369.5202354718253,3393.64100618135,3438.838536032857,3479.892947309207,3531.365329498145,3569.930954355172,3601.7273371703714,3627.2020865410645,3640.9254766223085,3648.975036679166,3653.8817433000663,3668.6173012586505,3689.154908580915,3715.927928910937,3732.557140152101,3746.392141043638,3765.588106215254,3789.4660759730377,3819.883959157667,3838.9819946418706,3858.9393184081423,3871.2605319759045,3884.502070791878,3893.1415441269974,3902.049917475653,3918.64963859208,3923.6662490319577,3945.7144577033932,3946.597334342414,3962.4380950797513,3961.706174142651,3981.037691222264,3993.552752714615,4008.1437788202516,4015.684066430968,4028.893503101402,4040.6666442997425,4047.904924794419,4057.210377924395,4062.993950323918,4078.7279503482687,4076.45121461005,4088.753546409208,4094.399789633543,4102.911111599194,4113.602460388938,4129.047947494173,4139.839397899397,4149.817128763294,4157.895526718319,4170.943274550299,4178.686406618764,4187.368457965179,4201.86295072416,4211.925552864718,4219.593634034246
395148,18,"Tampa, FL",msa,FL,1214.2591509685165,1216.0361138850442,1219.0064016817207,1223.6421556971725,1230.1509991941343,1235.8186982888892,1243.0654216747992,1248.9393247406915,1254.6017255107045,1258.5462257077122,1263.0729429797616,1268.7507881725307,1274.4739701145702,1281.2673295252976,1283.8603789863466,1287.3405393607222,1288.9741524752574,1294.9786341432857,1298.942173318275,1305.0387689927763,1311.219674131279,1318.3195672289646,1322.602380878872,1323.4700195743478,1327.9719842636684,1332.6990192437408,1342.9574206819277,1350.078357322659,1358.9235622052922,1363.8354523937032,1367.645395591835,1369.5322116360687,1371.8959038434127,1376.7413480266518,1383.8320039734008,1395.097176918344,1402.3936316391912,1408.315924634742,1410.9669862609267,1417.4502696001202,1423.1782934497478,1429.2341669849864,1435.6339050321437,1441.8880780040474,1446.2816676391644,1451.2407025119712,1457.5357034754566,1463.1004522365395,1470.0296179296383,1475.6916606613177,1482.1379322254759,1486.9525878457107,1491.7933419042479,1497.4173935273207,1503.6477906666653,1510.4370176420218,1518.3311259049733,1524.260658872141,1528.4974983791155,1531.772014072705,1535.1253071657225,1539.9966160350182,1551.5633660676096,1554.6039361091214,1557.5763354072235,1561.9482994319458,1575.8748485218202,1589.3537261116946,1604.929893120258,1619.3990437858993,1632.9179608264003,1647.997998123084,1666.0837992127535,1688.191573681911,1708.4164058090423,1736.463115931817,1769.1606152550946,1805.2085518140402,1838.6614536300026,1878.3710761195377,1923.0205808500289,1963.3048044818413,2000.1213568316261,2029.673463847448,2052.5189429133998,2077.905890955426,2102.5622671360525,2130.081328581726,2153.2588847899733,2174.816095195136,2190.0848524323824,2195.77479637468,2195.4491709733397,2201.3736798886835,2211.7709263921784,2221.7856624600877,2231.974465256592,2236.8531631043097,2251.2244629940537,2258.310153432376,2265.6892419898077,2267.2619830758263,2277.8655566508496,2287.2557759595293,2293.7399542174826,2291.354916467398,2290.7253038925282,2293.5977875598596,2308.524231901813,2315.4415971062767,2321.3735890843745,2322.544707466472,2325.9590547970984,2328.1195888159705,2333.924756662562,2336.700334371339,2346.4759922080652,2359.450884931455,2375.169854295059,2383.650249648613,2389.2332927595917,2396.610954224086,2402.001509544385,2399.8695584221828,2398.625367167856,2401.134190916865,2401.644838618676,2406.2883119622343,2407.5143170688416,2408.8855938536135,2405.993589981732,2406.78950656434,2403.726581061405,2403.91799414879,2403.9012298414514,2412.9607702896656,2420.089246648236,2425.925543380625
394530,19,"Denver, CO",msa,CO,1809.7921312997055,1834.9709702998828,1854.3439543532131,1870.9434183191408,1875.8015413280862,1889.3612081601275,1897.0203593857768,1906.3093866334596,1913.8406718457882,1928.3951189983704,1938.0260510326766,1953.0860188083336,1961.353669952347,1967.9151242532125,1968.843880964328,1967.4673391874496,1973.726518407756,1980.3255998837033,1986.0253514138249,1984.9824558973128,1987.7403592971955,1990.610383886711,1996.2996333967235,2002.4934727748914,2009.0729583220314,2020.9562377616073,2032.3966518163093,2050.173503414777,2060.367416019518,2066.733263927585,2074.332910288353,2086.7112401403638,2094.8318590123363,2096.5025086763562,2103.348637762394,2113.4238200766194,2125.5474128879546,2128.8259613640967,2138.895278763957,2143.960890663238,2148.739215364051,2149.3811264503365,2153.561969307732,2161.725554620339,2169.263214321763,2177.431755087286,2183.670262692096,2189.7189136987845,2195.1881155830324,2201.4882256707447,2204.6240955085696,2208.960750910752,2216.1743757231698,2228.0705229700593,2236.897961781232,2241.50902950011,2247.8068713251523,2256.5592311729474,2263.6681687704854,2269.074888863913,2274.1104201619655,2282.046457754832,2286.279433356652,2281.867599077656,2279.750740874719,2283.1244621997857,2300.691651942432,2315.572658141684,2335.457315048038,2348.762443275051,2364.7929570581273,2375.6122001195426,2386.785660526289,2395.296148308291,2408.2206155811537,2429.762120692699,2455.060170574312,2478.368381787032,2497.1964710522025,2518.9631942995957,2540.305566010331,2564.028204751413,2584.659372135121,2608.1956918819315,2625.2130285614003,2642.506633407198,2657.0349563342847,2672.630760451009,2688.4872840025787,2699.9548318375587,2707.5475020973977,2712.14722346385,2717.0644930658696,2726.9408313716485,2733.429686964258,2740.146437364014,2751.4060942338947,2766.102812005238,2783.911358377648,2795.4772933636214,2804.369652631823,2818.467040885254,2830.8508664487977,2846.9178516509305,2854.87052103514,2863.219084795839,2873.918174016841,2880.445003633053,2890.782332166509,2894.4217383957675,2908.8565687544856,2915.7356476923683,2928.3421273617196,2930.0994241944163,2939.690368244911,2943.678006801899,2957.4454064993056,2959.813518204544,2967.4531507033043,2970.4447973859837,2978.0028062660513,2981.0097036880156,2984.369670770561,2988.82242035659,2988.6246764110756,2989.6496704498995,2990.7277623398904,2994.1806830602604,2993.500366566521,2999.5072739903053,3000.502746451384,3006.2318319551905,3005.3142236218746,3009.8204351774407,3007.8870491597654,3009.6461841513137,3012.3205137488662,3017.909133953252
394358,20,"Baltimore, MD",msa,MD,1625.6411520402316,1631.2244797188441,1633.3530072594087,1635.420641792348,1638.188061131795,1640.4977232591714,1644.736541922726,1647.4909034259613,1651.6107069358122,1652.5689576146685,1654.2982374081625,1658.671121337926,1662.690358842341,1665.1852046554664,1665.2745321508141,1668.2169391765738,1666.113523381525,1664.0721459809695,1661.6180753511428,1662.8107168992626,1665.662543779721,1669.1637954336866,1671.3901807537668,1668.7001708223988,1671.802001515123,1675.1055043104752,1682.4733975047388,1681.6545849383017,1686.5778993846914,1693.8207318364443,1697.6006586252486,1697.2090731232868,1693.9431738395967,1697.8998639779625,1696.9514933051796,1702.1020596412204,1702.257688832589,1707.8084973600974,1708.6079820861846,1712.3023651803858,1716.364399914526,1717.8613016591037,1721.6008810064275,1725.7906681541576,1731.6593301061482,1733.2554459266014,1736.5146721777328,1740.2203345649432,1742.7638842840504,1748.0967125847276,1751.0302097064257,1755.2425640841573,1757.5188993062434,1760.7215085943153,1763.959338993778,1768.2080532553541,1772.218694189975,1775.9956886346706,1781.111574347791,1783.8550262592582,1788.7987620555277,1789.0567841853122,1789.9994086703161,1792.7405466998653,1800.9487713442459,1806.188920557437,1816.2150401574656,1827.02753480562,1834.6404689720034,1851.2715435414714,1865.1049774275002,1875.5375135229824,1881.1780274665543,1890.8913607253844,1897.422217262523,1909.7728891891627,1919.6156570346986,1938.6474910367476,1949.7728756319646,1966.1822745747615,1982.1707624952655,1981.6111021259921,1996.2486379760564,2014.0384266013607,2045.0772918997031,2055.7171153662875,2064.7591154699603,2075.808025126286,2089.498258736211,2100.6461744058597,2110.233371565046,2118.69507580958,2127.218745221528,2140.5235492969528,2145.671099588964,2154.9586139925545,2160.698845295491,2179.808104738014,2191.3978251397093,2201.875698866617,2204.7798222601837,2213.243744357419,2224.7637559743494,2233.8472843311547,2243.1953162178706,2255.356575462665,2261.92830712232,2264.2777054181943,2264.0423326174714,2274.994396871193,2293.451758171454,2306.401658319077,2317.7645647434815,2325.777513988711,2331.3079052135163,2340.325922292902,2346.35709764263,2361.020207199033,2373.6961204222544,2381.906680103929,2386.395572981718,2389.44605760671,2397.986540264288,2406.2539630275146,2413.9632851832675,2418.034035018306,2426.6729510374475,2433.5587294947964,2442.193349448987,2441.7201141649534,2446.426517483112,2455.242113678629,2468.167786474911,2473.974974938319,2473.003358365589,2474.8945322699983,2479.1173026557854,2486.36911134354
395121,21,"St. Louis, MO",msa,MO,977.6966207287751,979.7403340891417,981.387131592453,983.6851752518861,984.5768538322436,986.2914051238025,988.460548101175,989.7662631057989,993.2993356945336,995.4463550277547,1000.2129491025707,1000.7049113718767,1003.0242121291528,1003.5452973338085,1004.1252728913116,1005.1878592044945,1004.1033583290537,1006.3199341887837,1008.1086977761021,1011.5760134676016,1013.5794833982206,1015.0950301325852,1014.5144906191089,1016.9503341292074,1019.1844804509411,1023.7436275262273,1025.9154469264731,1028.5767878832285,1032.062758151421,1034.5979445845535,1036.690793901348,1037.1871039242155,1037.3118590430458,1038.2787347661522,1039.7102871579561,1041.1342697172984,1042.3188030117592,1044.8414094249738,1049.045881325026,1053.342180693517,1057.7340531128668,1060.161949277843,1063.3341162126758,1064.9594240156007,1070.0192650289807,1074.9216338621482,1078.7476572195221,1082.9991941008896,1083.5915212548746,1087.201551935115,1089.190592574223,1090.8774951185694,1092.7642851052606,1096.0551065824745,1099.1789246805636,1104.0676102051352,1106.8195506536315,1109.5127746865035,1113.2296640672253,1116.2281859029817,1122.2372578070679,1124.9764259567298,1128.2819228259086,1132.8256587969906,1137.9890409772167,1145.7352978328047,1150.0873559490194,1157.8021717571496,1167.0336912485811,1173.4335473230115,1180.7556448153578,1184.9797636323187,1192.6411733036687,1196.4220040114171,1201.286644451502,1210.2309128258441,1222.6559441189145,1234.486921117246,1244.0052320898105,1252.135614013644,1265.517627104201,1277.111933539007,1286.0120947617856,1295.0645773886517,1304.9760127386346,1324.1480313603086,1335.2509371379801,1342.6323276747532,1345.2860270719416,1351.4530781692213,1362.7026101641986,1375.0129918748296,1374.0084429531605,1383.199283883025,1390.454782636742,1406.2663299364253,1411.1863965931705,1413.2401060440839,1418.5944624581984,1424.8334243340507,1435.7673959804376,1448.3188384187345,1458.244662824964,1459.7097552477223,1467.7276583840412,1473.6847520502372,1482.1544873467067,1486.2389510961148,1492.4713829349498,1504.6234325237758,1517.3831063269713,1531.0704004393617,1538.3023038107683,1544.8794081919098,1550.180752424971,1554.0810556648746,1560.8932841654616,1570.665278828285,1584.6628091592584,1588.6555375278256,1594.0008585330177,1595.684053123215,1604.7779179846627,1613.7313481744534,1616.4382113155325,1618.2408679025202,1624.3751921382495,1635.6020875766576,1643.7789203416053,1648.2609697167784,1648.4362370298998,1656.6165100471965,1664.8960299846794,1673.2391584766137,1674.9320234594559,1676.1781480558623,1684.653343958423,1693.6220469527507
394943,22,"Orlando, FL",msa,FL,1351.7765595990545,1356.3019756303227,1361.7136939304648,1367.9042697008113,1374.4872802989728,1380.4962119394077,1384.5514959215188,1389.6689145839532,1396.4232629794697,1403.5179040742642,1411.413709543905,1416.9958600796717,1421.306505821298,1423.866129227642,1428.047966050364,1433.0156397928154,1437.8652979241856,1441.3736543663883,1446.3392287784402,1453.3338445517702,1461.1020681857763,1467.8127573112024,1470.4241128054766,1470.1368154230158,1476.5057197763115,1487.2103144313048,1492.2696187572342,1499.0752483449794,1505.5852452624606,1519.5593589188493,1526.1916424643548,1531.628624505166,1533.7907884984518,1538.7704933701962,1546.8161682437521,1561.8463773904566,1571.1927583750755,1577.0468440187262,1582.4544367231838,1585.5410178929878,1593.8834060349466,1601.3418901148436,1611.786700686232,1618.5634766344233,1623.035427844678,1630.9596315961003,1638.2342575621483,1647.2466270181983,1652.4803993377434,1656.2080603032657,1664.7862329636237,1673.9194678492229,1678.9093338929144,1680.857111836221,1683.8252486710364,1689.539361591073,1698.2138366367974,1702.6534086656065,1706.6004041843994,1706.0188634501847,1709.5266460711857,1714.675233439476,1725.4155033675427,1726.1257355935725,1724.1927301223227,1726.4637392665243,1734.7307360649036,1742.4314062058359,1749.569705874347,1756.3632923703954,1769.208018844721,1785.2140993489193,1803.5286683663144,1817.8277135327714,1831.9152906169613,1850.4453824080465,1877.6812230236956,1905.1247638768164,1937.0557745464716,1971.0249937335175,2010.3660380165236,2051.6788457509506,2082.203794589041,2111.7720233606124,2134.324154171915,2162.1301839490825,2186.5317713048166,2211.874465173532,2237.5699534482997,2263.4353796091036,2283.02692322135,2294.314949156944,2297.7074884947388,2298.9162448398592,2303.8554871409356,2307.443396849437,2309.558950128976,2313.861940187823,2322.575806964346,2332.9214289797064,2336.558219914122,2340.0040313930417,2343.3567340647264,2353.142640111477,2358.6595573763047,2364.193907779594,2368.324465067814,2375.812322583927,2384.620713564252,2392.4696632972978,2402.6049794814126,2406.6588667150963,2409.984279337083,2408.299739682602,2411.3187960102437,2408.8261594560495,2412.035971955382,2414.1959506099247,2423.76051581819,2430.301421121798,2437.4034825171307,2445.107711077929,2447.1571038158645,2441.3669686472485,2440.6683424379607,2444.705278393405,2448.729074210158,2454.9380265665504,2459.8577895551903,2465.5254916765107,2465.4130697466067,2466.0108626323713,2465.8457976896093,2465.0150901128254,2466.5895528666965,2476.6868997978495,2484.6818143962696,2491.4602862622164
394458,23,"Charlotte, NC",msa,NC,1177.7361466171842,1181.117470116283,1183.204269502378,1191.8521210848407,1196.0541324890078,1201.40076853568,1205.3060405613166,1212.7505792229829,1218.76256986994,1223.78865671797,1228.9301514246856,1234.69931710308,1241.1197886415464,1245.0782713773121,1248.2309645967741,1249.1033832561552,1251.6672248438063,1256.1069791242812,1262.5829182351763,1270.0458860383892,1275.4219936556883,1281.3829581784394,1283.9806714804297,1284.6804728813306,1289.766446442664,1298.1382505618699,1309.4198451652248,1316.7998611177604,1323.2268793684334,1328.455518180788,1332.1081893423013,1333.5801034914682,1338.9976581998035,1342.577956322379,1349.3447757986628,1356.7466533453492,1363.2246975818232,1369.3670520576195,1373.4978724812604,1378.001531786889,1382.8570416970617,1388.498188352964,1394.3305174074155,1399.9877181205686,1401.990917290276,1407.3165256128316,1411.3526208712096,1422.1010385090772,1427.3943699922515,1434.373938267267,1438.7904570092926,1445.1655793772202,1451.4337116394574,1457.167393596739,1463.0173541997567,1469.6454516777899,1477.4836934347136,1483.3651952255786,1489.203090923551,1489.6240070670376,1493.672407959428,1495.7695942412217,1512.4414769835178,1513.8129968251192,1522.7273881540698,1526.0939183508206,1542.5948408617137,1556.4828888151283,1571.4038540082759,1584.4722733535568,1598.1595500526578,1611.1414643225983,1622.6160779467525,1632.8325183131299,1643.3643811762374,1663.0316056972836,1682.9104109968612,1708.4975020528445,1727.7759734695937,1745.5051962732239,1763.4727336993376,1779.5848038698496,1796.6856543375254,1813.208052898396,1830.0866550725204,1845.9783265173473,1857.874209168542,1869.9067714136627,1883.7535108043546,1898.442040431882,1913.912044818522,1928.8754341612328,1940.2395224232082,1955.4614809948469,1967.5845566923429,1980.0185177183935,1982.5618120919555,1990.6472324803533,1997.7319327221217,2006.710834473094,2011.5255866900818,2017.6678725023487,2023.4469607578271,2030.7236536805601,2036.264406447341,2040.3786343889585,2039.5756036523412,2046.8925492309538,2062.438093547598,2076.262409706369,2085.913310532736,2089.107102704272,2093.2050719233603,2096.1078484748077,2098.913950647942,2102.1646794991198,2104.674664639665,2110.7456138198254,2118.368959655261,2126.6203531828564,2133.5222419247552,2140.5457214711537,2147.1812384652885,2153.5926234842427,2157.3385453307824,2162.0340427435417,2169.883863695938,2176.153514761795,2184.0564160147446,2188.60750555808,2194.5346850509436,2195.487726349052,2195.0547064197326,2193.9449600816124,2195.1383608046945,2198.9392756514358,2204.64671898992,2209.4183766749593
395055,24,"San Antonio, TX",msa,TX,1227.7593739135689,1230.2657944398672,1233.6826584152561,1236.4397128392213,1241.9011434698853,1245.4715725419153,1249.4755595405102,1250.063163715409,1252.9183704692337,1261.9499906073904,1267.1725324014433,1271.8624530191987,1271.7107593908581,1275.1698105703888,1276.0580171957508,1278.2474511330022,1281.9537648329517,1287.3561328468834,1291.7430779054152,1294.1229589618465,1299.1509749900702,1301.403107105232,1305.0434517140427,1308.2006563192745,1313.7438873689157,1318.7569886885483,1323.7316812895208,1327.718368615487,1329.7718461548377,1333.4273440362895,1336.7379399413842,1340.6720117517814,1342.9568064495436,1344.9680538888595,1348.1205151643849,1353.2617404309156,1356.6183541900932,1361.7953831744412,1367.9399014608068,1372.0442390791418,1374.888718325499,1374.0887248302556,1376.3675680352114,1382.653311931151,1387.4548324730415,1394.2834338588113,1394.6319794531225,1397.1856268764377,1398.0174150611542,1404.1445472700645,1405.9622035056173,1409.635575013051,1414.876122079067,1421.8462601216263,1426.8064285972778,1428.866371397888,1432.2696476149351,1434.661542133482,1441.3850472973772,1445.6241785694397,1451.8220928815938,1453.072009334334,1458.038691120839,1459.263542568937,1460.8103750613511,1465.2832166202188,1472.4988815309364,1480.9388060956421,1488.5426320602537,1501.085729137839,1511.5100747683568,1519.6506999671928,1526.0111039908222,1537.4131535294273,1547.62700963597,1561.7874714786979,1578.2708801428487,1597.4247479457147,1613.9289409512417,1631.4511525468,1650.8892581709506,1664.480358407043,1674.812365426874,1688.6403455195743,1704.6136287409358,1717.4590788951484,1729.63499757927,1737.359645762772,1747.1925791769786,1751.2282431887113,1762.980955486961,1771.6214159808753,1778.1758134023505,1781.5061538121497,1788.2823098620788,1794.0769649164895,1798.3680654452166,1797.99664831935,1800.844556037319,1805.583344967493,1811.7833996430468,1813.8371668887219,1811.095526278317,1810.1241948282452,1810.258843806666,1814.665041482472,1816.6130474804334,1816.4820304042123,1817.183408427417,1822.0925674203966,1829.4058230466553,1832.3852616322304,1831.239557756538,1833.7550374909624,1835.9598434978868,1838.3428289438637,1835.7641198102167,1835.0173278443922,1835.7895192696312,1842.2049066327538,1842.8646088788862,1844.208431693412,1841.8837718741993,1841.1131921668878,1843.1984507030807,1843.738977592492,1846.2399772608546,1848.092025825843,1853.2439690354836,1855.5665419637303,1857.067167981859,1855.193742628207,1857.3884980276537,1858.040795347446,1859.6898310064448,1861.9752569636294,1863.6965935808314,1865.7669953156103
394998,25,"Portland, OR",msa,OR,1555.4425026914892,1563.5562508881835,1575.9267973263054,1589.4927250656547,1602.6443124400266,1614.611881120737,1626.4101275612738,1640.4517302524914,1657.209603563597,1673.998598942717,1685.089532519782,1694.7545922970014,1700.1437556420428,1711.9691130446593,1719.0234329463044,1728.3759393998466,1736.2665946016625,1744.8133828758184,1749.6225037961751,1751.5002708108784,1755.630029151758,1762.1727721159473,1770.7811226347148,1777.8362915829714,1785.8730635972458,1796.6513931441505,1810.2276788054453,1822.069697660317,1825.023504277396,1829.519811741388,1832.2678182792952,1837.8727797323593,1839.8689224649963,1838.2628824420567,1839.3379735300252,1844.6100093952791,1853.0568225364943,1859.7315848987078,1861.8904730209972,1866.465624025834,1871.4574124459175,1875.2756852289601,1880.1318680080608,1887.3674304631077,1894.8333310565145,1905.2182438329037,1911.5505685590451,1917.652594202021,1921.5404284731653,1925.1885251375777,1930.1145207859088,1933.4383659777777,1941.1217744012295,1948.7406110928666,1957.1176369875093,1962.5791112588356,1968.8711686083022,1973.9150377953463,1980.429332408508,1985.3177202979948,1990.3201784715006,1995.6228062338969,2001.4396998758561,1998.0228495543342,1996.672471691219,1998.451923466575,2012.0083929371883,2032.2366300696353,2053.1275646944023,2071.625911659668,2084.997154345093,2099.5590135095235,2110.124626325892,2124.562889897376,2140.1829178771704,2165.65940284708,2190.220868142402,2218.603425736259,2239.6138335111737,2257.9897238773597,2269.625011138884,2283.930620941959,2299.712232684012,2311.1844647636526,2323.8727413115325,2339.767732027303,2354.882238943209,2371.4393309485654,2384.484128903994,2401.254751529489,2409.576093476444,2417.675221190084,2427.964006614467,2441.4517178900724,2453.9549563058567,2464.288727872189,2472.1974990451627,2481.573368228062,2486.2891400298818,2489.5636430724667,2491.357969590766,2491.7339627459473,2494.1934360234604,2493.6750393769958,2499.894803472408,2502.9458368498113,2508.055498364099,2511.2674782562253,2521.755481132653,2528.3765634948218,2542.2490748472906,2552.12366925029,2561.515765029879,2567.560296443048,2577.264162881727,2581.8004703793413,2583.520930392423,2587.591190036939,2599.4007690172143,2613.2548684079584,2618.9890953932677,2623.1352153677403,2624.1790149288718,2624.84627388755,2628.6950184192788,2629.2844577314563,2632.8547973227232,2641.5339886391334,2648.3829633740233,2653.812891508354,2651.995091835917,2649.7764041162727,2650.3658323944906,2653.5019345049177,2656.2479264851645,2661.351681968683,2664.4075095148887,2671.4491920545843
395045,26,"Sacramento, CA",msa,CA,1506.9213782435488,1514.078556353669,1517.8259360127274,1526.494902117748,1532.8371852264006,1540.793729334352,1545.0429113362316,1559.3103153013278,1572.499362256624,1583.4841275632016,1593.3258214364594,1600.0118725954103,1610.0343010909842,1615.9661219734853,1622.7712580848445,1631.6734129780698,1640.6506620078462,1651.4054546090922,1662.330359635472,1670.340990536082,1672.7760310068331,1677.5558993071797,1685.1755466760164,1699.7196789568186,1713.170360100602,1730.640245323958,1748.6402400935342,1761.856025427846,1777.9006070192713,1789.546622717597,1802.3336577734362,1808.310921505304,1819.3003350608567,1830.9416686510142,1843.112794095067,1850.5967661667705,1859.7928242252303,1860.2847866911075,1870.1898412600606,1876.0601797846666,1888.7237863830587,1894.6725649122293,1900.8250613297766,1908.6895288795265,1917.6552598084209,1925.1662176713066,1933.2601424517743,1943.3320480653842,1952.7959544521848,1965.160205055958,1969.6826976743525,1979.1208983526676,1981.6595008080778,1991.1539100112473,1999.7716489563577,2010.6074897217939,2018.968594647838,2027.4323409093618,2034.2276623377804,2040.1077740745986,2045.384723299294,2051.826681773163,2060.113741473492,2058.5645932141847,2059.439444294937,2065.647020849831,2085.030634500658,2104.8660708120287,2126.5304681177454,2150.482368689287,2173.035673941816,2190.899229735501,2207.5901750120843,2226.053586234622,2246.545434701331,2270.331166413724,2300.9053416770607,2326.897543480745,2352.938987815671,2374.4381528187437,2395.014276132988,2412.2044243139126,2433.67488083559,2450.147124190398,2464.3819495922453,2474.4567456226855,2488.595642175151,2507.197050651464,2519.311601486842,2530.192989429284,2535.219226914198,2537.8119867317623,2539.6162802079707,2545.4532202440773,2546.658490557198,2552.0261831197236,2556.4891672174863,2562.550484309284,2568.1239636739438,2569.539268463972,2576.1314294752638,2582.039703240312,2587.8599524102065,2592.4960445204615,2607.7114840498657,2615.020815958624,2621.7402590042384,2626.121073224007,2639.5572107025614,2657.009498511743,2663.588509510181,2664.9957780670325,2667.7441337508435,2673.4045696463613,2684.459449992647,2695.1094661211578,2702.7498753778336,2700.5782952825375,2709.3893074747375,2712.1698799544683,2725.1814028017498,2723.4178626237954,2735.0074578057306,2740.250805681378,2747.9319677341036,2751.5805428322155,2755.1532709025378,2760.0992468149325,2762.2698542305175,2775.0640189973387,2780.5340187343772,2791.071637966267,2789.6040026929218,2797.420180595059,2800.4078142284284,2811.675400524729,2819.7290533505384,2829.771845304454
394982,27,"Pittsburgh, PA",msa,PA,1065.3694382878282,1056.979182530133,1053.5133157398068,1052.4107736495243,1060.3449341380278,1065.9802311806052,1067.9275245888336,1067.7079202182497,1069.186158298443,1074.4454132844749,1081.0752907900674,1085.594007473571,1087.6806609179212,1087.0821427930075,1087.3595956037382,1085.6709920294707,1081.8947796507375,1078.3828101085585,1081.9797300059763,1085.0813609997542,1088.8748605975468,1083.2417564728396,1080.7083709100189,1082.8202889212464,1084.676362412152,1093.5248594253142,1096.7881192898822,1103.5063094751276,1106.7066141617825,1110.5302009942625,1113.1498455905144,1117.4262976638317,1117.0768275381658,1123.1538549811821,1125.8237629113391,1127.414672259535,1129.0085017242477,1129.4631410063344,1138.632833731885,1143.0127504330658,1148.196403557008,1151.3017020531943,1156.420286325826,1159.1750635882336,1162.058558209975,1161.0209821781716,1166.7413780071822,1174.023803388256,1180.2520604838774,1185.462633538186,1185.2214034419114,1187.529224525436,1191.3055995322832,1196.6169490937966,1199.7753152815937,1204.2865897379295,1210.9060968559431,1219.3422729309789,1223.6856832390363,1226.4985850971152,1230.3984450929925,1234.3170123760394,1242.2574767898468,1240.7814774022052,1241.8757353970743,1241.542046195292,1249.9732047621912,1254.5032096686043,1266.265343737051,1272.6993108202794,1279.123184902778,1284.2109448967442,1290.9253136969346,1297.6475493232638,1302.0703380723269,1309.7527413164114,1322.7476757449867,1334.8208943935506,1344.5999605849674,1353.7421929257712,1364.180325066483,1370.4939991516687,1384.4433359946308,1387.74295085523,1395.3294901217291,1398.4278352121778,1411.8344653629247,1424.1455505241777,1430.7623900321962,1438.483307718656,1445.4443901048553,1457.0961915841092,1460.277669827586,1467.0850159663742,1464.9752284914903,1468.8277572472175,1470.8413832514773,1478.4440370383493,1486.6365753733974,1491.9562148276407,1497.3941326881913,1504.0066085901885,1513.1945838375493,1518.7685375424526,1520.7387379887646,1527.6383088864768,1535.8840076946783,1553.6653186315207,1564.6474249676678,1576.3771401497268,1575.3870899575043,1575.6173337085877,1581.7433512002747,1588.7662125755417,1591.9870757045685,1592.284080854109,1599.3095156342984,1607.6337873217612,1614.489116383065,1618.0816139519593,1623.5562281391028,1630.9360221381721,1637.5253971169893,1647.017007332179,1652.5109855821065,1661.2811878705093,1668.6025341814093,1678.7043269578035,1686.8625028192919,1690.4622091904764,1695.9916835154152,1698.0045673217728,1702.0847052974066,1702.949077651505,1710.0561619567318,1714.6000805484712,1719.0256683151229,1719.6519155354447
394466,28,"Cincinnati, OH",msa,OH,1084.8059258181038,1090.1264951194628,1095.550481989906,1100.7880561535485,1103.241291864383,1105.5704510382193,1110.0328731589934,1115.0115152435603,1121.0129739986673,1121.573439860578,1129.8935799349604,1130.7630284845268,1135.8289865238708,1133.3659679659213,1137.8745136448972,1137.6935629315963,1142.907613823819,1142.6637349074665,1145.4590261529313,1143.9947391261742,1147.9635185587154,1152.632222043149,1154.8658690798843,1160.2299341139112,1165.8970556816832,1176.5996541071631,1180.4049515553124,1188.6341192517775,1190.5463098606726,1196.0770951465354,1199.002053081134,1205.4357164986268,1208.122315533372,1210.0017687415457,1212.367649828241,1219.1766790600702,1221.3079035518736,1223.4884236657585,1229.5307465893743,1235.7125456158817,1240.420817164984,1243.480980282778,1246.2959531382946,1253.0590106184877,1260.9023106595134,1268.545939292733,1272.8040613266396,1275.5799629186524,1279.7707635590014,1286.1879185419953,1290.0866805764933,1292.8839726460483,1299.1910259651,1306.3156151193964,1314.4301311478773,1318.664426687019,1322.8963284555653,1327.8577763369703,1335.752005649355,1342.2860155589628,1350.1522527850768,1355.6372913782097,1362.233198383986,1361.4215689067805,1362.0509454188575,1365.6277748852758,1377.968651834461,1388.15302073632,1401.8748487955734,1410.4765024122828,1417.4192496787073,1425.1857656956952,1433.2360885051198,1446.0792630548106,1457.3440039419252,1472.527739860986,1484.6135990273017,1501.1408513372396,1513.8802971674297,1530.121026940795,1541.021893069244,1546.7192928036993,1559.5265573794366,1570.4311115346777,1590.7699778661777,1598.2905052030392,1614.1217322763894,1626.9387155693182,1641.3609435202686,1652.3698656353831,1662.1167230033004,1676.5557612746584,1685.2998808129094,1695.464588410371,1701.9074123788719,1710.4603583245707,1719.232663042569,1733.9178382235987,1744.4270412580952,1754.9113526169176,1764.2478168736743,1771.3091338945117,1775.562881656036,1780.5316844236559,1796.7130142655124,1822.4072752597483,1833.6919989595672,1846.0029449102426,1844.9695398650554,1852.563982019408,1857.1296868138472,1866.5826950480218,1879.579070068725,1894.5158008765052,1902.944746265336,1911.5774732111095,1911.0363773928116,1914.3809042864875,1925.281678082825,1937.8435288793466,1950.0685225312488,1949.3203297989426,1953.7605912656602,1955.1018992925815,1966.665717250853,1971.3356236789425,1981.2905230322876,1989.4725558914795,2000.3469817357598,2002.99388709804,2007.604402807676,2009.8540586965182,2018.6514445473315,2032.145204310757,2043.7146078002836,2055.2728911797503,2057.099422995726,2063.9112930666574
394355,29,"Austin, TX",msa,TX,1553.2677556921597,1564.7179237625346,1564.703934094132,1563.3738083147382,1561.7253773313685,1567.9210010668212,1578.2334277998218,1591.6589161733834,1597.4129874438345,1601.9683693958377,1604.1320539577168,1613.8190625123348,1619.2682890044612,1619.5524318469224,1618.6429958916108,1621.8906598978263,1627.7580834150438,1631.883068315666,1635.6070637123714,1637.540091031045,1639.863480342293,1642.3473376617949,1645.0884962753098,1642.7121353995108,1646.1571160072529,1653.3804118488406,1666.661092687758,1672.4842483252107,1673.3928032034003,1675.4522756808688,1673.2576482045124,1672.9367044250484,1674.3263298499623,1678.1326113105142,1685.1307253014013,1688.5107866398164,1689.6255094563326,1692.2608763927456,1696.2227150376643,1704.584114865803,1709.9559698458656,1713.9374242186327,1717.7254662686382,1723.3080789484634,1728.7101801366498,1736.3878337439194,1739.9261816593328,1747.2402696395857,1751.8284216499812,1759.296959915623,1761.3734425930975,1763.1178906065295,1769.3530914101357,1776.4179681807254,1785.934922591756,1793.6355167964377,1800.9799518166985,1805.5494891337917,1811.992862039846,1818.437412439502,1827.3702614761726,1833.0380098634005,1836.846263899017,1832.9278111721192,1828.776163499922,1828.220899397888,1833.7526756912273,1848.9467118741786,1866.465027744912,1885.2638277042306,1897.1130701592215,1910.3620468788642,1929.3035033025164,1949.1742570769604,1973.2109363683974,2000.7536754915411,2033.287178589045,2066.8841594632318,2099.6116420502144,2128.7262490775734,2148.740357561186,2168.4449379570938,2193.9352442018258,2220.1705900680736,2236.8950334747738,2252.6446943675132,2263.5206779355353,2280.723321542249,2293.107338839627,2308.308598214905,2320.883125241633,2327.1090488951536,2335.4314393879336,2338.407311744303,2339.176967757282,2336.456770160675,2336.2155654741578,2335.384386409031,2337.786695811297,2336.349233984853,2337.935374246449,2335.1137788483957,2331.026930000034,2329.5769518247826,2323.4941918764935,2323.999961176283,2319.1809474227875,2317.3045596967,2318.987439547287,2322.096891165485,2327.388496658496,2323.9986574083878,2317.817983803488,2311.446380468762,2310.111085130161,2306.259802113295,2303.7383036984115,2296.8751001790993,2297.844383504132,2305.195692531816,2310.029712362916,2312.7069275651993,2306.6984056770198,2306.061964749045,2304.776925961415,2304.885452535282,2305.7473864419094,2308.334704880031,2311.702570973312,2316.1393513536414,2317.2189231805514,2312.7279104579316,2308.380280578938,2305.302800874575,2307.449644007599,2310.357402981055,2314.790499957143,2319.1523551580085
394775,30,"Las Vegas, NV",msa,NV,1247.7566939079184,1253.390826299353,1258.3048141141765,1262.8455132418562,1266.955334860831,1269.8767631886553,1274.966044616711,1278.8497887776123,1285.848041593078,1290.757301297203,1296.2815514029624,1299.3341133734841,1301.7378931311553,1303.8138811299164,1305.6294207218816,1311.374209597324,1315.63524156246,1322.806565031198,1324.4973261193622,1330.778127312564,1334.88486985933,1340.650333416558,1346.495036535762,1351.3872040710114,1359.4649753992855,1366.500037066499,1373.3866133693837,1377.9617811338812,1382.7407673612183,1389.8562233110827,1398.2108275625224,1403.465572396199,1408.5941746215303,1415.3595711325486,1423.4520807730316,1432.9381887985173,1439.0027950498659,1445.772033676282,1452.870073712832,1461.366011131282,1471.704583072729,1479.1392403027332,1489.2667657999348,1496.1185297110967,1506.1964441445587,1513.5940115954104,1522.9168800600146,1531.2253253963497,1540.0283201891168,1545.7688608776307,1554.0495864843251,1561.5739907722175,1567.8794033287984,1574.6481965053958,1579.7404664356152,1588.0199437466115,1594.107480240278,1601.0839504501841,1605.6736589878192,1610.4943504662635,1615.847492963094,1623.3143709263056,1622.7078626827652,1624.6656876613808,1617.4357908631991,1619.669919399034,1632.6566531275262,1653.6316954119618,1677.5400021196594,1699.476427447022,1718.9630740575703,1736.4461286421265,1753.20551087971,1770.745909203972,1792.5252651982,1800.0865323964094,1843.8850341003038,1877.2695073024315,1925.6757391239146,1945.9840853493042,1978.3753662194229,2009.5035114178359,2042.0882627421438,2059.9464762701214,2079.230922119536,2091.4292833495747,2102.3922856078093,2121.6319912406457,2122.8809015214397,2133.156185960106,2129.7446040396203,2131.678448683329,2121.7599249700042,2110.2106022678327,2100.92086464615,2101.58154985649,2102.319856000659,2109.8523721930896,2116.455369296684,2126.9738038624637,2131.3146660796665,2131.2768092761007,2128.398472969018,2134.0154341376156,2137.6677754543052,2143.0895354877416,2148.4611776688002,2160.829044932311,2169.2669498892296,2172.9685040828113,2180.9810684758895,2186.833515491103,2194.2009001610377,2198.5965693980797,2206.455169959321,2211.179713979355,2217.322489044607,2218.2965282859363,2224.1343400132746,2225.3929476049084,2233.7009566262077,2237.4650610786825,2238.9469941812135,2234.3785441802233,2231.5700582705426,2230.026853735532,2233.8980146056183,2235.5514799687257,2238.896569186933,2245.439288848771,2247.697413896541,2248.343968588301,2245.54513332362,2247.4379681822443,2249.483234983256,2256.329341868823,2263.3299650688605,2271.6190665725717
394735,31,"Kansas City, MO",msa,MO,1006.0566858863928,1010.2445670479,1015.0944252078696,1016.8613940299774,1017.6705330200399,1021.2463156720324,1025.7277621916699,1031.3716683462408,1030.3337321804097,1034.019229698926,1036.077257092631,1041.2296016600344,1043.4143124271625,1045.7184142189496,1047.6836688595483,1050.3086830874263,1051.7399191824222,1056.5323360733805,1061.150488592464,1067.8818796587136,1074.1290705350034,1077.7753130835354,1079.3905740703503,1080.0590322975434,1081.3093533594695,1085.8648831752716,1089.6150395218874,1095.835838428307,1102.2651121080503,1103.9618834189343,1106.453382172588,1108.279662948798,1112.690396713869,1119.096657215026,1124.857692901182,1132.1490262250782,1133.5766614655624,1134.878531520351,1136.737524800478,1140.5393841787925,1143.006158886486,1146.0945589639866,1145.8057334642554,1149.1150526397814,1154.7802121176078,1161.0543660329754,1165.0898032707219,1162.0447892651914,1166.7276787387616,1171.6907799455548,1176.789109150924,1179.1376068368684,1182.7967729561074,1187.6219463778875,1194.783546509581,1199.1542743695236,1200.839229898736,1201.6466026185756,1205.182665620404,1213.7420318072213,1219.366105882008,1224.3089194053493,1227.791143099018,1232.4630854865654,1234.3405895694161,1239.3276233253964,1246.4374325505873,1258.3824837009302,1268.738184908726,1279.1375145851102,1288.0452351734984,1290.7686975568013,1298.2997900972107,1305.2637938216922,1314.7766847045273,1323.753914796793,1336.396678934988,1348.5724922973052,1359.8793919761013,1370.0284666752714,1381.1254155607978,1392.7645217155068,1400.3683851414203,1414.5396603058641,1423.3736532310438,1435.7210507220184,1442.2792257161968,1452.1640024568521,1463.0859493690225,1474.940481826221,1487.974332374166,1496.7631746016816,1506.909130211644,1513.5575165600264,1522.7807432421548,1527.1539730897587,1534.457128605485,1540.7726778387112,1551.6370195619338,1561.943707675982,1570.0070207144397,1576.2087353062282,1580.3156377061955,1586.1615151811784,1590.4588542337988,1598.7782016231304,1610.6170318021332,1626.4363379950369,1636.6851688888416,1646.1830300383326,1652.2032902526037,1659.4021044371184,1663.9916368392812,1668.7717946991497,1677.7062780894246,1685.3954078672646,1693.846285729922,1698.1678249182107,1706.2760492972077,1710.9616628187373,1723.6842331953296,1727.1701873627144,1737.1418750782645,1742.3918546716586,1752.5386614472957,1759.9245709209708,1767.0762114283773,1774.9758683207695,1782.4311576541622,1791.5424009069416,1795.1397486672465,1799.988928257567,1800.741015039253,1809.029447557697,1812.954981214043,1819.701632821623,1824.0848262182858,1830.5069312037056
394492,32,"Columbus, OH",msa,OH,1135.5277095574465,1140.339815993587,1137.155306653126,1141.581052432594,1149.03685452987,1157.064325221041,1160.117606039872,1166.4998648605408,1170.936498231462,1177.8209048091414,1177.2401104541373,1178.9947559329828,1185.5061637908323,1187.8299435944914,1192.452204266197,1195.1974317185693,1201.8259653341397,1209.938275700188,1210.1492927959146,1211.4134522670413,1207.804747371223,1211.3271119089018,1217.7168758246755,1222.585938659524,1228.8937217178313,1237.6833080722477,1245.9283254364748,1248.9830644193014,1248.3406024133324,1252.0722571701306,1262.2399052746416,1268.9080153356012,1279.3477635734976,1280.39078040717,1289.6897305446355,1295.3812962757752,1302.6102292075032,1307.4890733246048,1315.0768856371587,1324.4057612066943,1330.569453790435,1332.9453664386751,1336.6996842197475,1344.668150633815,1348.9354153382835,1353.949334960019,1353.8511210286586,1359.3642591195478,1364.2469529456905,1370.9792220973948,1373.2682711249206,1377.174795396153,1384.623772865539,1392.5521006264798,1398.0875422391275,1401.8508384503411,1407.7825371911572,1416.4130552151403,1424.5421500697664,1430.5669764056945,1436.015970568983,1441.028138452175,1439.501951976718,1444.0439138451138,1448.7837115712455,1459.2679796656578,1466.844907342135,1477.7697317320715,1489.6632599155505,1503.2214450436782,1508.326078146514,1510.2444334836266,1518.055079123792,1534.3628543178695,1554.50018152201,1566.9628929406267,1579.369358287492,1592.2615230910849,1605.6863822266723,1618.1153852098998,1628.1626750665039,1639.612945344108,1654.5816360009237,1666.9782643596045,1679.5565995493248,1685.613617143849,1697.8772352158708,1704.3261912844398,1717.6083258685128,1729.6556928067998,1748.3330945427635,1757.1818782974701,1768.017676248984,1773.3554886331933,1785.5456840621066,1796.8765214787172,1803.809031823835,1808.2253342539398,1811.614972127249,1825.3982723322504,1834.3798952296984,1841.148108994992,1841.5458103029443,1853.910582410486,1863.3399119141563,1874.3805335502827,1878.7723169530748,1890.1805297946617,1902.2515266944608,1919.1558021186358,1930.03640719554,1939.8920399225228,1942.9603067417245,1952.526399665454,1964.3724507128475,1972.5375406313963,1978.282363211634,1981.9756911261409,1991.6048714730887,1999.0068462796257,2005.9649734092425,2013.386840646298,2017.7013397678995,2025.0211104821606,2029.4015789783414,2037.283931121423,2043.3727536575511,2048.1224958464304,2055.611469143919,2064.752003951426,2070.7405322336085,2074.8910934839346,2079.8246626470936,2082.547726386614,2090.6166415395237,2094.530406938829,2104.735384005584,2109.253663414417
394705,34,"Indianapolis, IN",msa,IN,1077.7052207985582,1079.5216931044365,1081.70026942396,1083.0437861441512,1086.2125053933203,1086.838961666053,1090.0102336178118,1092.518452805015,1096.4697540625837,1098.226488135102,1102.236661880027,1104.6379393024379,1105.6055467502997,1105.0944982536332,1106.9232786454165,1109.4052303527847,1114.3667742253695,1117.3026016845117,1121.6245764533962,1120.5090500345493,1120.7751316094266,1122.0973045733326,1123.7772519553223,1124.1191298386361,1127.7372767952759,1133.8097852249034,1139.728335321083,1144.2977875321674,1146.9985874617087,1151.0691254995731,1153.3551795899327,1157.412528717428,1161.2348314502601,1167.395934537132,1171.6911058126943,1179.5290506067147,1182.5000166251855,1185.1519909232777,1185.632629316813,1188.0346758226506,1192.6226102359972,1196.5319053077967,1201.023281783409,1205.5618700727334,1206.6895951964323,1210.0319176347186,1214.7570180954817,1221.6058222320949,1225.8917634697964,1228.0809060089134,1233.8172444026193,1238.7170029636086,1242.4257966331224,1246.5749136578877,1250.9119012552464,1255.5704200220327,1262.7883789414557,1267.0631527295263,1271.1782417327274,1272.308702195694,1277.3356863658416,1283.8027574145358,1296.5149733589828,1302.5266079953576,1307.763043805451,1311.816690687631,1322.446983959515,1331.6649757939265,1345.1336923207045,1361.3227134840495,1372.6819885837733,1387.1903230382877,1392.6765045545912,1401.725257363668,1406.070491232325,1416.353941204906,1430.5071677141793,1447.0050677162424,1459.7227131977713,1476.9544757735314,1489.1967451237606,1503.1348507129,1514.2340913643716,1523.2143216732961,1536.125659805031,1543.926774034395,1559.4698314841178,1572.2824721815634,1586.3423969471773,1600.2148899227998,1613.0753892134956,1623.4736640728906,1630.708319990818,1634.618975879525,1642.1690898959896,1647.1394822653147,1657.3797531516286,1662.6069965904846,1674.0854470795935,1680.293962039244,1688.5325745311707,1691.1002140633457,1696.1306104820985,1701.1256240292032,1711.0534101469925,1723.2653012814333,1734.30424650687,1748.0993184482656,1756.6089109418995,1770.6678834273007,1776.6686784648034,1786.9066568335995,1792.181781913926,1798.8609567004905,1810.3970213284554,1817.2407670301673,1826.6885209759614,1829.1872967893264,1837.670115895869,1848.8265587755732,1860.5133460358234,1871.0031483026726,1875.7213566870905,1883.0300577570029,1891.9596603439365,1902.6948736132954,1909.0517002200324,1919.0473239012279,1924.8264678898843,1935.1582370427254,1940.1831013252456,1941.9022639076613,1944.1843198241615,1945.4101240180814,1953.177981582052,1957.5122415840872,1962.0493364767224,1965.0565181591994
394475,35,"Cleveland, OH",msa,OH,951.8680447593565,956.6330540199608,957.6971570305031,963.4073035775868,961.9339301290245,960.3872414710756,961.4911259036612,969.597875480339,977.2934141145921,977.3887131216198,976.4594571972161,973.2153045234844,978.6822248492113,975.5966475827923,977.2496220872745,970.8846792561922,978.2837240870113,980.3379943306314,986.2228682027343,980.4144153682483,983.2860219787372,984.6776201620033,987.8816988744597,988.9007166114145,988.5485317327223,992.1425431730928,998.0554639226852,1006.4981061012152,1010.4071823504304,1011.2974277266302,1009.4623838437666,1010.634589420785,1013.8296402935208,1016.6823704281854,1021.1330027627592,1022.0603307789266,1026.0311884278258,1028.8446193804004,1032.6676750805484,1033.0250447729645,1034.829998357783,1036.546078082471,1040.4369218203904,1044.1493801858223,1043.737750270552,1048.6803388849858,1056.5158684842509,1065.1555469084046,1068.197775338721,1065.1570450200181,1065.953950253228,1069.8525073432443,1072.369182282329,1077.721435352659,1081.914583036642,1087.1059263300474,1092.782364397616,1095.0932205446725,1094.0803196798086,1094.8837348315508,1098.700148759401,1107.3991328793113,1112.2945977751042,1120.345552520839,1123.467147498107,1126.2906117014115,1135.2331513816255,1144.2315361793972,1157.624813145721,1163.11085049802,1168.5061400877325,1175.1317917516644,1185.935972783708,1192.7695960876513,1197.7457920851614,1204.3853176271525,1215.2590318853238,1230.616138682308,1244.1154065543324,1257.678069835127,1263.2734920129565,1274.6044809071855,1288.5726047395679,1307.3146930666037,1319.360659358101,1332.9323546019375,1342.994088629574,1350.252263049229,1361.3836325507207,1372.6168301079629,1377.6043958159469,1380.56074260596,1390.942010997908,1407.0948705597534,1415.262910444548,1415.8412568468361,1415.1322904486701,1414.5358625058122,1426.1949886212985,1440.6308509585117,1453.6859223157812,1455.064467065044,1465.1858682221502,1476.9400410465187,1488.5575122250996,1491.591017983324,1500.9833773297034,1510.4878427948915,1521.583217663425,1535.082027365644,1545.59295378965,1556.561483268206,1562.7755878625762,1576.7184554452324,1589.4933099315535,1600.0524043831294,1601.354021720298,1602.912880703978,1608.660057197734,1618.126070837112,1632.8870253743448,1642.8366364915867,1650.3743756852555,1661.5796999258391,1664.3297834383566,1665.5575047360876,1669.9105133322496,1675.356240680901,1686.5336597909545,1700.2650054321387,1708.8017926438895,1715.5654113421472,1717.5197216485515,1721.7087901453665,1726.5361215386345,1727.619759334071,1737.9175874369246,1747.974320989066
395059,36,"San Jose, CA",msa,CA,3182.612119736314,3195.0768264649887,3224.0722943147566,3255.660762603826,3286.4805692772493,3324.436120132836,3343.231614196874,3355.338990439474,3362.951554009741,3382.4607114795294,3413.756689086479,3434.7085875585044,3439.3963711119804,3448.6272911763363,3465.457247236529,3460.336690574506,3472.536092106566,3462.709750777184,3467.348240198728,3442.2458880204663,3434.956061364997,3430.393854744101,3441.7017202292195,3445.787316520051,3463.3214386763107,3483.278269619267,3512.009495352011,3526.6422262976034,3531.201136226637,3538.031082081215,3543.9800939330926,3566.283412566996,3584.2410774557156,3595.8984167086915,3600.785620622487,3612.9324549354474,3632.2715268162065,3648.7255461265636,3644.876132602506,3646.7249432686167,3652.676742565746,3663.0108739414536,3675.154525475095,3686.6624280878586,3698.068806435564,3697.032602248943,3713.9091173320076,3717.9773859743336,3725.674743302536,3724.180673030511,3730.808506071186,3744.53517845013,3756.210782093492,3767.111869793629,3773.9759770364267,3778.6800581921916,3781.5692686420352,3795.628311665758,3795.2525318805015,3802.6094856707973,3801.249113238745,3807.2061469733803,3821.633771523399,3812.5719441797714,3795.4643357957743,3775.4963828529844,3766.5705104955277,3758.0669309251125,3751.7114287350514,3734.281412496793,3744.6670194238964,3744.480201402643,3749.8269030070574,3746.487930432345,3748.3011920602044,3763.2021563385233,3782.6017890366666,3807.983696512029,3832.522711171237,3850.802172277771,3874.0407308523536,3900.5322057721364,3919.0342119452557,3935.94912234251,3956.740857211795,3965.9508860959572,3986.8386991989905,4002.0729463665925,4028.798253152839,4044.0468312885205,4058.7138750692197,4076.4392214929835,4088.98303396156,4099.128221802718,4120.129600424372,4134.730246041835,4147.413503942448,4147.902970057555,4152.288411771059,4161.99618215819,4172.2406586159295,4186.295833058678,4190.160939310756,4206.035742950673,4222.754375626434,4248.1801793782015,4245.1082202440875,4258.588042839522,4265.585165484239,4296.095008109983,4326.412342319674,4339.1807289648505,4355.801669552739,4362.03736709036,4386.020593800315,4396.253900096408,4410.8263101966395,4423.277000013013,4429.250733096398,4441.053292190458,4460.663346086888,4482.257815453509,4494.748238023503,4502.878706125454,4515.6182238538395,4525.289387056336,4537.965536665072,4555.725504536824,4571.69328384948,4586.279350935814,4619.3290043186,4641.980688435041,4663.355050673864,4675.433421147963,4695.1938887384595,4727.973907221604,4756.632776158431,4794.400696973041
394902,37,"Nashville, TN",msa,TN,1358.6408112183183,1360.795723689286,1373.5417957905736,1377.0019271054052,1388.3314940617927,1395.3524203753227,1402.197768036783,1406.7077770846965,1407.4637354819774,1412.7000673883745,1416.6658831574423,1430.0877688540704,1440.0320229716815,1450.2024990784423,1450.323167649957,1451.3627672124921,1456.4461480861091,1467.7176825211131,1474.4055669349143,1482.5697508596045,1485.5813337771335,1492.9183835782908,1494.3136663388218,1499.1662710361372,1501.466505958845,1509.4452877109698,1516.808788313657,1527.5263957295376,1533.0901366380554,1534.891222503144,1538.1377176261574,1541.0720325798627,1549.1584001462181,1551.0273017577226,1554.2849995819229,1554.088319330914,1559.1511528297108,1566.5103035666555,1574.5422886906122,1580.8717226702352,1582.9760066772283,1583.8883975044412,1584.8303916010957,1589.0878503922004,1593.6064203975461,1602.3672009326547,1608.3960812422167,1614.0963852134278,1618.5165491024927,1620.6358263145573,1622.585935084787,1624.2824860783046,1630.8424619820357,1639.0699596778484,1647.6666375791106,1653.646558297911,1658.0695648120468,1661.1872133236686,1667.0559992121089,1673.9862603305837,1680.1696626617695,1685.9576960174347,1690.6981158603603,1693.780977567595,1696.4969285250434,1699.904439848581,1710.4010145097498,1721.9315196628745,1730.0111613084787,1743.7135147345175,1746.6469317114384,1758.0565734442494,1766.5381414859662,1784.0550416852536,1798.587613609992,1817.4311059998768,1836.2100829141336,1861.2451284655497,1882.7768070231461,1907.5824115659018,1931.4579818795391,1954.3142139200895,1977.6720276464705,1997.4194952095897,2017.2310413278403,2037.2989673604898,2056.142616936025,2073.175401213331,2090.8200876463634,2106.63344791552,2121.6801695724744,2132.1992781364365,2142.0240188678913,2150.7886234868724,2164.846962011501,2171.906205189733,2179.283885409965,2178.062868256532,2183.846208272843,2189.071387139974,2201.1612938676226,2206.889986085416,2213.1863225022544,2210.471883172265,2217.8980876881465,2216.706067089694,2223.626297297727,2229.427770574659,2241.036804450896,2252.019439833426,2260.727798429908,2269.8217981531297,2264.8659197589946,2263.220177078696,2264.3538635239424,2271.828281029324,2275.082761445279,2285.474482108295,2295.903315143066,2302.7697252042235,2300.1613165232015,2300.0376520542277,2305.1057033877228,2309.727946200438,2314.3757027450115,2321.971370282733,2328.350792729331,2334.6428240318282,2338.967778718644,2341.9294757899033,2339.445473973292,2341.613794219052,2347.9366423069414,2354.346817270668,2356.3552203125537,2358.512527948338,2365.770023337791,2370.293934449666
395194,38,"Virginia Beach, VA",msa,VA,1310.3088580460462,1308.8183882179799,1310.0397386903073,1312.0966393582478,1315.575601952829,1317.593204887562,1317.0180169283324,1318.0614441263258,1321.1590096949524,1324.84894662348,1326.834496664315,1326.1621117530976,1326.4326051857636,1327.7300051269158,1330.6768202880787,1331.466475641076,1332.0572432895742,1332.6004761870104,1336.725233401103,1339.865067089712,1342.0738953020664,1341.261157910102,1339.648659295609,1343.4183439205997,1347.548719604868,1355.3143942201482,1357.6412687034424,1359.8051156447425,1363.8728882205965,1366.4323220392191,1369.0193636721845,1369.6186334322456,1372.7901777402428,1375.7350476457666,1380.1968424639592,1382.7846062429167,1387.5587246384848,1389.5032833026696,1391.7876479767642,1394.542650224414,1396.0256990189996,1399.2698755232154,1403.1764712879421,1407.4241680824384,1409.9381541614812,1414.9334241683382,1422.229046445068,1426.4564294678605,1429.6303540636952,1428.8417965761773,1433.4877508087998,1438.4377782361967,1443.618556810407,1448.4319908192424,1452.222021560753,1457.0357505526806,1462.2135149355172,1466.3770700828966,1468.4326111174885,1472.9877832517088,1477.4385599886932,1485.7762891363498,1487.8779929890568,1493.8774953037264,1495.1036041593513,1500.5374876694177,1513.6218773095766,1528.355344503399,1541.8604862279037,1552.3693014496419,1565.9702390759253,1573.2889578935137,1589.4640769221496,1597.9553836017785,1614.2951409177967,1626.9582029130424,1642.655621258371,1660.1848231531535,1679.926686937845,1700.5135093868762,1723.3550536212933,1739.192828827117,1750.558961236923,1769.6400899748091,1789.6489905282658,1806.486429782844,1816.7463481118614,1831.406177287774,1855.5904266749044,1869.3930899348468,1877.2859566010823,1881.5957029800072,1888.9557798606866,1905.866203163361,1922.9545950163035,1935.095976533361,1940.3804264242638,1951.3642469280653,1966.2184772546989,1982.1090495243152,1987.6218337948937,1993.3350030902598,2000.0148527473036,2006.7569033957525,2021.8153405998814,2031.4587586249868,2040.6015978151274,2050.1351482230107,2057.524435719401,2071.0379183837435,2077.493765471582,2082.3750761869524,2088.0525378549037,2100.6419249388023,2114.6066253499002,2127.1572219045274,2139.7440185487,2140.151632176806,2152.337723446171,2149.224654674979,2170.872142496891,2171.873652543786,2181.6248862855173,2179.0522743128117,2193.971518163863,2206.7839271752046,2213.6210942316798,2222.094415828753,2225.3046698095595,2238.647837065289,2242.9953774335636,2259.717958092962,2259.5105359762374,2270.99608742465,2278.493513176948,2295.8686189804876,2300.955947639737,2304.311402335853
395005,39,"Providence, RI",msa,RI,1472.722944944367,1467.798072539842,1476.0121067058574,1482.7423607696423,1491.7707376235128,1512.6212929772594,1505.2588882264042,1514.200604856769,1505.3545091705457,1526.9173110641882,1518.1796740589766,1536.324479223529,1534.9591395876068,1544.1960400800826,1544.7578599093467,1570.2557503289047,1583.8477360656482,1568.5284051543347,1563.4072169638068,1566.3056846283132,1606.2411573711079,1609.2684382618154,1620.1328986662213,1623.5857642623196,1636.6956368111748,1642.3930241834923,1633.996927804621,1634.6529724848403,1634.2185191402382,1640.8979129261015,1658.007943630081,1664.8112525256317,1644.8600707788182,1643.60033811224,1661.6357222335262,1694.5619714906456,1708.4766540840178,1722.0750448110466,1732.0218324242273,1722.2367628785612,1721.7178503941327,1742.499293011085,1756.6077782307202,1766.0211146811544,1775.0745800493953,1779.865114237873,1783.0216633702819,1774.2535437792221,1780.7952593839505,1781.352938220106,1795.4623629630617,1814.6395419177538,1829.7807763272046,1829.9186325067565,1828.4890303894404,1833.5959169542907,1844.8391021383377,1857.250177955693,1860.0989507246384,1865.4571020466824,1867.2376972319726,1875.135709390031,1899.6112184833742,1914.324891946356,1922.1356751033052,1921.5915906544267,1926.0390151535285,1936.7299610962393,1980.6827873117134,2008.4221423058857,2036.5645902392089,2046.7962017403122,2060.852875884849,2074.8564715682223,2097.201610177387,2117.7990974195245,2147.9775669234327,2180.0238478386455,2206.6115581982995,2225.5418504214836,2220.465632174661,2233.926957310398,2235.227057566077,2247.5073917290333,2268.3052414784024,2297.7399661742197,2329.2475098368973,2348.192793440109,2383.508027460773,2408.913506326796,2436.190148448106,2449.9068100088025,2471.356251412464,2474.810242908021,2490.13566611153,2515.7743677271087,2539.715978009771,2564.308989018717,2562.2173089381413,2592.543235210442,2587.3724320368633,2596.1391888856497,2600.007118771358,2616.860998115515,2641.631092728753,2660.2710658495384,2673.1810712782894,2686.4143979931605,2685.9212198433515,2695.8137099928827,2708.5648716141077,2729.6196280347453,2742.786452450524,2759.9890948463517,2774.0101261398477,2809.9152128319297,2822.912641021244,2828.2060598868366,2841.197400536634,2858.150885058007,2899.025817731909,2879.1076915058434,2868.998767785511,2855.75951017555,2895.633753900832,2939.005049667975,2955.1522894399486,2950.125935500686,2957.7556855343855,2977.112983805545,2990.2999854081067,2996.579231528913,2990.5198859003162,3025.1019502346808,3055.789652015372,3076.915255844913,3065.7926906039806,3046.350000547723
394714,40,"Jacksonville, FL",msa,FL,1182.4684017184502,1183.2231080800777,1183.711004132778,1185.6299501540013,1189.3092636780577,1193.6942756152348,1198.5569323022946,1204.5538547431327,1208.570466369862,1212.0142391457073,1213.0978643185122,1216.8411597756233,1219.4349556447291,1223.612831238061,1225.872587562536,1229.7434220441753,1232.7740185107068,1235.616335411439,1234.7919144074656,1236.3299932774812,1239.0885425486088,1245.8361225657181,1247.0976110063593,1245.8509011152908,1247.5364205574626,1254.6912401882068,1265.601386798115,1272.0423904074369,1277.3608345114837,1282.0290763823182,1287.9781282187203,1290.9374380879249,1292.393407791331,1294.145900578409,1301.1332882509523,1310.6394967864237,1319.0685103023886,1322.201306820089,1325.273294862673,1330.2935806467808,1337.5027798579256,1343.4404280972888,1350.296794684892,1356.1840354486521,1360.8273519180975,1366.2663734405135,1373.4521074895738,1376.711609489894,1380.4447746325577,1384.3376495396587,1387.7860309069583,1391.8830778848849,1395.21303459404,1400.1107289707102,1404.5709634947557,1410.8964327333833,1418.8535944260757,1425.3088427141438,1429.1379357030407,1435.4065717323074,1441.492405058913,1449.1612486922033,1452.1042803919158,1457.2092998818046,1457.777688442721,1461.8267774144215,1469.241507909899,1482.7287208439875,1496.3932992759524,1509.2428326582183,1520.4174008745902,1533.9082241910808,1550.6092041091156,1564.8342915028074,1582.6675951252175,1601.114863942757,1629.2287314502682,1658.5051393775527,1688.2641333696392,1712.0398029038165,1737.6826186124592,1761.852429653467,1787.3669840356397,1803.3202301756073,1819.883648136585,1838.8669477471099,1855.6132781998137,1877.093519901368,1886.5602059657244,1901.326619721559,1906.9352173822208,1917.7115302079008,1923.2349529594887,1933.4495066565032,1938.5665072956176,1946.0433593284033,1946.3477255459495,1947.3131721237366,1951.8438059524171,1953.7903893761027,1962.370326639095,1962.9432279988846,1969.5289540464958,1969.980917380167,1971.893924228619,1968.0606691495404,1971.6340310293444,1974.313218842114,1988.0283821343799,1996.4482144069655,2008.734477231566,2012.814154013291,2015.1826624135242,2017.7992311647415,2019.950624616854,2023.2437627325291,2020.989485523679,2027.6923818166322,2030.9672012370715,2043.3087664983234,2043.9771538225698,2047.1554687461494,2046.1384322585702,2047.9075746537294,2050.375969110512,2050.899036176454,2055.1266918415613,2060.275405734944,2069.643477863353,2073.780737761573,2077.6936398208054,2074.7580080847683,2076.7883435693166,2079.353937003222,2082.7622637046006,2088.52072865875,2093.730697317187,2101.8242219307945
394862,41,"Milwaukee, WI",msa,WI,1088.2626638813156,1086.0030738577798,1084.2082174744603,1081.1972632572308,1092.6276338377495,1105.4697670687021,1113.7128795612532,1115.3996578842866,1110.3929560908573,1115.9533872024924,1113.5416498848592,1114.1192212433791,1116.005967847462,1132.661296017137,1138.1987549627638,1138.5800266232643,1129.7462198161336,1128.2969014137775,1125.405211268822,1130.1914590368935,1130.6915742760307,1133.9557580183443,1134.3660234313406,1139.1875409662457,1140.0377956442553,1138.8129689944412,1140.6679538034034,1151.4171677869529,1154.9671134049236,1160.6586453651644,1163.495882029681,1165.5433643068984,1171.568514421173,1170.6276125359427,1178.026676438353,1181.0115527143332,1189.9794379564134,1189.1207799361612,1193.0510580877344,1190.8371473535908,1196.333652078616,1197.993109568534,1200.2216893847342,1201.2047754018377,1197.8953295239642,1205.0540489163072,1212.9198038125205,1221.2079221838087,1226.2746651432706,1227.2440068152819,1230.6976846208113,1235.4739948048746,1239.3555586034313,1243.388047738282,1248.7276477090668,1253.8339900842693,1261.3504700167393,1262.9977152329939,1260.5569698838679,1258.903247424364,1257.4882094681307,1263.9087595164494,1275.7964915007426,1282.1386628707805,1287.4741006983074,1289.4199058484173,1302.7352602867252,1307.782605292545,1317.4870582380454,1319.1196625950956,1327.0356939336725,1330.4381516126016,1336.0296153018217,1345.761156167025,1358.630628664455,1371.5130377845342,1376.5286381630613,1391.3272176383996,1394.9076186593034,1408.3593202779084,1413.718857233412,1436.0416262402086,1447.695522780365,1454.0438322740824,1463.9128641366224,1471.0456936234523,1486.0563568089033,1487.222015143135,1498.4840509979438,1503.6408347675763,1506.2214675851008,1513.7382032935182,1521.5019553318184,1533.4766572839137,1537.4749608699333,1547.840251385003,1555.770420290741,1569.4371361834403,1577.899658278149,1591.2952209465054,1603.494646126353,1609.7632670256808,1634.8202525027243,1644.0890192884688,1663.6430098259225,1654.2263979671911,1665.3411338648066,1674.959032556979,1688.2409262736312,1689.363319839504,1692.494698759604,1708.10697195082,1720.091768493355,1738.2929081506788,1731.6383274018947,1744.4733622828746,1741.0505909399042,1764.5422777830759,1763.570566737308,1773.4879349519983,1773.0308530481395,1789.601825480017,1791.2468683376967,1796.4543041098957,1800.6617885593832,1811.0597064305982,1824.268818838586,1828.8730892291499,1840.9088094452923,1844.8093747332498,1859.3294880782485,1864.4695364424747,1876.0276095857282,1878.9215101313298,1893.2955169976856,1897.528490742709,1904.161894400507,1904.0596336996339
394935,42,"Oklahoma City, OK",msa,OK,1014.2287150097186,1009.2367089105327,1011.5968378519132,1011.0482660250515,1014.8540059103824,1015.6668706986419,1020.5445757425498,1024.9523810093744,1027.8415402121109,1029.9348130021833,1033.2753513122536,1036.6928700021435,1038.3947372860598,1038.0428128382725,1034.6514752851713,1033.357884659314,1031.3403466559946,1033.3851737173595,1030.1464703580396,1029.5203591153736,1028.6221713888535,1028.916707795332,1024.8333525927508,1026.2461224932379,1027.4980079754862,1033.3416324438715,1034.6523093725352,1038.6865195460177,1041.9979905646587,1043.2823823520014,1045.8550784848203,1046.2915679035386,1049.6836617384997,1049.7705033767365,1051.7038282509786,1051.915583021963,1055.0272117066154,1057.6867239187427,1061.4119372387809,1063.6823944829166,1065.323704330055,1065.9476380458009,1068.8912345322894,1071.592703365178,1075.0015467977594,1077.9238832894844,1080.4569750147487,1084.8837196873192,1086.3738394089983,1089.973195597617,1092.6041180658572,1094.7885166769358,1097.9057232171422,1102.1429813878844,1104.967248003742,1108.5813144118372,1110.30498848075,1113.8418768300662,1117.6699328447248,1119.7889283457616,1122.837689157387,1123.599043219459,1129.3529476575243,1128.9415876402759,1134.8655443688237,1139.511012730504,1147.3229166030067,1151.7991758839962,1158.8592699812264,1167.0924042405782,1174.1428677593522,1184.5081126163118,1191.6513593148145,1201.2097334053499,1205.7520333856744,1218.7605051756866,1229.6387669879591,1242.775364504487,1253.4990807616173,1267.1767411504866,1280.6767542849518,1292.148575673015,1301.1655416967876,1309.2248000642644,1317.3033864162464,1328.2906403250458,1339.0300450151642,1349.979828816947,1356.155200937231,1362.8426890213054,1368.3670981720823,1372.6216479918528,1376.1863112353255,1378.4937334521612,1386.9925140492137,1392.186579958163,1398.6542684241815,1399.4265737424587,1405.497155845224,1408.48873105265,1414.7849984340492,1418.5905414639137,1424.0930156572665,1430.1566860937974,1434.6328475491177,1439.1195982418967,1439.3125992198925,1442.925547327823,1448.1097606169542,1455.8108743811074,1461.6257126900393,1464.644235411168,1469.0649125242692,1473.0129572282233,1478.2490790462398,1481.519036339605,1485.2478208309342,1489.8905658915962,1493.2844923718444,1498.5179078313865,1504.785753203596,1510.1819959446887,1512.0080171373427,1515.5970635723697,1518.369133234749,1525.3097203278503,1528.7625108598793,1533.4364892024153,1538.5172289128527,1543.0011276970681,1549.1552105591309,1552.7580096174247,1554.3404566961556,1556.3536523374355,1560.8177332944774,1565.8855577299194,1570.1835908442015,1571.864284287284
395012,43,"Raleigh, NC",msa,NC,1297.229533646389,1296.6250388068368,1301.4817749118436,1302.297546869776,1311.4662183371497,1314.904737338885,1319.5065703579976,1322.75020088494,1326.8086745518913,1332.602681777665,1337.2351579648132,1344.7185410547727,1346.7880520350232,1347.6084607304704,1347.5292615390028,1352.6311246069254,1357.636045265594,1362.4910064326764,1363.937045803007,1366.864550164837,1367.3708139165064,1371.9466426461674,1373.2985368994348,1375.9262451933225,1379.0812312561227,1388.3780113211267,1396.8314752696435,1404.0703943756973,1406.4187110014225,1410.3784617868248,1415.0802232332849,1420.5822393676635,1428.9567674063096,1432.1486905367813,1434.289758128451,1434.5951295927057,1439.4332023952704,1447.044932187037,1453.4155739419741,1458.3865949065928,1460.2922001591892,1462.4013582337027,1464.1403182075603,1469.606534591211,1474.8818784825467,1478.083729598852,1483.778379778823,1490.4409250105382,1496.26669103634,1498.587627022831,1500.6502687318732,1503.5658416230838,1511.2232908549254,1518.262003975981,1526.039727419115,1530.364648607429,1533.9843153021918,1541.0081668817097,1547.4316918063878,1553.8198267016237,1558.8314030240886,1564.110195842361,1565.8718371364864,1565.6128374104262,1564.9809826067385,1569.9878871624408,1578.007757795661,1588.827087556882,1600.0855776113176,1612.477521499397,1625.1693832852907,1639.0416048172492,1650.2838962508188,1661.070753416552,1671.7958433501028,1690.9298220893882,1711.8496312873006,1738.2001647118693,1757.899582023914,1779.1102005310765,1794.3006813597003,1812.9063249262363,1831.6374680424728,1847.1816764915914,1866.2962429879456,1881.8373503752118,1902.0873959064456,1914.721710169301,1927.3050485682256,1937.4562105918758,1949.0505420675763,1962.4398833727998,1975.344540360778,1984.6749413906887,1987.996452123123,1994.2875261389859,1998.1733471971093,2006.6925997074786,2009.460811878534,2017.089645944436,2022.6989993986197,2028.5759270977494,2033.9831362234954,2035.88070397539,2041.7925332166817,2043.2651070723157,2046.259145498731,2052.2579482686424,2059.9824709139534,2070.374952976422,2076.843541941666,2083.0397026544056,2089.393158893166,2091.6853967997763,2094.4898174685936,2096.152703871718,2097.6309991259614,2102.8269356306637,2107.0119798823857,2112.801070529169,2118.026020629129,2120.1146044850734,2124.0135836724894,2125.9895732534756,2129.298709388812,2130.45263050813,2134.830560963898,2140.839108454061,2144.7555290280507,2148.069585563683,2152.09756429161,2152.458530172118,2152.3712885343807,2152.184624654937,2153.2231811544902,2154.8133398086143,2155.3679302723294,2159.1159122973427
394849,44,"Memphis, TN",msa,TN,1004.6662755525082,1005.4871486523881,1009.0971947939066,1006.9347941699157,1004.9734662512267,1004.184329338142,1004.8138742385581,1008.9368101954285,1011.3239009823565,1012.0073511083688,1011.6012142680839,1013.5638533331369,1016.2162306653912,1017.6981658267111,1018.2897176379975,1018.538809084468,1018.853406459186,1021.1729882487458,1021.9123963520477,1022.0610185219656,1021.8243459383284,1023.0032323542858,1024.1948203487818,1025.4190522432318,1026.8378858494018,1029.1789506085215,1030.7938886920342,1032.1893163243647,1035.108964983325,1034.3561961996506,1035.1946692972322,1036.1424183230783,1039.9451608797588,1043.949304207383,1046.5588638577951,1049.1180562737854,1049.9082145312148,1052.0986189061136,1054.4496154732908,1058.1612906696637,1062.03601462452,1066.3684226259968,1068.3531631434294,1072.152495710036,1074.0701650117403,1078.7145287840694,1080.0617954721863,1083.236596792352,1085.6886817790974,1090.681089960639,1094.427986662748,1097.6628907051474,1100.2021971141517,1103.9385214472697,1109.1842181592162,1113.2031989377854,1117.6137544816725,1119.8053870220442,1125.5019906880848,1129.9491992098501,1136.0530150053903,1139.5392044556863,1149.735775066182,1155.8299746643206,1161.5531780441463,1167.7793884774808,1180.756001936629,1197.22866273454,1210.6646822466157,1221.8825797120433,1233.1755804584213,1244.9021008629495,1253.9753665996082,1262.572278427309,1269.6721523894694,1283.952204403044,1300.6915052303732,1321.6482076740233,1335.7961289683205,1350.7284765522993,1364.19742582334,1383.6638016592926,1395.6419846442047,1410.8819626519257,1417.2276120813538,1428.107779353211,1437.6749653364293,1447.057393979816,1456.3670188232106,1462.3297393677258,1470.5475135495133,1471.2911485545674,1477.3639063622459,1480.546841824206,1489.970965488829,1490.464389349156,1496.8980807957382,1502.5374514812427,1509.0893510857697,1514.8037942016288,1516.86780856107,1520.6741692075814,1522.6049663763406,1527.2236356447593,1527.2474854058007,1524.2589362361487,1523.446620346022,1528.3128332137794,1543.0324361245175,1552.64644279958,1561.2066646305486,1561.5249133073876,1565.5427376864534,1569.973828186914,1575.9538195940972,1578.3034888624268,1582.9246026383892,1590.8726178827694,1598.5404170797563,1607.0440052283225,1605.9434092998872,1611.499670311024,1614.5278329457676,1622.0575158062022,1620.0890669871721,1620.1276929205092,1623.1904161940645,1628.928059700709,1633.7880807528538,1637.690346538305,1639.4036666125319,1639.2395036095695,1640.4350377533851,1639.086685370569,1639.98139614169,1641.624582190504,1649.3232982424852,1654.921507417459
395022,45,"Richmond, VA",msa,VA,1272.7825725261946,1280.4027830712553,1283.568299128045,1284.4046696346934,1279.5685199787856,1284.6264762635444,1288.333828229909,1294.4187217276706,1298.0145316013015,1303.7742470284375,1306.8744496968031,1309.7215407240878,1311.9204893672431,1314.9559232292293,1317.2616319564436,1320.7117342041242,1321.9714205055186,1325.4436290421434,1327.493430415573,1331.530059904404,1334.1964190841716,1342.0653489273814,1342.2293352505774,1348.343012355359,1350.6008570769811,1354.4031315235552,1362.4574356722355,1367.1121611819901,1379.927501318822,1381.5998101188522,1390.733222655252,1396.5770951267484,1401.6006124097535,1404.9651791569534,1410.2531799315184,1420.0154661064646,1420.83393024004,1429.8886340808563,1428.9396202551718,1436.3072903686493,1437.0197416639326,1448.57588003074,1451.815080903831,1453.2894629078796,1458.0443617658273,1462.244191572316,1470.7283583485207,1471.476467916291,1480.2180324645617,1486.4661537632967,1495.2365189793563,1499.0183661252936,1504.4780929524652,1506.2480760413573,1511.0737177978456,1518.3855379805425,1523.8459357633758,1529.2998116065935,1532.0644933801389,1537.1960260576107,1541.2729285887256,1542.6516689060857,1553.4732031800272,1559.6599784795571,1571.5956812777417,1574.0355247603889,1583.331005710399,1595.2864778498413,1612.620363505609,1621.3503358618711,1628.4083424125006,1635.9392821874783,1651.8113065280354,1665.1014376810822,1680.8459069583953,1689.7214044722525,1704.0966926906992,1725.7081837333012,1746.615552716667,1762.7268509026908,1770.4584997951072,1788.2394698548285,1812.6554406189673,1841.908213299397,1854.1768306216159,1873.0485866533247,1881.0783543183807,1907.5487786435078,1920.7360164749923,1938.525349738389,1952.4069398375786,1968.827102706739,1984.0022609665727,1999.4883244518742,2009.3289172504647,2020.8596843035348,2026.122741240154,2034.325914717892,2046.856434681809,2060.0299829096,2077.127630993778,2084.9630938924097,2095.0091138389894,2100.9904957651015,2120.583291673876,2131.8300623713,2143.9835101272065,2141.0816235717753,2164.5585614401025,2180.0974585455488,2201.402026509832,2200.606870967896,2205.647857700441,2216.31928542154,2227.0444575922265,2243.274845627393,2240.553988970742,2248.7837154650742,2251.769008788522,2266.8336689254866,2274.1930482336525,2286.4296406963203,2295.8428990189277,2304.1186102669117,2313.5005934720975,2316.317796107185,2324.2020388840856,2328.998059546045,2341.747761152137,2349.4366123400114,2361.3958007234623,2370.688407646766,2374.1743783237034,2376.8200833189267,2377.9126386321896,2390.0482418183774,2397.7714585536182,2409.465321008615
394807,46,"Louisville, KY",msa,KY,969.0513572040883,980.0035701426121,987.3994439294214,989.1179688481409,985.003781587388,987.1955731918009,984.2156072303013,987.2847810514569,988.1505345649618,994.6042636386306,997.8432514747627,1005.5713370357774,1007.1987389207621,1008.7024636157586,1008.1828776075334,1013.5017745486467,1017.5527089824458,1025.6094489538339,1032.1002254969158,1040.0931319540039,1040.7339058828775,1041.076821956183,1046.3356907999257,1053.0856135412957,1060.5321266383944,1063.2775780484592,1068.1714945705392,1070.7492838457185,1074.5310983949,1074.657911542852,1077.645674448569,1079.3510523048599,1084.7413689860311,1086.67340834155,1089.3668365606584,1092.1557667600403,1098.2612665857816,1101.1046511124766,1105.800939484457,1106.0640556862406,1111.6050507924797,1110.8635044162233,1114.1713547147249,1112.9322144838536,1117.5878026742248,1122.1613471380979,1129.7617403259783,1137.7174447199059,1138.5073333877335,1141.581541839072,1144.689907851305,1151.0613894102707,1152.8970812518173,1160.1160467929217,1163.0096267583997,1169.2921686576703,1170.4079895197374,1172.9369925698306,1171.450443235721,1168.9580097460562,1170.1097429001802,1171.7964312054567,1184.7820233733662,1191.6187427222037,1195.587676265368,1202.4368652333837,1211.736871124271,1221.0156356006496,1230.9208946160024,1238.8100737239226,1248.962322741665,1256.336294318168,1258.3045316681466,1263.3964856171222,1269.6565319710198,1275.903098115364,1288.0521979260911,1297.335850701237,1309.190735599858,1317.7669677116319,1328.509414649192,1340.509159821212,1350.1824025059886,1362.1026768506229,1371.8926079801593,1384.0913948971122,1397.2252854216433,1410.0299236932224,1418.870378963837,1425.7659816203918,1434.111580941462,1446.974396946031,1459.4959935474108,1467.6181577332652,1476.4816629902857,1484.1162870678281,1498.7845845069871,1502.3829790835332,1506.7323741973642,1507.5476534721238,1515.6818542705703,1522.6844184557258,1529.7394835263692,1532.2987119361135,1539.3764032755332,1545.5433720274978,1562.2409581729119,1571.0712259636784,1580.5992284105296,1590.8113299870242,1599.9566943178672,1612.453495046713,1615.1597524802182,1624.3519023271485,1630.3122685649716,1634.5904591739402,1637.904220569003,1650.2563410640405,1658.4053174396079,1664.032969341596,1660.7360900559677,1662.542415501819,1669.3694836622087,1677.7802035167426,1685.6884797464877,1689.389571801328,1695.357187857725,1703.46088481931,1709.472926740444,1709.2964488844568,1706.4989727183595,1709.4417987676093,1716.9460466999976,1722.021600125079,1723.0022273261354,1721.2472052138387,1722.6898866575132,1723.7218238609748
394910,47,"New Orleans, LA",msa,LA,1269.036484528117,1279.562460894754,1284.7059657743919,1310.1865710397246,1296.8740223567283,1299.9330812947992,1290.4207650365836,1303.4823286164396,1313.3320125981372,1317.538973337097,1316.6380606289267,1303.0014539376182,1319.281267749909,1320.8050624251673,1340.013605057702,1327.8865462121387,1336.490431081508,1334.3798118958512,1335.9490420761567,1324.1657362315907,1327.3101651363309,1336.2609479994228,1345.1010083895646,1349.1788319980053,1342.8519185347543,1341.7053425037245,1336.1415395409047,1343.582964457388,1351.874999757276,1354.1176474643357,1358.2460509889609,1358.7411887309945,1362.0070820220367,1359.5109806574876,1358.138927038789,1363.4465857641833,1367.06121272265,1371.019992412851,1373.8174026852273,1379.7906514206718,1379.1561549180512,1378.1669106257752,1376.6786048134927,1383.7320122150875,1386.6742915422278,1391.292898074526,1386.9075250164465,1387.1803232466507,1390.9223628716693,1402.30693697917,1405.4961683443364,1405.7267146671163,1407.71935711317,1414.572010133518,1420.5654620130392,1423.7802998896996,1425.891714194746,1428.5212976510948,1437.7385770562908,1441.474746780904,1444.5800164691618,1441.1223510423501,1447.1830625342386,1452.9687874564438,1456.1111156880213,1460.8023420527036,1466.130540635804,1472.7318445136125,1477.6774631502144,1482.127613371987,1487.3586781981303,1494.7082294669456,1501.4403435823888,1509.727736531082,1517.447522880708,1527.820156625127,1543.0464364696516,1552.6309151545838,1564.3416197950612,1579.2254715259683,,1638.0442628609587,1658.4070281411034,1658.3371420665069,1677.1122777497433,1689.707901554135,1705.0418763582636,1718.4905678206756,1724.4810851012794,1739.8025276186313,1749.50182516676,1758.6606000972608,1752.4739723541873,1754.605702006342,1755.4528214680126,1765.502416209519,1765.009719309587,1770.608190308755,1773.5022114499648,1778.3703209051746,1788.250075933082,1792.4513489567455,1799.8159353330723,1806.411992903046,1805.073971038405,1809.5725572685076,1813.5931067234794,1823.768857784222,1828.1683703858505,1825.6815180648848,1830.0969617998287,1834.3638242374204,1840.8367698752727,1845.3450447404612,1845.3584636590383,1850.5252248470638,1857.326978398751,1865.6243417414528,1878.760383113866,1882.7725044936112,1890.362301872623,1898.72995154622,1905.2269942652483,1902.7655730675538,1895.245112870218,1896.6144795910266,1900.7825236731032,1901.3485478268285,1906.9560768797103,1907.2832002587777,1904.3269891484524,1903.9465145770082,1905.2123157339818,1908.1385170150427,1909.6261566688775,1917.6176406230525,1927.6704590839981,1932.9314138801062
395053,48,"Salt Lake City, UT",msa,UT,1371.5087936051607,1376.672179379159,1394.3582135134673,1416.199414687423,1421.2597490427586,1418.7584081403115,1420.2113969418306,1411.3198892864139,1421.6802588235598,1426.2766579281017,1455.5072593287562,1465.5064663304252,1480.9927490606938,1469.9634365669738,1469.6796462425816,1471.1334514155637,1472.9327760724705,1478.9125761324951,1477.2058146948955,1499.7308662141784,1502.040548948265,1510.9901852547337,1509.3704195867106,1510.039942746129,1515.360341618958,1528.7049512557508,1543.4478299975624,1550.2382874386406,1562.4350877579145,1571.6968922401181,1577.5521067857728,1581.1583235978737,1590.7022634931525,1601.607872370782,1592.1791562871172,1596.107309780345,1600.2900331822377,1619.2977276693537,1625.756110761594,1628.8093183699289,1630.0120024049897,1634.7765466892108,1642.3365478927135,1648.6074380843884,1656.6211176955144,1664.523070055471,1682.1627990643592,1696.9027149771334,1701.1897741934554,1693.6299857509034,1696.7446419358364,1705.9255738970712,1714.139778897573,1720.2953587863353,1727.3571228692208,1731.2765473406816,1734.4616754280962,1735.3737111854368,1740.2269439583126,1740.3167703355539,1746.9941398788703,1754.081573761626,1758.5552525251342,1759.1323807697968,1767.1074589282557,1779.7396341213384,1791.6809318392534,1798.3093290702004,1816.295620838551,1832.7108158504352,1848.3532715466913,1870.6773281792132,1896.2710579467503,1932.3484586352945,1945.721192832572,1960.790161216212,1976.5835692313317,1997.935863492808,2028.0134795312722,2051.857108585372,2078.726710220734,2102.608280231408,2135.0211417881915,2156.171284563083,2172.7793858572145,2179.8733020134896,2202.997565958863,2225.2352512688335,2248.4664241124233,2261.375406323975,2265.4026164636157,2281.8458492992945,2291.062880868496,2303.1242287041455,2305.118038421902,2314.956947495457,2310.555591709657,2312.1300049808715,2316.401402415009,2335.429697006796,2342.190481962072,2354.254904156446,2356.9581158498327,2364.6010972202034,2356.5857706964875,2364.408180658312,2364.5716591215783,2376.0740098241163,2392.386949274117,2408.491041140689,2414.8974271109205,2411.920334637119,2411.63870555542,2412.0501033686983,2423.0950429546942,2427.5650808667915,2450.2357609647415,2450.176028382993,2457.07767516094,2443.6835010061104,2457.4190481619603,2470.078174602035,2481.9968808132885,2476.814741611051,2476.8587352505792,2480.9147846506867,2484.48771731286,2488.1558324970383,2486.903243023238,2494.7980252519114,2502.955792289382,2519.8874130528334,2516.8251967365313,2514.072131149815,2515.7744314247752,2532.3968929387893,2546.649800513719,2557.18690844939
394669,49,"Hartford, CT",msa,CT,1467.579016610641,1464.38234753378,1478.7700658180754,1490.6284556197584,1489.8949233978688,1482.3461722779864,1485.727330589397,1494.6047404041285,1508.0372128696204,1514.1140472987213,1505.6005707756872,1506.157861064166,1502.214807247987,1514.6181049082913,1513.0625199670428,1506.9215150367781,1509.0168248368532,1504.1617154320588,1507.846895568687,1509.1662558503301,1519.7501633152724,1518.3340610070522,1524.6062375369459,1524.611144712059,1538.4052583540617,1535.0072760154649,1541.2526266541413,1555.167357969161,1563.656754977118,1558.3358981590595,1555.5514198788123,1557.2223852933994,1548.2574961660287,1549.6526356711195,1555.4179675481912,1568.0901451199823,1569.5186711506424,1574.3333464775526,1580.1326965889778,1580.4813629733633,1579.8235362303778,1585.0558986565502,1588.7890507349116,1600.2948149860356,1609.3598242245776,1616.15479023734,1615.3102622151691,1608.201621390009,1604.3496365222238,1613.094314832464,1613.525826668812,1615.7695575438381,1620.5279121063072,1629.2765444843558,1636.2117329654368,1635.4546400316024,1640.1378074782394,1644.4904662113786,1651.8815112521172,1662.1874965565792,1673.3497785756604,1676.793381760784,1678.1642975920909,1676.7782319497499,1689.760927787383,1708.47889085024,1712.7564995005107,1728.8984882659897,1736.3500612615642,1756.5225938105123,1762.5763782655322,1776.6536950493219,1767.3256684338146,1783.1564973450938,1793.4174068170041,1824.283628973196,1829.9126627118499,1847.7432016075452,1871.5427351472326,1893.902346290876,1911.9653611697865,1926.5714169349199,1978.8429890387742,2004.728616036268,2036.448255307678,2025.6185733545726,2048.1286445616324,2044.9903859217159,2073.395847205352,2072.222664075474,2097.9681892296603,2107.297818809565,2140.527305856342,2151.616005507499,2142.909620170272,2134.580135405925,2142.2251851672363,2179.056376627219,2200.27414051597,2229.1027770172955,2243.071127496504,2265.178536927011,2269.4844404749942,2282.8836547288256,2281.894830628396,2299.3720403124153,2293.9561068871662,2316.741687604988,2336.3778815943497,2351.222052636236,2360.193214983878,2370.242722751173,2384.357190220578,2399.230771516767,2396.222941086658,2424.0457348904433,2440.846668140902,2464.2172158573303,2480.9951802447104,2482.430787988558,2476.8658467053174,2479.4257978784963,2500.214755175557,2508.0346621889184,2508.393140444186,2506.7447719441084,2527.6091902983703,2523.3805426637873,2529.8810554457605,2526.764774300436,2543.356837110805,2558.0006960055834,2575.7834280855977,2584.7476592666862,2585.148839230319,2594.575566268132,2610.1422006459343,2626.4696535244925
394425,50,"Buffalo, NY",msa,NY,1017.7049750774729,1043.5109282521512,1051.953200516722,1053.7956154229846,1054.0074144971104,1059.4074916803877,1073.7964811962408,1085.6816301608974,1092.546114468914,1082.0822401373612,1081.558523461727,1079.2276939621077,1074.7263489765812,1068.74788027848,1078.4617223585904,1098.7301392850602,1098.5191323749284,1100.5836172241302,1087.9927668715868,1092.3256161789902,1087.2119287504008,1103.4539931905404,1111.55434749255,1116.800721060164,1112.4677737740797,1117.4129101800554,1119.038556193773,1120.554111222321,1118.1091212818258,1132.9181949588906,1144.9245287310548,1154.5127814027596,1158.5367678260916,1158.2480523308461,1164.6898914156498,1171.3176461821877,1185.981792987242,1193.788516420399,1194.7123973609082,1186.8100359584002,1184.8213394702047,1178.361155511751,1191.2487221035412,1195.6156074620426,1201.4813673503459,1202.1417904604557,1209.4802281137468,1215.9493537273179,1233.0146066768318,1226.0877804564448,1234.0022553280726,1246.1622101656246,1260.2668288587843,1267.9114127181858,1264.017946241279,1264.2061489102862,1268.065857658119,1273.5773419437378,1271.3828272293626,1270.038939002729,1258.000938648076,1265.5851387287387,1287.626077672272,1302.7826774515813,1305.8152947037643,1315.7202786059804,1324.8149985350756,1338.8624209053542,1335.3476829652852,1340.037616436431,1340.8003984878137,1356.5044318568573,1370.6315600020607,1399.7246519285504,1410.4499238034566,1431.1256075677072,1444.3896859150534,1461.7384965381916,1470.403565905762,1480.202916567035,1501.8790476819763,1527.5435984451144,1534.1233233342282,1541.6302534680742,1550.9023366525819,1555.2015818833183,1552.1395140256743,1551.2251910046728,1563.9582586336535,1585.6902588009486,1599.720558950745,1612.4872650048983,1628.159243802316,1629.8138756021826,1647.359722479028,1653.0052714547137,1677.9020065294658,1680.3728721947414,1696.580444307931,1700.993296680381,1710.6414960061036,1718.3904176635153,1736.9049987154922,1748.5437791761833,1738.3143513336904,1743.6975961126745,1763.14855896089,1781.335543220773,1779.10330168197,1783.1893436343657,1796.3195363168236,1810.6642110350595,1817.2497333384833,1807.9855292868274,1790.0790840516415,1808.1868500548076,1834.209015007463,1861.6974160068517,1852.447638719244,1857.056339259318,1849.922421387291,1853.7549764144533,1854.9297316842924,1861.2508068030643,1874.1432723205967,1891.122163963471,1911.4581441311566,1907.3201417477553,1907.055596428088,1901.2049202131695,1913.9505463168123,1919.7522162114772,1940.9402773517434,1955.8444984055357,1965.563091314757,1973.2621603443768,1978.1930763444018,1988.2222222222224
394388,51,"Birmingham, AL",msa,AL,1001.499369328341,1006.0416062531639,1011.8157322076329,1014.0545198355094,1012.4402857420074,1012.6092549440536,1013.3023857163926,1011.8746485342551,1010.9641721063261,1012.3021442989384,1015.5969561969071,1022.4508913055947,1025.723277085187,1027.668684158497,1022.892417008616,1022.3486332564547,1023.1118048269288,1028.3184664027303,1030.5958526471263,1034.2477650645303,1033.7612550641888,1034.6439798106578,1034.0628056238477,1036.0652017561442,1037.1262641097896,1038.8648206767327,1042.8162581301615,1046.057481024142,1048.935551695943,1047.925580500359,1052.7624533821759,1053.5858527419555,1062.7238041520216,1059.8198317169438,1066.7420205449082,1065.0489383003287,1068.7914480891136,1072.3537006222064,1079.5006731228152,1085.4324777234826,1087.5412057853327,1090.979780504886,1090.5747244423808,1093.2466208686697,1093.3540087947233,1102.1576859392553,1104.5474919892638,1113.1463529640953,1114.0683344013487,1116.5997742447678,1116.9466564702432,1117.8001506456742,1121.6128947517793,1125.345450328329,1129.6717062968567,1133.3452972521227,1135.6116884533094,1136.6676170614808,1137.969107423395,1138.0287962784787,1141.5218627618067,1143.666891963638,1153.6925429459004,1160.0433058562203,1161.1248558219718,1164.1697501093638,1171.8750848759391,1178.1439107119686,1186.562085439428,1190.5559042568507,1199.3060262276413,1203.7696432478729,1211.572914739464,1218.1767217573424,1227.157146954252,1233.4987548015213,1246.7451124603297,1255.4278517437776,1265.4620160742438,1276.8518572895728,1286.9883033583772,1300.6915567800847,1305.19201411884,1322.8855129045223,1332.5749311827253,1342.7442127601448,1343.3678360660513,1348.5066303083765,1353.256444032623,1362.403813911628,1367.7573739919142,1375.654833995609,1381.9476543234766,1387.940437610206,1395.9608878104245,1396.9819888092559,1401.3391642494728,1407.1552691792187,1416.7451391056368,1426.6614673978381,1437.159118387744,1444.468773451508,1454.5963692231246,1460.060073928107,1466.7417839541358,1469.356479579113,1474.788921035153,1482.7198200611674,1493.98983034737,1502.1994111526349,1511.2685424052113,1516.93358710821,1521.6742939000435,1526.7791882971753,1529.319813713149,1530.3376455775012,1535.713688906445,1542.3974403784748,1557.5752006827975,1564.3955041552545,1573.2989324903706,1574.9827729816532,1580.563718345518,1585.2338438684787,1589.7894545578965,1593.016940502063,1599.4869158737702,1608.5408657917244,1613.5709308503667,1619.1678157417518,1616.101212954663,1619.0910146862307,1617.9593930132305,1623.2910584696524,1624.2978981476083,1627.122205725502,1629.9919635010126,1633.7021221532093
395031,52,"Rochester, NY",msa,NY,1147.0885264079493,1147.3382202366777,1152.6885210850685,1161.723855793214,1169.560076374293,1176.6665768393134,1171.5624471198141,1162.0325304588298,1167.2747347733184,1170.9265871592434,1186.5334829378623,1184.2675210051239,1195.8394099480508,1192.566913546411,1205.6515008330007,1203.3715933969022,1216.5972494358098,1215.5841445099466,1216.9375938438197,1220.9310881259858,1219.56659130468,1223.8264781287892,1221.5934630595145,1228.3217882803067,1225.2954274442566,1239.483752448861,1243.8585706478407,1248.1872939894156,1240.7158245164003,1245.1188040548443,1259.2938430824447,1268.9465284994053,1266.8644452719777,1269.875371094878,1276.2751517484032,1288.372109588788,1297.6130674556641,1291.2528575509884,1291.2882612982178,1290.5849388797817,1301.505191555993,1304.2417538758277,1311.8861275684371,1320.5330324994322,1328.2225176963207,1337.4899508581475,1333.8335649240266,1337.7854839340246,1331.8926693673116,1342.8031408735392,1348.5280491694332,1358.2202537178484,1361.8320352195808,1369.20354515582,1367.7132486764704,1367.6296070405076,1375.0792896653375,1378.1049660980236,1390.7782429277074,1393.7237335578395,1407.8169675841575,1413.5830941420152,1417.9355037110042,1419.624800364762,1429.652162314589,1432.0434350370044,1445.7668727872476,1445.3198860661403,1461.7837602909146,1473.092072151514,1501.4916432346495,1513.7117681310467,1519.1490424675426,1513.8022535957377,1518.6475855636932,1534.2325091527346,1551.6951186514013,1566.2466628288084,1589.9050196019105,1607.469277936136,1605.3033375025725,1609.3962964037999,1605.9447292223972,1620.7906006610208,1637.346854783283,1685.2299234722216,1717.1236217104279,1722.9933106805818,1715.095597998218,1725.399124240131,1737.946235438663,1746.4206989985746,1765.3930145841568,1772.7432348385025,1781.8051677185595,1796.997842883049,1823.0489955502146,1822.819283685231,1814.85154623886,1835.1596217792057,1863.723731759845,1881.4915876424927,1867.9221897685209,1889.0256421757538,1917.2053939069813,1955.4859286806952,1968.4520892552598,1970.1618058044553,1966.9791964096123,1979.0179811402925,1989.2409866945816,1999.2073387030196,2002.6163264364802,2015.5220956185844,2037.8661475523675,2043.0296794477933,2043.4736676643886,2047.717685055361,2077.8600137648004,2084.571698818265,2087.3896923476564,2086.735999539291,2111.350883664334,2122.373007704154,2127.079689082318,2126.7397816360276,2137.875961191487,2145.2810186132165,2151.053779532925,2151.111988142501,2143.8255859662304,2158.4333643566674,2175.835436941078,2192.8629424496053,2193.0506345664235,2198.3723445232163,2210.3346276622196,2223.2130832130833
394640,53,"Grand Rapids, MI",msa,MI,1027.8472998314753,1035.1875188932918,1040.9295055559305,1046.1295568468986,1056.0337701889957,1062.7361024382633,1075.3590429517244,1084.52418629563,1097.3362359631922,1107.2921268865357,1110.6528343543937,1121.115490247861,1129.3829172425103,1142.3576278402136,1149.4472761421712,1159.9521448853718,1167.9924034618252,1177.0492579325528,1181.1544599087727,1187.4560282618008,1191.3844845320568,1192.8636655125488,1203.0530373311271,1211.0924574725466,1218.4189780274894,1228.0356274306112,1235.1270630810036,1247.7146399173341,1252.8439103943372,1261.5677795385327,1264.3370720233434,1267.6891009275191,1266.496006024071,1278.1492498310256,1283.4371557285695,1292.1470048955966,1292.5129942568387,1292.646889390812,1302.4804948288627,1307.5327529414408,1312.1461946973984,1312.4856261313732,1320.8863021718137,1334.855063811202,1344.608919992272,1351.3051897716675,1356.5845311098713,1369.574325826333,1374.8278986069947,1374.1801144610145,1376.5415081928415,1378.901052272897,1385.8254677214427,1394.0340877737974,1399.6154701523722,1399.8999445701315,1406.079884644494,1408.519058638719,1413.4411300580696,1410.730377463554,1418.3862471505927,1430.0231714993815,1444.1066443627874,1447.1103337390036,1449.6991762237665,1457.848736204777,1462.5888342377264,1458.4842754073213,1467.4949963823938,1492.3188455820061,1515.484402422187,1524.9442925212397,1518.2169724508315,1532.4196338096774,1550.8014908749335,1563.8557122278864,1576.8037525507953,1591.7249717424936,1618.4498958204933,1646.4434996680184,1668.8516045542635,1658.965250815655,1680.516392464232,1706.0927273352281,1747.0467642910446,1749.1204509661216,1751.9505762838098,1772.148759836261,1787.7399190337628,1797.6744974603234,1807.8655101678823,1823.917019929371,1835.6059412607058,1849.1921169028376,1842.7311049744744,1837.8850602503328,1840.3597153725568,1854.8371277891858,1872.827832333425,1880.258544168279,1893.734771028687,1905.2487378902654,1914.759755230436,1919.3913210627388,1924.6942048376095,1938.3280734174575,1948.0656868176736,1965.414708641686,1969.911545840773,1976.9424086111487,1986.0329036643634,1991.1616962831247,1999.8312144910376,2002.221159035505,2002.5889700961807,2008.486487052183,2009.8804499513456,2030.0487182450959,2038.0161061538865,2057.0126449546365,2065.1964508986875,2081.88669654996,2079.5385392657704,2086.2630831252677,2089.3962301648253,2104.624453502481,2118.4269591965112,2128.703918747429,2143.0886307685546,2138.5070506112884,2148.696089102398,2145.438058699101,2154.793618547316,2154.601221856436,2167.148526997993,2176.09395452254,2184.4373781107333,2186.5432751888634
395167,54,"Tucson, AZ",msa,AZ,1031.2745155530047,1034.9177684345807,1037.6075206780295,1041.7111415774698,1041.709713488551,1042.6948451286403,1045.4102791537707,1052.2888244807061,1054.4702713498075,1055.2217218028657,1058.6841529824637,1063.5191921909845,1069.9996217817868,1066.4681646522308,1066.2827412997335,1065.7244070753713,1070.6222169791804,1075.9212086386735,1078.1892267332555,1082.8202973505054,1085.3572796631997,1089.2895385604477,1089.0265204339175,1094.7828313636976,1099.1543368291286,1112.4316777306503,1120.7820021090624,1129.5308966887242,1133.7982427344398,1132.4175906584896,1133.2646823787586,1130.169167568711,1137.805879038039,1145.8228413619934,1157.2424031064909,1157.991493569279,1160.6103138341552,1162.6963001744014,1172.7322144770756,1180.122771827989,1186.6736104021802,1195.0531426573737,1202.2545682528157,1211.8448202272357,1218.4983599903533,1223.3550051770492,1225.86891375154,1239.7064333308472,1245.6521002669786,1253.8204198179083,1256.0205746683578,1260.4000075597833,1266.8734384228903,1274.7731538246617,1283.1502135352341,1291.058575588865,1296.3380191292506,1302.612779963077,1309.8385891187822,1312.2483737869738,1320.2971231537442,1325.251341129541,1335.7737252364618,1334.4484783268101,1337.8801230734077,1343.507009992209,1358.6733808392223,1369.3817952238478,1390.6060011335558,1411.6018341093688,1424.8564338793535,1436.9987687020441,1445.7982921451094,1462.2803700629045,1478.5068799353023,1505.0213126615743,1530.672638502104,1550.417030363276,1566.3157853615878,1596.6307989667253,1623.6114850242368,1645.3941344648929,1663.7932426357845,1674.7937524481767,1693.1121285571357,1702.9245240394296,1714.4334537738227,1721.521840247149,1727.5444725415337,1739.3017559289403,1745.5091285906506,1747.3348304346575,1747.7183080536895,1741.8212280077144,1742.0928227903332,1746.163018612318,1757.2460204166669,1768.830476642904,1778.5117388587694,1784.0955810965188,1790.5174768474237,1798.4085871626335,1807.7138409445727,1810.0965833422774,1806.2971233318094,1816.141461258255,1823.9281338260532,1840.6136488709585,1838.633618624294,1839.7887088573996,1838.992577602589,1849.6155633629066,1857.9933529729992,1862.746972803787,1863.0707315354323,1863.3981000640706,1869.3628519970396,1872.4216281976335,1880.235542489291,1878.7133972693637,1879.4426113203135,1879.937531184063,1885.864463028682,1879.7972215831146,1881.2345302974131,1876.3481153903567,1878.619790435836,1884.4037194652512,1889.1224742969334,1890.6250150222252,1888.145270858738,1887.7488971311798,1892.8716440630062,1896.8796017768302,1898.1350514949556,1904.1356469966877,1905.5602403643302,1913.1703436868893
753924,55,"Urban Honolulu, HI",msa,HI,2319.977962707444,2339.1020123880653,2353.2886918805707,2331.0422154794237,2323.4982780268883,2324.414813380786,2353.340984588029,2358.520316040573,2353.8713762610855,2367.4189052487177,2387.791681748954,2409.1023449528493,2400.5737413587767,2376.6680434950767,2378.5577939578607,2391.156885132072,2419.691626532094,2421.095222868303,2423.777629651567,2410.2941045106477,2414.7784552025732,2400.8023689700854,2403.2920048915244,2398.1527191328205,2423.65425848295,2442.1175365064423,2457.47777332537,2480.628184401828,2466.2090256348997,2466.747036532168,2455.5239745657145,2471.1198710292147,2479.873623509662,2486.2197833344967,2491.773657412282,2499.247842493741,2487.4976408321413,2493.0383566957207,2490.3584158305016,2493.4482789391323,2498.592946899762,2507.9789691030523,2516.779280305525,2522.5607325716805,2526.530741277703,2534.6603520270155,2544.5084918916527,2547.411350896079,2550.584148313024,2556.482478750341,2562.953067909928,2560.9345984042434,2572.0595690430487,2578.601779028862,2590.1871245891525,2595.6394623603296,2602.7033105323057,2611.5595550124185,2616.287915965932,2627.3096490904645,2642.713750756822,2650.0846487206386,2618.2975588822856,2615.3283100298363,2613.691665909202,2624.7167942258666,2611.5204757002098,2603.6592418349314,2611.915670016109,2616.4323250689204,2636.3345460608084,2652.5260233372596,2684.841301629796,2718.4131479542225,2756.2740616260658,2785.717201940675,2807.777832195673,2833.1142826277214,2867.945755896021,2906.8981699022847,2927.610224109021,2948.717992401965,2963.407786573117,2976.8368302951258,2981.037031415904,3005.4170054879182,3004.6454632342666,3014.0101225002923,3013.199007253097,3032.832591816525,3048.019155906688,3059.9047696591565,3069.293560846712,3067.903917065038,3066.4562039694088,3086.830136870819,3111.180767807119,3113.070780690394,3132.5509270293337,3132.242661249092,3151.5530237632493,3138.9082774452904,3143.80601142493,3147.8168093945424,3163.965275096538,3196.0103597801317,3224.92743282693,3223.135744110436,3217.0319025158665,3211.534237010634,3235.5810963895533,3257.979738673045,3270.959058351198,3285.540832221917,3298.5602345832967,3325.6302185030586,3331.7410373883854,3345.1992947121157,3366.4346662591847,3383.8812295842267,3387.3544181498055,3383.2786213287363,3388.2922703801332,3405.123042614867,3433.915517187015,3451.9107466858236,3466.586476541099,3471.8901181989195,3489.092277243984,3495.202321431615,3497.6735353646554,3514.3859327784435,3544.0675217340236,3584.1026959163232,3599.2947205715104,3610.136016255452,3612.7134527742824,3629.799814841191
395169,56,"Tulsa, OK",msa,OK,988.7838606820176,992.2724069510464,993.9161382312532,997.5848779439912,997.3301483382502,996.4144497142947,997.7274643797962,1003.3978517508957,1004.7724598041417,1005.5193967285203,1004.1915672343705,1005.705765911189,1006.0126829540085,1006.9124881612853,1008.4095437576782,1010.1845909792348,1014.1798777031963,1013.5692135069103,1012.7159945936913,1009.4381255685552,1009.661947555893,1008.5789987075102,1006.5363173832022,1007.9500216463418,1009.1793479745556,1012.6935350641995,1014.2023245798418,1016.411573012603,1018.8159851933679,1022.644041175637,1024.9471397619448,1023.0906268202132,1022.9599446371096,1023.8868586780551,1031.328663298512,1033.348509572093,1036.5307410040273,1033.4832797726308,1034.0001071602792,1035.1714699201486,1037.9593691578336,1040.8509183275942,1042.3028919382662,1046.0627631242903,1048.5356967332414,1052.1693070657348,1051.7436659410657,1053.92122436197,1055.9949919917506,1061.61270979578,1064.9761380294324,1067.5143503201512,1068.5783513418974,1069.9070987077114,1073.1809965125353,1077.165346354057,1080.8135493282887,1083.4463275039973,1086.3500321871752,1089.2396329729304,1091.810742979799,1094.3206323878655,1100.8445116636897,1101.0998869797966,1106.206740489084,1107.9343709263565,1117.9440199848648,1126.9387656853241,1137.4695326450558,1147.0535240018282,1155.1259365867827,1164.4208041881307,1176.4100822303678,1188.9708696500597,1196.567514015923,1212.5514018493477,1226.6093583764446,1244.5189258307,1256.2534673610116,1270.0964131166106,1286.4252352364888,1297.4777530742474,1310.5064985502797,1322.651551186402,1337.7182481016373,1346.2957366586056,1355.5263741247882,1363.42318112508,1370.36901643475,1376.976957432206,1384.4803469935232,1392.2906730286381,1391.573167504539,1394.6022905770005,1394.4197485730047,1400.4042813808467,1404.6480936125045,1412.2455034930692,1422.258285270481,1429.2359673519788,1439.8539370419885,1448.3436191894955,1453.531241782203,1456.0284728194104,1461.5820863648676,1471.455762098936,1481.6945136097604,1486.9201639423477,1489.8973338224487,1491.5990114256167,1495.6938545311855,1498.017111372433,1504.744485046304,1506.3612326692373,1509.4899200219895,1514.0848212389449,1523.1560372196925,1529.5490884761668,1531.0013983814229,1536.3007468076937,1542.6125292795866,1552.8131152408257,1558.787902585833,1565.6504948097631,1565.3106232183086,1565.1101219832233,1570.878668415656,1576.5203507595395,1578.7505857404162,1580.1427139794189,1585.656613010534,1589.2843807780703,1593.418721512235,1594.548166077783,1597.1238172049252,1600.583239764498,1606.5748792468871,1615.4328083264254
394619,57,"Fresno, CA",msa,CA,1241.9248947495519,1247.3593288191341,1248.9115749168827,1252.2000774749667,1253.9077706805992,1253.81090929008,1257.7118200158598,1261.8463154111337,1270.4084382655096,1277.6788337704388,1283.8104251871669,1286.3821451179165,1278.0149032376019,1282.4042950624648,1294.7395859908638,1306.2253224838664,1307.4487688958047,1309.7575236514988,1314.2620260143874,1322.263747450725,1330.2591748596217,1332.9207690109808,1335.6294782925838,1339.1450435545082,1351.0320477193418,1355.3629930675118,1358.6424170995194,1366.6365768484545,1382.4205088323292,1394.2926759280845,1396.1007370186428,1398.903720375699,1403.7600058572784,1410.3549238497314,1416.3300038199359,1418.6333149190014,1424.9456741462614,1427.2650349072833,1435.31093909493,1438.2646797801067,1442.419879846014,1449.1893734556402,1457.0211318422803,1465.7452559651592,1465.5222999101602,1474.3099046814739,1484.8194890702239,1505.179405963504,1508.9436966250425,1523.0115800786448,1529.7911048116775,1538.2014282135706,1543.8678630421684,1549.2196608123588,1558.22066167313,1565.0343180140667,1577.533162768886,1582.7647095350558,1586.69473059873,1584.1920088923498,1590.898275584961,1592.290684807009,1603.6841613525442,1591.037042105313,1599.6649664338036,1615.3332241831306,1635.009476092894,1647.6644833674932,1660.7931862145883,1682.7200860005407,1690.5475372863593,1712.4001297138643,1722.1518151659154,1746.6660642638765,1764.0292234951696,1806.9476691193781,1837.9099763292536,1861.5909612783116,1881.506410426375,1907.2485229109056,1936.3990265009475,1949.4763901886215,1986.2962345961712,1999.2400845965763,2023.868660768228,2020.231727426397,2044.3304202971237,2053.72883331854,2070.4309410744186,2079.6393470436265,2082.902369119016,2085.943563583815,2088.650518257722,2107.1235769464934,2111.968002303476,2135.5877006019427,2147.504678992777,2171.578898756986,2170.6618433588974,2169.1656753679385,2164.6544067078144,2174.074409301435,2189.166129754701,2207.031802352214,2215.7109020426506,2219.8971510706747,2228.4836773287607,2234.354939611209,2233.492346142551,2233.921812289298,2239.2090165145028,2256.9905923642864,2270.436847314332,2279.230227900527,2284.100819191161,2286.5271600572273,2303.687681852467,2313.1178914065595,2315.6106274765143,2294.987921472988,2299.7865827219866,2304.69123221388,2329.1486408198944,2336.6084287290337,2346.991766750995,2339.299406870184,2344.42887212711,2349.576292410289,2347.685395905164,2351.046025730044,2359.5008260328123,2383.622357500121,2393.477245295906,2400.751599082472,2394.556546281156,2396.0754437409923,2397.8292392723333,2413.083564564802
395238,58,"Worcester, MA",msa,MA,,,1514.0235817059463,1504.2668870576972,1493.4223536148643,1486.3345414947498,1489.8328798587872,1513.16018153243,1509.7527513808302,1502.2151533692677,1503.7785043196175,1529.6008193489079,1558.4084016135287,1566.2472519336395,1548.2249512142714,1544.1674304146381,1548.1492454770773,1565.545099441099,1584.0025610765367,1593.5377995006809,1598.1170839534486,1604.3864002689495,1610.108450020618,1614.7472531474418,1607.57265879051,1609.4675713254765,1600.60098405931,1627.7185955218424,1656.1280655184082,1660.8885950417623,1641.1278688011105,1625.689805439597,1637.8916727255742,1660.0693600899776,1660.2793274160292,1659.1110014113171,1641.9506922245664,1639.5156413094896,1647.044592660479,1652.576557129222,1670.0227025142785,1669.2224915313893,1678.9704582280258,1684.7671699603181,1699.9195360188648,1685.900370567153,1708.9763183940775,1711.3839505221708,1742.61770809829,1737.0501696944518,1752.4337940284022,1750.8833952730447,1738.82408937525,1750.8645941740838,1766.9864922271574,1786.4735419683552,1787.7415310636713,1807.9263297372572,1810.702463638537,1830.959578299883,1840.008944311063,1870.7832104213455,1859.6262611330935,1836.3695382740432,1843.8333534156561,1859.0487116995919,1866.453341353917,1870.1089929707819,1869.49057304384,1903.9564172104024,1903.487044714895,1947.5039209857662,1955.8301272672177,1957.6962848393262,1956.2096823738837,1972.5205089167334,2003.5887472037793,2020.9294728908649,2049.258740112162,2067.508963831945,2099.4482819064115,2116.880848862444,2160.71487200539,2137.6447049137782,2153.5578932386766,2148.1195781294928,2205.4585367764203,2259.809632022582,2297.9264738470865,2305.1347779224247,2296.913369215131,2321.9492246277114,2357.6539415942425,2362.176947661766,2370.753438933612,2393.2691597452654,2417.674285180013,2435.0227518054803,2443.0045076112583,2436.9150583543737,2434.2832472158434,2450.750322223581,2506.1204688342496,2498.02396810065,2514.332905013779,2520.233426002256,2554.9796623763286,2561.1446117154987,2564.447784727535,2599.4618212665855,2624.7154916161976,2630.509284431198,2646.4699374452593,2657.957964577071,2668.346633088532,2671.0478678593295,2668.14982539873,2695.29663204984,2713.704160933075,2730.3924906953016,2739.777615983873,2729.19587763345,2750.760428171668,2774.026738136282,2776.4037361070687,2791.550058855189,2788.545399979557,2816.6851290804602,2833.0877394486615,2837.9547719066327,2831.9742867676946,2840.5945049777147,2853.8398317425613,2867.6827414069066,2860.959661411527,2865.400171063615,2879.8299745335603,2882.233778535569
394938,59,"Omaha, NE",msa,NE,1141.032471492379,1144.359561547452,1150.6114753746517,1145.8474414528794,1150.5773393519335,1148.8173771353304,1155.7840085448413,1157.9678245647858,1157.6538513982043,1157.6047912985816,1165.5606084529832,1175.4193582493942,1181.2843990378356,1183.1121027778495,1181.3251519104115,1183.939425949688,1182.8385606425466,1188.2420264478844,1191.2604353831427,1196.9378255945082,1200.7429787180008,1205.1386563004378,1205.9638607255092,1211.0482947415317,1215.1425770871685,1223.0376790968205,1227.4614654102538,1234.5261735252918,1233.696446046509,1236.9259139461576,1238.4600155764515,1242.6574529466152,1246.7014261311995,1246.1030141786662,1248.9730918288492,1248.9267128446238,1250.0942585544874,1252.4018773624846,1260.8584111685184,1267.9965950966273,1274.4599161160068,1276.5631998883214,1281.5656014198667,1287.3627835401273,1295.196435236071,1303.4245361593905,1305.716395775235,1309.4800979830204,1312.0098901091887,1317.6055476769802,1318.9381365244376,1319.6835624288622,1325.674881702756,1332.0957527749986,1337.5530113141824,1340.8285668665967,1343.270270804539,1347.7720137782394,1355.9171851833764,1363.6192322779584,1372.315494884242,1377.649763852549,1382.7311555786505,1387.7325609038926,1391.4423423930587,1398.4362053706423,1408.9959006808526,1421.5390528790651,1430.8944675667337,1435.2610403610809,1442.0593866633167,1456.5375555805163,1469.2888016760212,1478.3068977095816,1482.787844904642,1489.5336163753195,1502.8590751690651,1518.622186115223,1531.867529352995,1541.608646069651,1548.8572467703784,1561.6100206724586,1571.6934777108308,1579.8593961245356,1587.7358971679412,1598.8081706903693,1616.0507188683287,1631.6648601852526,1647.2711441351166,1650.344138621755,1661.034398531913,1665.7967546128136,1686.3337376691272,1696.45382112299,1708.9192643860677,1712.5809106160589,1724.2102234187817,1733.4608410796839,1745.4290784240457,1756.7367165049948,1763.1030643164258,1774.619782275975,1779.3555666213672,1797.7691195472917,1803.371203323881,1814.2970607088641,1819.694787214157,1833.721994555401,1834.286629821697,1840.998521485055,1844.8169778100282,1855.9646882055063,1865.0918415165847,1876.6079711322723,1886.7245441883197,1894.350740229402,1900.344114654061,1910.843729015107,1924.7999865478585,1929.508612880612,1942.0400792142814,1950.453818728499,1959.975193893119,1959.0015858006977,1959.1905125312007,1962.0559829880685,1967.7445505742826,1969.8015249809998,1976.2341468147213,1978.469852911999,1980.269639413832,1986.7149640689975,1991.9819349521204,1997.5962667802462,2002.9182795583224,2012.758084352977,2023.8574438920193,2031.0381428950668
394415,60,"Bridgeport, CT",msa,CT,2616.658119877137,2638.4879139506425,2652.745347204344,2626.8265072996915,2617.6179369266133,2615.12860292843,2639.9465194350228,2669.430079713413,2679.2882438378356,2659.7600500640306,2659.4055679215853,2664.2262629720417,2691.208967951173,2676.982172839483,2683.561493443978,2691.09750634398,2699.8301071783726,2701.009668476601,2691.54474536782,2698.088305817543,2688.809072883684,2722.872545368451,2720.5278572114325,2738.572263321169,2717.4017742326514,2739.1501027892677,2747.9576541401634,2769.9688768191395,2783.22367674356,2777.9210710190214,2782.734063215842,2788.205912463387,2791.5755813691876,2809.637975967907,2805.0393191454596,2832.745936012734,2822.8973867837267,2852.0705964813374,2847.319359976958,2853.9022056251742,2847.59706303455,2873.9619046262314,2893.7414011338496,2888.09266710747,2907.529416508747,2905.996904640855,2940.6200340843016,2934.4661424376363,2947.598570780128,2918.817645060931,2932.985828350606,2933.1942132880954,2947.280777122825,2946.928906860406,2948.465850053784,2965.9676702053007,2969.446807849451,2973.8826019584576,2969.399412449022,2976.3699864977734,2995.4407203315945,3020.1684551884678,3084.4279086216047,3108.8596017959985,3143.5352534228296,3209.736200508976,3255.9694283707972,3314.7593264645193,3325.6295106847992,3389.9707031015373,3401.508618992261,3450.2486883819465,3444.9143110497394,3443.7352895735876,3466.820355241048,3501.899323259683,3559.773324617331,3585.831879331627,3627.185647164181,3638.260992819439,3687.5951506929773,3695.0462960801788,3756.6329851867317,3772.5612443230657,3825.633214361785,3842.9604167231855,3906.1250728016885,3943.5164783061505,3987.9553903037404,3988.8672100524527,3994.23286518835,3976.7029392262866,3992.9570321195592,4008.1542065690605,4037.4228878660765,4066.679087185657,4101.294741361106,4141.772290548293,4145.5982642354,4177.8533067299495,4172.066343446226,4202.362859075204,4217.971792281174,4263.149291288504,4265.252251847319,4294.397555135795,4313.413784238774,4358.756879818129,4333.616604638422,4348.631280851355,4363.100266370745,4385.125876219245,4405.126727510666,4432.4661511298955,4462.821693779673,4507.902076489666,4493.4187768987795,4487.226846801253,4479.495928154988,4504.334289132424,4569.491517162959,4602.284557298429,4626.643405877298,4606.752707946301,4606.509975815187,4606.247762047008,4617.01795700722,4607.400417150698,4657.080719595646,4689.499713142703,4723.988628979827,4721.778009844559,4721.604361425651,4727.746279940842,4748.903496412155,4796.6444065555215,4840.408613077574,4875.7032976827095
394653,61,"Greenville, SC",msa,SC,1008.5660156205646,1014.7513907435427,1017.028125563573,1026.8715362360595,1030.8011039527432,1039.4298124964685,1036.0305360299649,1040.9197072523916,1043.5925476681336,1045.6702510413995,1052.578803289069,1055.2344021432305,1064.8074318088795,1067.221226579511,1071.6964117194248,1068.4719737989274,1072.2826828596103,1076.1296080396476,1085.4909235150487,1088.0078946207784,1086.559592333285,1091.7079416322954,1096.5294323756457,1101.038105707562,1101.3718845541614,1107.047319912879,1114.0633902449115,1119.2016816716387,1120.7644211985566,1123.6066116468594,1129.3328663788143,1134.3331812490578,1141.7105453325153,1145.711686715172,1144.8177740434212,1152.8534356637342,1154.2101529065558,1158.8680742573147,1158.5610406833252,1169.0452029137346,1175.0318748176749,1178.3299339822686,1178.474896828532,1185.8144032770285,1191.1989505624929,1198.2570170067418,1205.4938905443555,1209.1218939938767,1214.7807739365562,1217.194374757956,1223.799656865277,1224.1484757610422,1228.4948510121046,1234.0483055596567,1239.7271937303183,1241.2185123271504,1243.8701890963373,1245.4572393714125,1249.157707462673,1251.1903453814866,1255.4625494304498,1259.531132609717,1273.9386185294418,1281.7698573645034,1284.7087909082509,1287.0495236210254,1290.1015185555689,1305.5626982846666,1314.0032621799005,1321.7759648586562,1323.9956249043946,1336.4377248459868,1345.623714080064,1355.2111495810598,1362.8453724310789,1378.4878772416243,1396.5393696125866,1415.6772980714184,1430.233179409056,1435.8882265986065,1448.7781038006144,1463.1062890069688,1484.6028694901454,1496.223274736251,1506.1620575849495,1516.1803257323065,1528.899737351345,1539.383824769861,1553.4613393407615,1565.1240476505313,1581.7223397065063,1594.3112808050178,1605.1313996528065,1611.6651197613805,1608.0573879876608,1613.3460717927917,1622.4692402924477,1643.5375691350657,1654.2903220196054,1661.4090921474099,1662.6322822825437,1667.330443839172,1673.7094882842785,1681.8962634588104,1691.2153946335611,1694.7183438096056,1710.2571866562514,1718.582363128906,1727.0398470302503,1719.9922934285541,1725.2576964722114,1736.8897961956789,1748.715651058573,1759.2703488259199,1762.0579652548429,1766.7381712584902,1762.5526868876125,1769.6912642936618,1782.9572907634386,1795.7112703497478,1807.6210165480657,1814.8604579037647,1819.488579150517,1820.1091298813355,1817.1997266379633,1816.025066251199,1822.5969638695149,1828.026118853652,1839.917669547131,1846.8438389627195,1844.8295865047824,1845.389944765225,1845.8468590608124,1855.2149311149187,1862.8464596865222,1871.5546578846202,1884.3879784398518,1896.23643338289
394312,62,"Albuquerque, NM",msa,NM,1150.5687496610817,1154.6242516931206,1159.5485296220183,1162.1910525818207,1164.804130394343,1164.5323208062389,1165.4398072188965,1168.5936855576715,1171.7590242793333,1175.5022911398944,1177.4873839534205,1183.344776627508,1184.782377075474,1186.0433415957534,1185.9062665268411,1190.638803579264,1195.1663947118304,1197.8771228595501,1198.1347305972865,1202.0056764644255,1203.6817424336073,1207.700898604162,1208.7225038068957,1212.1077766083474,1212.4133824904588,1216.8328495116612,1223.0419027050511,1228.3849604100283,1232.9411358396344,1235.3521635563084,1239.087551790996,1238.529426734438,1243.5162576743724,1245.7386521091887,1252.1709378921764,1255.8511997990067,1263.8675248370153,1267.228704738566,1269.674756239259,1270.0133419056424,1272.3746869695317,1276.5573838326907,1282.276822947496,1287.2935126118973,1291.3676516664739,1293.3462813064416,1301.443910858388,1306.935239959096,1313.132761277333,1313.8672358070658,1319.4938387642112,1326.4510374422925,1332.542023451208,1338.9996500726138,1344.3503122170464,1351.8211081470292,1357.9810529029317,1366.9505572829426,1370.0148922989194,1376.2619883183456,1380.9428758730758,1391.773635122935,1400.862843716749,1404.9251851131112,1407.107451248568,1408.900259356772,1423.775609137178,1442.6562413631718,1463.6236302661644,1478.4132183622482,1491.8490959375338,1501.0437191824237,1510.9556515002373,1526.625006409492,1541.3800379528257,1562.040346562714,1578.9144851760773,1605.3285176683792,1621.5802383002112,1643.881536364441,1665.0642797697565,1682.5793355586504,1696.39201381992,1731.1950545125367,1757.1002177073938,1776.884804609456,1779.0676218195943,1791.4633547421615,1810.096170369963,1817.1854156394206,1833.4401178317173,1838.9288928083415,1852.4879278565857,1860.6689356918992,1882.010512544284,1882.3486127204285,1891.172660386813,1890.411556887703,1915.4626523612676,1932.678646020457,1947.7115750802238,1962.0455353853872,1964.1980623674742,1976.1896198902512,1975.7900759378654,1990.519338312368,2001.6341640767725,2013.0110117383888,2020.6881195836397,2026.925590468976,2027.9687000974216,2036.942077111846,2042.5974112240053,2048.812418090947,2054.6592189519097,2054.6290920126216,2066.75390508553,2062.794761699908,2066.8384119767347,2069.321000725557,2080.5919143888427,2083.690501757148,2097.4148369034656,2095.6291131260327,2100.745395140501,2102.7843828971386,2111.4791722001046,2121.360973903248,2125.8216289033007,2135.8853520534353,2138.4602975706553,2145.5183875730536,2145.662127909212,2154.7201662554603,2152.855728636398,2160.262627276098,2163.99259581122,2170.0401401026684
394357,63,"Bakersfield, CA",msa,CA,1221.968098514021,1226.145475637983,1231.8024669049662,1235.1679455086862,1242.3546059277198,1240.533491696158,1244.758660209367,1242.6072742541471,1244.3987624694541,1247.432988444437,1250.0873834100537,1251.657330484017,1254.3996460239691,1256.353634120039,1259.7626766476956,1260.765548060289,1257.3160531647943,1261.7726966895366,1267.8064450724632,1274.6783708140165,1274.9743762378419,1273.2081145140542,1276.4786319171262,1283.4024331283476,1290.817109737283,1295.7878110855695,1295.9036635438456,1298.4690207803271,1301.7234714784531,1310.0527805908919,1312.1596762835925,1314.4010417165068,1319.2388088601135,1320.349417970489,1327.075030924376,1327.1626735424518,1332.5427668638333,1335.4356111029915,1338.8075485780496,1341.6349920025855,1344.3973954408996,1347.6791348506374,1353.7867891443673,1359.615816443903,1368.4654829432382,1381.0179761638715,1384.9807890291574,1390.5016540647325,1392.5865923292008,1402.3057703661893,1411.0267512171522,1419.5284627152657,1428.6256133542172,1433.2916419199432,1438.4027981661754,1443.6705580093414,1446.4745660642711,1448.618772973094,1453.5837490861452,1459.8764371993655,1465.9005144805612,1467.5379122252982,1477.9559777906506,1483.9316811372275,1487.09604045789,1501.8990901016875,1520.9346572970567,1546.079570844959,1552.0087285543289,1570.5972558721605,1581.3322627127097,1605.9261540537777,1621.4430470310776,1633.336826668052,1649.6653116349516,1664.3291204131624,1700.607595736576,1726.1740574324294,1748.670311000929,1774.744205799684,1811.311695664371,1832.9858334220771,1856.6118939380685,1875.1974718052852,1898.5456542853399,1924.8178291969284,1936.3413473062617,1954.0850090706551,1962.2881702619306,1975.2229413675338,1988.591697866715,1979.7501231316298,1983.7690455615264,1989.3391825972724,1996.644754971031,1990.3997418820236,1993.3488221575415,1997.74204604213,2015.3593867973557,2028.9760111485607,2034.7674132036982,2036.3006550501239,2038.6497076508558,2052.256003377423,2063.2022879527804,2071.009078283418,2073.011550521238,2089.6423826362898,2091.2483611777657,2104.4785121787068,2107.948342012446,2124.091020450976,2128.4720837735017,2138.6115339587614,2139.805938922803,2154.409285532561,2151.7164691131015,2168.884834437918,2172.8551469757826,2181.533245414657,2192.261200450802,2197.0274810749315,2203.907230119454,2199.586303422181,2203.006847489581,2208.145248518451,2219.69373765312,2219.370783450611,2230.287719447325,2227.187796353422,2236.2867973997018,2237.1548019378006,2241.5247782896045,2244.0998866137,2247.3844671314505,2253.456894920662,2261.2397300656157,2265.2950024658885
394308,64,"Albany, NY",msa,NY,1319.3812585819392,1335.5009849788341,1334.284904280611,1319.7286851948238,1316.3477155143737,1330.3899370212696,1346.4890577451094,1350.9078477601706,1332.5806035243754,1324.4083367003673,1327.7854279081125,1333.3312369431294,1335.8308133963583,1334.0033356533838,1339.4876511723207,1346.752902885202,1357.1801697558785,1357.6368986457278,1356.9464767056845,1353.5548416719475,1367.8092195458619,1370.414358312709,1373.842433017694,1369.0044441174427,1366.6167750882473,1369.4783492200254,1367.8267846553342,1379.3880618675266,1391.314595581732,1389.9426213120257,1390.2011040649745,1399.5173285285578,1403.9324623126352,1403.2908808852665,1400.4259526843014,1416.233191710832,1434.9477924289897,1433.5502395257975,1446.1738980211676,1445.0672793483916,1458.0486863911162,1447.2354352679547,1442.6651044197752,1447.6946326774737,1460.8818849566105,1477.8145567031424,1476.4347112609214,1470.7680628773333,1463.8740304447333,1477.415105348506,1476.9117498011867,1480.6646788758037,1472.5314096366662,1490.822617532439,1504.0250738411912,1506.304256124911,1501.6261269725303,1498.7514409730115,1510.5220760632128,1518.2434032037336,1525.4335419823096,1526.0236317616552,1542.1992513746886,1547.8061402373496,1555.7591984876158,1540.079866226752,1541.8507929871423,1564.73370731268,1587.2815496412234,1613.8648856260606,1619.6799958365907,1636.8224906045375,1635.217689596554,1644.1352959081107,1649.7594068829092,1661.8485056631946,1670.6656886143533,1694.9039205476408,1714.8860925521403,1721.30704550178,1729.9347076878266,1730.0668974560967,1758.271048668635,1760.336888371203,1780.3304149940293,1780.2646230976088,1797.0617346552033,1804.1815508095958,1815.6183896922628,1826.1570005097556,1847.8069738852782,1874.7881107577198,1876.1713037281722,1884.3113019971565,1872.4495145863116,1905.4022821240083,1910.7869021348647,1933.5980578745769,1922.7527834950818,1924.3923225771725,1940.3568766629598,1947.3125565133153,1968.0886526779454,1946.0148348369485,1974.9343053069529,1980.9462589493594,2015.2882010992332,2010.3047603663363,2036.309815169993,2034.0778774521289,2058.7020633162365,2054.237816103498,2081.274749354228,2086.313808296949,2097.6170888840834,2081.9537409675813,2075.3459776295495,2085.33947421687,2119.395312953206,2132.1456290799692,2123.5498009008656,2133.0924250519474,2147.3544760196273,2160.880446378286,2158.0611757620654,2168.1944269107776,2166.65834613562,2206.8478752347323,2219.238001746775,2228.899770548201,2207.697131273566,2214.7105619704475,2227.773186243106,2237.770350709837,2236.938583633164,2248.8517915484476,2253.9654943134105,2261.7033333333334
394753,65,"Knoxville, TN",msa,TN,1029.273205887807,1032.995768653099,1037.7491996950287,1041.9941621534406,1043.4708346358932,1049.070189874605,1049.9262181274082,1044.7612634316642,1041.3066273436425,1047.2498873820136,1061.0335583815358,1068.9651833160888,1075.1561431870286,1074.7166530576785,1071.3557805553917,1072.374439873566,1083.658739268898,1086.847859954515,1089.0719274474745,1091.4948979071683,1098.9073650702514,1097.8802598346947,1094.6935883980766,1097.2561706519348,1105.251119475695,1113.1970724291937,1119.605586573823,1120.7013538174194,1122.447613434718,1128.678833550146,1136.262418943025,1141.6527724989235,1148.8216090676822,1155.2459433173412,1162.104615663818,1159.434379259051,1158.6763371794775,1161.4951918320205,1165.2287931455817,1172.5383097606036,1176.5809534262626,1184.9053476029662,1191.3783491378163,1199.963803671361,1204.5169843505462,1211.4222088857034,1221.4418564478387,1229.4833061622664,1229.6259147162598,1232.1620908704463,1238.6367890522627,1244.377841321619,1250.6163388311916,1253.2193644197032,1257.4890846682965,1261.7762000433897,1267.6257062598547,1273.9843800819845,1278.3969853870938,1288.6258583609151,1303.4081890794578,1315.1871121138558,1314.9571634004806,1313.5329648554925,1313.175245665585,1326.9829369260046,1339.7395895195677,1351.9889814373892,1367.0333620393048,1381.5110017005659,1401.210763925886,1406.7701006650666,1416.018423808963,1426.4261138498334,1446.2062241217004,1470.7994300597043,1507.4882015863811,1534.1095775293984,1559.5189404060443,1582.1076451512292,1610.166897044675,1639.233984661615,1657.2077775334708,1677.9630573505085,1701.575855210542,1724.5334965399343,1751.7365135199452,1769.1623973591006,1782.797331564116,1795.7962720304945,1816.3224825711586,1831.456540121803,1838.4211597142173,1847.930376752372,1867.837805996501,1887.47228381842,1902.9710251893341,1914.3392506428677,1923.1149516749663,1933.8398733388774,1943.9551422800846,1959.2414754840397,1965.0414656088253,1978.543236104569,1997.2906265085278,2016.7730367969436,2024.3651993737394,2027.1290732641905,2022.0050711807107,2035.9329477751305,2045.2308660029537,2062.1566798185067,2068.3871963773927,2068.177611054426,2070.9098336455527,2072.932700273352,2072.094122869523,2071.5560053359977,2076.835522013625,2089.4129839941274,2102.055158406808,2107.9631892111743,2113.528733424785,2115.4375237371264,2111.1915723722323,2118.7956399562286,2127.2532853729576,2132.8279181335242,2138.8832052202815,2143.054337111794,2145.9840898357265,2144.74015906237,2147.5034723128097,2146.4237823458357,2147.872027228428,2147.74105954679,2157.1816790260496,2158.874537601993
394367,66,"Baton Rouge, LA",msa,LA,1325.6596107692337,1314.9570443470643,1336.5999068099318,1343.5561597104736,1351.0838853481948,1356.6920554865328,1357.4567163263696,1368.3715731794032,1362.4358678985207,1357.048805577288,1341.27700676078,1348.252484777746,1347.07075994398,1372.2115283654,1378.3353227751384,1395.4332960446793,1393.7443585886983,1404.5234953360775,1398.568181421795,1397.5721822863231,1407.017772648243,1429.3742818448236,1452.535350836728,1464.4595454587702,1461.928263608506,1446.0700708848676,1434.5070893854688,1425.8749341921944,1427.3161737359917,1421.963445427605,1427.4818842396098,1431.581087720026,1437.995601110583,1438.1562239312275,1433.4648107683088,1432.071863523071,1432.7562650472412,1438.3806384603276,1438.6023470162086,1443.5988469575952,1441.2155671057394,1442.1871316408783,1439.0278051084433,1442.2743033607965,1440.6839277816673,1438.941767728007,1439.6153865598642,1439.3171187731416,1441.3270065553945,1441.5331900375486,1448.0747811984613,1447.6472779469518,1451.2861522992625,1452.9037657965196,1455.5111129619017,1452.6578204374325,1450.78584942163,1449.110337428556,1448.0205603685636,1447.334319488343,1446.9446476189978,1446.9270537161647,1458.2663511556873,1460.2315998715426,1466.2670648772678,1470.9083342480249,1473.6128699883336,1480.945442306194,1488.0157910480739,1499.8353287102361,1501.8376461204937,1500.7285366928368,1508.521633686626,1514.7309765823206,1527.7874518311028,1538.3409514920486,1547.8109287200998,1554.7049044225964,1561.7024227678783,1573.6088890669496,1587.4912104516789,1602.4757158111825,1608.6003283720056,1625.3070437661156,1621.0479939409163,1630.0235970653646,1629.619909823941,1636.7451919985908,1643.5246658327694,1654.3222007585534,1669.9262902347596,1675.5585983041808,1678.0979202584601,1671.1878706518353,1678.7443276866406,1678.8213746253173,1692.4340921442001,1699.082083774068,1704.8787582825835,1706.3928768048945,1704.4605086297206,1707.0867074071625,1706.052110389343,1707.1324503945486,1708.8419011858257,1718.8169603822223,1729.9612093038825,1736.5553319124836,1746.9577616634747,1745.2251958911606,1748.1234994242332,1751.2879404541106,1760.1836212563069,1768.5321369741616,1771.4691464517994,1781.4009450799833,1788.2896762326907,1790.8182130113548,1786.3410650073863,1786.5269690035857,1793.3371302231624,1802.3508394609285,1804.8612282177114,1808.7716926026083,1812.2276882444396,1815.149769203664,1821.0531224183346,1822.2916006096386,1825.9789320034463,1830.7218231898532,1837.4069217053584,1843.9245561403281,1841.1939299388594,1843.6592126438172,1849.188690494124,1854.042569203916,1857.0095295683764,1859.4979810637706
394843,67,"McAllen, TX",msa,TX,,,,,,,,,,,,,,,,,1294.5903162817701,1291.5235263250634,1287.225688204917,1295.2102669884357,1285.8060822492516,1296.9792767243632,1291.9341332656638,1297.0910225276568,1296.5024413259541,1297.6135381909753,1296.2323327177305,1284.4491862730056,1280.1327055427544,1286.9635528258204,1294.2961666524898,1300.914064542111,1310.539014295603,1310.4864434306503,1313.5605830535565,1303.077287861521,1310.833670700903,1313.5598446047316,1319.2712548616075,1325.1888301621436,1319.6631079570022,1320.191532742095,1314.829863054678,1314.8687345582741,1313.736411801215,1318.1128666346967,1322.802135972229,1324.0284934574588,1322.2653019600834,1327.4108551337667,1329.5453505142755,1334.343602613011,1344.5783960880344,1345.4825707416044,1351.0232218155006,1350.4261927156465,1352.7673735314224,1351.7381160239115,1351.6887266934575,1358.8744908592043,1360.8269619054522,1360.1942102540565,1377.2110925971763,1387.1066582732935,1382.9257971879044,1373.9730402654109,1379.1427550822075,1394.213910673026,1405.2230477347496,1414.3749297593824,1420.3056679884528,1442.0863426171522,1448.4942911613034,1458.716417829096,1456.9909690232976,1475.0938292032454,1494.3303806603749,1510.8350503384152,1530.1133707645422,1545.7670762858445,1573.858637990197,1577.8166393447773,1595.9333186418726,1597.6729653467444,1622.0292365931107,1633.1215810185984,1638.2540158922259,1649.0526630044458,1667.5207928155678,1684.9815790865837,1681.9045211515809,1679.7409402943342,1676.9404736471283,1684.839394294656,1690.9612567941435,1697.1353982410137,1707.2723564978387,1720.200934060906,1734.88187102581,1734.6463098396039,1728.8727426048642,1735.5490712190922,1736.299887991011,1745.5901163784372,1753.0133308404274,1766.0429516282745,1763.8415580092496,1762.4056494533074,1753.1810027836163,1756.6542983632,1764.3668506494334,1776.299020540337,1774.7504829597026,1766.913310270799,1770.4093881807305,1772.6977951483757,1775.6425678419375,1775.6274332160733,1786.4260554824793,1791.363500180856,1799.27029770408,1794.345506168889,1794.9253962611695,1783.1627255285919,1794.148745614495,1800.420325317308,1804.6577027800215,1805.385063945676,1805.9355933056809,1804.1692932741053,1801.0181403771758,1802.176651286909,1803.1043139909307,1807.2964211242909,1804.848948630169,1812.3346130718428,1809.5969719698219,1810.7025409130063
394908,68,"New Haven, CT",msa,CT,1629.7203444007994,1617.1016124479506,1616.1097926137131,1613.2183255404584,1619.0403369620687,1617.0237278940624,1630.4777087080863,1647.573937105282,1654.834874901022,1653.3426132038264,1649.5732928581604,1650.7413609523637,1651.3012105927223,1659.585267833849,1667.024767261123,1677.6426353644792,1684.990089528586,1685.2972143634677,1677.4173936182658,1667.414207736204,1670.2906266843952,1670.35036093208,1682.0911489545554,1676.5755210710354,1685.9517116642787,1687.2761771512664,1696.048854390023,1706.3649283676775,1710.9175494296935,1725.3444666081944,1732.1494987448966,1738.7808708571936,1733.1266152303153,1726.7930420137347,1724.398494543973,1739.2172152035494,1752.025285706595,1763.7534804074996,1766.1958117726574,1771.6487671770703,1771.798717040587,1774.1820655917513,1775.386552303199,1777.7946214598587,1780.7429865251647,1790.2497835895338,1785.731160396277,1794.0656714846284,1800.5082701002514,1812.8645108607127,1816.8869716957702,1817.1455799230475,1824.4491612052682,1826.6349486529725,1834.2662801456938,1840.8805742822333,1850.0085997528795,1854.5527895872247,1865.0715511237956,1859.8123549608497,1853.3296449261154,1843.6864233478852,1859.0210965865847,1873.5212079697442,1880.7304363747496,1897.8568913603956,1913.921895487626,1939.5142963981048,1959.314497494036,1987.875485928359,2016.3570607949214,2028.9232852246835,2042.3478436285461,2072.7390782978287,2096.493545876993,2089.935480594817,2096.144789932297,2109.5885801109716,2143.0659379496465,2141.9371288734774,2175.4013217688776,2191.419237189612,2235.891269410239,2262.013425059729,2299.6893440857866,2293.9393037754603,2303.552750514684,2344.1184828169958,2375.9973571949913,2397.2217350612655,2395.001865156991,2428.331890560303,2444.7051529730866,2431.11103621789,2408.5353374250385,2394.063925949273,2419.059646434295,2449.624735539092,2481.2645964636845,2488.6306495973795,2502.3832830525826,2515.6639255336117,2542.5677029049557,2561.852596496959,2556.2155855380324,2577.4317341442734,2598.179969148614,2630.506815240359,2625.608995966024,2630.1543381538363,2651.0749030507745,2695.6320452496025,2714.1620476358476,2735.5359805776206,2733.226205064159,2746.8111923938736,2746.1556466815014,2764.764838782933,2762.168527807678,2781.765397745154,2793.029935174488,2832.3262966255297,2826.23561578017,2830.487801566747,2852.1694267738458,2840.065245532673,2861.019196189476,2865.427397539539,2895.0339847414134,2901.148041098997,2923.644488397215,2919.5867793045786,2930.515641930767,2913.351464062738,2921.3233551686403,2912.4109697877193,2901.1484151833765,2913.3376813754717
394561,69,"El Paso, TX",msa,TX,1085.9058055515113,1087.4583001162807,1084.0164873783285,1081.8013152512438,1081.5675738624589,1083.664409649007,1087.9947484460808,1087.804350195177,1091.696068148109,1091.4400170828924,1091.9588949215192,1089.1222595395009,1089.0346868499605,1088.8572836503379,1090.7792604311114,1093.9846551222076,1094.5655152188906,1092.5745498627825,1089.7272631336195,1091.0487929330643,1089.550920649151,1090.2517779031582,1090.4918290575079,1092.8478902669287,1091.7658043503432,1093.8423256764572,1098.158960373083,1101.2522504725437,1099.8479536782118,1100.8415211202682,1101.977977558917,1104.750588604082,1104.1293760588724,1107.1172063206436,1109.104672895549,1113.4168840402929,1115.397475664511,1118.4421251937017,1118.9133087882187,1118.5370300964394,1121.8350617725416,1124.5161441783966,1127.3505559607222,1129.1431929591324,1131.5811470882172,1135.6935555891428,1138.8797114015535,1140.8726064425023,1143.8137989486875,1145.103564154578,1147.7728216873509,1151.5818979468395,1155.4143230458524,1159.1994493757063,1163.1149877341634,1166.4953749689657,1171.7051486552807,1173.7371862117666,1177.3185881581055,1180.6049608268856,1185.1764475786304,1190.1413101093817,1199.1837651820777,1207.2663755607475,1214.494913149498,1222.5019199343817,1232.1395734007376,1242.905912534799,1250.5592755249486,1258.664661759505,1262.8698094801368,1275.3446377106086,1284.6010105107648,1291.2007288132509,1301.5957729039599,1309.0960085176198,1322.956938421191,1325.6679519494735,1338.846551050656,1351.5949959787922,1373.677825903479,1390.327140296911,1410.757733341342,1429.1808468560448,1436.820651640667,1453.2676985681778,1462.9897497962538,1484.71587504622,1502.4550676860931,1529.7027340333768,1546.5619801525884,1555.1273730086987,1558.1365525434533,1566.9763119733962,1578.9420399721391,1583.103308518685,1596.1188035660884,1603.8516555834588,1617.9925562309331,1624.2854507301863,1624.362321806286,1626.4633058064442,1629.8676182648817,1642.6233029990722,1644.5188014623486,1650.7339183879178,1650.3360235306325,1654.8829717460978,1657.9086155880407,1667.5837915370773,1676.1457405399992,1681.0537262063797,1683.9238151969162,1687.6637902441391,1687.1473478320538,1691.5467262612856,1690.694863932626,1696.8176460761485,1700.4147277612353,1708.7278720159454,1713.9170336193492,1707.8742181502837,1707.1439247785463,1710.8620052402514,1724.7675641100047,1722.8454347682734,1730.4134521825783,1730.9796945110127,1741.3235501455167,1742.7660370694452,1748.2368205479618,1749.102747766086,1751.3592353664515,1759.6329102286381,1763.194712951531,1766.2189150038794,1763.6256795985958,1771.888554256654
394318,70,"Allentown, PA",msa,PA,1273.8943706644252,1271.638793447385,1271.8898284035959,1279.7815541438595,1284.045657847158,1289.5185287276029,1295.2408520536999,1301.9109824934424,1305.0342249445976,1304.4100692669833,1303.7157716005202,1298.6600429375462,1302.8577795661088,1309.8282157990243,1312.7684015012883,1313.9610437117528,1316.0623205149357,1320.3393699350395,1321.180183203962,1325.2609292045875,1328.2329131857437,1333.3049447919504,1336.8383918462973,1349.4179134187416,1352.6132990455524,1360.674212613797,1361.3830484908724,1365.2121070958392,1365.9190755694199,1366.2216141601382,1368.5763352411002,1368.7159890839027,1377.8937818321133,1385.4931661180951,1399.3160428169178,1397.3190592879957,1404.929298777276,1403.818064839847,1413.2180106594699,1413.5129993794892,1418.8356999544117,1421.062237796471,1429.1590627664443,1435.9768908702,1437.7143859876653,1445.068855527441,1443.8968463027186,1448.4988048258429,1445.591138694053,1453.7527600166475,1456.4779156266443,1464.9209860479932,1471.2023312899166,1479.7705692973632,1483.6526568759612,1489.199502624975,1494.7784477335663,1496.956660345849,1503.348958630648,1511.9574628339465,1523.692848538597,1530.4941146152428,1524.9368806971024,1527.2413899597352,1530.5905907579727,1549.1254876062897,1553.8809286081043,1567.6005100901998,1579.9604469638593,1613.7917137681957,1633.9520672671715,1649.0038668026928,1647.9889419231056,1653.298547179825,1669.5161752121803,1680.5179033474744,1702.719045010891,1713.7985013823027,1743.4629632811912,1764.3218983894744,1782.2505096184666,1796.3094668045067,1808.7458883065733,1832.700331428401,1846.3901874173366,1870.6939469581625,1888.035414505258,1916.980941882132,1932.8303092867332,1950.782116673268,1952.156960255633,1956.8305805073855,1959.095422076588,1968.3906420813937,1978.3344242010828,1987.8088932855665,2008.2556799474346,2025.1460215549637,2030.3707513550087,2034.00617795801,2036.7693937864299,2044.09958110695,2052.758839319303,2066.2510553538004,2077.989505916032,2086.2946686039118,2088.796150587194,2096.2727418425643,2101.355609890407,2111.7368768640313,2120.430922977448,2122.955640315378,2131.7758462394445,2144.6227529437447,2158.4119743262163,2156.300290591168,2166.098818639808,2166.0813888504726,2193.8311977121566,2206.1568737180173,2216.7113647201063,2216.017437426835,2226.320854645992,2241.294351595459,2244.2918788765705,2237.4467229380643,2241.280886680396,2254.459347094165,2259.683358132566,2272.9490115824105,2266.9966361839606,2270.3903987435174,2274.181416075022,2284.5592600042355,2290.122635544417,2295.240912518521,2307.1403870541562,2323.582934005885
394952,71,"Oxnard, CA",msa,CA,2344.145178854967,2349.0656267182217,2348.1562278498077,2377.4122794085074,2407.300092042244,2417.2973541990254,2416.5134032202577,2409.8314559121477,2416.8811671309913,2430.971992121368,2438.9375720063076,2440.6890139539782,2452.5075168267804,2464.844010221158,2489.497128133638,2493.6602343025593,2484.796164400073,2486.9499130209833,2500.0434015841124,2523.379621184651,2527.5744207053126,2537.9687238830356,2544.258121817959,2552.0153022373584,2566.13098841658,2581.448652203347,2604.230716476695,2604.945368908818,2618.3461396266644,2621.9599944646297,2639.8998023376757,2648.906847635621,2666.0796015770343,2669.804151210404,2672.0183239885296,2686.4305054955435,2695.152765642599,2721.6727788240996,2707.889712294633,2715.2338627000895,2720.4512783467453,2745.5098518104924,2758.0018671751272,2765.13605231238,2779.508575399991,2797.0989254617457,2814.386464811479,2833.475130332852,2818.5585797882773,2808.4905567546502,2824.7058362307325,2838.6643536664346,2850.6103796355983,2849.8124840644396,2849.358782500072,2855.1131325822707,2854.512234049931,2856.253809483408,2859.657707881498,2855.3659754852088,2877.4825655389036,2886.7074737280855,2916.9621014908316,2914.7957499468935,2919.3389297486624,2927.806765513386,2931.9636147280908,2952.926264282931,2977.2611470966085,3020.216064302277,3036.3994038830897,3064.9596873251803,3069.108847973677,3088.1803598286024,3104.530184035516,3136.8307976059978,3175.4890237011145,3217.7406353368474,3258.234508176132,3290.9671375596395,3317.426353156026,3322.65048594721,3353.889771556476,3379.650639838904,3435.049042241354,3484.7782971770807,3506.4489896984787,3539.5120559649167,3553.001564644926,3574.3387829083276,3563.293564210476,3557.454994803004,3565.425610026331,3611.2975978922204,3650.5165985256485,3661.083964954262,3638.0901572527223,3610.2660758164807,3632.6779713178726,3645.0579749900003,3664.815816353286,3666.5978502395883,3716.5229955142536,3768.659092056508,3811.993733358329,3788.4229324635407,3784.8382367635595,3807.368303414997,3844.395771328732,3852.5977460925387,3847.6819984529666,3851.3413430049654,3874.350383688001,3889.2157631942764,3897.1127840223435,3891.886116215642,3888.261746792267,3920.936908580537,3956.499491043854,3968.354922982846,3976.5550277242983,4003.097130127618,4053.955875671632,4050.883491733846,4029.319460809601,4041.476671583199,4042.315935065519,4051.7025069614933,4061.8918871407623,4069.555077625511,4065.74439114037,4073.3847999640916,4082.2234237415937,4092.2082818024696,4080.0303565206136,4106.500966677064,4136.502489962424,4148.547676282052
394486,72,"Columbia, SC",msa,SC,1034.9646996974632,1033.268815555578,1038.7652643533447,1041.6692126859346,1045.3429787812527,1047.5558847386171,1052.4457479648772,1056.8702665200096,1061.0435179948915,1063.8128078202094,1067.4945406460413,1072.0229192791699,1074.2310906494642,1074.5536695704661,1070.9462721136283,1070.6820019530396,1073.7263577163062,1078.8142844282497,1079.3401489827772,1079.1878711476083,1080.2157784107048,1084.3932629310714,1088.0862411624316,1088.8424503911829,1087.3102246982382,1093.3724342101305,1100.4282679495934,1108.2894368568961,1108.2128742461912,1111.0497886975,1116.3804014577704,1124.2110001484918,1126.0422001647555,1129.310680648265,1126.8373625691665,1133.8231672509933,1136.667927216071,1143.1523455673546,1146.4695365000816,1149.4252946742492,1153.8183625554223,1155.9600892546973,1157.216284820594,1161.6762384253218,1166.0449489782054,1174.571972931419,1179.7521487973756,1188.2608530727919,1189.9938203632519,1191.643207025421,1195.578128866399,1198.7458677203524,1204.0502338158847,1209.2755881013716,1214.8298086745533,1216.7570599054893,1221.5092919270219,1221.5493361221113,1227.1280394143425,1225.8481182664173,1232.463389651825,1235.6346812732281,1251.4067577920691,1255.9095861012706,1262.8838106984097,1267.3793090541874,1273.0564184049904,1279.0759848021844,1284.803353650644,1293.925133251428,1297.1057248642014,1300.3697473034617,1307.8626081101247,1322.7184326538122,1337.8196350241803,1347.6353425761922,1355.7404892588902,1370.7215641466253,1381.9321361928346,1402.2556754234004,1418.246048724865,1441.3950225757658,1453.7227992336686,1468.0447781626958,1476.282418514098,1484.2271566043032,1491.5851199916194,1505.5576706596278,1522.9008399710535,1533.8161685933067,1547.2163400577138,1549.0380792295466,1555.836881128631,1563.803753967233,1580.0940599441515,1599.898429091277,1609.6643877654237,1623.5886641529005,1632.2494986493405,1640.4794248534108,1647.661771177925,1659.964127823504,1676.3431135651288,1687.9731499815719,1701.980420191762,1700.5447572720884,1705.6541306105837,1704.162299742305,1712.350949632491,1711.0081947264705,1714.5582590076021,1726.2132625079907,1738.486432431118,1743.7346727130437,1748.9122830183453,1757.6132623965077,1760.7458531536502,1764.1170130823893,1769.8323126964065,1780.8049840762963,1790.6237516386254,1798.905319890751,1808.4869916768253,1822.2303241517022,1831.5239375805554,1832.7891869781045,1836.8726809147174,1842.245165983306,1849.1491316094284,1862.523189255688,1868.4338516470143,1871.894257511633,1872.8819069504607,1878.1922631092912,1880.2933216159015,1874.0851945962415,1870.3683496343006,1874.6223042525962
753906,73,"North Port, FL",msa,FL,1401.6392682654123,1410.8075770347562,1419.245236315037,1426.320138139867,1433.3179179390045,1436.6482439643178,1443.1133775370931,1446.5629736377066,1459.947367301335,1465.1692421116147,1472.3651329680902,1464.3881181209144,1467.7583408096423,1474.6031839936927,1489.702356644166,1486.1691872271883,1486.5006632657992,1485.0324338235025,1494.6047816745051,1498.8375847567613,1497.4977875425755,1495.0587282527395,1494.5966802284431,1518.781093683077,1524.7064091648547,1530.1248317164407,1525.9360811352315,1545.0259988067519,1552.1840267438808,1561.2860713810314,1553.0094167857424,1557.7606739278558,1554.7029452490456,1579.6190164915438,1585.5656966249824,1592.4887182717546,1587.6180075358732,1596.3971561759772,1598.4532154024096,1593.5312014305503,1597.5749591892693,1609.1698693627234,1618.9949157076023,1619.9112760691523,1624.8770604357737,1626.0406189787452,1629.9488038599375,1630.093755418966,1637.4642066367705,1646.9252060263323,1656.9032238030454,1664.640606451756,1670.4995658769058,1669.8795463935355,1676.6005832002243,1684.9286148713654,1694.8737536247943,1694.1233596236727,1700.273502611713,1703.8977738257454,1711.265967898651,1710.1036847341375,1722.3088808196528,1717.2863572976269,1720.374096065146,1721.9327388256727,1741.3086203882908,1755.3883677198742,1773.7060285471207,1781.7941169408073,1809.4902136586588,1829.1774553106945,1846.3514627717977,1862.9366072227936,1895.3646338258573,1938.6961536811766,1983.1479647801143,2030.7473949445377,2074.201464724952,2130.2898602552177,2186.8776146908367,2244.8650362592934,2264.1711354727568,2298.8486623214626,2339.571069844099,2380.823241421518,2398.790796580213,2423.810418662445,2458.7580874470214,2500.1749582831035,2514.613107676198,2507.7018701378565,2494.218269640416,2501.338229314871,2535.6262641102644,2549.1005630613236,2549.210262465952,2555.7150181617817,2572.253146815651,2588.6949943465233,2576.771597420113,2562.7433708422614,2557.054144641262,2559.2016340040977,2569.216515142834,2562.9599401578853,2538.249395328506,2539.2781772127137,2545.548722628707,2569.136128573761,2577.040519188075,2568.9795566656594,2575.638268397163,2572.2852379885376,2570.345738117966,2576.709548494488,2570.0655108265055,2585.1820870575298,2598.311074283161,2614.5013313380596,2613.2897031483076,2610.5923344198236,2606.8909956602315,2598.432266153396,2589.5584949216704,2580.882034436508,2586.8682745545384,2586.3145805463114,2592.9772185055062,2586.597250602613,2586.295996149688,2575.508057310101,2578.030570484975,2573.033155525705,2575.721025735145,2590.0427529875524,2603.698464504783,2622.993240389826
845158,74,"Dayton, OH",msa,OH,869.4533401781198,870.0414327737174,867.6162695282978,866.6320494502073,871.1813313212328,874.9949139403572,876.5122754636385,877.5971785794045,878.147049400715,882.7710148213283,886.2485942905065,891.1740593634267,891.3509426805206,895.2563239484591,901.7152987845326,904.8215193862078,906.4455066789599,904.91601776682,908.2284089575334,909.0370720857312,909.1940939321986,908.0062552976541,910.1201285600245,910.6004349242194,914.4810614772906,918.8989886825466,923.627557790134,927.6376914478607,930.1566622918302,935.756491460038,941.9315012281977,943.5514655617582,947.9847562178063,948.1602585569793,949.7614346070128,953.647611131348,955.7323419821552,959.4252255214345,960.7299858550616,968.281270989302,973.3943905272531,977.2256057410332,974.9274048059008,976.6922116298668,981.5306093171223,987.9487083607613,989.9559078671145,992.433686569085,998.2010498535009,1001.3112179338332,1004.7925156260177,1004.611227684991,1007.5541851231179,1010.7977507742067,1017.8135379275794,1024.674060063676,1028.0330812478453,1032.6193108105497,1039.4509933151278,1045.3165018976679,1049.1691137123064,1054.3509180772514,1061.1094059153895,1066.6970297246676,1069.7979582418739,1074.0197065473901,1080.7473351956996,1083.8298443249726,1090.7967061530246,1098.960964393787,1108.2566513766005,1119.303536409434,1128.6980395365292,1133.8595616263278,1140.5403056416571,1149.195166340348,1161.6268909560079,1176.129834417379,1185.417193698161,1197.4947697744064,1208.224904245449,1219.800006387507,1230.093249682718,1235.562280759169,1239.7381137724415,1251.3182137893639,1257.9496599735483,1270.482957116682,1273.5404977644596,1283.177136298004,1291.254539447873,1298.5586498737434,1305.484413241796,1312.297558179229,1320.554515402437,1328.0215304696667,1337.0035486486931,1343.1013921488006,1350.3263632430173,1357.4873390086304,1369.217231473273,1377.546359035897,1384.2276643446842,1392.583417318172,1401.655470582504,1410.6476050111087,1417.7425405597746,1425.815042541903,1433.072268636079,1438.7964546399055,1449.296952189619,1451.6934401437377,1458.6886832445587,1455.431476915428,1461.2399417982995,1459.7011175206783,1466.6192304339613,1471.7742296912093,1473.831195646574,1477.5047892236935,1483.8504835923125,1492.6126684154374,1496.1015844790193,1500.6109658283406,1504.9489699312069,1511.6190274369421,1516.2607742592697,1525.524513957389,1527.7689892685805,1531.2322641170333,1537.5940474866948,1542.349465783508,1544.9685854443726,1546.7090354847667,1549.94272849609,1556.1026945626093,1559.2410156507574,1565.9691697191695
394457,75,"Charleston, SC",msa,SC,1294.5306128996829,1301.1747093943316,1306.6887898882896,1304.1523181744908,1306.6851877003644,1313.8025854374387,1327.6528950288005,1331.621004324665,1337.7487473314834,1341.7926402794947,1347.6730345993385,1352.7693371090709,1356.215359138552,1364.0180441207021,1371.1176434633344,1377.6566225698075,1381.3925144901616,1387.8721393170883,1394.548266818305,1400.6653482251184,1402.3106934768466,1412.2063977237322,1416.4667836312858,1418.2174826283886,1425.6345200177138,1433.0893275639212,1442.5574868475887,1447.9147515317607,1454.5539985817682,1458.6777105485537,1457.6179505374844,1463.4410492874094,1469.1372045613575,1472.9931475059827,1479.8367662483174,1494.4087853964775,1493.719800289828,1495.5659810732673,1492.3080835823912,1508.3307314596093,1512.259155558212,1515.0105177904356,1514.7849442344034,1523.1004891593773,1531.8242737494595,1540.4223565218924,1536.8075477135499,1539.281687157409,1547.5854622520296,1558.6738426630816,1568.1117946050758,1564.6445521774483,1570.2451931858534,1576.979836354355,1588.0771121741138,1589.1378359627936,1590.5722755854235,1591.0281004076712,1600.3241672026966,1601.257431199054,1603.7391239737099,1602.2879676173127,1613.0298083902633,1619.9241072715581,1625.2381083053292,1638.4285519271605,1646.30271258301,1659.6970874463714,1666.3617088460876,1685.9479856312842,1699.4739841560674,1711.4506796365756,1726.5890244524298,1743.4907930081854,1767.4957239955515,1782.998327691981,1799.8728818771085,1819.9562737210783,1844.193262165702,1872.57326900429,1896.4399276476386,1906.7603978778654,1939.4618780473402,1958.4738392325226,1986.2768756949108,1992.9451488307304,2014.4347532498646,2036.0895579932808,2061.6820380561007,2082.9838043663676,2104.6332972204013,2118.9072866807223,2142.9185657587986,2179.353204659545,2186.0929141364068,2201.293341608491,2199.9001824156194,2230.482557903016,2248.3373561917415,2270.4682584627863,2288.232004518291,2296.216777109436,2306.3417897895492,2312.963381317642,2319.6514086729835,2326.109073561693,2335.487150218494,2360.1265913265224,2373.1783720953504,2387.6509384593146,2388.159572576802,2398.189799053117,2402.7116658576715,2414.5819999545965,2422.3522570805435,2438.51800520656,2449.1803703943206,2455.117187760396,2466.5147436651364,2461.7998020238006,2470.0398359890573,2468.549321513977,2485.495090428126,2502.834813977258,2518.7097162193563,2516.838685936785,2527.784100492056,2534.9155028084174,2543.662563601375,2553.523241666884,2563.005721060505,2575.436681091903,2586.675307947283,2598.1282563134214,2604.195381444662,2603.87795216706,2608.0960652904764,2624.3587969483565
394648,76,"Greensboro, NC",msa,NC,975.316035035533,979.8946189268888,979.3199596296835,988.8950720260322,990.4762699555438,996.2816129594012,994.0909142771118,992.4883728979261,993.9380723037295,998.6448360461994,1006.6804395442151,1008.9763878313876,1011.7395655311501,1013.6393946370334,1012.4373861657649,1010.7349659846619,1014.2093867084737,1015.8909081421064,1021.3334265316669,1024.8329566895666,1030.2383510254006,1031.7428223035984,1033.183197177713,1035.4707413711217,1040.616736956685,1041.7571394719585,1049.5066646634239,1050.1327198265662,1055.2780973493102,1056.2218410891912,1063.4890725538328,1068.2535081831584,1070.219344398872,1072.4818496743083,1071.7456266047182,1076.4341099930841,1076.5194434218417,1085.3958501942889,1089.2806335822158,1097.6489695959153,1095.3329254129173,1099.3942947500047,1103.4190863235021,1112.2431684580974,1116.6021880244225,1117.2264708925495,1120.2400201437347,1124.7636562991431,1135.4171635689129,1136.7656782689246,1140.1455087225238,1143.6108214288022,1152.5094264353925,1159.0692412550366,1162.1575196215178,1163.4325029862282,1169.3588105276704,1179.0216311086483,1188.475468023338,1194.2077322364498,1197.0404245563248,1203.9239070125018,1207.4465727408556,1211.1601950220152,1212.9524031572396,1223.5544119892525,1230.9271494997931,1241.902854757243,1251.8588242195863,1266.518150792233,1277.824493661065,1287.2883618191877,1293.8190199228848,1306.9691170115348,1322.475864052036,1338.8478051423742,1354.2943523441845,1368.907498327694,1390.9990326434718,1410.0384857837455,1420.2050542699185,1430.9817805783234,1443.9152942959613,1458.585085144654,1474.1971435010541,1482.3125483321935,1497.4372958408862,1505.8341541705468,1518.1248051185646,1524.7437693880129,1536.7019980462164,1552.3084315950903,1572.7547453238249,1582.689867659909,1588.4381172143042,1597.7237851572995,1610.5756919159728,1624.6877513312186,1631.1703434042786,1638.3158217254825,1644.5065192663678,1654.406954265356,1657.6035070086398,1656.5403108657922,1660.753834803607,1668.6228379411884,1679.1092569955276,1684.2707225570232,1690.0505970356314,1694.888489685594,1703.9276438875254,1714.8329654075003,1728.3437577045909,1733.8162435506804,1738.437971615937,1742.6662476225022,1747.1796504297197,1755.6922641425922,1763.3505711748487,1769.909684185299,1779.5181540312851,1785.771260223204,1789.2780410823952,1789.228235867681,1792.4888402542144,1796.7842621724624,1805.257752102084,1815.1644297487526,1821.0451102749237,1823.8908840136173,1826.5465097452454,1831.6153097416645,1832.9435057819558,1837.1147451014447,1842.5475064704026,1849.652265882726,1852.7736034724471,1858.16962530425
395134,77,"Stockton, CA",msa,CA,1524.2139881021153,1527.6116051279103,1539.6411298609219,1550.2588913968593,1561.8519102286145,1567.7460402108607,1574.8396329383122,1584.247622741321,1595.1690361361905,1612.1675364009839,1622.1177405385029,1635.5640214001296,1643.9340784912088,1657.8606478760103,1668.13437003816,1673.7771394802658,1685.2967920103101,1699.2205776332728,1715.5335738751446,1721.0585495364003,1732.588477787529,1743.4192624882448,1757.9001490111496,1767.9639637413302,1778.5815165659897,1789.4133700175187,1795.6978342926504,1812.8950828604184,1819.2909747625379,1833.5163305804074,1841.299248735518,1864.1393186645425,1871.3868905786103,1880.117611736362,1880.4414759518504,1886.5296028550715,1895.6039891507717,1911.1767341530817,1926.2041744874025,1935.4165863059584,1941.145354873756,1945.5151607916673,1950.154790011633,1958.2810084122132,1971.9219169115195,1975.6755371986096,1990.7739458574943,1998.6429608951196,2008.3190463586284,2004.0248637510954,2009.0660973711279,2014.093907060425,2026.2232133764282,2035.153842971728,2046.6646811505577,2050.1767940166214,2056.1152281097407,2069.1606130872824,2077.166312824159,2089.0113445314764,2098.221204684056,2115.16884080492,2127.030224789392,2128.5384101494715,2129.5470328173024,2128.615360052233,2141.2475786341624,2159.942827465285,2191.3557704717928,2239.375846245442,2273.8113625922047,2314.399802704623,2324.4195887805517,2339.7793751295244,2355.67577965187,2387.435783138392,2430.812073969045,2471.2403759366493,2499.400693779107,2523.1540056646377,2538.6551787836984,2545.5757509010773,2552.8878333459493,2568.1845731692074,2586.7404130629993,2610.3419376228567,2618.184220575162,2643.2162176429197,2639.101537474519,2639.5070638600414,2632.7684388963253,2642.867518842224,2646.8989544238016,2646.140723953683,2648.6280042758026,2648.094401879883,2659.417436416845,2654.903126702306,2665.3327090164807,2657.129334565351,2672.852077692676,2687.7071894783485,2704.692536896635,2705.1155578088537,2714.260623605694,2728.189129630097,2740.499239572727,2734.97959854263,2737.0926312148154,2748.5061458575183,2765.906519779873,2773.021915170485,2777.3365144504614,2779.50875862629,2793.9052921219013,2800.5191869767996,2812.6792629830265,2810.4411521927245,2810.5259149580725,2814.67372003219,2824.8105756053546,2846.9154397990883,2843.742927085269,2855.61642218972,2845.3733046017146,2856.1515627021076,2852.349424790705,2859.0217657515254,2858.30416512842,2867.034513395847,2873.4858988312917,2885.3506719948273,2885.6784664501665,2874.9300244531782,2877.5199471429487,2876.754139123073,2889.675617776983,2887.437728290326
394440,78,"Cape Coral, FL",msa,FL,1133.734804954195,1149.4280821477485,1156.7150759894798,1172.2366590475606,1177.9093254705688,1194.25437094328,1205.5013019364221,1216.9852120250023,1224.7038324707994,1235.085905269369,1252.0696085661057,1263.7098178312478,1276.574379341753,1269.421485136636,1271.7936845767579,1274.2916047021333,1286.2006888951046,1291.6828982952154,1297.2249680731145,1300.618879956266,1307.6033855267099,1306.6425506339137,1306.4009607782389,1302.3935844027133,1308.1677628835198,1321.5867386931372,1334.0310935733073,1342.1582654517722,1344.8662270876919,1342.9763684740926,1344.00434013065,1346.1786559289221,1350.2923233772142,1355.4212272787638,1358.3209204513073,1370.420240841289,1376.9219136748509,1388.0088771685757,1390.9283160824887,1391.4405080419149,1393.2292785314555,1394.3418877911658,1399.9570813552666,1414.5517610302113,1418.9446815155409,1427.0718982257242,1419.0260620838296,1421.0693588744189,1421.7210586348067,1427.3368565452427,1429.4235983751946,1435.095551802452,1440.6310812692802,1449.7607710713733,1453.7521633271438,1450.3374451014026,1452.9574761772456,1453.5662953673618,1467.0584606971145,1469.1091856219332,1472.7591004275298,1469.168588585417,1475.7093482634086,1476.5013322833895,1484.0774458466262,1491.0212147856482,1506.1839863408004,1511.7971135462894,1528.400445645822,1541.9965390685902,1562.5917668152254,1572.2114038303143,1584.204363272417,1604.3040573560415,1635.227129138387,1666.1103697001422,1691.107165423415,1727.9308346118437,1763.7323342933814,1820.849319431973,1861.628352132398,1895.5841847657412,1924.2694264151937,1968.0858202290922,2011.9279248000041,2041.2661739437524,2054.1674622159126,2081.345252614688,2122.1555692363872,2148.0926641502906,2174.561608488838,2170.7934710885693,2180.030578478795,2207.451545873816,2240.99064102241,2263.8789861627333,2259.4708412881623,2266.668948383236,2293.2817338091686,2304.8533830301926,2299.3912929160815,2290.405046991691,2283.4924186060025,2289.3039048078635,2286.665992588831,2282.2500049684845,2267.442845482619,2266.011065054624,2279.7539068866245,2284.4978863643414,2271.3878940985637,2255.567719309785,2254.873055880187,2256.2116889189792,2252.2537875474663,2246.949641770254,2251.370893876331,2255.0807703976866,2253.5894549644486,2238.79604026119,2229.2296706483603,2224.9277924453904,2229.0078572465104,2221.6631337617378,2209.3568119017887,2198.375223901652,2196.119877463137,2193.6220637912056,2185.400369024132,2174.944528065704,2171.7803531488985,2173.8336604414585,2170.3974485768135,2165.6220405820213,2159.762402574606,2165.9945699040027,2172.1143262809005,2177.8567545138008
394399,79,"Boise City, ID",msa,ID,1074.4868404576284,1080.5514614811816,1079.6861039965752,1080.9896648330425,1087.1992348808155,1091.5278871728033,1098.9835180568814,1102.729721681945,1110.7879515979337,1113.6111983053756,1121.1646998603865,1129.0844566847522,1141.1683381049165,1149.3906028147944,1153.343025115228,1160.157264976092,1163.0257768713755,1172.6648259378242,1178.7301446972406,1188.531668682294,1193.0346700734738,1203.2936263736226,1203.8892049412113,1211.4722387187683,1212.1333877328661,1220.1889822048834,1233.6828171178013,1250.31779765448,1264.6104519604967,1268.9033033167677,1276.3750410195348,1284.1535478763337,1295.2574256109006,1300.3486783067792,1311.0264830161907,1315.8637075802462,1327.8717406983722,1337.6807850780663,1343.2094011271956,1348.7472564111692,1356.941572312329,1374.283704526164,1386.3902205532656,1393.1836682880796,1401.0351208673776,1408.902428455056,1420.5092433310451,1428.6149404801463,1436.7852831364648,1446.0973337500543,1455.3550991760203,1462.4167378414295,1469.6547227516435,1473.5559983108583,1480.9675110053042,1491.900948109119,1501.4638593787633,1513.1342636412123,1520.9887155807944,1533.2485771684035,1543.1763184238632,1551.9111523738347,1550.9387504792364,1546.3436786586153,1544.5826004995138,1549.2889273738613,1565.0427683229273,1587.3543919753542,1614.4532679469107,1647.949013088419,1679.662463649095,1721.8944630681895,1746.8432913623665,1774.1906107366244,1801.3317715232529,1833.0340294851298,1873.1292889215256,1903.0717297732908,1936.133729873726,1958.0039004321682,1975.3903124012804,1985.2835030003173,2003.4148234448844,2003.2401224762195,2011.5772767640215,2015.1685020658617,2025.0459076258117,2046.006800197409,2054.3660883013667,2070.418027461918,2073.768761593352,2082.4792940577063,2085.6288529360936,2082.9036596910364,2075.4088041064215,2070.193195867323,2075.8265858269046,2080.9890507118434,2090.116408927038,2090.5340032527424,2090.416500231677,2085.0482970389676,2081.807484949412,2082.439327783966,2090.427639447684,2097.6857918642177,2101.5727809747755,2107.298074463709,2112.9153702347216,2126.8921437225667,2136.619916301546,2142.1704464033273,2148.5844897228285,2153.2217456521116,2157.5591924678442,2160.4241555040117,2166.9904623654993,2173.923657601161,2184.3397497072597,2188.104780620734,2196.966640874164,2189.2059237223193,2189.122934091174,2191.4499482040387,2201.927809909171,2210.2957365845023,2220.579137836226,2229.598196994219,2233.5332004306056,2239.069767328207,2244.5058176098996,2254.5304432644266,2258.5739520943675,2272.009177606098,2281.257979004005,2292.7550883668873,2298.4335370100844,2307.923888975681
394484,80,"Colorado Springs, CO",msa,CO,1303.6470335687056,1309.3688024822047,1309.0184608907073,1310.1647833334416,1314.8930920886771,1321.6003163874493,1329.50791715746,1335.5647593131655,1340.5227716758568,1347.87545679925,1357.4170742226784,1360.9349698250955,1363.147707868576,1363.6044950026057,1371.2086236818486,1385.6700011758421,1394.4680706055528,1407.5518144678422,1410.9709375599466,1421.5970258192083,1426.6759689363264,1436.8579010171056,1439.7084561018974,1446.0836986105905,1451.8026244086975,1468.208639540269,1480.2079423935672,1491.8463543036785,1494.6989390856863,1500.2803120104816,1506.1254011071621,1518.5848666358686,1531.6139162733673,1537.3066593715648,1543.701560155911,1550.3963374966177,1564.0886643125923,1565.3282098296017,1571.1164068392493,1577.0597334243312,1590.4116935263562,1594.5908666335515,1600.9672470807432,1603.584184585985,1606.8679676788197,1606.8276456483711,1615.4754985124086,1622.186322846632,1633.1424419437694,1645.2670810971754,1651.582895418871,1656.3209094467354,1660.9427918673146,1670.2372989578637,1679.8486307658693,1687.3929834541193,1695.3874039040218,1708.4424363188375,1715.7050306943443,1723.6486928236434,1724.66373900801,1728.7836760304556,1742.7335856968548,1746.9914226155493,1751.4735428192269,1755.568578681591,1764.7296050358093,1783.4891218793498,1802.3464302271814,1820.2276423793319,1837.805409853252,1848.3755303797077,1856.4094759655752,1866.390605157093,1881.1121736427617,1904.4229985942331,1922.250129861377,1946.23160152992,1969.347110911647,1989.7763150884937,2007.681580767945,2021.1998997460776,2042.5315546194752,2063.558511352019,2082.4177444062757,2090.717518917909,2099.1705036528756,2106.4885404724323,2122.0309286402903,2132.1490546850114,2140.6335693499523,2144.7506984383413,2145.3921850237653,2147.3202893865982,2144.644140976112,2148.3724526945584,2153.5112186570777,2171.721035026254,2184.6088043492027,2197.112621731445,2200.0361307431626,2205.109642218395,2210.8759487512193,2217.900268612884,2230.2958672978357,2239.848647748658,2245.6561319091447,2251.9849002357214,2258.692848288865,2265.264069516808,2269.8725810374767,2274.074842149632,2281.9901526804233,2283.7961892270882,2290.588819770942,2294.6159007734136,2297.9394060789896,2304.551118714164,2311.3925680355937,2325.195717580279,2330.418158838105,2333.4045893886214,2334.0749634316603,2338.2641963353108,2345.241128960399,2348.840930593339,2352.629380094249,2358.506320423309,2362.5932020458226,2364.9043649724954,2369.1528778103984,2366.028974538072,2368.697756552571,2370.405817380945,2375.6094248360873,2378.1341056916494,2378.010643324231,2382.708206301369
394798,81,"Little Rock, AR",msa,AR,943.9559968797012,948.7394633942123,949.794899131869,950.0494275271939,952.0832557403531,953.6842467993554,956.3108948484776,954.91574886822,955.0925343561096,958.4055134063517,959.3460263241518,961.3665910701852,958.4554246232175,961.5764631052884,959.0373195150473,962.494428192055,959.626200744075,960.9573167613997,961.1128825043884,964.1905581151493,969.1238031486879,970.8896571892067,973.8551235450672,977.2512958044202,981.0641402787815,981.7044522552173,982.3490440782018,983.1540247530639,984.7514756480615,985.518629256069,986.1234316146258,991.8381364120229,991.4475427302539,989.8545811827696,991.6557310668951,991.1122986647952,995.2553393057428,992.5195939661845,996.3003131398062,999.4890031831575,1003.0031653254204,1006.8326666418537,1009.0454255456207,1009.5147877151818,1012.9385614462343,1016.3008921503834,1018.9435917926216,1018.417880272274,1020.063887526485,1025.737064841322,1027.660732689919,1028.826383996017,1030.6530684904217,1031.8656075830734,1034.6682210802321,1035.889554193561,1037.4631574170146,1040.2233415556982,1041.7720310775696,1046.8226696020893,1048.0128012425232,1049.9365174435343,1055.052715266029,1061.5601629245516,1064.4373544519485,1074.5049990646864,1082.9624620398602,1088.2707623578813,1093.345618124406,1098.6108400700937,1109.6958162800172,1117.421189306738,1123.6604713289687,1132.4745657143442,1141.5330305853772,1151.9369934741396,1161.5228644275153,1165.9125986207146,1176.5803148475234,1196.5653019563933,1214.6060535483423,1226.1164641948856,1228.88087286523,1239.562484027054,1250.3703367296985,1257.4975869267591,1258.267950746265,1262.9747137785184,1271.932030370442,1281.879916437897,1292.5579601515776,1293.2593546898145,1300.584209833841,1301.1725931599326,1307.338289611371,1304.0307515168,1305.685855130105,1312.3075124597772,1325.5895173434074,1336.4047410559115,1340.4507843575645,1342.1244686583882,1342.1486277077522,1345.9019875807367,1347.263675976308,1356.08658557463,1366.7128586737633,1378.0978855877952,1384.827043451837,1388.7410258876832,1393.1625574837963,1397.0716995343073,1400.8872208503983,1410.213601177484,1412.6399409117753,1417.0361861883985,1417.6525894156564,1418.4470459956804,1419.6988345500515,1423.5438274049022,1431.76373896971,1442.074489867971,1443.746645553747,1445.984393924572,1448.766867499059,1449.5675346893395,1456.7455534766593,1461.8958906511955,1469.4320904468373,1474.2864002549084,1476.618584632982,1477.9475858586895,1476.8292510525764,1474.2838946225563,1476.633649870519,1478.913394304813,1481.7477728620468,1483.3735499279703
394766,82,"Lakeland, FL",msa,FL,1136.2563475382096,1135.2624661993675,1146.9171451477885,1153.420930004291,1164.902466382931,1170.6501796010941,1172.3125275066593,1174.4706951504788,1177.2162484451258,1185.946916806851,1192.183714167621,1191.5447454640057,1195.9049036102394,1196.9027018647732,1203.2019659839966,1204.978812149011,1206.6140630508894,1211.3145975098175,1215.4727385446463,1223.8775551330507,1231.5730685630556,1233.273772950033,1235.9433201704094,1240.2982754451816,1248.3347902595044,1257.1826221393194,1263.2263428141932,1268.6895362893151,1274.6875467243835,1281.0530767407856,1284.2822021579807,1285.0836721191824,1288.6432858483447,1295.5124795417435,1303.532553739403,1306.8093299292912,1308.1886397989613,1313.465928184686,1323.3470543894093,1334.6074672487612,1342.8194493832834,1346.8407324600414,1354.477896232735,1358.1291347537758,1366.2112630886447,1368.2482165697763,1374.838101857759,1384.0474400198816,1392.880084918061,1398.1725791944268,1399.5078138998663,1401.463779610764,1405.5846666027273,1412.421063582702,1418.3843553241813,1427.7719318336092,1432.3718564253575,1441.0928456759066,1445.4319592804618,1449.8732216151006,1454.7296337613045,1460.325289332834,1465.5267318614553,1479.468667136383,1481.691412985506,1479.740784333016,1477.7358350309712,1489.0201058402138,1509.706719418381,1522.226046644412,1534.3739382214847,1547.9710398437765,1562.4267644822676,1564.0354556935904,1580.5819304544784,1593.916228902604,1622.573669989292,1649.609381942385,1676.5832993911765,1700.9561516702265,1729.7206663267268,1763.0254795429075,1793.7139387571056,1808.0953257976003,1828.8377714551877,1853.5920043293556,1879.9856567852971,1898.931168064642,1917.2857194954656,1933.8840780695218,1954.0989408059386,1965.2025804220052,1966.4758400646772,1967.7110105722636,1972.134755483026,1979.655031380814,1981.2135309348803,1984.3540038620743,1986.736806572715,1989.6444603544023,1989.6393608961969,1998.9521336311045,2002.6209028773712,2005.519336131355,2003.5789909713426,2008.457882445181,2010.6656373115457,2019.2685915864845,2020.6743705399015,2029.1618885459843,2033.1761351933924,2037.8890875627053,2037.2286679216231,2034.398903026348,2034.9394784299006,2041.4858418748142,2045.5519688706213,2045.4012703141073,2047.339969261569,2050.6733672818577,2059.273445991099,2064.6728781071993,2067.896418971735,2061.063463266895,2058.5148388342755,2056.4626080473354,2057.6836974403172,2056.6860826277657,2061.8367418579796,2066.8560213505343,2071.1759498323922,2071.436926740477,2072.4636804928737,2072.4785039082517,2077.009560283955,2089.414261870944,2102.569543850383,2115.383811477306
394304,83,"Akron, OH",msa,OH,806.1219229580946,812.8275870902148,812.3705258318624,821.6018065918968,819.3923202081122,822.1078013107916,818.8383269999728,825.7914082347302,819.0230772580682,821.3304889746295,820.7301524357009,835.8567917312527,838.6922014756947,837.9593487977752,834.2126294046373,831.387172639147,834.290969403897,839.6291296197259,843.6375976972676,843.8383342968327,848.2697739517525,852.4600523499101,855.7819463579824,849.3243112755601,849.1989164353776,850.3700740653729,858.5463350962634,861.9719814468865,867.3890230964566,867.7935271403163,871.3706918349814,870.8243587420884,873.0025075714445,872.1371654490737,872.8577596994817,871.6333189236983,876.6863060580666,879.5306271308449,882.882939307222,882.2986032553963,881.6295122018378,883.3482918900231,883.4196875425439,883.308846837967,887.5563825749749,890.0599396758062,897.227225228439,900.7182215181966,903.0865693790131,905.8381569638374,905.5819641571884,910.3365726032351,913.344220369074,916.3977351667917,919.5466681859747,925.3824285378967,925.959702651616,929.1138968282028,928.07674948148,932.3908650974773,933.5542685113662,935.3129581658696,942.7409360286636,952.7251965278695,958.1790053048761,963.1410030724974,969.2657133543344,976.3193025478486,981.9422753299829,986.5163806345571,997.4505364570582,1005.1532263135504,1020.007638429704,1031.9056490913476,1042.4651856465962,1042.9922212229785,1055.4646983824503,1061.9904147565621,1072.7533657850217,1078.3629170228623,1092.0285180253309,1109.1917021762051,1121.7588535975055,1133.8503182721142,1134.1912056401593,1141.2138119201225,1147.256718718447,1168.7189028629161,1172.9937243942766,1185.3598849075029,1191.3779622974969,1205.1863216537022,1213.9791765895689,1220.5412512249884,1223.3345574494558,1227.9357294939819,1233.0037444526665,1235.8241022341429,1247.2201733615962,1253.231463772256,1270.2292377798328,1278.2210474712076,1284.8320249260591,1291.3025875897363,1295.8410609800662,1299.9342192958188,1310.7755171585793,1320.3382659334163,1334.3220082776274,1338.1646662103824,1334.3456379292409,1333.402453737048,1334.5202179781093,1343.75793483141,1351.3154647109097,1356.7984631383447,1359.8819313253512,1366.6453459534782,1371.631089419166,1370.756386427579,1375.66496614568,1384.1020287880472,1395.840468661989,1393.3915185981011,1396.555158484864,1404.4947016734532,1408.3371929906543,1412.3431417442434,1420.0912724690395,1425.615650112444,1430.1851750682204,1439.6198258729694,1442.6344335243562,1448.264393042108,1453.335022784688,1468.807899518215,1477.265014399102,1479.6793963022035
394531,84,"Des Moines, IA",msa,IA,1224.3608971196772,1229.8934746541406,1227.6213862246043,1222.8576736332316,1222.687480159658,1227.0397455364127,1233.8791040309386,1232.6411222967727,1236.6570546031066,1235.0876842528917,1234.1164556641704,1239.3409152614654,1245.5073270333808,1257.9303176002165,1249.410061940945,1253.0466123760532,1248.8111647105266,1249.9762204831918,1249.3316830174167,1251.6599360721084,1260.8958544012196,1267.4762977369708,1278.0598945329211,1274.2489224178935,1268.9972038974006,1262.4386218567365,1269.3101966727224,1278.5969155193525,1284.9987343966598,1287.7785605648505,1289.1955055590633,1293.2504600180362,1291.3649147939357,1295.3432558360994,1292.962300895573,1297.185394176632,1298.4648569851715,1307.0140122819917,1315.1478241727334,1315.340817691033,1311.9309481284167,1314.6373524636012,1318.7436508994383,1322.5532358618357,1317.2683726589412,1318.9828330429154,1325.0313492712926,1335.6501024048416,1339.6862183427731,1334.363954754763,1332.6756008567424,1333.5330077373383,1340.0717421345414,1342.4821948004744,1344.82416672701,1345.8048168453452,1355.0245480825743,1356.863422834544,1357.672176457812,1354.679703844165,1358.530604043324,1366.2164019023596,1371.7332943645222,1379.0697695284189,1379.5468523139264,1380.1599398089465,1382.714893348949,1386.9585050338994,1395.5975985338612,1403.5260413882336,1414.1283532605594,1412.4312862224674,1414.8127812347902,1416.9124149658683,1427.7030053376773,1431.440838051189,1441.5132670343585,1451.9517955012986,1460.8214217621357,1465.7583895292498,1472.730721174427,1483.553664715029,1490.1458743941857,1505.2194513418412,1514.9229989971452,1524.3196084803656,1528.092153268686,1536.1696152576405,1547.6345652353286,1556.1533180981605,1564.490601062782,1576.538245182933,1581.3113066745311,1587.6532475889776,1587.107413051704,1590.2358011078404,1596.1604598226147,1602.8536490066508,1610.3737895429538,1615.3980680430243,1619.9435010872296,1624.545367526919,1630.5391723542464,1637.7998716555037,1642.8038974379137,1644.82611531303,1651.0900407557006,1666.6209323942073,1673.0264677918947,1688.4314357435157,1687.4564513510227,1696.8428007282364,1693.1977254941662,1700.0418822930126,1704.0867889007222,1709.2835924983701,1712.0737121740162,1717.9104235831978,1724.8546775706627,1723.86071677152,1730.6068777090888,1731.5779525970054,1743.3936499790507,1741.322532885623,1749.294505178635,1749.050626823155,1753.0238615654082,1754.5253593640114,1760.2110484996763,1764.3762436444151,1766.9502626556412,1769.8151349350917,1770.7117931557973,1771.3456822962657,1771.5688793256404,1777.5590006536593,1782.1110696562926,1787.734679929281
395115,85,"Springfield, MA",msa,MA,,,,,,,,,,,,,,,,,,1416.0799691037091,1426.7921381071255,1425.3935137165645,1434.032254045991,1456.1709584684618,1456.7248813038682,1469.1789068480905,1428.9143604424266,1419.6201063482051,1418.325228432379,1437.1898861964698,1438.3148152422384,1430.8127330819907,1440.5319345462237,1466.0808051285564,1490.3665574868805,1478.3963418312342,1495.0924797172488,1480.49312570794,1518.1135980400636,1506.3221053878976,1508.134121918587,1484.9028450528572,1496.8203269572664,1515.6236169947113,1536.7110840493071,1543.9245659948947,1555.43635076649,1555.6881544703156,1535.1933373122242,1530.749871336708,1536.3162291967078,1560.7054046406106,1563.181923944072,1580.4321416060998,1584.2891112967754,1589.7610094259528,1579.4782488380295,1575.1365047799025,1567.4240965675892,1583.648413439347,1607.0355514190567,1633.0347664050576,1635.2766196863072,1641.2745386538538,1627.0661753291934,1621.8701433092326,1621.0154750533675,1619.1380508313891,1627.4170988467824,,1656.4619321634632,1680.263849229702,1693.3043796300078,1693.290754241192,1707.33952728121,1735.2961015767653,1779.0965337060838,1799.6857293738497,1799.7824865788532,1804.7152238278618,1817.6497999443022,1815.3171234237998,1826.169067845131,1803.8915506194126,1825.1399303277333,,1924.5478492937252,1934.8627515163876,1926.2113957629806,1932.0286469088512,1962.268645879102,1978.2402801005765,2010.3287000950509,2034.713552253129,2049.9254992686,2075.310671738695,2083.0257256902173,2064.2187672040986,2056.479123061055,2071.57530205988,2086.1113329996797,2116.7347596478494,2123.740320896164,2160.209144982922,2152.772054096436,2178.5051569164043,2186.167288243755,2224.154273700901,2240.554499173324,2252.242305342038,2252.4020558240823,2242.800773619436,2250.2412098311474,2253.0798276903247,2283.044584405198,2291.4894408592736,2298.9794021232783,2292.2741204434037,2326.1532142962446,2335.0980504637655,2356.7810433444465,2322.605278444469,2293.353177384282,2305.3924089078514,2345.6945520750032,2375.9271553730346,2364.224551293108,2364.914489564341,2381.676875614626,2395.3188519945465,2388.6271222943997,2385.4121914591205,2386.215802124092,2436.5149963401986,2488.1802998093804,2508.6214678030888,2498.3439826727804,2495.2284268615253,2516.5121821195166,2534.1888888888884
845159,86,"Poughkeepsie, NY",msa,NY,1624.471167904112,1611.1872179681131,1615.6722091283602,1619.1090194906615,1633.946688239079,1641.8035946010764,1634.4034879431106,1642.1597173975713,1672.9070664419858,1698.12010471915,1701.0545545155894,1711.0920362281652,1704.8182828523645,1716.6348982238499,1715.0504821086258,1723.4693221297914,1725.6253517197342,1708.2737678091637,1720.9502850301794,1726.578459587808,1724.2487355639803,1729.0700334886644,1725.33656000694,1739.4455322396816,1731.2889990301894,1750.7971975364646,1754.2271588774063,1780.2082492107404,1795.9051185079015,1810.5271539742116,1813.7585855239158,1808.7046242400738,1813.5979928951747,1819.3858222785236,1827.1475820868113,1822.3575482633853,1863.0725997928437,1880.0564694382915,1917.554019437257,1887.550405867373,1886.1431711702344,1883.2218622770986,1891.4333088075016,1910.6012848310604,1899.6297893825192,1907.9336134194593,1906.8173211604021,1937.1421114431341,1933.7902302075827,1932.8676661181305,1921.1935353520118,1947.2532734651247,1958.0020845703525,1974.8324929420428,1982.3717665123982,1986.1965592600152,2009.0309551663486,2014.5879611979483,2029.0389644381955,2020.723119950363,2021.2282641152278,2025.5005341212916,2048.648350769836,2075.91503669855,2079.093025335197,2116.0710844006508,2133.1053823661064,2154.196624170419,2166.850456445809,2217.586935365098,2249.830554152205,2269.0221917830813,2284.3534812926478,2278.6827696686883,2301.5298797483692,2285.9578168524895,2355.134639715289,2391.004322961818,2421.380817335021,2451.7832817208446,2485.092441202527,2528.287196944411,2515.9183850829195,2514.3538480040875,2510.6924432239034,2566.1846613026664,2619.8904505055516,2666.130913813707,2664.886142127636,2649.2587088816654,2673.874374740216,2683.3556132575773,2715.6136843777617,2680.8098614780088,2701.7412250006837,2711.2207893664813,2755.9420243322647,2766.931154444423,2770.5086413529903,2805.7204165125704,2797.6632511314274,2816.6725086850033,2787.777349789613,2805.8281294340036,2783.523947720536,2814.7082392123816,2841.72956017672,2899.7165606103663,2911.674777599139,2904.129199358956,2871.721494248407,2857.7870546248264,2889.4827533615157,2938.818094314206,2963.683429905289,2949.661361923389,2959.7854075257696,2991.270894823063,3037.8101702661447,3014.979900277468,3018.046417214386,2988.7756834539673,3013.761932651086,3003.1960280864314,3011.3414457804065,3012.936752342001,3025.485794708754,3048.275558683427,3068.2390809558888,3059.3219716244994,3031.763264095576,3044.564921602701,3054.308420152799,3104.079698510449,3127.537705894674,3163.8265189525546,3174.3650541412985,3176.5715850258857
394931,87,"Ogden, UT",msa,UT,1131.1549303426143,1132.8287510945604,1148.056820076736,1145.881650958106,1147.8493701770815,1135.6835686933225,1143.4318675771724,1150.5647132410115,1161.8138639369524,1173.462599776575,1174.8104172152787,1177.7286039589567,1177.0825006918333,1180.98407517615,1186.4015947690139,1190.0759485392816,1212.9311845285633,1228.551963882918,1244.0555232749746,1238.2622900074944,1237.4490934729022,1236.3775414090812,1246.8139162318926,1257.0833332691661,1269.9174516248183,1284.049784886968,1284.1693330744617,1289.6970762289857,1277.282335421339,1290.6948073213562,1298.6927501003454,1313.3142150788588,1326.8821097547548,1330.7129906131943,1332.5336255735199,1335.666631752517,1342.4049859414083,1361.0503886747317,1360.1077981718727,1378.8064656900078,1375.5778137604448,1387.9659717859893,1383.305421250038,1397.4059347035513,1409.8007665967036,1424.761755838686,1433.388514783979,1437.3387620341516,1446.44998628866,1436.4379085722076,1452.9581445478798,1451.9430701510164,1473.1858047024025,1470.499736062299,1483.7075057677869,1483.2639114998863,1483.4375475979245,1486.6259644345664,1493.4076278262783,1503.10054370751,1506.4242193382263,1517.9404898281502,1531.854381583911,1541.8808361131069,1538.5911589384984,1564.760169432715,1579.5543633916982,1604.6689261804345,1599.5491063635163,1625.022005510788,1640.945408276894,1652.3416014945765,1675.2036401449786,1696.5809084672794,1720.2490046297632,1729.3549178875505,1752.9912267245545,1774.095602680391,1817.092096545325,1830.6328704195055,1873.2618328815277,1871.3307578211788,1892.9494416052405,1941.8960587949182,1969.0547060481717,1976.7313032984666,1955.0744918150838,1974.7452455544035,2002.0662246380073,2019.3016484983737,2013.4279719749045,2025.8564122854816,2024.8841296474254,2051.482584019114,2048.3836954355256,2038.4178394115033,2035.462250572358,2068.5256810232136,2107.230791152385,2128.3676377495717,2117.4731034004485,2119.1686250931466,2117.1187028881377,2123.3295276351487,2133.71860972508,2137.8061601337154,2155.9810375296147,2158.176442300296,2160.845667109569,2139.1658778190285,2143.2704937421204,2145.649177821379,2162.503887514875,2165.3068441876567,2180.5984089808285,2192.030124020052,2196.175812782428,2189.929548726548,2208.1429179561032,2214.460991981828,2234.9329761212934,2222.561008971065,2231.099814956172,2228.163131229046,2240.588729287615,2237.1010842179353,2240.7005077854315,2240.448620871793,2245.513569388426,2257.3988312198107,2248.971066256167,2258.1059776908824,2255.5061676231644,2282.7305307694915,2281.5459807225175,2292.7018449006146,2291.5953438674183,2307.6826086680867
394816,88,"Madison, WI",msa,WI,1456.7735180736215,1483.744624402406,1508.3721509864702,1508.8063969000514,1512.8105234497468,1510.0356154406566,1518.227162919838,1521.891240310665,1534.190670054625,1529.714168359041,1549.4033430673949,1556.270795414505,1561.857602991294,1546.321616205691,1541.754878587259,1554.5475024134275,1561.2087041258274,1561.684961101223,1552.6556582301898,1558.266321044322,1554.2161067857837,1559.4805674040663,1565.3951213147939,1588.0150088611153,1593.7820311406097,1598.9150888702504,1596.2949299274135,1600.4808091070834,1607.6586017181364,1610.5869807095316,1620.9972462364285,1635.9293208080892,1649.9676895289028,1665.0883467502845,1652.6134951572203,1643.7707428153683,1641.5139550807398,1660.0221119643904,1672.7298198393926,1676.2734449114384,1670.4989335891394,1678.8962265645162,1687.5122547009603,1684.5771255886914,1680.841523246777,1676.718069426203,1706.5152355590958,1712.1377021328565,1712.1381103382946,1701.1398285955204,1704.5475398248116,1709.1070975304676,1721.058978051685,1726.3104125688556,1730.1681938591503,1738.4661291989992,1750.6434214607914,1761.9422669285145,1760.0428762405918,1773.2835743148032,1792.4496300595495,1811.922196573202,1795.4247384128914,1786.5412619791143,1778.0001137884915,1779.0732375506354,1789.3488252801574,1803.4313535667332,1809.7265668959458,1811.643598931945,1838.0182935796818,1852.1665905620923,1880.682103863525,1880.3510802745873,1879.6187648559555,1879.826251840239,1887.3488214308102,1901.8097973339216,1911.7738510354204,1907.9927421836865,1929.3894617875471,1931.2370610014502,1930.8416557503917,1934.6190455643537,1927.0689739667582,1942.7175787695621,1955.6690169432266,1991.8728487326189,2022.202304939014,2036.6879188220073,2046.8135641799106,2066.462575018162,2076.3049047255795,2087.660885244494,2109.2835821631697,2120.841055175444,2140.5552559246457,2149.801233224238,2182.8826565296,2202.8854993045607,2218.9043686399227,2238.846344621651,2258.423353950337,2281.7748573258955,2284.333915736745,2304.8927924462514,2304.461961502839,2321.462317703253,2345.052731489461,2360.577376149283,2377.9227603761374,2367.893858162641,2369.3001519364557,2373.291913030467,2382.8313570864493,2397.804497623561,2401.255736673509,2418.5387730978046,2427.6849038383257,2443.465737812377,2443.781780751269,2452.206215596211,2468.5282244501013,2476.653943265636,2494.00786445628,2484.028988346846,2491.8542377858535,2492.0191017420625,2513.477788069429,2515.5275562250263,2532.9394548409405,2538.824458643103,2552.6377739293735,2566.3591854558176,2568.615141704286,2594.0970313667294,2608.8382150515813,2644.4331515494505
395235,89,"Winston, NC",msa,NC,990.5298047880244,991.1696822280176,991.9000083805629,991.9441132789116,996.5869219212597,993.9532504970363,993.966758181572,994.6928653371496,1002.6573018307967,1008.0500788140579,1012.3928639100195,1010.9181335852087,1017.1861430051308,1017.6421944839749,1018.1367851510928,1019.3770791077849,1018.9315288972437,1028.6157784099064,1032.572008034013,1037.3591858309073,1035.599401621898,1036.0921028199843,1037.3777371824738,1039.8007067627207,1040.1206317877252,1044.0242732322383,1053.5773737186073,1058.3986354398533,1062.9713229877289,1065.491451913956,1070.055154004609,1075.938117381553,1080.2348883037705,1082.592096988501,1084.0431917992896,1084.732752507269,1090.5504193401096,1094.5202135663947,1097.5711567209469,1105.7182132070225,1111.479183349676,1114.7316275589758,1113.4793064518128,1117.892681526702,1123.2349363819822,1125.5520765528056,1134.7612643911457,1143.6920594259243,1152.8477496857013,1154.8333406547226,1158.1032039630607,1159.7524288254624,1163.663475385159,1168.7702949174138,1177.6388183735203,1181.2748024838609,1186.1375617735278,1193.9195760063737,1196.5027984318963,1199.5989600650967,1200.1143441016468,1206.522215523498,1218.3894294737554,1227.623274705145,1232.1160385264425,1236.609234743808,1247.448240119075,1265.3747707065236,1277.1254007590026,1287.1600349068167,1294.4603179789024,1303.6551346287079,1321.4434225091131,1326.311835596558,1340.6127667557812,1354.3097422000467,1374.9948882230387,1393.2407707320972,1405.731195713469,1421.1156979042582,1437.8956080826479,1456.0176418423991,1472.7354633461973,1484.377271058508,1490.0091083557065,1509.8977251407198,1515.8668606944186,1529.8124394174167,1532.1832215200523,1550.8762189088955,1566.909097853769,1584.7477411369136,1599.8930002382097,1608.6217789511857,1616.0715665071755,1622.408812708244,1632.8016883748255,1630.6358720216774,1639.5080809114975,1644.2161457252396,1658.5281000481218,1657.555456078087,1666.4144755146615,1668.6604359958485,1676.144396574704,1679.7430103831346,1686.1935730195673,1700.3818594851627,1714.1821703063943,1729.7664471061025,1736.4171521120477,1740.0056530586905,1742.4327310847993,1750.613761304176,1751.0419919996855,1757.678895301834,1764.967034766127,1778.3320931861192,1790.4704287707182,1796.585078167069,1804.4307542516462,1808.9808683760257,1816.9936759987268,1824.7328842253398,1831.6969506459516,1838.5860601135626,1848.104458806005,1855.248711033569,1859.2274312588431,1861.2990739914605,1862.7981232430034,1865.07715417863,1865.2152239171069,1868.7410434339627,1871.6869710012504,1876.4334553922374,1880.038863397238,1882.8779914529914
394528,90,"Deltona, FL",msa,FL,1106.9196095243742,1116.4545531127053,1118.5757694894285,1124.2297148403284,1131.0727058633618,1137.3632687337865,1141.4006970432695,1142.1648412629775,1157.4143871019835,1168.3857091400605,1175.2821393943245,1174.738673849301,1174.4298161526274,1179.1421752450874,1189.3896230766843,1198.9536756149619,1206.8793741544425,1208.949393451486,1214.4549892223974,1221.3133829158962,1223.101397048347,1225.1798480160076,1232.0614187007945,1240.7508758448876,1254.7192567686257,1258.8307521359206,1251.1579634734023,1255.249287575809,1263.0923809899962,1286.9186477774172,1294.0423645382366,1300.7741983235421,1298.560654469655,1306.1138349274302,1311.7321462872555,1324.8686888313161,1328.3734611456089,1336.9532639565557,1348.5532182529716,1354.2039347510595,1356.1417847534383,1357.43914396043,1364.58071759701,1375.2419924653304,1384.9274994854295,1394.7680598748088,1403.5209751351224,1406.0930738612462,1410.8291587756862,1413.887079203588,1422.5209747953481,1429.6133931381576,1437.9741847562623,1439.6415859383326,1444.7065671754815,1446.8009643106705,1454.7495142061023,1457.4017944259276,1460.8250852695778,1464.8316144501991,1470.72404356335,1477.1338878465344,1480.3193796488113,1486.0902303493415,1490.2996283762052,1496.1527343452146,1505.7368349889416,1516.0933206142515,1530.9162697595086,1541.1150685136336,1552.0301416182058,1565.3263459619293,1579.9614970279692,1598.4118797671392,1615.1210091183566,1636.3399814498696,1653.824415286484,1673.534412713215,1695.6043935659156,1728.8963087487305,1765.0953884859177,1805.4400868670455,1836.3877531509847,1855.1467538046406,1871.2049503596904,1891.5551714716214,1918.4621043490456,1937.220413084287,1962.7206811208425,1988.956947988495,2008.1392228025184,2011.9268331883152,2015.690648089813,2020.353937685355,2023.0114209469903,2026.0261840367968,2029.8453578554058,2039.8343865735947,2046.0653031120196,2054.8314281942553,2057.0808499106006,2061.7560292017947,2063.5620241061433,2070.364544935893,2068.442537864674,2070.3574592376904,2074.2078771761094,2086.8129445678246,2095.802655301459,2098.853690947247,2102.8684459965875,2105.107532738946,2108.489814915709,2103.376946896354,2107.6290309448,2106.637351301987,2105.9662043940193,2103.56013414936,2113.2717188217316,2127.638808823363,2137.945492677865,2140.194658328815,2136.851165463562,2138.1579432363264,2135.8664975149745,2138.4526233674715,2140.4828334681815,2146.3521488701454,2155.719370722702,2163.887022466553,2162.138213597571,2152.6497747460758,2147.892758421155,2150.7479582527785,2157.9632613210765,2162.293023738309,2169.8666871665537,2177.23459406091
395143,91,"Syracuse, NY",msa,NY,,,,,,,,,,,,,,,,1128.149731066331,1120.680315385173,1148.5563532937592,1142.3244353523864,1129.5058777429704,1132.5304666296772,1145.102020749402,1149.301788907644,1171.8614355810296,1194.7370609290329,1222.1208765400168,1212.2996005130296,1189.8254146320132,1150.3904117829936,1172.109519585639,1180.5678537655308,1201.9434775921577,1204.9319275366702,1229.3294560286306,1236.7293715905648,1228.8475624394769,1219.593713059093,1223.430618738956,1238.0623017779494,1250.8830219773972,1262.6720531056262,1250.129561808726,1232.1814136962842,1231.4321407070988,1243.1614597400824,1260.61469730644,1277.784293383805,1273.4658386879155,1274.0103774198928,1262.981904332734,1265.8432814637008,1277.8416643891803,1298.4810893032727,1300.3263529114404,1318.9947903518575,1319.0756098778434,1315.00529545122,1293.5079750746984,1282.3060179548443,1291.5098865038408,1295.6995993312166,1300.8576174934751,1329.141878345316,1349.7656927268033,1370.6147465709435,1388.3164202745538,1389.1459073477868,1395.8794978176925,1405.1893459049918,1414.34804392585,1420.5853590485729,1418.3746190104519,1418.2598113610413,1442.3667899518546,1445.9492331973427,1475.7891662952961,1467.7154887054476,1477.8004897889386,1488.9161334695366,1514.6733321061517,1547.4932091986254,1556.942047691872,1556.2422355191225,1592.3617659637916,1622.1161578401945,1642.55028478324,1642.8349885283753,1634.7389136580557,1671.0673198496802,1673.8998405993611,1705.3396588725664,1714.3737666888617,1732.399954551857,1752.7039947372753,1788.8570582273535,1774.3608599183874,1783.528361133097,1776.4740694682541,1811.2595611942693,1828.7066772810792,1832.030723346312,1851.9105723813423,1842.743860008836,1866.154764255269,1850.9915760589652,1884.4969938668628,1878.4704327728207,1922.4982031965624,1924.8550866653898,1965.5662170855096,1970.9617598598084,1980.2383302041117,1990.177990649751,2008.0977842543348,2036.831753148506,2014.9312071672352,2025.6500660196025,2029.5296243397277,2044.0546612143633,2043.1612440448705,2050.9090085336948,2056.80604476257,2038.1476692619717,2064.515083201367,2064.8104144529693,2094.4048699038026,2098.4967527779163,2128.826688722033,2151.2701232819977,2152.713944568447,2162.8487764515007,2168.298822208393,2183.5151030342186,2183.8258956035006,2212.4890061884435,2206.878004802081,2222.817517597881,2207.6439393939395
395006,92,"Provo, UT",msa,UT,1295.6088420441113,1308.186827912373,1311.856284878389,1313.7698173144945,1309.8919870998013,1317.853360782096,1314.2823909838576,1299.7007577751451,1299.539159105812,1320.4227641500884,1360.7936371763872,1371.2571027698623,1363.2285231802582,1356.6108924235598,1350.5940767310613,1355.1548189199395,1359.246805524063,1365.3349407932226,1378.78222225021,1399.9348377151678,1410.2229788317231,1419.1036464084848,1411.7470205273444,1422.9617534072097,1422.0935857381592,1426.435844323266,1436.5774625978695,1440.325685297497,1463.1741745336028,1468.8619652442148,1478.8482069114668,1481.0731938484448,1498.6595750000804,1499.4109943264395,1492.6980952014687,1488.53679796296,1498.9792233911744,1505.9975401342995,1509.4671155943322,1525.1186943999592,1535.454678975151,1543.8357356225606,1550.5631177436405,1553.6618011134983,1552.956888353832,1547.4130785848402,1563.5634470197772,1575.945979434674,1591.9941763943186,1591.8366585836866,1599.7392852944256,1598.8086508301333,1592.4324625508386,1595.6188051340082,1596.7492385216349,1603.297948486637,1606.8968889032121,1622.1256733055593,1626.692163690509,1629.5497219080517,1625.0047771366876,1633.1028667963096,1649.3563469656199,1647.1549068293302,1640.475262766749,1646.8194211777056,1659.7507675075108,1673.1316865653291,1689.389486433354,1719.5493878984462,1732.2019598649329,1747.276269604058,1758.8289528403373,1777.8828101571075,1800.1231733317195,1822.3747998485726,1858.549837104001,1876.8120669546474,1897.2438515342146,1924.874929460604,1955.9134679414126,1978.7914268917425,1993.5581609343183,2011.4953191985783,2016.5949103290016,2023.5140123670385,2037.1673999867703,2057.4999558248655,2077.412943642815,2095.7249475777617,2110.7014995196864,2117.733390246619,2114.043403767511,2100.71465582961,2105.5556157376,2119.886060880501,2138.650292060752,2151.847877526519,2150.7518947297626,2151.302106822888,2152.87469008331,2160.4030459391206,2170.7855180243573,2157.4547090786696,2155.2740065737635,2163.501376864341,2172.7151923970823,2177.6744154039066,2194.7357821919572,2208.0918797644167,2213.4519317477307,2213.1099639619497,2214.9984109035686,2217.928291804832,2215.9532413149554,2226.5952801704616,2233.5341732280726,2238.2251070592793,2244.9240871240213,2240.9732749871077,2236.975452576026,2228.4394017512695,2238.479403471434,2242.843161282619,2253.3132819743746,2254.320860123298,2259.8584338952164,2268.226416124646,2275.833400950357,2282.125673049404,2282.8313722543126,2291.858896858131,2294.6997434931786,2304.226105741498,2306.2664670879153,2315.1812949666046,2318.418670773169,2327.3276847421585
395160,93,"Toledo, OH",msa,OH,775.9979221579774,784.7707439357804,776.8256563872582,780.9893549606667,782.8208414946407,788.7215278336074,789.265074409202,791.6844462672457,792.3220514717063,794.3546617149877,796.39220230052,796.5116334851092,795.05336702814,791.4580679719861,796.654536326413,803.4924669967429,806.0716364678663,805.0698854252407,807.6562297081449,811.5740605686743,817.3957246064573,822.1975277081021,828.3820867911887,831.2630437986024,832.617959846397,833.641981888163,832.8442757385116,834.4834343441399,837.9601966425244,840.7675793890352,843.575347134173,841.2669460152429,840.6296231790909,840.3214246786857,847.6436519822967,852.1907668718234,855.3909237211159,853.2453614983948,857.2864894438572,858.2192370211853,862.7579137613515,862.0670272297967,863.8165223869861,867.885886616628,870.9014369841283,874.4278753526917,871.4422353983808,871.0894453012141,875.7539220288771,881.7562852036791,883.8267066072846,886.3349151893871,886.096864661347,890.7869857026245,892.9602719557655,895.5122841084216,897.7481269655879,899.6129490090515,902.4187272245697,905.3950516548116,905.3926771617926,907.1259445885863,914.7892119742438,919.7647898753135,920.7731904076168,927.0598548586681,930.9752605609955,932.2266811826394,943.3818075195037,948.8262149904015,957.5740572387647,953.1096404259182,959.0786420719334,960.435066047108,969.5086190113464,978.7678647660763,994.7229115270612,1001.5553847382637,1013.1064643461405,1022.0019040461972,1033.390527043771,1042.6428164491347,1054.394692123295,1071.117099969123,1081.9216000301685,1091.023760135746,1100.3156486702178,1107.49485842691,1117.7330303955239,1131.6927545986907,1136.977921738955,1144.5519391736348,1139.4485598695976,1144.5426993669716,1144.0275696861643,1145.8048570845203,1147.2139255385098,1158.9262018793484,1171.4717601579403,1177.9925920252554,1173.1679189109302,1170.6211347022358,1184.9833693617193,1194.6401143321525,1206.5422138885162,1204.2773064995783,1214.30605021965,1221.941524571406,1235.3320890831521,1236.5218273505386,1242.3235363590761,1253.6090825146132,1266.7260418479798,1275.7859195216959,1272.7557673605086,1275.4528187092665,1275.7430741879964,1289.0840253561753,1292.5084252591193,1294.1328802732896,1294.9281558419905,1295.4994698317214,1305.4004887505196,1308.7544774854848,1313.5725540690737,1308.2697885839068,1314.6367703428516,1318.4692825092009,1325.595699161195,1327.4889765764285,1331.8612386887876,1338.0227938539633,1342.2369092606698,1350.6046409995583,1349.3825354335925,1351.9992277029055,1355.1283600936254,1367.5995483288164
395224,94,"Wichita, KS",msa,KS,866.659480820083,869.61260422265,870.5053749597694,868.8558619311867,871.6488839883428,872.8507952757808,876.5249727354957,878.299420544595,879.1377650542325,875.4086696518674,878.4754042728034,880.0412140286874,881.8601277946934,882.6804253431285,882.9634771133593,882.8335894215329,877.244662249942,878.7060032626918,880.5560963209947,884.2809733301422,884.9300104472412,889.6446534520053,891.4311315169476,892.6441678593617,891.4073472613519,893.4372028878619,896.5940411491797,901.5464343110305,904.2074586089285,903.3934290670289,900.2350120224278,899.8651461318133,901.8076326642814,905.1911012472506,904.3249842020672,906.4652158008456,910.0227366475218,911.4447339600646,912.4612884266614,911.1288086179463,914.3350153332433,915.6323003360108,918.9606684912692,919.8211731245765,919.6111910218804,918.0578974402052,919.9742098706083,922.2725529945519,926.2282085913079,929.7773885669316,931.8588172831023,935.1040903353307,937.022207868347,940.7754984269931,944.0264788218813,947.5828644324293,951.5709412419295,955.3636771070964,959.065955532241,961.2949248521874,962.1275741932911,963.8435192747045,966.5882535730182,967.2365167311731,971.2425089411787,976.6176478769346,984.1005488182637,986.2225231347446,992.9943757868845,998.422540995711,1007.1617946949124,1011.3810501171671,1015.7835182078238,1019.0576932019135,1023.8598428091275,1032.793434334035,1041.3285061888375,1052.2878557220238,1057.4114286889703,1067.8554459219363,1072.3168690583166,1082.8779389149438,1088.608204497557,1097.7921838457744,1103.9324647202702,1112.1521385620363,1120.063782409107,1128.6340259987123,1133.3063236934975,1136.853526141734,1146.2371733630673,1155.124650073134,1165.1147626446304,1170.0208625316318,1178.8500581073433,1183.4491794218304,1190.675342620679,1196.4126816433236,1203.977004519815,1207.9407411652542,1216.6328778056786,1221.8845568095542,1226.861467345494,1225.0223323004582,1230.008664661727,1234.84315158525,1239.9513044758323,1250.9997883487645,1256.3164503568617,1262.122074746282,1262.369876891418,1269.341752800568,1273.8606935003404,1280.1370550043064,1280.2534920309226,1284.9313896969286,1286.0515640158208,1289.3277836130435,1293.0119689955532,1294.5368665005115,1300.5172612438937,1301.6045128538276,1309.6207169663057,1311.9823284023807,1316.9463232774733,1319.2968110284935,1326.8034243772627,1333.9075083690173,1340.16042243433,1345.6039103257183,1349.8375715011157,1353.4885305946611,1356.0399329410689,1362.4041941104895,1365.7574989014392,1370.943191461815,1374.3902393861322,1379.6996411483253
394549,95,"Durham, NC",msa,NC,1239.2392679979876,1248.5789802603044,1253.8575205086927,1256.9003111057732,1266.2453198966664,1268.5172413298485,1268.8768402048804,1272.2088374845282,1274.3002166345507,1279.0520640300358,1291.4144229872581,1300.2516881851504,1299.5779716444924,1300.7936427479096,1300.2644776819204,1308.4288275440742,1307.1991838818665,1313.311315190112,1320.405938703233,1325.5736908944866,1329.81054184762,1336.5795922236648,1348.68091106338,1346.015256701485,1351.4977693294413,1351.3920804551155,1365.527506345496,1369.9714976397884,1370.8308523766625,1375.7723819063556,1381.3332942953123,1392.599203807654,1395.6020064655531,1398.717094447857,1387.5959485548872,1405.6553885567773,1410.5872258051033,1428.048955962154,1423.578114589431,1428.5074989991544,1433.1825078170684,1438.001294513619,1443.4179220284634,1447.36277191064,1452.558786538584,1464.5993629038117,1478.5733308385077,1478.8229145401735,1477.2654855795518,1474.3168040711842,1483.4292071847262,1488.5251634462943,1497.7399356394599,1503.6274409773791,1508.715348877253,1512.5129425413677,1519.9781350214596,1521.5684880444028,1527.8612812653669,1533.5876137728558,1546.3495822132265,1555.3608213815023,1553.2301005603763,1552.8054373462132,1559.068039384155,1562.8245485942687,1578.5962326431356,1590.9519740775766,1601.4401546098488,1614.6002971576984,1617.4679874619005,1629.8638202362954,1639.086222342978,1654.7171804863044,1667.0925342699318,1676.241999018464,1689.2521151273695,1708.5703779319251,1721.939766465452,1740.9088795553796,1764.2807758458928,1782.5591497629018,1793.7335490731846,1803.0501091905626,1823.6063568174225,1846.9836958451515,1862.6405259904566,1876.8828756887713,1892.965889088642,1904.235079821502,1919.9132352464492,1930.9581157446821,1937.8934543693108,1941.9844972674207,1957.4296557137552,1964.9101912093788,1964.9992007175902,1965.1933907831406,1974.114366029692,1995.230069579166,2002.4790227821961,2011.9328173496908,2015.8110476420761,2019.9127864254597,2021.3912515663571,2032.089294198048,2042.3224041556007,2067.404775514868,2069.9804647482792,2082.1117241429192,2078.02549132401,2076.166600875572,2070.306582549655,2075.430886316559,2081.4387589233634,2095.4224430026106,2099.7213946575307,2099.8125061491696,2095.7712608072097,2092.591230879338,2106.2803955638406,2114.630333307323,2126.583380405773,2124.542003258251,2132.328386809392,2130.900709847432,2134.562199671696,2132.3903866159185,2139.403022513981,2145.7363492420977,2153.1609592933837,2154.3945479376935,2154.681163347008,2154.3893726468627,2157.4851198194433,2167.6755918760095,2175.1148729360516,2184.0413246924927
394352,96,"Augusta, GA",msa,GA,939.1254672298581,937.1313696605954,941.0164740358011,944.224649950202,953.5497121208416,955.6017187711947,959.9008174136281,960.9138581870868,961.3226866315523,959.8975958096178,962.7968760459845,966.5907415762013,967.6747933875088,972.5713020758297,971.9461561087285,973.7877145896103,970.5580104723942,976.6590781356144,982.6570393859569,987.48293207895,988.9049551153719,987.9695834343538,985.8956218927619,986.6271156460357,991.2926721273311,998.4838681242874,1004.4746942025313,1005.8972376527825,1008.3563989999074,1009.1477114768542,1012.5411277200902,1015.1414606375986,1018.6807656449691,1025.1858605610828,1034.1920057549369,1038.8044784692788,1040.701013697502,1035.7771476004525,1038.7562110207668,1040.4260503440032,1047.2239256760372,1047.0267427595625,1050.0869646317706,1050.7023501067063,1055.2089703417723,1057.3911876080329,1059.2764041543137,1062.6674087831104,1066.0560941508077,1077.0516377950114,1080.376928518723,1086.5045451036276,1088.9947242113128,1096.0821536117949,1099.3232536632383,1105.2887599582048,1108.529809357277,1112.7376357558348,1116.1005446605877,1119.9274489534184,1124.3651802675065,1125.5210961613743,1134.7359680155687,1135.3242618928007,1143.0675378923077,1151.3203833503917,1165.9278342791233,1179.0389850759204,1191.527768556913,1201.3963635342952,1208.1588125000071,1218.2604945609567,1223.2631623761818,1236.8577815997385,1248.1326010743608,1269.6460026767886,1283.152797758747,1298.5195344167055,1309.9663587922214,1329.68470206499,1345.0288614927872,1363.9810418102425,1374.6951916176959,1380.6647185934537,1386.4498243218225,1403.4395453448053,1422.4968663175675,1428.5420398180288,1429.037940260623,1433.0743220961474,1444.2768778326242,1452.5467780679116,1455.4182417506468,1456.8079717411792,1469.7574793616157,1486.1950381843988,1507.2119767270867,1508.95013980049,1509.498416704848,1512.7885536442582,1527.9734117034207,1539.7637100420902,1548.995748964433,1549.6296684903182,1557.545729242489,1557.0366113543266,1561.069986804071,1566.9555831357452,1567.6629783070698,1571.2749947518387,1572.5301629203634,1585.1439850947438,1593.6222278710477,1602.1106717685018,1607.7151698762984,1610.5388168505983,1612.883605231483,1630.8989860959814,1648.4011055686424,1657.0995837117503,1658.376888111751,1668.1494921850406,1676.8072128034387,1683.9529161481767,1687.2764144544212,1687.4864035940604,1691.6708171083358,1702.2613447180731,1710.3132202970805,1709.844080396885,1704.684855118869,1704.3441663943981,1710.6996415660815,1712.2419739040763,1715.3269702698128,1713.0101789054816,1712.5470380499598,1714.298658054908
394957,97,"Palm Bay, FL",msa,FL,1095.0304453800698,1108.368145241204,1117.4225976911323,1123.9071219477914,1129.2620413635047,1136.1468366217234,1146.5172851077282,1159.4377678660562,1167.1455075247484,1174.4514646752225,1175.1370717297555,1185.6534219960633,1192.0117838174665,1197.8396850961656,1201.2601634182895,1208.1460013258381,1215.6093771248632,1227.0506087513904,1233.2161350411957,1244.636376518495,1250.708212803641,1256.0254247884204,1266.0079171245318,1273.2215867134216,1283.116266314547,1289.011779640782,1298.7112436703903,1307.9710896657175,1316.3032657656802,1323.2667083326571,1331.138691210618,1334.1079880462707,1342.2774553917425,1354.3945196993122,1362.1229536032981,1369.0027347804873,1376.0068598237972,1383.8282718018174,1387.7362970378265,1391.4267330808887,1398.567313428951,1408.0844843969805,1415.1975820778835,1424.3482936201901,1427.4810214836561,1435.3918378821259,1440.4042229056101,1447.4462038380345,1450.5708942879041,1453.9311053762997,1461.494881564032,1468.5678438131747,1473.1491702864998,1475.4857021295259,1480.1770829458897,1484.3344416222385,1491.779286737997,1493.4324311273303,1498.7064220373497,1502.9345831558496,1509.5697339880967,1516.3367518624432,1519.7797117266205,1522.9502192715213,1520.9565299928076,1532.641191330587,1541.0099969499336,1559.8555065454595,1569.0361937428065,1589.387295382553,1600.722700937426,1613.8078704639295,1626.8978509615408,1648.3648296697165,1661.4185477597487,1681.0338679119811,1709.4055708196754,1737.929871036374,1768.6490978291765,1789.3138893388566,1824.343334529618,1854.2342557560905,1886.6794560518538,1912.602999917946,1930.4091194177,1945.2966773500302,1974.8914279884448,2003.786600382433,2027.8986136051042,2051.2694906765905,2073.3107254179345,2089.1688705075926,2090.5485982934915,2091.1863338824037,2096.5926608943355,2098.33219681255,2106.801460308911,2116.0118954554705,2128.4199880898445,2129.9829490872635,2136.563631852687,2132.313991841202,2130.797357444611,2130.110766146368,2129.4114457048872,2130.2681746913,2133.101215853416,2146.1824238258414,2160.306596381017,2161.226746120863,2157.3262310028726,2154.7943595953366,2151.8278790229,2156.3936406389785,2158.0249570675796,2169.3517088760714,2178.533028794731,2185.6288494536243,2186.4130967133433,2185.689688306379,2181.5867363599104,2194.175722416593,2202.6813298000284,2206.53180404083,2205.1495336295493,2207.3766047775766,2212.693607512254,2211.42366935644,2213.9006639659474,2217.4028495265106,2223.5356862870153,2226.7363595586617,2230.902560573571,2228.646687969908,2230.8204439972455,2238.1291224171187,2248.9288868854546,2255.601190816787
394711,98,"Jackson, MS",msa,MS,,,,,,,,,,,,,,,,,1043.93420142097,1047.8331151061152,1053.019687968435,1060.5641502041944,1059.228300345546,1060.1279730492843,1059.9781529942704,1065.8707899117107,1065.2763952808962,1062.6186674387277,1061.2647122143428,1067.5017840041041,1073.6675979792674,1074.6752723155687,1071.6321170723409,1067.1003027907482,1071.321836404956,1074.6654515791206,1082.850149966563,1083.8750911952789,1091.4669644516475,1096.0894890524005,1101.6951074303051,1100.0436038702464,1101.6534222431053,1103.043653271646,1102.9195238322102,1097.8050855347822,1097.1752805690317,1096.8927012431564,1101.3946303845707,1106.3837650014204,1108.2177124516224,1111.9218083185076,1113.51083460727,1116.4089652687553,1118.345770477862,1121.3103451603502,1127.2498650278721,1136.5809844910382,1139.9078307917823,1142.9754934218786,1140.0026508712165,1138.7536040252849,1137.9069990997114,1137.6870441084852,1157.0407021199196,1152.3417028771585,1158.0575243716205,1155.831517559557,1158.1736015066765,1170.1910597813203,1178.9411890537626,1187.8479585507139,1184.899652664328,1190.0520670613575,1195.1924129444767,1202.609819624809,1206.3046952085997,1213.5819759452518,1221.9902105941874,1232.7979510088549,1241.2833303343998,1244.8901601179468,1246.4666395732906,1251.4536306637503,1263.681123291426,1270.3722124987457,1273.7078336593124,1280.363643882946,1292.968847498816,1308.833849591303,1312.647572414632,1318.9925147180832,1328.6548340232578,1332.0226380422125,1339.7350427140852,1341.3225488086098,1344.9621495452257,1344.296851984589,1350.8011874629367,1359.6693242260276,1363.9038004460874,1368.739877497306,1377.8643118122156,1388.585842141113,1393.9845136078918,1399.8839243584707,1409.4152280431506,1417.8890841377918,1426.9395572329893,1435.8661285002263,1443.7412525780278,1447.4007715653934,1452.9963610865468,1456.4243733362866,1467.320374296379,1470.0753362513503,1474.3385611755555,1482.7667093692262,1484.199168892037,1493.893712380194,1497.2746752442995,1515.3623986234236,1521.8985059617316,1535.5512393197741,1540.9355300332454,1541.8358134929913,1546.7833729006552,1547.3750834494897,1554.9195581600834,1560.5589768380646,1569.0530633806054,1572.8976007179947,1580.7678938455956,1578.3091940118509,1584.1292106699627,1586.0771253666633,1594.4255485369247,1607.3547030626962,1612.9160384954275,1625.7986272986273
394666,99,"Harrisburg, PA",msa,PA,1170.6279982895621,1180.6786490879797,1189.9671635552086,1188.8705523942313,1181.2289137201456,1172.1539086892128,1173.473115052406,1176.7837256734808,1182.4840075210789,1182.9160593565027,1182.8609226545364,1186.5492691780448,1190.4943868503265,1194.01750095383,1187.5949267105182,1191.4904314239777,1193.6469750627211,1206.7385745621457,1209.1738865148277,1207.6024924141807,1207.8489475432093,1207.3872538211642,1210.1464259812833,1210.371616927261,1209.3842572873025,1213.4710396880685,1223.6433213718549,1232.5467672602042,1234.719583249966,1238.216965892903,1241.058399965569,1247.8511783831586,1243.5506582531134,1247.8179752201804,1254.7484560917962,1258.9734270155502,1261.9288285225452,1256.7134446881773,1261.0163425656717,1267.2993205107462,1271.9949979676155,1277.3942162756632,1276.736302386801,1283.9331761463882,1288.9609377134127,1303.1659848212034,1312.5276558609391,1320.5347772794967,1316.2428780552455,1311.3333718044503,1312.1096724164686,1310.6607159328146,1314.9609901719518,1316.3579957710228,1325.1545780131464,1327.2792844095206,1336.6358618635581,1335.5059064270417,1336.8214149482178,1341.5366039313587,1357.2814047052477,1377.5323617904883,1380.214893130362,1387.770643538813,1380.7158268966396,1393.4206849567995,1397.275569323287,1414.1019585718848,1415.4483598273866,1423.7912730620146,1434.4181846303804,1446.172105802418,1458.1338820066583,1462.6152154545932,1472.0503875080628,1481.5948578870057,1500.0399774334874,1522.832745392558,1541.9989331072604,1562.0346429309832,1578.510791211582,1595.5205149298415,1612.8019755089995,1629.3783324831763,1641.9823735821087,1650.7350633987146,1665.3770926677314,1684.891840773491,1700.8509565291083,1696.5130668828808,1696.0975645616484,1699.957585032869,1714.1350305219057,1722.8902172606047,1727.6261788790057,1740.9593229263407,1751.6633298413437,1760.9726997118855,1762.1997072714016,1766.6309359836246,1776.5410845988156,1789.7758646719615,1809.5020835326009,1814.704995655185,1824.999044109738,1831.1032539118446,1839.3668509095041,1837.6604947615258,1833.0322831115325,1840.678323148015,1853.4945543389858,1865.886967427624,1871.8207608090847,1875.7799058494818,1875.5950918622045,1876.2305299767372,1879.9657205888877,1888.505408434957,1896.9211204551295,1903.8054410231111,1913.4810555430813,1923.904072490826,1926.9874167537318,1930.513309233122,1926.6069957051895,1933.2387011086353,1938.762366678438,1949.9196115099287,1953.7557096264159,1956.9355729247757,1959.7464226769837,1966.6162517720184,1973.2154731054186,1973.3580198279142,1978.1002755539787,1981.881219879692,1993.5431832107336,1997.8234769463343
395113,100,"Spokane, WA",msa,WA,1062.0604004817135,1064.400359664656,1075.039912086016,1078.405640131851,1082.8588189398447,1079.570848280444,1082.9772728962005,1091.6377520123658,1098.3077374234606,1103.463439309192,1112.6268626859571,1117.5506887871993,1117.973137092585,1118.3297750609893,1119.1873923728206,1132.5762421541895,1136.6689096895445,1147.2887037159203,1156.2049854710522,1164.6129140002797,1170.5789706753958,1177.2345163876714,1180.0631548116282,1194.9888589080253,1205.9835835535662,1226.835466360079,1228.1278792390958,1227.163148420795,1230.8297421097618,1241.6172092878267,1252.976117642154,1258.4726515311036,1265.8510153725897,1281.0715140315497,1290.8443977410918,1292.4622988276428,1295.0796996565387,1293.5106023131584,1307.4504532956237,1315.5322743027248,1333.7691418076065,1345.5290866084024,1353.1363568480629,1360.3173962212416,1359.2074751928137,1360.6326924579187,1373.6884994143677,1387.7099799834746,1405.1953803579222,1406.5043218059093,1414.2661941653473,1425.4127645411766,1428.1921859409606,1431.3480099297083,1437.921188624734,1448.1698341624306,1464.9154579791298,1475.60709883293,1480.6846276562833,1486.7470869131091,1490.7084454769608,1507.6765533213043,1526.8128543189302,1531.495250670054,1529.5679667138006,1524.306765557237,1540.8219810734704,1564.2507698939614,1586.3034661874585,1608.4340860290245,1614.5808960754491,1645.7490180577827,1668.2502776683261,1704.169549632321,1721.0511444374836,1755.5345047461874,1794.9755007853973,1837.4753343710167,1868.6339236582508,1896.3996596914978,1920.003467196675,1939.2174453752668,1953.6675906288674,1966.802654091587,1975.224264033584,1984.5856492676041,1995.2358181839584,2012.7915742450539,2023.7425934664252,2027.3970320581232,2032.467815807896,2039.0527474554378,2047.4776933137744,2052.7209846688797,2056.5023864671384,2056.361545385874,2060.790933046327,2061.857366647748,2067.9461397417585,2066.920746497938,2073.2521420646412,2075.4614240930678,2072.0062836469465,2066.6098987780892,2074.264522306204,2082.8844102837556,2104.3270300727936,2112.242770018438,2122.3159874121448,2124.324046674431,2126.5024099320176,2128.860709654641,2126.394983439397,2135.2228881040637,2144.4672138432284,2154.307835902297,2152.482020277185,2152.8330434032787,2144.1590741800815,2142.9245084060826,2153.724954116611,2170.647209328772,2188.425922771021,2196.3913931684892,2203.3275385213806,2201.900128454288,2208.568084444498,2214.802334950847,2222.7096200605383,2228.779498635905,2235.349511138846,2243.4394082717986,2239.641643336643,2235.216348908974,2228.3478467896916,2229.760784692747,2232.364907618462,2236.124897807507
395075,101,"Scranton, PA",msa,PA,,,,,,,,,,,,,,,,790.4171097148926,781.6969100054499,786.945585167772,782.9517599231847,814.6283939956422,815.971928445092,817.5314813445433,804.1302190054034,804.2389240096608,814.0372150101117,819.2673258628521,825.7398304174704,825.9220351916242,829.055250729399,829.7399525031681,831.49881831683,823.5604535591575,836.5011377518251,848.570092780133,861.0382527878022,861.384572828613,838.8472082579107,849.8291303191266,856.3642762621276,868.3244333601875,868.3515535929533,866.082544017231,887.6191589638781,882.292718983192,895.4471622556049,891.9672550422108,899.9735376621236,905.4684713450392,919.9850321744142,923.0727028100953,926.1160470385558,923.300805320325,933.414663030696,943.6894917012281,935.9545098990451,946.6194673965477,938.2587195419085,943.8404397915635,943.0091260516201,946.4648893372514,952.0689138176529,950.2968524713732,965.5940133318845,966.2822427265244,976.9250909242795,994.7507018143383,1004.6283536499026,1013.0305481540885,1024.378614556767,1035.6967626346814,1041.7052945210658,1070.2503965136343,1080.4764924024112,1097.3536566799623,1095.119602382899,1111.53541468473,1117.3994388204235,1119.5513557933164,1137.980173710826,1148.6438270267142,1170.3061340601878,1177.0948964853128,1199.0900174790672,1181.8251874922387,1185.8040486984312,1189.7769394079112,1229.91765411368,1259.2253413623976,1279.0134709512895,1290.8619369694445,1284.8808997895978,1294.6949444907234,1293.5389404034856,1293.8914458510833,1296.70038115005,1307.4777648678448,1322.6704032236635,1324.6835925046933,1317.9753017666594,1315.8679196214218,1320.6748502264618,1323.4937545301677,1323.6619402818837,1333.453456869655,1350.61510062635,1372.329961854992,1371.4616841535492,1386.6215481172512,1393.7267246404922,1411.077098877491,1405.8089044260164,1390.4838825541945,1376.8581115853208,1392.2163200460275,1419.1016734383347,1424.2070579553722,1417.569898784667,1413.0458499144238,1422.4690102158781,1425.3261207583098,1429.109213981725,1439.9477140276822,1453.798567595389,1460.5209454485985,1465.266772161569,1475.5794903417986,1469.5962451389908,1472.7831177757053,1483.4974177579406,1490.6402548893504,1497.5338775318892,1501.3658082504564,1507.0780302467786,1505.0558031611338,1512.6287998246598,1530.3817861638877,1547.8943387589347,1546.985745614035
394460,102,"Chattanooga, TN",msa,TN,1030.770148883089,1036.79224625927,1030.312702584531,1029.469278105923,1023.652363748625,1031.8456262072846,1039.1071378546903,1042.573178564223,1047.5292678989024,1055.3032498329464,1064.2736837276507,1059.5736091875872,1068.0385946258057,1067.0835027300366,1090.557511072814,1089.3043968673067,1100.7865835047317,1089.3263990859082,1092.31442766502,1086.3264054245478,1089.8266663036138,1093.356393845633,1095.893297328286,1095.6762378693736,1095.2021061965777,1108.0734538675622,1109.3474874691506,1113.7678929900837,1109.3039167005531,1120.816540688232,1130.0437676965664,1143.2005220252763,1149.1620959641225,1151.9352006685742,1145.0172243441016,1155.9031083520194,1160.914965844583,1170.072908014464,1173.3751812995242,1179.2777203024764,1193.036650156088,1196.5098304541136,1202.5323117252929,1203.9285701648582,1205.7644712189485,1215.0286938049846,1231.664747802938,1234.836920930623,1237.0167182372963,1235.9559367867103,1240.2051482431198,1246.3152440261856,1248.4882632874414,1255.1853785741982,1258.2840612167645,1265.215371892477,1273.6347488009915,1277.929234712103,1281.7907752968438,1288.2888062586283,1298.4790341440748,1306.7570893669424,1312.1547145506447,1317.5779881269266,1325.4484852829569,1327.896310706913,1333.8538399720135,1353.0918718827352,1372.8625502523366,1391.3518093302143,1395.3560511997655,1398.0332838996435,1407.5936518809465,1424.724341920841,1430.9340457703129,1454.4545560744107,1478.7445100362759,1506.93486826448,1530.151444297075,1544.361413080171,1572.0498356936748,1587.2935659687091,1610.9044548267384,1633.3825093795772,1649.2739278509737,1666.8106439865464,1682.2169938949153,1693.5488761203112,1702.0436652510602,1713.945947900016,1725.8027419357588,1730.615629764687,1731.5592709373989,1739.4043915642355,1752.2781199652595,1758.4206754876652,1769.2345561466561,1776.9506690269611,1792.997353295769,1795.787540589051,1792.8868303430863,1794.0781544808135,1806.7213396410084,1821.2871361925436,1828.3676692303861,1833.3425699588722,1842.6629157466916,1851.2088867513119,1857.376046254909,1857.3384054534956,1860.1078266465486,1870.3449956777858,1886.859381990731,1892.9071062619792,1882.920082292985,1878.3381483606988,1884.6742811951526,1905.2379393860265,1910.0835885612894,1908.1795636065472,1903.7687536332937,1914.4756554528703,1928.5805389965944,1928.908842930893,1928.1716429388994,1926.8833002175954,1938.4283720045041,1946.2531578966111,1949.3291657834254,1940.914636965581,1940.7747707448627,1947.1854801405775,1955.6043346369636,1955.7829093087485,1949.970658928517,1953.624380596884,1955.8850455203676,1962.3090606578226
394871,103,"Modesto, CA",msa,CA,1197.33978970021,1194.044489249312,1197.4457321099408,1189.5873146321837,1213.1444847290663,1221.0954428172163,1234.871801506074,1232.036718972094,1247.2391087778976,1258.2970714621877,1271.8944849103993,1279.9023817176576,1278.8145893174817,1293.9450646960365,1308.550560189553,1334.9202794561825,1337.1093391147335,1343.0791920483628,1348.4605657785378,1366.1768766867383,1368.874505874494,1384.6989711889626,1391.1571299858447,1405.6030208033446,1406.5797335080342,1416.9537647576065,1423.1635520374248,1436.860593235886,1442.7413942874514,1459.9035784676823,1469.7359812301775,1474.7132384526856,1480.677412881595,1474.9983639759776,1481.0902916615141,1480.3826402980244,1499.9232277962458,1505.6705499158459,1518.5940033975787,1513.7953370938174,1526.6091514359612,1531.8352431786896,1546.9444937070073,1551.1180643139037,1567.2196403945106,1581.6544657047173,1593.8527609776913,1598.9881365279261,1597.1017227041848,1603.6975717510545,1606.3401927358848,1616.7727960999284,1621.9797069317895,1627.0686184540277,1628.0636419445364,1637.8396612445663,1640.3265057562269,1647.1702857224575,1651.6138672518246,1663.3879495400333,1673.360415383981,1681.152507295503,1687.036091370073,1698.4647916979916,1698.7259815856687,1716.088464960166,1724.5136276738035,1741.4896458442101,1756.1118670417427,1790.157200989075,1811.8206304998125,1825.8009626086664,1847.598201078073,1853.0082231714978,1880.9515410892254,1883.8182819659985,1936.3868809720045,1963.08436893493,2002.3689526242747,2014.3023307304568,2023.3007206351697,2027.7011048642655,2048.001543493632,2081.129254007486,2100.4289146969595,2119.307617680983,2135.602466924766,2170.7485039509766,2164.663577143554,2167.884016272758,2156.8735246019946,2176.869183030812,2189.2049190056664,2200.07864348478,2205.8577587932064,2204.417928232728,2215.388763878864,2217.663413430171,2225.6361656701406,2224.3809532797436,2224.469253848496,2225.9884551695372,2231.7493882542312,2241.5954572456426,2256.4886410985687,2265.7832048707555,2272.8790651821637,2277.2107156318057,2283.9796872173506,2290.8537281980684,2289.0397209289777,2292.999952885202,2319.915874973909,2344.61587842401,2352.382065233298,2346.3153335897096,2344.4403473180046,2356.699696644508,2364.3631915086225,2367.931182007321,2361.8880036027513,2370.7374026869898,2383.7602521890544,2390.6558332293916,2398.519802682027,2390.3836398949206,2398.3718096338303,2408.4955330701055,2413.7882117429695,2410.738104377781,2412.0117830713857,2417.9387257637195,2426.9574908306317,2425.1744370729657,2422.5703389029313,2422.1154901027758,2409.9125278284373,2409.3133971291863
394768,104,"Lancaster, PA",msa,PA,948.4915837215776,953.9962352992769,965.1860002256869,970.1004061010882,972.1011799036019,967.3071957632734,966.5452140435882,965.1228663316961,970.1734019612342,979.3467050555449,981.7811181898595,985.8398592107426,982.0276455189108,986.432635744415,978.4001071414875,989.5227116805639,995.3072488451795,1006.5105255220379,1003.3137543853388,1005.2119945457861,1000.1141608322587,1003.4527596612642,1010.890906258232,1020.9876344139457,1027.3468017421674,1027.09347403161,1029.2431370178379,1032.4809444279306,1029.9207914341832,1034.8598294244925,1042.5111675655246,1054.4034837455963,1056.6956521160323,1053.9835624117502,1053.039845583252,1057.4804192156903,1065.6210920223934,1071.4161617880768,1074.383927826889,1078.0713796265277,1083.965129038787,1089.1094552192644,1092.6747707936452,1092.017168414281,1100.8113831173914,1104.5371784805159,1111.4733482822276,1110.1594986278428,1114.4013027805727,1115.2468738565126,1122.3533319420796,1124.4648837376467,1129.1499485483416,1129.8210898918712,1133.3237124084708,1136.9779706326274,1139.3765925668367,1146.4112033726133,1149.394827043195,1155.55381044969,1156.5835122468307,1162.7255899674221,1173.7798307427897,1168.8633398276231,1165.8669163815255,1175.5003262919743,1188.2980298322118,1191.6044263540562,1197.0791876250694,1214.0465695087644,1235.2834635873944,1246.5137443185438,1261.1208814717231,1257.4437808562313,1266.8587858763492,1292.6953649880372,1322.9106225128453,1341.892730150892,1347.8263519197822,1365.9334431951881,1378.5623639872115,1388.549807566523,1391.4970342486758,1403.6797130299856,1405.1542396297764,1419.5938833607515,1436.0703356722395,1449.831165326219,1447.6303919507454,1450.6455522977499,1460.4750906237934,1472.860024577867,1484.5001832537064,1496.2456077225493,1513.0985547485236,1514.3103167107945,1528.0016647462032,1538.7881593089812,1554.2479338615938,1552.4341275484917,1563.4867388279292,1570.7487462795768,1583.6272783639963,1586.2815685077005,1588.575534527756,1589.767637316425,1589.9131848906422,1609.7367598907,1613.634159029315,1623.8865719931753,1616.3361822371237,1631.53168551249,1636.041606195834,1652.3200934851127,1659.7595253444672,1669.9369839245642,1684.6468122555762,1693.1628196877627,1704.4747819425943,1696.1553006044214,1709.7267946802644,1711.068510908914,1726.9999987129147,1726.3594203838288,1734.354058398104,1737.079865099993,1739.9859704784792,1744.7311748135294,1746.1972833802024,1752.9390564391929,1756.901899412224,1768.7044169142432,1768.9768299423229,1775.2886334616915,1777.994969369235,1785.5729434669468,1789.3709488130403,1791.602380952381
394997,105,"Portland, ME",msa,ME,,,,,,,,,,,,,,,,,,,,,,,,,,,1703.839406154526,1722.7612553144754,1735.7707745625328,1735.3389325207406,1753.8290478208764,1743.790003275081,1753.4385663027026,1730.3403388815723,1727.185811360139,1744.8243548350263,1782.0618404551735,1789.4304762285974,1772.6647407222501,1738.5023163591436,1759.1856370811229,1774.636534319762,1794.2130291299075,1804.8590337247,1817.4544789634429,1832.3956105288082,1858.0494741128168,1858.5664475454266,1857.4830270388902,1840.5926266507092,1857.8073273148877,1886.0276519355843,1880.7442119647735,1881.380497755403,1877.4961143713092,1882.8936363790342,1882.680962033008,1893.8949843057073,1894.6689234391365,1902.9124396897093,1904.7868586027346,1929.0970166014,1988.8312093781506,2007.636014204295,1983.7422581803985,1995.1730163626457,2015.147322598812,2050.042301608524,2055.81612003201,2076.7957861186196,2101.393931474963,2127.636906264263,2133.529840572332,2172.2637751583948,2196.183876018863,2200.159131028213,2221.1559089482757,2272.561561904159,2346.98066231451,2394.4579716023914,2416.08046079331,2435.996702890139,2446.8487056046547,2464.687413324537,2502.082249970076,2493.1338082761317,2523.913219661966,2556.4566435027627,2611.143113819811,2598.73843716781,2590.8289377122924,2596.5426789370194,2611.7190332914347,2632.2989960003365,2628.535031054422,2673.8677070535546,2695.4830919682418,2712.5201509200065,2700.371767563675,2695.1360721284445,2700.95711840392,2715.250418126614,2712.338079674621,2713.5412125417743,2717.157064382008,2716.638321935274,2754.2691966132375,2786.2630927787964,2815.719013219578,2801.429805015754,2800.33108827294,2806.911789951112,2837.6868718308674,2830.5547742096355,2841.889669817495,2833.7857218452323,2852.9894105775866,2865.0712238917095,2884.7208818150425,2856.11562397589,2837.496039519402,2850.19145946932,2878.7881425168807,2910.6354309363323,2886.0678815065044,2895.7527792707588,2910.3292211378107,2935.550246254235,2937.0389116856827,2945.520624937224,2935.10776333581,2954.940347984109,2973.782187330198,2992.771466200606,2998.3844682001904,2996.955263224097,3025.177761876275,3046.500329380764
395245,106,"Youngstown, OH",msa,OH,,,,641.9348060551793,641.8580518892351,647.8306942888287,651.2944992848712,648.1127199151364,643.7162567338729,632.5005364794864,637.0434582399769,639.7546456625655,645.7283068332218,642.318849845095,648.4885077104128,653.0267478862728,657.5025527957072,652.6956780667201,657.6227531091942,664.0893785205222,671.0219121276525,677.1509026475602,,671.0928891620584,667.6596274236587,666.9161657456585,667.2777435809576,668.5880999917003,670.821188173383,678.4271957101203,683.3129247035415,681.0600208588286,682.1425907343231,682.37654185393,689.6609610265124,693.1169906584454,693.9502737074079,694.2615690832271,699.3526998670418,699.7508718277015,704.1929834899188,705.6465144582425,707.7146794272659,712.9771032816116,714.6280169080609,718.3303872673415,716.3054983343364,718.8101657210046,723.0210014584352,725.4254667615804,724.7921058847148,727.665834808718,727.1951590041422,728.3104921935995,728.4678125275399,729.7526122566898,732.3826804070142,734.3263048118287,738.1856154149989,741.5593050812438,744.5773953573396,749.1021415229885,756.7990333701608,755.1041176654425,761.7288929134583,764.9223287857723,778.2966482062694,775.0979119687574,787.8033111819732,790.2072143511671,804.3365610439884,810.5959899076942,818.6718899684116,826.8339099571544,837.4739430725479,856.4512167056502,871.6892872585399,894.2620965736623,904.5886466724269,917.2931629424761,926.0916718818231,928.976169906159,932.4497219597628,946.149336774599,954.7838463770792,964.7423350625579,957.0874041653102,970.5067639942249,967.4029987198127,971.4139474130254,967.9484118322408,981.0671546365331,982.5930315360789,999.2203508028247,1005.6303588444152,1013.234977133087,1023.9467325848964,1028.7868128271077,1042.564296594736,1033.7411109331815,1038.7210208340757,1033.7789096538263,1048.1282687706514,1052.474412219114,1068.285226180027,1065.6931539919276,1075.4435141910071,1084.1140016316233,1085.8574014760325,1089.065548744111,1094.6880847816765,1111.2732080907015,1127.2740910070609,1140.9502350724265,1148.9490929669198,1156.44534655359,1160.3613701077008,1166.6883946949417,1173.1083318643887,1163.8407065674598,1171.3633619294455,1169.625016009281,1184.343682749339,1181.8418886425793,1190.452169040041,1192.1669033032838,1193.6825850497341,1196.9360877315353,1199.8227661877102,1207.1218741450841,1210.3230766821716,1225.5433589219904,1230.7832435501787,1243.7562963373284,1240.950708268671,1250.542822344671,1249.2542066224505,1256.9340016708438
394770,107,"Lansing, MI",msa,MI,961.3518564347808,973.01662831436,973.9881825077092,973.1431452867196,965.6743373534068,969.7463834348547,974.65938587216,981.3104776724759,982.6582195163271,986.2623270678852,995.8527626063266,1001.6123347106146,1007.353277983351,995.4144610134999,1004.9574300459268,1004.8687778525909,1013.7750217448507,1008.9601206875063,1014.1610365699327,1022.124065815633,1020.9082186821466,1019.2166252991236,1015.2382871087491,1018.6095827665868,1028.2550726497093,1044.1531365969724,1039.8366082113953,1040.7452216950853,1042.7967853139778,1052.1917182810314,1044.7399236701474,1041.7276715582536,1046.5649959379612,1059.3332114528932,1068.1737343144896,1075.9318215843732,1075.798237681993,1071.0268129912602,1076.7325411938139,1079.2338247238397,1089.5359782812102,1088.5451672658046,1100.2202267326522,1097.0697171288723,1106.8922783028356,1111.6759284346945,1122.1618719325102,1127.2084251411775,1120.35368597736,1124.8526724916699,1130.346592203338,1137.9293906997812,1137.3108187005184,1144.5839012988695,1148.4987822059363,1161.2403348767984,1162.1336277665077,1163.2640906994013,1162.6562224879433,1165.830842255143,1181.1659379940445,1189.6257004147728,1182.0974699870799,1174.9650265119933,1186.3922319223489,1195.3104602339545,1212.3402623589793,1216.4951317011346,1229.492181948754,1238.2847296509601,1245.4856866728917,1260.0700865538006,1267.2383562596249,1294.8885263547427,1302.4217368544064,1318.4351774058575,1321.9202587952607,1335.340212289214,1341.8962447850859,1366.9249229938619,1377.8460049259265,1392.7934336275982,1394.247060559672,1407.4048536701864,1418.0220375879421,1425.8981835226832,1439.1993127158496,1456.8244520231835,1474.798813676505,1489.7920423062308,1492.3165843853676,1499.4008385337786,1500.373734008706,1507.771857602013,1513.0810298901742,1520.6754679283442,1529.9110709109302,1531.8512252216751,1536.7231013228936,1536.9009804336333,1536.543165690736,1539.879244892044,1559.3890260173953,1565.757370950584,1571.960030938279,1576.2589962814866,1609.9989790191837,1626.2238978244661,1639.3064132454735,1650.0150687021387,1664.1328080864357,1671.616498592924,1668.9421658288509,1670.120168968808,1662.0376559416713,1666.5488853838078,1669.8920723158037,1681.195076564672,1676.28192562211,1689.6436499080282,1699.3299963345244,1704.6087196989354,1702.1158999761753,1704.313393910418,1728.522520273002,1740.276981462388,1755.3282075158734,1765.294853057539,1777.7295153486268,1783.0559596930013,1786.6258517231265,1784.1548299359963,1785.957571980748,1794.3206042484346,1806.0373872640337,1818.1170242773762,1817.2750032126996,1823.278205128205
394590,108,"Fayetteville, AR",msa,AR,980.7030580517187,987.590512949957,995.817718253384,1001.2270097553412,1003.543939896,1008.6626240157408,1008.8148503305243,1009.938560719839,1013.4901854400828,1014.8039543367191,1021.8407733674641,1026.745448481484,1033.7574843279622,1032.5751205575507,1033.9727133308463,1039.5007630645061,1046.2669417517027,1047.1638373484618,1054.1482933945047,1062.4651317187806,1066.2368122118319,1069.1515917053596,1070.4596398088913,1075.8772685749614,1078.4592894741324,1086.8860382968062,1093.1226120605793,1100.3487130068384,1096.5722116347604,1100.4045766145634,1098.0566135774511,1109.1484330078142,1113.130791183779,1123.0065233676003,1121.0371204624628,1123.5696949336843,1125.373865994098,1129.0360297039658,1133.6039334386644,1131.265808298432,1133.673417341023,1136.447256205698,1143.606165330988,1140.7967762104022,1149.4265203858342,1151.236037129043,1160.138668141073,1162.6283322550564,1164.9380362198895,1166.9380626363866,1168.8780887076402,1174.8233565531386,1182.27582962999,1186.7848674366621,1189.7715626471734,1193.4298308503553,1192.641168623283,1194.4036985409311,1196.7066176212124,1200.8773828629276,1206.1386426064962,1209.6749837866905,1224.635550063411,1228.3656877620222,1234.4217008393734,1235.8858884523067,1239.3245491498235,1241.2574184740936,1249.5841013647228,1261.58195038523,1271.72636138874,1281.1776596909206,1296.4382692886413,1316.5147603312485,1332.6376014937332,1347.3610041019417,1355.0428787041624,1367.1927973992085,1375.2739379738357,1396.580121992107,1413.4082920711999,1432.6139526027243,1446.1304062597246,1463.6788956604453,1467.3643492701674,1472.3388226708248,1473.307498041318,1490.2983075615643,1507.8940296737217,1529.8683564692392,1552.031602372288,1569.8474043607985,1581.4794898167947,1583.417359326948,1592.2601080919862,1599.5578176018134,1615.514481364449,1621.0106456605588,1628.6957816661895,1627.9736196626834,1633.9715340591238,1633.9256622891864,1643.1108611274885,1643.4487439127429,1649.0060505683678,1649.3655896082762,1654.379981821118,1655.9263639428548,1661.0400577115872,1672.5898649652174,1687.6396900384088,1697.6090791432714,1701.7637510977615,1711.9746078792448,1714.9064682328092,1721.9869976278221,1724.8649790171953,1731.0962909570442,1744.3730517821184,1752.922313981272,1763.544821661798,1765.3387221472235,1773.1729497818171,1776.122950745881,1782.3694196824324,1783.649156560678,1788.209166971416,1794.1930941648259,1801.984692035096,1811.379981989703,1811.1522803029623,1816.1682125978077,1815.993277266966,1821.2607481539667,1819.4247472922311,1824.9422713136619,1829.0589713192014,1834.820263919734
394589,109,"Fayetteville, NC",msa,NC,899.2501499480824,902.251077956358,901.4785518867859,902.8828995110947,902.3594849540762,906.1392667226743,907.4201704703279,910.655081458887,910.6810269512104,911.8338429875773,910.4481473119174,912.1238018360468,914.2201862301442,915.0762519281524,917.4891160906452,915.7962919898772,917.3048227452441,916.321918978702,917.0363098943486,919.519933866823,922.3306898521082,924.5556458686308,926.1757052919132,924.6997611509611,926.3876458086711,928.1251041368595,930.2300517165061,932.4763922485254,933.2239422279584,936.4763056654959,939.6033605711484,941.3994320870376,943.8033729118723,946.4051696579579,949.045390035443,952.4946507293985,952.7627333326591,953.9364501264654,957.2956824015624,962.900614404721,966.1937299879809,966.5442205008709,968.8852817916281,972.0772432764887,975.8751152918627,977.0968484400556,984.4223305576185,988.9119943400328,997.0484714453352,999.4018487559232,1002.6858872949701,1004.9729642173276,1009.2975808953647,1015.1599379552661,1019.3613886281227,1023.2322021973538,1026.442073894878,1031.7394673009271,1032.4408959744346,1035.5744248282695,1036.8033704887614,1042.1637547358375,1056.7157572535746,1060.4302445122637,1063.6671792743819,1069.937897453588,1081.0183752758182,1093.6555023098474,1109.284073026156,1126.0125782053346,1137.5445113468284,1145.1210826847632,1153.5393240577066,1163.9743304457502,1180.3161059607805,1203.2862798697538,1229.4529907099266,1254.232997643649,1272.8447772793982,1287.9732041684704,1302.399976549547,1318.6353240050232,1334.9092609709169,1364.4823280686182,1384.8499961815837,1398.889323490152,1393.168100742552,1402.1592628802987,1411.1827105902562,1425.6402288496429,1432.318056864993,1446.0456630585154,1455.5296077421253,1465.49079549233,1472.289774629151,1473.053596838889,1481.6837166478304,1495.573406382532,1518.4086649899539,1522.3524764057217,1528.0207776600007,1526.2057925005317,1530.5450116118714,1533.2358606575356,1535.033279425191,1540.1323020915481,1549.2163677723959,1552.0314599895976,1559.0879918818976,1557.793120785353,1568.7349514764278,1577.3414234842803,1581.6411912563367,1583.1959442336006,1587.279531241765,1595.7746834570826,1605.4578302839855,1607.4237420100642,1609.3487549457304,1615.6932120148956,1621.5944562169045,1630.1284740728595,1631.0365616076856,1632.918300728555,1639.5205510668488,1643.0067227975314,1649.4290267650706,1651.3842882628248,1653.4253363485986,1659.265911991981,1663.4392923045573,1667.8708429628336,1668.9142802272604,1670.9507333041483,1671.3246182832072,1675.4799139221157,1677.5491454213388,1684.4484361638595
394792,110,"Lexington, KY",msa,KY,971.3112749983474,978.1455084473569,981.7261850355825,985.1369330329469,986.4350868694054,984.1475065029832,981.1062911145273,977.2086996248078,984.182048476994,989.2260265277176,997.1008176252951,997.876878592535,1004.5896955623892,1003.8673846916482,1010.5958483061464,1017.0582294896324,1022.0980497415054,1027.9854097976029,1032.7287749968154,1042.7102344821574,1043.5978661111997,1041.5559812387057,1042.4654763018405,1046.2837202535634,1052.0556995524141,1058.540523262946,1059.1922835791572,1058.7494702615588,1058.14623631701,1064.5215215764592,1068.1602766726185,1069.7887592263828,1070.9105021813707,1079.5618054728493,1083.149531113739,1088.8949207584137,1087.5493477207203,1087.9806799131252,1091.547617915112,1095.9961197897574,1104.6107199902121,1105.0081298051575,1106.6755331344198,1106.1976311846827,1111.2240831428462,1116.6440209158102,1120.3515215250352,1125.1113348189251,1127.2599968596116,1134.2266521160248,1138.403975983957,1142.3110187815912,1143.4469829986194,1147.2797335894154,1151.7402330228476,1157.7046013021552,1161.1132891258753,1160.9901685472669,1163.9493163336113,1164.4936465929318,1169.8435712343078,1170.4831174638707,1177.3136117056783,1180.1411770580032,1182.47737209611,1189.0842745083035,1199.4427895854137,1210.416152136952,1216.2438517448613,1218.292526045193,1224.595876042643,1235.6519140255946,1246.6227591174995,1260.725308667076,1265.1445910678456,1273.7675523498965,1282.1622990267783,1296.6662819333046,1311.9292936285294,1327.0555802961696,1340.7746129388754,1357.1366955545554,1370.3671721515968,1384.5772483450226,1392.7342402575318,1402.0201224989721,1415.2882081509306,1430.44409039342,1446.6046520611815,1455.736501200544,1467.4199008710643,1473.3701476734095,1485.3508630093866,1494.539433071803,1505.8577711207602,1516.6448408377403,1529.7894090263392,1541.7954159518326,1549.8644427022919,1557.181792762424,1564.6426552338505,1572.9814021615337,1579.7682837120644,1589.183683157654,1592.5040936971268,1598.4168902543495,1612.0356041077398,1631.114780400472,1645.4136113395637,1657.061699067085,1666.8733692026622,1678.3701466650646,1682.7146254349254,1692.2174225558217,1700.391846059317,1714.7697373653398,1717.407118817839,1728.9041909866012,1725.7859792454478,1727.5394136532911,1729.5963298500628,1749.5691628726865,1768.6914354473477,1777.6415714822303,1783.1343146802456,1787.7642185341454,1797.882213562537,1802.1466233911106,1816.756315621778,1822.8968447556726,1835.5649291937436,1841.1202397318416,1848.0417179890426,1841.699283458779,1837.1928481250175,1839.364993809701,1847.0624458908678,1852.032066524441
394971,111,"Pensacola, FL",msa,FL,986.0193969644638,987.4294388553217,990.646591688468,993.9852349763202,999.7337691418984,1001.5928197811515,1004.6223348826209,1005.5305971101263,1008.950328060119,1016.5816156843301,1019.462812172817,1023.1711614306013,1025.0924566126928,1030.41319047621,1035.3044731830387,1038.5333325632141,1040.4085738891092,1043.1536494685008,1047.7284942592332,1050.3094065637981,1052.0903457850568,1051.829662512729,1058.1518441444796,1065.141724722947,1070.1103751629407,1072.6511290451247,1072.6850145895673,1076.9025554677673,1078.9662123437524,1084.6797655481125,1087.8010324925883,1094.2035250607541,1100.782488244335,1106.3080473138482,1111.8593646045813,1119.3617506517912,1126.350182296843,1130.86801226145,1131.3348591955853,1136.8721720189824,1143.4184710622842,1151.9452356787465,1160.345944090994,1169.2220578498411,1173.073743653567,1175.4566391937876,1178.1138362220706,1186.725606175238,1194.5969255559496,1200.9400204124636,1213.4553479357496,1220.2194227464304,1227.5954840057746,1231.4484905473116,1236.3960943067098,1239.867273841743,1247.4541854048498,1257.2330831406882,1265.5615736876455,1267.9692552904194,1271.7372150753895,1278.4216896970554,1291.0021714519423,1295.8042960423172,1298.0171061463066,1307.1452743865893,1315.521741777833,1328.1294796087377,1334.7435220113216,1349.747478555137,1360.4933478764003,1376.470363453478,1387.0817738250407,1414.8480204469445,1431.2398740850183,1457.5068867210853,1480.4574814054329,1506.7282260691584,1548.2340712830828,1579.8111061446264,1621.1502671431354,1643.9558481852775,1667.4771366768714,1690.9240858794947,1707.196740365779,1715.4978611050935,1726.6117964278096,1732.85394720542,1750.8523840814858,1763.2489731818625,1764.699743609197,1766.7981704211902,1770.4936870907272,1780.9048199743727,1781.0659559767175,1778.1577081563414,1787.9540365200514,1794.4311701774843,1802.7859649436266,1808.010828518097,1815.1878181424568,1819.2465937944958,1816.9825680090596,1819.66733989618,1817.9449851647657,1818.8820648466221,1819.8528021852026,1829.5488687007517,1833.2947228186142,1845.940654758833,1848.9305185927622,1859.342011286993,1853.912341480096,1854.941113112957,1856.158634037621,1863.1364261247436,1866.3069488721328,1875.6244584063445,1881.2864750556178,1887.6430939188401,1882.7991020358904,1884.0914686871304,1887.8582555034113,1891.9325650739186,1898.055189154584,1902.16213988328,1912.0858630909745,1914.9893423957712,1921.949965664732,1921.76564321846,1926.1284773036207,1926.2053974600872,1935.2396287840052,1936.2041793850044,1939.372787451396,1939.427348586907,1944.703512584808,1948.9888295802057
395068,112,"Santa Rosa, CA",msa,CA,2014.5349619371484,2021.5163998441853,2047.1780134122776,2061.3842233718747,2079.300845977919,2105.6801253448302,2122.6460884690973,2133.119884228049,2135.175546042751,2163.0552828339687,2170.2283289290863,2199.00738253489,2209.2739160443343,2248.7292993344386,2259.728723864741,2273.2796483715592,2277.7659880096485,2286.787329474839,2287.8848424100565,2300.005825792089,2304.3806747487147,2312.5781043717434,2310.827669177524,2298.14865142924,2304.7039822935976,2308.8891290738834,2324.026835391881,2341.2452186826017,2363.4558517820096,2386.0349676450724,2402.7604634803124,2407.5894099102584,2431.3558874779133,2452.615956574287,2503.5271466690297,2532.3186065743503,2563.889090282035,2573.7798868063946,2606.2830084314273,2597.6898574047977,2589.361780543879,2580.0592125874014,2597.070129646559,2601.590524563447,2589.4318856426335,2595.9108611589236,2594.5628678194794,2612.354501407028,2582.0793265817724,2575.769265819018,2559.8016057202562,2572.5142434897534,2583.858184508446,2593.911645974779,2588.67024008776,2596.0875944200575,2607.785544184963,2604.9395086261416,2596.160741051252,2586.0043233191227,2607.330838884902,2621.341273618957,2631.4502713055876,2635.5700056420897,2631.878809890508,2638.4062621972284,2647.7768321141493,2679.0668164501844,2697.0454116313217,2727.754391648811,2721.9944279675337,2736.535340393777,2721.293016846824,2739.451173161314,2739.216860601144,2756.848719618161,2775.461686642522,2804.7293035509188,2823.809308533442,2822.7980891317447,2849.9142346970652,2847.4013755150727,2889.764772239673,2893.703978860195,2940.2627435595064,2948.141431650514,2988.8072304405255,3000.4961541343096,3005.360339849039,2998.7547944157604,3006.211100337068,3021.2600599184966,3013.4668688221295,3029.193381800599,3015.473625346198,3046.854493432041,3046.8922676214315,3071.4643192415406,3063.430136952303,3072.77021926187,3104.9770226741143,3111.4615422106363,3132.3878314458034,3138.26791443237,3165.9644510340536,3161.1328178355375,3179.9614484311205,3178.590881274233,3189.075530179612,3161.923782368391,3163.868367786286,3174.320294996152,3198.678069619618,3236.0344573688717,3239.987009335801,3241.035255331244,3221.7471228384306,3255.097930851622,3278.217617671899,3268.8219530904958,3264.004803810889,3271.150619686656,3309.3865381742207,3319.54437182015,3298.429911703858,3292.4398497919296,3297.432707645009,3311.0318628270948,3333.2076163191186,3326.637246772747,3320.9094448449705,3341.2693247963202,3357.034049838439,3377.743863919528,3365.734777087783,3368.563426391514,3383.9674234594872,3387.366071428572
395019,113,"Reno, NV",msa,NV,1356.834407753075,1373.2130976338617,1379.7620701432386,1386.238981544761,1385.1428612868365,1394.5031262292166,1395.7924660394726,1408.5250709110164,1417.650771990259,1430.879361224502,1445.4538956574454,1459.6104941903043,1466.001308237297,1469.9065169720325,1470.3410787207863,1483.4461125276728,1498.5141658817147,1503.3307501653849,1510.4429175417915,1514.7952995106255,1528.266574379924,1536.2207091585935,1540.1607893909215,1549.0147868488532,1557.3260116123993,1570.3536552380033,1588.411787767128,1604.7516642283704,1622.2582206258717,1635.147934261454,1656.707204520968,1666.469179381668,1682.484638955341,1683.2299488945298,1699.0029658948179,1703.167530383316,1724.8525117392917,1731.7006339668983,1737.293159195732,1746.0011552619094,1752.5119687529852,1770.2823387669528,1779.5802901748307,1795.2678039194052,1795.422749041413,1811.2186700958664,1824.8376672924178,1838.9680397590587,1843.369799773393,1849.6870809008317,1860.8401854730141,1867.2355281266687,1874.4339250173196,1877.0565569221512,1881.36398656015,1886.8939614757273,1898.943070080441,1907.4736595003915,1910.2200587670452,1917.1392087005784,1922.3814776406903,1932.4452906822094,1929.5526537830992,1932.513248938677,1932.0779581509955,1937.890124755269,1939.7855987687901,1963.1369544550337,1992.4222699932725,2033.115519111085,2067.993477634502,2092.130892255458,2105.743721506877,2122.6107914521185,2141.6081475093624,2166.231792555987,2186.3253124833186,2205.662776644202,2252.675116848731,2282.814681331839,2314.748911328631,2316.3397029681746,2322.648979295441,2321.486493011713,2343.4831141925506,2353.258652771994,2373.780004701608,2380.483155063548,2390.886656210316,2397.6611991298873,2392.405619741865,2391.9102325975987,2381.7607483530956,2387.4753673437676,2383.7616436448197,2404.681415397397,2405.9527541078583,2412.060987536365,2405.6478374361914,2416.3348158132826,2432.1205076200995,2442.4348156743777,2446.371020140375,2450.590908429521,2453.899024799609,2456.1143360067617,2464.8720269018777,2467.83888539087,2478.3549768326425,2479.75951255059,2492.0571995424743,2489.9833094155297,2499.379732712799,2502.5803039027746,2511.9144786011884,2513.06524012697,2524.690170458425,2531.135669484072,2547.9066978574647,2549.1987829200502,2548.3381716060835,2553.225777850525,2560.503830991161,2565.4220961227247,2562.1262508609225,2571.101289375245,2577.1669077134407,2589.4951216045565,2596.554287373281,2606.2352537376514,2606.9936418104257,2618.155228648864,2631.257540319487,2644.495997103876,2653.650813225442,2669.5013366552503,2685.8758282607223,2697.931296424889
394698,114,"Huntsville, AL",msa,AL,942.925751839354,947.8534969473487,949.4543809491702,952.8809067719116,948.6092131918072,945.9531189745725,942.2921578225543,942.8790819611745,947.2730206303825,952.5796461227743,953.84318754972,954.0066981707548,959.879305149188,961.6841548072144,965.6617627053535,963.6504585273553,964.3554530704288,965.8824684564303,968.865571611658,969.4912230667529,973.0288930041337,970.6616277602609,976.1101531969421,980.2690259187823,982.9676086413916,986.5368770300464,989.0658411923552,997.2696113726188,999.7037572157498,999.6219442821463,1002.0685049198656,1005.7512100764511,1007.6673701639701,1011.5162411813574,1013.7432725861361,1019.8644459969134,1025.2951831273451,1034.1020846323672,1041.486724763104,1043.460663399527,1052.2712215742072,1059.600835706588,1066.884116101481,1067.8461245126728,1074.1217480836335,1085.4045868995775,1095.0268266692,1097.8425177410984,1094.7270199068828,1100.1845980858254,1104.4853418254818,1112.0310579848276,1117.5006664648583,1125.8228319701159,1133.2063147959716,1145.8849314948159,1155.1252471933165,1161.2891866025864,1168.826913353118,1180.9156202044235,1199.2439661198023,1209.8462413739776,1218.4773121047297,1221.5410055645875,1235.3571940271981,1246.507737795623,1265.153476270778,1270.8729490701526,1291.5149566813982,1298.8853575877529,1316.85506618416,1321.055573331586,1337.8844251121625,1345.0985572066768,1365.0401061464356,1386.4054710337575,1409.1031576302014,1422.2990200133233,1432.632660394749,1445.9175378603295,1462.7426061798435,1487.3769077165766,1505.622905227555,1519.8267492802267,1527.8887842077702,1536.4225210573748,1546.7955518963513,1551.1781904315494,1558.1291396448544,1567.122466867121,1573.7150010197806,1588.6844708998099,1584.315715872192,1585.7365484025124,1584.3587702499233,1594.4731516662948,1600.5930290123574,1609.7135346775153,1616.4495478763422,1628.4427419092826,1634.6947478375525,1644.2929141972143,1650.2027661491763,1652.5030072552793,1664.0523544544048,1666.1167962369757,1670.3826835629272,1675.0135376556373,1681.4605145665012,1691.3663412745036,1690.2425755313561,1688.7140525418467,1687.0299903700852,1687.2984717482998,1695.2170163072765,1701.7571131026866,1704.5122261504112,1707.3396663677731,1710.4001582352164,1716.0929230441009,1720.376911746573,1723.0266087761358,1727.649358683762,1730.6558438286236,1734.3768555625484,1731.8715159940193,1731.145413150526,1731.3299066921668,1733.9576719151937,1739.7296705627116,1745.2041955511063,1746.291020292179,1748.838446899229,1750.5250322105721,1756.7964575523001,1763.923030477635,1772.044520861515,1783.6523879142298
394995,115,"Port St. Lucie, FL",msa,FL,1245.3450139627064,1254.678486337126,1258.9591605895132,1266.4211196492893,1270.7241936722216,1275.1038449668647,1283.4178679733404,1293.2918807253088,1307.417927450994,1315.863939579168,1329.4606853585371,1334.1573605888734,1340.3475102098214,1344.0106694633075,1349.2078390170705,1355.4966090377422,1361.2803207247453,1367.7008205132054,1372.5956867452962,1378.3330743023305,1380.6082763477548,1384.5338702731651,1382.9422173579283,1388.283667076689,1397.7083509184763,1411.3720092175727,1423.648272293945,1433.3812611779242,1443.5346677884668,1454.6395113074066,1461.950157740904,1467.162116795064,1469.5008709513893,1476.4589472608543,1482.8626325776781,1495.3591049464926,1509.2447219022267,1517.5903050633613,1523.7333142966845,1522.175088398336,1526.4175626642395,1529.8401076128353,1537.2587837194772,1546.4585777091695,1546.6265225892132,1541.5543498342468,1557.3662653418958,1572.9371283552218,1585.721660228494,1581.583355209864,1586.3254989064392,1597.519742842175,1603.6918771063476,1609.2837449591977,1613.2980298516702,1616.0026275863365,1627.1678030587925,1639.0861179119054,1635.005405828383,1626.0973382362413,1617.1504772555368,1622.4201010472052,1630.6010571094641,1651.6039235706958,1668.3390817637578,1673.619386031263,1694.450327242907,1706.4007092681898,1734.7322717377613,1752.9919627532313,1768.696487150231,1775.3920826108777,1802.658503069066,1843.5370754213943,1869.8805151471227,1878.476036900504,1892.5548527083197,1934.763798731724,1980.0051138791741,2036.1571329717954,2045.7526896816382,2079.186177006259,2154.8508738188184,2241.547280411408,2331.4228567266555,2325.1241911790466,2344.7629708571067,2354.6578913455046,2383.76168887738,2408.5063426201777,2414.099942960893,2423.8002492307032,2451.925620717858,2471.8050053924385,2454.523661460733,2437.661299542484,2414.592518512922,2445.3777809831668,2458.8473728091417,2485.978030718039,2501.9869481950973,2512.5984455547164,2529.5356900058564,2539.197767740227,2558.477381642877,2558.4711292603215,2545.069103755976,2546.6139955754916,2536.786502353163,2551.330537554734,2556.528937759855,2573.195761927609,2581.2463851980956,2574.1913974699014,2569.5543222594292,2565.6699449753114,2561.1762189999704,2573.1522390011764,2590.0823412931404,2603.205956061446,2614.2756066707807,2616.79245926414,2622.483289594316,2619.168220776836,2611.0858561505443,2611.122274236259,2619.3460284616704,2628.926806844841,2631.802183004128,2631.64343295828,2639.7401380804195,2642.8482477147973,2654.164917781859,2651.842691804193,2654.529432087878,2656.1651340582716,2667.668332581221,2681.9597400312055
394761,116,"Lafayette, LA",msa,LA,,,,,,,,,,,,,,,,,1244.1181076191867,1235.4929659190736,1222.7894309834305,1221.147064512272,1229.9664030433385,1228.066310129587,1241.5496121540998,1233.4098965725834,1247.4117895017453,1241.0338403404992,1259.5342307233159,1253.7625346530017,1262.3672538918843,1256.5510489650007,1257.80271557824,1249.130608506418,1252.2545488593178,1246.6375015450071,1246.2669405878016,1247.1096103235925,1253.8052769502551,1264.3724691566836,1257.3305997834811,1255.0449210413824,1245.5091860198518,1255.955530610134,1261.5688915817798,1274.40007838427,1269.9730440677117,1268.5292129909378,1263.0476979198913,1270.3193320898324,1266.9091171651396,1267.8595321892199,1272.1931875902665,1275.7797298024336,1282.6766231805495,1282.0883136174268,1282.5573698702033,1278.9817435052012,1280.5716642192544,1286.2584069583947,1289.628993866468,1286.1645586017876,1284.1769589600553,1280.9704998557677,1290.0233476479154,1292.7285402982902,1301.9525100891726,1302.504573682845,1311.250192754887,1317.9591554663452,1344.2064489996953,1361.1207823103189,1364.8794944735548,1363.2359166340102,1368.1240665077958,1376.2650215868507,1385.8428890584528,1391.4121264853354,1402.4343040882318,1412.6547144723893,1429.6262241822872,1442.3508159622759,1451.5292313688465,1447.0935459629336,1466.564582829406,1470.7115058832323,1494.48383074401,1499.7317825141045,1514.2846340833573,1518.0543663218361,1524.5110587475638,1530.357865486182,1533.7058735880507,1532.9526057992616,1529.4923824116852,1540.935759060698,1540.83243126609,1552.3984904420538,1550.2011767189351,1555.1436094171072,1564.6258125829322,1572.0486667040643,1572.8893556859352,1571.6619608997778,1573.2037192315822,1589.0038186213194,1593.163570019516,1600.1446456052126,1604.3472960130007,1626.5948130275892,1631.5326092523915,1631.2868662814728,1611.5195449383477,1616.0467644241096,1622.6711512164698,1639.3570678195504,1640.3508120366912,1649.4098277958285,1653.9732968115834,1660.162036807578,1657.678900979104,1650.5101767413255,1648.2440378347733,1659.3804713856555,1664.0989184014134,1671.3426198600375,1669.1492910943202,1670.5146788243808,1676.8575146125395,1670.7820453044471,1674.5049821720218,1672.805147446679,1680.6129998034858,1681.201211789005,1688.6277826937433,1687.0929699418364,1698.4212958950711,1696.6397835175014,1702.1528563919424,1700.4391594414283
394898,117,"Myrtle Beach, SC",msa,SC,1156.9992789267271,1156.162832387915,1154.9685068187553,1160.1541983948573,1179.4021237249488,1180.3368038671751,1187.179672129188,1187.4301675653403,1187.303124011107,1197.8428600951643,1201.0502988410751,1202.6590283415808,1201.240615763845,1207.3519212103447,1222.0676511422037,1222.361491366035,1213.2527313875867,1216.6758578045658,1223.2316235255014,1234.9000399401064,1240.0839476881438,1241.2760449889306,1248.0642437656368,1252.422481257796,1262.1425341223246,1266.9415780481302,1267.2866843525183,1274.2073084906579,1275.9708367007704,1288.684140088208,1292.6795702138515,1296.8672217670726,1298.6630393387181,1310.2215102054063,1306.6862146268381,1318.3190536518982,1325.3461215712707,1346.3444149273976,1337.685694909353,1335.8927551140127,1338.4918878492908,1351.2551456042204,1355.2139009136079,1357.7032878296702,1357.3704415682378,1365.1831700960506,1378.5820869080353,1375.3059731711064,1373.4139988494555,1366.4383865863745,1381.7285839628287,1391.7768506759792,1402.9401227731953,1398.825347436137,1405.3510583939699,1412.3253698126155,1424.513790444765,1426.3320026146853,1430.9873094188165,1442.1280039420944,1454.107560705111,1464.4710530299776,1459.7005128515189,1459.2893275497538,1449.1641105863787,1453.2898174127106,1453.1784204619175,1457.9598070260736,1462.4790158032977,1461.2931477468221,1486.6148187506974,1506.8869968917804,1529.3600449659245,1533.9262795171414,1536.939600816714,1556.823277605358,1597.3888726594719,1632.1545079688628,1678.5344554741666,1694.980419678886,1734.5487164266249,1754.0380232005348,1770.7442962722594,1774.3961389052101,1802.7158854783224,1835.4024633822057,1877.0432565416322,1889.8148627429982,1900.578006626037,1905.8658434276429,1914.1857943880789,1936.7648408960224,1938.04507249616,1959.682927949028,1962.1753387468966,1980.0593595373032,1957.4717251739048,1954.3579186042425,1947.0142310755937,1967.7040517910577,1978.383021968451,1984.2408564863654,1985.0197825180037,1992.8050015728027,2005.2550915665693,2018.5027283520196,2019.6074344040683,2017.6508106567908,2023.6590681948958,2030.8465417635496,2044.5518255932122,2043.4550425256077,2044.0160506169307,2048.3852203055862,2052.4973217543543,2055.0480768473667,2054.4795988516944,2048.057121396497,2061.102162963982,2064.3329054591386,2071.928647143564,2062.252073321845,2057.451809203688,2056.1044329150523,2054.8780412979813,2068.7055745043476,2072.056743143047,2071.028323618606,2073.4534829803156,2076.0559876774355,2073.4186620767296,2076.5453722621705,2079.542133855585,2090.6684148847744,2095.4974391050987,2099.8180276588564,2105.3322788112882,2098.4162816707535
395116,118,"Springfield, MO",msa,MO,774.3924347178178,774.6138978557887,775.7097105491289,776.8320408281136,780.0934246970327,779.0334282230755,781.3389697252014,782.2372395005957,788.8000774206431,790.4910602144814,789.258905146819,788.8245054985026,790.3144933832177,794.3155238169916,795.5371167884074,797.2106773481528,801.1796206481723,804.6499057677358,808.8329570845485,809.2771658773886,809.3740251268065,813.2401751706315,817.047720818232,827.6225986936408,829.4789909361939,832.1772720699253,827.894865682511,826.639197712798,827.8466459675709,829.2017173090594,833.08468595646,835.5624069120616,838.3043829273286,836.6017130592984,842.4216972770615,834.3450575051819,834.9866848128313,838.1016322885665,851.3213576207702,862.332119122133,858.768061088187,862.7657318323073,864.3487942598713,873.0049476832971,877.3006574393763,885.0022090811376,886.4660283048992,889.2179106008758,894.9583989787664,901.4594996381572,901.3289328871467,901.7890200065618,912.268708749476,917.3537922999789,923.1346269949082,925.1732332767943,930.8150795459576,935.6867466035179,942.0388718721651,953.4273053328093,960.155140977516,965.1205047387914,958.108797888904,960.8216437111736,960.9571431890977,964.317958316814,971.901583122045,982.5077273862355,987.5466381861693,995.9537145536415,1006.1867890586582,1019.786598528483,1034.81763519176,1048.7899914456216,1062.736962136794,1067.9196463656974,1083.5678381863163,1104.0475685588558,1130.9249930684782,1141.6860672474988,1148.824762678167,1158.590571856736,1171.2061120541043,1186.3312794872525,1197.0852690829959,1206.2939378411409,1214.409228493431,1233.6047108956195,1247.586756821147,1255.3895578575787,1249.2149794570091,1255.5760131168852,1263.6908647260134,1268.6233910740943,1274.7319416241098,1282.3355585964425,1286.52807003935,1286.7860318148685,1287.7199118294893,1290.6941327361876,1293.7709257598126,1295.163926720337,1304.869077952784,1310.9547590260618,1319.2959402218285,1322.4984767130716,1322.312760178747,1318.0109050459698,1322.014457944314,1329.9384051528905,1338.2261365773852,1340.3193164158079,1342.3037655532435,1347.234150144373,1349.8903602818878,1356.7704722568249,1362.046742926042,1368.5603226688577,1371.286640498004,1373.7746555141282,1380.7183636232446,1388.7853024669168,1392.181520491982,1399.9775370569605,1406.757790395537,1412.315657289459,1418.4908074071025,1420.8387231591378,1422.7733492491784,1426.6975649213825,1434.7021731821362,1444.3605695601698,1446.9372611785489,1447.2341136511507,1450.6250679672676,1452.6263635232865,1455.4117475890664,1457.9443066596007
395195,119,"Visalia, CA",msa,CA,,,,,,,,,,,,,,,,,,,,,,,,,,,,,,,,,,,,,,,,,,,,,,,,,,,,,,,,,,,,,,,,,,,,,,,,,,,,,,,,,,,,,,,,,1763.9937057686984,1777.0748697061188,1804.130292955083,1826.7396461609064,1843.2359478614537,1838.1364343452701,1813.9836084561941,1810.012833565977,1822.0444037159316,1832.4741351061255,1836.798530521737,1842.7482053272988,1844.2507666252448,1832.6797452950964,1831.1777471985224,1832.3216046055345,1850.8558063221947,1859.6001793237895,1876.6346380778043,1869.2768529805558,1881.0238315712497,1893.6684722389627,1898.32848237085,1902.6329040416656,1896.221736302978,1925.0149563586851,1926.4700869164928,1928.288021096756,1910.0284248905905,1927.137059102352,1945.8618773649591,1965.4209183450046,1961.0804598061386,1959.2578017674175,1964.3109098088516,1971.6329873023776,1980.5422985989221,1977.3134081232154,1985.153495688111,1992.5116148947104,2007.5244390270839,2003.4418351948887,1997.2438675718859,1998.8833554669095,2006.7539243659537,2012.5850022881093,2017.8123537187466,2021.4423726956697,2029.3933332229815,2031.7136122798813
394746,120,"Killeen, TX",msa,TX,1012.0501521682638,1011.8732854553265,1015.7885218210394,1017.7330079721864,1019.6025989284991,1018.9074767743499,1018.2172012017512,1019.9883920119468,1020.2613662575031,1020.6930120786988,1021.3938663502981,1021.4009284092535,1023.7404342531856,1024.9901174004674,1025.5409424538302,1022.171071873602,1021.8619326207789,1023.8885760129858,1028.9200108923374,1031.9219139907511,1034.2049434041835,1033.5247082835015,1032.6941783483157,1035.6322437890253,1037.4850862051671,1041.1946799393884,1042.6018292645772,1044.963795059539,1044.2057280268639,1044.1197752614944,1045.9021681426188,1047.8087938849633,1049.7985869574954,1053.506405052509,1057.5524655969493,1061.7548855798846,1061.4953516509083,1060.684292836811,1062.5459193239988,1066.2364407913774,1069.554778560855,1071.4553064588363,1070.2237586186134,1072.8671013585315,1076.0519607008716,1081.0607298446303,1086.9949210033012,1091.703595128903,1095.8305030384315,1098.2086800026925,1102.9448526092153,1106.7541280300948,1111.9223004733888,1117.6514400005976,1124.5060851676087,1128.799891054593,1133.052633792946,1135.8456195137676,1138.0470071673633,1140.5979307384457,1146.2417680603337,1153.381210759216,1165.236222147332,1167.2584299942143,1172.7959657188603,1179.54310818941,1193.5329266336596,1209.3631653276343,1226.9341345786672,1239.846285478404,1251.9316935784127,1262.990666703138,1269.597098600333,1287.8184617977656,1303.5493413600832,1337.0205331040427,1359.710141681663,1390.097168976425,1410.3868412644024,1431.5627994532235,1457.3724087070718,1483.2359405927223,1505.9422338202799,1528.0651263619436,1542.2976169554856,1557.2363011773336,1565.48693911462,1571.0336761661508,1578.003743229229,1582.1871816788114,1590.79201141964,1597.8258442671834,1595.7960401436105,1589.8564680640256,1590.2866913123291,1595.3319025936164,1602.958245918505,1599.3174555204455,1599.4829427563957,1598.914736545137,1603.5251021323184,1607.9038917377627,1607.9213343520973,1608.669841471591,1606.987745048148,1613.0836261568106,1610.1323855037201,1605.4424566493262,1604.4984567726576,1608.9617683839272,1618.5237327812677,1621.256192457968,1622.1865884557897,1620.8863999707055,1621.2197126061214,1620.0392533446327,1621.2132524897925,1622.4482074052455,1627.6873218140001,1634.3683504023786,1638.4615735776185,1643.7662651160472,1645.9007725248937,1642.171178194757,1641.4755377164183,1641.3668379582223,1643.769422916691,1646.902508799714,1650.7008294314267,1651.1414173283813,1651.3378550608982,1650.0993430079907,1648.4879178683343,1645.4539216482262,1641.6814995942764,1645.7108427695857,1647.0499948926492,1648.9309671530136
394338,121,"Asheville, NC",msa,NC,1133.4091789715646,1135.2565776942226,1162.5432553806963,1157.8046550956904,1167.2734526075283,1162.3581932697239,1177.3800436280387,1192.5972935376963,1199.8032550536298,1195.3489435907345,1192.4256238244793,1205.6040423605637,1217.1947085125992,1222.3286691383182,1216.5166174098408,1223.0048158645684,1230.9638307455668,1243.9603581309975,1249.633699331513,1252.509823455205,1255.210557317922,1259.6325046052264,1272.1837696696962,1267.6418962592386,1271.0264119679853,1271.7705176299942,1292.9301354563488,1298.474011632495,1308.657192179645,1309.1590573505105,1312.24256830431,1317.4944431976987,1322.6638362726176,1337.597754103648,1339.8387217154584,1352.3477683901046,1352.2778828074672,1364.191670759996,1371.5322073108475,1379.3180477878543,1380.5053789425674,1378.1368186681534,1385.9815091211349,1385.1174813465686,1397.6346475925584,1409.874727160633,1427.0125057025696,1425.5538705237473,1436.9909529383888,1435.0896645975029,1433.78127520145,1438.5439623163431,1445.0304884926306,1458.372107427948,1462.9144994938163,1473.5395672996021,1473.4654389463162,1468.3392469284977,1463.6579857681413,1471.041524846824,1472.9733106017088,1479.5488836330642,1483.0407097954908,1489.046518620085,1485.4567707446265,1488.9271894115916,1505.255745566548,1517.2969187326444,1539.5318107341402,1553.0217421048997,1566.3073726000819,1569.2823566937045,1587.4972839505936,1618.152041872377,1646.4593555159095,1669.699089687522,1671.5607448734415,1698.911538320917,1721.9063446178563,1760.7897058439705,1779.0558403184807,1800.2619298781892,1822.968738177336,1845.9656431203423,1864.7076141194536,1871.6372972280888,1884.8743560547673,1915.7318809494052,1962.8993627885434,1975.4862329371729,1978.6779144312893,1970.863080553842,1982.093225577593,2003.4114701649294,2017.273365791869,2037.4391063575517,2052.9594878481817,2060.1736930873335,2076.114322795769,2071.8302343120067,2073.6430778636245,2082.7132491975303,2085.310989934296,2090.680997449793,2095.1135280364697,2102.7993000499278,2117.7444368674987,2121.538075293899,2127.1897890667433,2133.2990573026887,2137.4242046463846,2144.3428113364057,2155.015179430527,2165.9197215573363,2175.0612129396654,2174.9042143572506,2174.9033069164984,2173.023997903587,2178.2991830944206,2175.039112163205,2177.5837338509477,2180.642202139397,2182.5596140488556,2172.203614541191,2161.6937387544835,2156.0841274635427,2157.332499137018,2165.9318858417187,2171.8601395041765,2175.682885180191,2172.501685340101,2180.0896101637168,2184.22960901572,2190.520661307522,2197.596512075546,2217.083965982531,2234.4525079275722,2248.9090710382516
395244,122,"York, PA",msa,PA,918.8442764187754,925.3534898628251,927.3699700457937,929.3722718457431,925.6269669827813,925.7016694193055,927.3345514901328,933.895177952507,932.7415870547153,937.5629600353429,934.9047123926496,934.5976694979712,931.310102832376,931.5242619858807,933.7366383266926,940.0670652693886,944.266354718815,945.636049548305,945.7572327950684,940.7747229117206,943.5979640113858,946.2582494662394,953.2285584556472,955.3814625213158,960.5189421118359,958.5822420792587,964.7507539479358,963.4266179523595,968.313804583768,972.8375846914614,973.7215177671897,978.9968532957976,985.4775107855165,992.5081035978724,993.4769948442344,989.3706129698836,984.4122652613531,990.0908843500024,997.9064645010702,1007.859229531035,1006.9790986695225,1000.1821222790576,1006.33396496632,1019.2614440425546,1034.9801158376854,1037.9281395011853,1040.0278490748522,1048.622210677858,1054.3850896363763,1052.1407872481848,1050.6874882858488,1050.680348938435,1056.9256072171347,1068.778745833763,1072.6593495096777,1070.063569042281,1063.5139866895604,1066.8409670465765,1073.3172194313477,1078.5013445900988,1085.94051027774,1095.830034182321,1102.494591175007,1108.994474409645,1103.760447472595,1113.4327829177262,1121.4905159710033,1127.2816561316017,1124.1571970859663,1135.0946896895744,1146.410308851334,1153.9879854819728,1159.0817825847132,1169.506406571063,1171.165457302507,1179.8177434607596,1190.2361798884244,1206.894447708282,1216.6711955667547,1225.6148501758903,1243.6977875549785,1251.6833854316803,1259.5195671143524,1272.7495698915372,1287.7697483491017,1293.9311909412147,1301.4302960025059,1301.41206674924,1323.3326306820563,1331.7924799187338,1336.2098747905954,1331.1352576203715,1342.0327012345945,1351.7985291504378,1367.2233533181363,1373.6552589682744,1382.5326077368888,1382.6746745861049,1386.7708069048567,1402.3306759424252,1407.1034035270443,1409.18824146469,1409.6179556105492,1434.7129827581855,1436.444159708101,1445.302617424807,1449.7245300563436,1452.3201231174228,1452.1224086002348,1448.5095897954116,1465.8458946741566,1475.6215114255601,1471.4196899514052,1477.9397396777943,1488.5236499024304,1494.1408756282376,1507.7298393543176,1522.1390468761372,1522.355338988473,1521.056131554794,1508.6833056708365,1531.3640712612837,1534.21737188444,1544.739569827085,1551.6200497931318,1566.1967854403388,1572.5720214074558,1571.9991277763047,1573.007323093983,1570.1307172447262,1578.9426898672596,1591.1899022774226,1612.4317342007328,1609.285432830915,1609.6088780604161,1604.9398539708595,1611.3115084762069,1606.6906565656566
395183,123,"Vallejo, CA",msa,CA,1693.8769295494017,1702.1258030751435,1713.6540897112234,1722.5065103182592,1728.3426490478632,1743.346081286402,1753.6965003585995,1758.3714310671294,1769.8880549415182,1791.5652913245751,1803.7439768910592,1817.2712912357267,1818.051612737343,1823.908270806358,1837.089553685396,1855.1032457351848,1865.0990241417128,1870.9965165046128,1869.2507811293654,1886.9735059993727,1890.1189087329838,1896.1606320342473,1905.4244277894736,1919.152347384991,1950.919474904097,1958.7639842539816,1967.7363317632417,1961.3425904899732,1990.6785295976515,2005.9459367622487,2033.1435687185315,2036.7820211594612,2052.511306983134,2057.110527144258,2066.744257443595,2074.8539407161966,2080.5079283898167,2095.5828291246453,2105.397729734315,2118.0881815242374,2119.3653052165296,2127.154444053369,2135.76159357025,2145.6893136184494,2160.07037544415,2160.900299410088,2177.0162324149073,2189.1350639308253,2203.127236973454,2211.3450308249367,2222.5894377980408,2238.3016988597446,2245.708531657111,2255.773331199083,2260.549695276264,2271.917107819065,2276.040008082414,2295.056099906762,2298.4136210184956,2304.1236196096834,2305.445071122728,2310.976858803301,2314.6478231086817,2325.407616850638,2333.609989160203,2333.22372513762,2338.0828648754828,2349.670698650431,2364.147520119386,2382.844012610717,2404.5902911624657,2432.1668330369585,2473.95137646895,2481.7342621187527,2482.402577731799,2467.0147503783837,2483.565902027924,2516.561656824096,2554.841941292517,2579.2677248899454,2594.830454236138,2611.960414402913,2629.857958860811,2656.303233006622,2665.135402750997,2679.2670945304153,2691.2334924075935,2722.1631101148496,2736.181169133788,2743.85712102631,2742.2548547018678,2747.4967323286614,2760.0593630613407,2759.768176187868,2755.755814103862,2742.7679400741654,2743.9754159751365,2760.358260987527,2774.213675966644,2780.76905005076,2779.9136310666267,2777.4687900616354,2785.3747978008328,2802.906976524488,2807.9066018603885,2824.190141687342,2824.9624619799383,2844.056180707686,2836.888071552912,2836.2955742158856,2840.844205450046,2860.7361239828615,2884.6553691067293,2896.0556031856877,2906.293943678899,2896.0925103574673,2907.6235641206117,2909.7684223157707,2919.0819201141153,2918.822847751988,2932.1166559405706,2947.958655375661,2952.419280930304,2946.9720609373135,2928.838676129083,2949.24618839092,2952.5035543252257,2965.2682998473324,2965.9088192468944,2970.1303720124797,2976.4996856414073,2982.1180070628457,2987.128725564598,2982.9672389566517,2985.027570323014,2987.6063646595867,2999.590114401864,2988.35230017567
753917,124,"Santa Maria, CA",msa,CA,,2313.924534969571,2343.9600665904586,2346.564277899489,2390.6710620665167,2396.348066827779,2391.8549541958505,2400.3242100848465,2405.223801465119,2407.260982736363,2433.9082453495325,2465.137655530572,2501.3562135760585,2524.4932742993637,2553.4102900594135,2564.4173450438443,2539.2588042640455,2534.5443526831623,2548.16004514481,2561.710668973443,2589.2027826453423,2595.8889111040403,2609.428764607321,2605.6870813751234,2629.0989801085398,2623.2325151706536,2664.144533794871,2679.574364111163,2697.1615496536547,2660.8216360676934,2651.8837250267775,2659.745225346493,2707.2683964561493,2752.1803633268896,2772.861886836278,2770.76520250579,2747.5171351988224,2801.6561347637908,2823.3693999788775,2830.142572095774,2806.388708752351,2808.3367794514543,2859.985607638852,2855.1633967983357,2844.16544967063,2834.9810682114653,2851.7017831776225,2883.1284002451807,2923.018409217975,2905.29270949796,2893.3137480791215,2910.4378336204454,2955.447816224899,3004.3205028698208,2995.2600243921215,3021.537705532439,3029.076594484789,3041.843797476179,3044.4386778442613,3050.1707211675243,3054.5936572079595,3071.4054494099114,3111.2301500422927,3093.401586195641,3112.921276013319,3135.796323484519,3247.7396522021086,3235.147442825052,3277.428464849116,3292.2582616688364,3386.173051370479,3411.2502292101562,3432.8186826302085,3476.2614801157197,3531.267631770993,3586.7918223593438,3625.6117111361236,3657.9005693237805,3711.7826674799508,3814.25194845422,3896.6443680389357,3928.2686313942017,3980.2118635885663,4066.961667065332,4151.352762286501,4176.688134336937,4241.273734001822,4357.705652364751,4392.204252415384,4431.478854467796,4368.103473983461,4408.598190492002,4400.3760255404095,4477.833921332813,4445.388526172323,4459.075599743287,4495.326086069515,4546.861039073056,4558.880511617422,4492.131012644722,4503.547952521944,4495.108707054797,4551.546418680426,4581.645325970341,4622.27362221007,4637.704880029008,4632.9751840831905,4607.719622528121,4545.1291012965585,4538.799812146703,4519.097935797288,4595.632050449554,4625.517381124689,4682.705210636877,4692.201124421161,4695.733444694169,4723.335952304235,4779.087322016761,4816.464960955531,4853.1421981373,4873.179918344571,4913.326712401101,4904.868706687826,4861.58058906081,4879.736013073175,4919.129405016786,4937.012440001303,4950.027363704757,4950.637515984381,4925.084092364561,4946.6218474777215,4967.354521782621,5014.41010324184,5016.018686881441,5068.494709594867,5113.17676557713,5120.4516036309715,5101.4390015015015
395050,125,"Salinas, CA",msa,CA,2006.364072659744,1999.5692865712545,2001.2779029049946,2011.7001119850122,2000.6471150919174,2011.6892284892347,2000.6707044222164,2029.4443599721026,2040.8094407695849,2075.1878241765994,2094.469493385579,2155.036421863639,2187.5535850327124,2198.253253391741,2172.9104463512567,2184.79919723295,2225.885707385897,2265.822706698887,2290.530484946789,2265.05004370269,2254.798518958151,2250.5150348332377,2249.2113170040375,2239.3453202116634,2267.042529850408,2285.6159051835375,2350.073885091656,2328.2389443477273,2347.5931788412454,2343.1115822323727,2356.111724718499,2382.573368166483,2396.5618774585564,2429.3342284954656,2446.231763052362,2451.214855404161,2447.8455558862624,2466.6156805048918,2494.594507889769,2524.356776854849,2521.9063301020706,2521.4940096632404,2528.4234074137094,2538.6246815969735,2563.9440234932463,2585.731994717401,2618.6098388150804,2620.5817700761186,2612.0776801311586,2608.7488302862926,2588.8413024077763,2604.861760253618,2620.0392281071545,2646.2655190418277,2662.9315563195855,2680.0574602278243,2690.135701168739,2691.945991509294,2694.8675103484984,2729.735373404049,2771.5827501421663,2802.8959291060632,2788.204938233329,2795.9194764041904,2772.684663121778,2773.348366897607,2765.0533898852755,2789.5144938089993,2803.5850913117724,2847.434221890433,2860.218913049357,2889.29058324581,2883.100998939782,2920.8697028623515,2934.9197113238506,2953.3134107294527,2980.301457629044,2993.590691793117,3041.9728609957474,3059.8415243932463,3097.7205506801038,3101.9066755011117,3127.169408264827,3148.656515246459,3165.425236566926,3150.7343205877764,3151.6030759859923,3184.362644893453,3239.4658154278354,3282.690318077243,3267.2301551519663,3282.1882952997253,3280.6883719715597,3333.92412486042,3379.7714000216447,3389.088868831356,3402.4204197267727,3404.744508420038,3434.931217355446,3434.487959899288,3424.485963904677,3448.9255015730346,3489.1386698910505,3516.4449826521604,3538.371286904618,3528.261212361837,3494.512777903093,3502.858925858187,3507.6221847644642,3571.9833066482515,3596.831233011738,3612.189549663946,3634.4312391813537,3617.952922333623,3644.166947189647,3674.7947584162193,3714.992907694597,3732.3313847493296,3765.387353061348,3779.906025758269,3862.493780010832,3891.6137119625,3949.633893678025,3852.4810249653306,3853.4798970343672,3833.0560504364457,3828.1663794927426,3824.4598804723764,3822.84572706256,3847.8063529688693,3876.754089128373,3910.2374259663243,3895.7818300038766,3900.08183352818,3901.4194255857738,4033.586010089983,4098.797656013646,4201.066679026079
395048,126,"Salem, OR",msa,OR,1185.8016387311227,1185.8453185295311,1205.0753159701326,1211.4529317381473,1221.1946873385198,1228.5072033530598,1246.43335084099,1264.7643106450364,1276.161893898803,1287.501386130104,1297.0309378225222,1309.173254709679,1310.6295029501139,1322.7513222062269,1325.9865298685356,1341.0055425742742,1354.764560285416,1367.410374060415,1371.1413016042334,1376.3132744828517,1388.0562084707747,1409.9931214582218,1413.7950197486489,1414.7383241354478,1414.09264779988,1429.0794600051947,1446.8668706815074,1466.6830946333953,1472.166147584219,1483.274861327421,1486.2937116190833,1494.486869984892,1498.746775269322,1482.7198515259834,1490.267423230372,1505.3862878285483,1532.952528577114,1535.9180687041228,1533.5781971832457,1541.4565029557186,1545.3978839967563,1552.2444510268112,1561.217320622666,1578.2349938007537,1576.3848223624132,1582.9244284351025,1587.5511464866315,1603.843940923108,1606.280696941158,1605.1419440867262,1614.376773095963,1612.1759296691243,1620.5343060954922,1623.864969773112,1631.1609920345825,1628.607869534948,1640.9533678364373,1654.4170911917402,1661.1920574217293,1655.0825495320357,1653.8676673014268,1663.8506810903427,1689.5865549090836,1698.2338798957694,1709.0213777171155,1722.0455074219126,1726.0795397984818,1739.8886156303024,1743.6763532261755,1756.2345691490689,1784.5717928461904,1802.9755043114696,1808.673981287126,1829.8831785927166,1840.5431988453577,1863.972001730879,1858.9072227089657,1879.801350103497,1906.3098269460365,1932.8712427605683,1948.6197297205263,1973.9422844705593,2003.4937389970971,2029.2692969084987,2026.509613282904,2022.7487149718147,2039.8217144509733,2062.7556440346098,2094.1801419696376,2103.7323364186072,2117.8046035448647,2122.9942120508845,2129.9923976797318,2139.5223309737557,2134.8235275604206,2146.191631419383,2174.646821272868,2194.646522411312,2197.5717208193296,2194.464090263912,2190.693511383003,2204.0600038920243,2210.5684460979796,2223.1755204814494,2242.6642646299574,2244.2629961838084,2236.521010554778,2239.6851864649248,2238.9034359973903,2255.307526280697,2255.2999983796753,2256.6189897775384,2269.5718187043153,2269.9727797976598,2291.401469093833,2302.573836605512,2305.85589190769,2309.841918706004,2319.532748994765,2316.3094736605217,2327.7758656057913,2314.6600435080386,2331.54882854639,2338.805623519348,2357.072802728028,2357.9154766657516,2349.695695471525,2347.8423770700592,2347.7978754152014,2354.5012649303712,2363.5556701791784,2373.14726894315,2369.687245817405,2377.554839521063,2372.3723837142543,2374.238356350924,2361.023767978354,2363.7113909976233
394870,127,"Mobile, AL",msa,AL,824.5840813332642,831.2029827191171,829.2160383046236,831.5972420927516,831.8322890827886,837.9923401461012,834.8584379898801,839.933408274392,842.2540717984921,843.5594308267663,841.6653306781675,841.1431406779296,846.0770281878786,849.1313788792703,851.394350412357,853.1210698017439,853.5825842049393,853.7285008368466,855.2035895394213,860.6179571480699,862.4308896299266,864.4725889246321,868.5006279131385,871.7216537418585,875.0640503910943,875.4228966184237,882.7942622016816,886.9778649042473,887.9048524260884,884.8045553231619,889.2410201575477,889.4979781931195,895.905653140409,895.8540686069003,894.4358959966098,895.0847095336278,894.5291634239292,902.8592623699268,901.446628972514,903.1977029074395,905.6954212788363,913.822984269386,916.9678631018303,917.2602702608962,917.6167380420882,918.902927312811,923.5644771279647,925.4169770769615,933.3615494785086,935.1128663583523,938.36423261281,940.6228328741032,944.0793824525524,944.9276192882164,945.7958803977441,949.7625683946268,951.251418246043,954.973480988883,956.1642652776643,958.410085384977,956.1038640454487,954.596924248229,964.0922301826224,968.6647854230206,979.6120519602647,982.1525759888514,989.9173179683318,988.1278546617057,994.9482461870654,996.6404133056567,1009.4522785888155,1020.7999717783084,1034.9038299546683,1050.5032452420185,1063.9802199971216,1083.1236266987062,1088.5824943308053,1101.4571508206004,1107.4015420869405,1132.956399712383,1140.3699193018801,1153.6031243133102,1150.953041128224,1170.840803592692,1181.455769126286,1188.1163981881662,1185.0523479786195,1188.842319376922,1208.0191613039938,1217.0959291940883,1240.0683281614838,1248.4510436986418,1264.4841723104034,1276.9209831758822,1291.9505081309012,1289.5814108156703,1297.9741510107146,1319.209994237781,1339.8915311914936,1340.4711823525317,1334.7275326381944,1350.3532779430493,1354.5883601389753,1360.203002911892,1374.010624690137,1395.50771341175,1406.343740787031,1400.7138278943034,1391.7253967558415,1393.5384240347116,1406.234353330353,1424.710376915232,1432.443473143081,1433.8783742023295,1432.19734716291,1439.0301816487756,1431.6015638153854,1425.1143427598142,1430.41073576684,1443.7353726689687,1460.0115002688406,1459.939183767895,1457.72924527089,1456.5579157752516,1467.1708485679171,1467.4109868095757,1475.6952753963506,1479.062670673569,1487.9713144555233,1492.6984915426206,1493.231432405058,1498.2688541448306,1500.3942841761689,1506.9420253455169,1509.8827565079343,1513.076715447753,1513.0193568972625,1519.7152628932815
395015,128,"Reading, PA",msa,PA,,,,,,,,,,,,,,,,,,,,,,,,,,,,,,,,,,,,,,,,,,,,,,,,,,,,,,,,,,,,,,,,,,,,,,,,,,,,,,1285.3415352738841,1313.2316395190803,1312.9460933938492,1315.0584248410266,1318.7582870690235,1341.7694857698616,1368.6062894555212,1360.074492845072,1386.148804571087,1392.9856846338018,1429.4320045773625,1414.8806473897478,1414.2812051675314,1427.3460043750806,1447.1456767942832,1485.9295786788223,1509.9206067823052,1515.9821710315825,1498.3019640476052,1516.546772843479,1521.8492398138628,1557.7898906405894,1578.997361927965,1610.8897427647112,1626.2827257245222,1632.7639271114144,1638.0050152949761,1630.8573248098714,1618.2985144689032,1632.219155713024,1645.2467761897005,1647.1433407121756,1651.308025753664,1649.0036849441428,1656.838047076664,1678.3105971262057,1694.1235466245091,1707.444717819885,1704.4026618518178,1697.5944852874425,1710.4042426779667,1729.9593035059982,1752.495195373782,1763.776535561592,1751.8203935034371,1761.7328732376238,1758.5036837631717,1756.4104236496687,1753.7385198706158,1756.0095595402909,1770.9016937388678,1790.0935159074327,1799.749461387457,1793.247297136661,1789.7112988468452,1793.5114928307648,1815.3196361818702,1817.549235921372,1826.9184261445548,1828.2887334395557,1836.1041666666667
394502,129,"Corpus Christi, TX",msa,TX,1386.8024359882947,1391.0623948718837,1403.4424171773192,1403.7616320139139,1407.1934699957746,1403.3350399674107,1403.4024580683765,1403.6639457957754,1400.8785742488258,1403.8910464731653,1402.08133312966,1406.870594771102,1410.656861878536,1419.741889688035,1411.110660658104,1405.5239892877032,1400.806660124581,1401.5741423349705,1409.0603582865874,1409.7320826504852,1416.671165681272,1416.4495946447691,1418.606197292408,1414.922028797335,1406.0412028963965,1407.1137595896328,1412.658942612193,1425.1920981899684,1421.0586950607644,1429.5764672878552,1427.0926985597794,1433.72476215849,1435.8374215872109,1443.9506501208639,1447.9289725583405,1451.6282768696005,1458.3670955577377,1458.8587459181117,1465.302267345625,1467.4834670646185,1477.4409187592642,1479.1648271494066,1480.188600221939,1482.6868109145762,1482.9118137172218,1486.3830042143998,1488.4173302040497,1488.7280156890772,1489.3447246656465,1490.304526051233,1489.7435704622953,1489.1902848523616,1491.1443060040676,1492.5953466260528,1498.8804114936534,1501.3753268819617,1507.183338262711,1509.3902280045947,1514.857682374634,1523.2812553264332,1531.7051818509049,1541.5055220534132,1535.0666664339838,1533.5289661149268,1523.4436544633834,1531.2254028953166,1540.1512450584241,1559.650335113673,1569.1691275291507,1582.1822983311265,1586.557126480182,1596.068024857995,1603.1111063890628,1605.03133682503,1607.6973937736107,1622.378739135396,1650.6901746092046,1679.0424819798932,1693.5274771466625,1699.2420115209127,1704.4382200074144,1705.7865548000245,1715.8218636696174,1718.1505732621836,1738.6644760236009,1743.8525251611152,1775.2805485717195,1774.6884080193295,1782.2952358027644,1765.4500696589432,1775.0621096519271,1783.4242722955055,1793.996269316756,1795.5749913717257,1792.2640780513589,1800.7104824843236,1804.1062114446493,1820.3142469629504,1810.6847273783865,1821.5068208862212,1818.7521760715201,1833.8711380606837,1826.751848358922,1829.2128195520336,1827.2945531157427,1843.0504499607755,1844.0362830535807,1847.0892300859189,1842.6647283104937,1849.6994279798719,1858.4136415172986,1860.305373028047,1863.505230051694,1867.7637906209911,1869.0591962155586,1873.2892292365502,1868.291026968811,1878.406639732442,1891.1521426248091,1898.2373621914417,1900.766351597056,1901.667496075413,1914.3600025601322,1917.7726473610674,1924.0369630032264,1908.3963505723398,1917.8284414144352,1920.986181820569,1933.0045282249196,1926.835054489059,1926.7351364515605,1928.0971668813004,1937.3694284781182,1940.494676803724,1938.6873346427997,1944.4752419581487,1950.4494107846078,1969.9294725642196
394421,130,"Brownsville, TX",msa,TX,,,,,,,,,,,,,,,,,,,,,,,,,,,,,,,,,,,,,,,,,,,,,,,,,,,,,,,,,,,,,,,,,,,,,,,,,,,,,,,,,,,,1483.9087179920966,1528.0611781351802,1514.8837897500873,1526.2263552806755,1533.48668532679,1557.3298706181386,1564.4997892665178,1563.7001580468348,1564.3371127644766,1577.4974409601564,1598.2881325835667,1601.5271560608735,1608.4736679938753,1625.6831655231183,1648.2040670817885,1649.7157937105842,1653.9564045079635,1654.1837380219858,1662.9687337601206,1656.5174655618225,1672.8079404918137,1686.6417055751026,1691.0323261553758,1697.6738036230936,1699.0509892340622,1703.440088705238,1692.3860958438825,1698.1706186324116,1706.9896151608107,1730.641347362358,1727.7340476212057,1725.2744500340143,1712.2225060316714,1727.455650535223,1757.9232225576595,1767.5322129317397,1759.862610444103,1750.6135117966692,1754.9406863609233,1774.3432164369335,1766.0713744143718,1765.0218718268793,1773.9608029585631,1793.4928358873706,1811.2105253192753,1805.9249721428941,1793.5055092572818,1798.7192974505972,1820.6726749157122,1840.463133179686,1859.1740297818194,1862.1301415955108,1885.93007158761,1897.9669549457076,1915.4363523187055
394820,131,"Manchester, NH",msa,NH,,,,,,,,,,,,,,,,,,,,,,,,,,,,,,,,,,,,,,,,,,,,,,,,,,,,,,,,,,,,,,,,,,,,,,,,,,,,,,,,,,,,,2330.912934357614,2361.7241584279536,2372.648452517667,2432.3586058010364,2427.9864478413883,2458.9410313238072,2446.978012918385,2483.4154486082725,2497.986546097278,2510.985378407744,2530.96524300959,2522.6074477476573,2543.7689904133777,2540.35662063175,2583.831485169215,2597.2705624904365,2619.259068903771,2599.6332229021523,2601.4994432891717,2624.9968352067735,2649.3476427215946,2685.966818528909,2678.6203287794383,2673.6257408963706,2685.4496534854165,2716.914964654019,2754.060286436398,2748.8720102996954,2768.4699029951207,2787.3725483641674,2795.833744139622,2795.3894694302858,2790.9624239536843,2794.3773455139076,2824.363091794313,2857.7452634043375,2894.487180793812,2933.0768559014837,2903.370940855682,2871.0874706787727,2818.0003315660247,2855.518204737627,2875.1115356390706,2882.295366113327,2896.2326661916777,2899.0137180808797,2902.3883982372367,2909.1376575284585,2901.2003587374456,2888.5429392074025,2916.2300338445475,2974.515990668899,3040.150942783577,3044.911616161616
394612,132,"Fort Wayne, IN",msa,IN,816.9702354218468,820.0822495847057,821.1438408699631,823.146824591682,825.4072723621933,828.6824887589838,827.4112033505061,825.5216507068989,823.8705794570877,823.9956046397698,831.5029689213536,837.3319888958703,841.4445800760159,849.0409057177857,847.6777108422283,851.3359612322705,846.2533830173303,849.529703846752,849.5452997089488,854.2251569986863,860.67007732235,864.3052932615867,863.2404964498616,857.0050443913515,857.1489920054905,860.7541110831654,873.2519952052904,876.5812093083525,879.1971777734215,878.8251077015938,885.6821286697071,887.8865655875481,888.9255334982917,889.9048914299761,894.2076961857115,906.5700636895988,916.1524458723359,925.4228478344946,924.7059949710365,925.1435119099662,922.7856587699839,928.2572887075396,929.672701011924,933.7746897665011,931.1009683146407,935.509613868288,941.6161931632778,949.946557693749,950.655342214924,947.5899615997408,950.7685859828867,956.6272670629946,966.7400048126441,970.4031629662944,974.2216794598957,977.2301896449475,985.5932432152682,988.8951172465829,989.8240548633966,986.0865835182376,988.5355168566932,993.2557028670176,1004.791598392025,1007.3940691545478,1011.0864988692624,1008.8849416567791,1018.3118238638083,1029.7776840755869,1047.5293815900534,1050.7406730912144,1051.524788478839,1045.3152500849985,1053.9609058798749,1058.6785090977125,1070.7731732232587,1078.9347378025932,1092.9732491696375,1113.6224056742867,1130.1857409366762,1150.9518702882674,1158.8629246478167,1176.029927825732,1192.9119120451458,1214.1029083922535,1222.881504055041,1239.9606608414922,1255.275311876301,1273.2589548962135,1284.936327880621,1290.3039334239475,1294.1025786747252,1289.2383984249266,1291.1198615322166,1297.8645042014418,1304.7273085919753,1317.8067651074573,1330.7161880688677,1342.0707146593825,1343.6062727304356,1348.651798900842,1350.1936006814783,1356.5711452085084,1352.9170131287724,1359.9389950636314,1369.9816792523795,1379.604498736245,1384.5279878155616,1387.3471829144237,1398.0389711921753,1403.724384250367,1407.3694858288559,1409.933370144637,1417.4491082241118,1425.5910771037852,1434.0077087647999,1438.3788245820028,1449.357928163668,1450.5409317959914,1463.109992032253,1470.4429766460307,1477.9382215351004,1469.5850754600528,1468.2967414903487,1464.9155979018808,1475.671678817996,1485.509480628048,1493.8159013951574,1501.635606865012,1501.679822066735,1508.1476045607162,1508.2222154205745,1512.1447832737665,1512.738024545948,1528.3180247520222,1541.9937306488719,1557.2572224492312,1559.9673739058896,1562.4650376182635
394658,133,"Gulfport, MS",msa,MS,918.211459809625,914.7533110142867,916.9465751821235,916.04467033786,922.4117458465404,917.3183414016689,914.9361438537247,923.5349168216759,923.5893032286831,936.5404161831553,923.6739667957208,937.2499329228914,936.1593471433125,950.9485437350212,946.04847559464,948.3130531490973,948.7825403524245,957.338608488232,955.2783341377035,954.1047069385755,962.988679649455,965.7691825421624,969.8243592671545,961.0042564228363,963.7629910661667,961.1016906543396,964.8976984323593,963.7600459533849,968.5687313423527,974.831988706586,986.4416193113007,984.944483972963,986.0699022639216,977.9649199163024,986.2519539990024,987.8619629847676,994.4839739194256,999.4926658757216,1002.5758796478834,1006.5085654188499,1003.3043614270181,1013.1451931304252,1015.9406818027051,1023.9930146869809,1018.0650155748831,1021.5264041996954,1026.1358480373103,1038.2315813133944,1038.7439760690725,1036.0486753999855,1040.0090388864396,1044.7151478269323,1052.4936515671209,1048.3580076387175,1049.575129554105,1053.0529402112586,1064.4834106148032,1074.5319488033028,1076.1660463878943,1077.5501562991547,1083.881011126702,1094.6446114464334,1100.9742181708004,1112.9526791943451,1115.6942608921515,1119.7910943975749,1128.0706471957167,1129.5467957407752,1142.2305199023524,1147.0480195154162,1145.0883476971974,1159.5558479702688,1175.4833799973194,1195.6666539272173,1194.3723687429551,1197.2185505708783,1209.138346575785,1221.6065018381128,1232.2219705727932,1260.3255533879583,1277.4380254697787,1308.6795375436834,1328.7905247139377,1349.8806148994533,1354.8304620867707,1364.2215281669232,1369.719976761413,1377.474466113684,1380.4930972275192,1406.325273611468,1415.7057959054716,1428.1007620524506,1422.0557779670148,1416.107665704597,1417.8192626253945,1422.7238045187414,1432.9889591508918,1432.279349626128,1440.5642153490116,1462.4711223423326,1480.5472314390768,1487.5378447497521,1486.4406257100272,1484.5885571165347,1495.326975204513,1506.8254343690808,1511.3225907000078,1499.257658798301,1504.6882313036067,1512.0914854991292,1535.4414032505113,1529.811951012706,1539.1820083622727,1530.9129909067117,1540.86594159711,1537.9707820499616,1549.0518760845262,1554.7787792647687,1571.571137684684,1594.5547300961016,1593.5832018967244,1596.4219224312808,1582.7082095075916,1587.2084503357692,1589.9141532175586,1605.4620757967152,1610.5196420597956,1624.8648608535532,1626.0942683156538,1630.5560111666514,1628.3036627699457,1628.9242289961749,1638.611237149101,1646.7177509284656,1657.7090111700022,1666.3350735687438,1669.9539448248897,1674.042328042328
395051,134,"Salisbury, MD",msa,DE,1184.432413144546,1193.2716654209771,1202.1635123798287,1203.997438398058,1212.5687678753318,1212.4573202406311,1207.416042966419,1204.5456870350374,1200.296122943479,1206.5442788712053,1207.3982052179435,1216.2237500222006,1220.282609833253,1215.946323727558,1219.0387317731368,1219.6515493385643,1221.0861499108314,1224.7463771189105,1241.2125323091216,1250.2381922587012,1252.9054122180391,1237.5466340573234,1238.0440952868912,1235.51335822969,1236.6895736016354,1236.235504954407,1240.2162838225845,1250.6565276745341,1259.3019514119158,1260.6055977553926,1245.7197181557196,1251.328317617669,1253.0239325500104,1267.6540328061767,1264.2643467450478,1266.5042293002136,1272.734078640368,1280.3580953367828,1286.8189477422839,1286.7245295667851,1285.929435005326,1287.6598259667753,1287.922466200081,1293.6513712703606,1296.5490760225878,1305.1948921358871,1303.1327621015687,1303.9481707925304,1310.279975162107,1314.4198348935065,1314.9019732687848,1318.4957468175228,1323.6013254002714,1330.6529204722383,1344.7839759187855,1346.4991405513867,1354.2448018133396,1354.8237204920172,1370.2598067993072,1381.6508585241165,1386.8479795708824,1394.3659760040223,1414.182874140749,1397.854612125604,1389.5311645466534,1387.902459858652,1410.3241957959597,1433.0143446011982,1437.7638927768846,1441.537320962273,1430.5135732354668,1440.3132793368306,1452.6292287204267,1464.9574997136942,1476.7461648963651,1525.8676535425775,1563.1752148777705,1617.862256716012,1601.3474872595855,1630.0093006530717,1621.2251238921629,1667.5457423241755,1678.4505976692674,1694.9481630196835,1693.7403878268926,1722.5724713096965,1748.90550844808,1771.731782902429,,1793.4971750919676,1804.4510823753526,1793.3693979754223,1817.4879122750533,1824.2388661709288,1850.3443809894334,1867.2402329466383,1882.6313831716932,1874.5963301454933,1889.657937274528,1894.7532013377925,1884.7659239579277,1880.1454590556177,1883.9561309924713,1915.1343781868998,1922.1151625890102,1923.554582270009,1910.9400239690563,1913.4968714017923,1925.0128332339248,1952.8353761310234,1944.146959422559,1951.8140562414367,1955.62340097763,1982.0049187365753,1988.7500517097799,1989.22823698847,1990.7504032469517,1994.0282110274134,2014.2568123317326,2028.8108520376115,2044.9279426418911,2038.6958499211871,2037.8797501983204,2030.2506446691045,2049.8592468329493,2046.289969416617,2054.8731287278983,2058.063487322382,2066.18523215589,2077.950156397662,2080.4530279563573,2082.1531318957286,2079.3963653667165,2089.9891651353096,2110.419645558214,2131.043552562085,2135.938652942782,2147.733333333333
394596,135,"Flint, MI",msa,MI,599.547061362705,598.2818714670461,608.8546031038109,607.8297213328273,602.8050917267038,605.0270737577251,606.8755614774203,620.3196155255379,623.9792951496613,620.4169648531434,622.0293551628066,623.2468515558219,630.0123194740596,629.8405581789035,625.4773063214832,627.3421195814543,639.2532026512387,648.1466216502204,648.7061754920486,643.4576274035298,640.813989102676,645.3236542381416,646.0578605517575,656.2161299202935,659.345212265876,664.5887804241067,661.3449063970376,664.0777626510605,660.4763835405569,658.3253848814068,654.9735288462962,657.3919455946392,663.1984868964727,672.8933064484953,678.7092244519043,679.6367588591763,681.9047241510036,684.1816396205869,688.4329966949933,686.764767384443,689.4581670619796,691.0518276382435,697.4493603257356,696.1289336213273,696.9438466710445,695.8470788020602,700.06524226901,702.9091137743659,700.3051952022864,706.9391626420273,712.3997623008207,718.3767605430478,722.0009261383626,726.0133869871285,728.4956569837927,734.8521632853066,737.4887843326318,738.3286412381791,737.6503047563668,738.520946901928,744.3553501392873,742.4772047615264,736.4856309579138,737.5102972432987,748.8060998961486,759.2945169405017,752.61415083825,756.7375278941781,763.5070774509384,783.0312543693351,802.4743743837172,813.9656288652826,815.2052160421722,828.071949808871,840.3490923895804,858.3405560027089,858.5206430181668,850.3993173052781,865.6600807155108,870.5559479689795,894.774391590338,900.6834425014453,907.457512653592,902.2342226548553,908.1554315920017,916.5185601456881,939.3721754609816,944.021551537795,951.9180998387592,957.4241406648745,956.1142835169019,965.6862451157789,951.9928672804429,954.2217400461494,952.5974738715804,963.3902977956097,964.1813506581605,960.8342011534372,948.2038353810482,944.8104204852782,946.1747098433383,962.8099581564368,977.6611550315006,982.2161337505082,986.8951387678845,989.7620801765944,997.3257544059446,1004.4453927865728,1016.5746167237387,1028.0380036521024,1042.58427531523,1047.2401430751233,1060.3409317416463,1062.689995600094,1075.7932753104942,1078.2922486518044,1086.1009455799597,1077.3331416804654,1086.7982940087004,1087.5457051832523,1097.6894323743365,1098.4353046054068,1095.6382818664706,1109.4955081372539,1103.657257503485,1103.409518353452,1096.6070997350532,1101.551932078462,1106.8154401710447,1122.937912347694,1123.4362903679416,1128.502904726033,1125.5095888050116,1131.2224642644119,1139.947942714205,1139.6327403286455,1149.371220625374,1157.2531873161163
394972,136,"Peoria, IL",msa,IL,,,,,,,,,,,,,,,,744.5626615928857,747.0291794946645,739.7337500316175,734.5876909257777,740.3748205833467,749.024874923818,750.4490619587867,753.6094330253354,738.8904089493142,743.538087375605,742.8133055118593,745.2355975026495,744.7484932320592,748.7016420927692,759.074799468695,760.4990021813308,759.6643089505725,743.712061925253,747.1949673551809,746.3774592047957,761.1927965181676,761.1519629545497,757.7298855721223,752.3534915799135,747.975305348662,756.1000752536773,755.1866557491993,761.9786118452522,757.1992412225162,762.9123052225808,762.8587833639335,769.5978812143975,779.4596348027616,779.1851061215997,785.6178402938657,790.4750566125924,797.9620693175655,793.2912665422265,794.2310802284658,792.765343439595,798.8753747760695,803.3268679967751,803.8257028040989,800.560852732062,789.6125832091745,789.8111957263611,787.123697303403,814.94238368761,815.3536141456491,821.6971264749417,819.3741000320662,826.2767385748454,835.2046676552943,840.1376732819309,851.729190511962,854.9943219030682,860.7667460550824,864.2263917567285,854.1205282650269,860.6075250321059,868.3486354524874,890.689291077754,902.0040901021463,899.4090808099635,906.318096198251,916.2212914620692,931.4768867747795,934.9661186250607,931.0824674971942,922.1286628717111,946.7336870745229,960.348825431363,971.2610684808018,962.926115152757,972.2851520776718,994.6232563858564,1003.0183685481062,1001.7158424796834,995.7993049576751,1005.2460108818552,1020.4767568519926,1044.4345687433613,1038.941724177344,1046.8882844298514,1046.4324567813453,1064.067457723423,1064.0892753602382,1080.1222691382145,1091.340408378527,1105.9998414115275,1108.929315583681,1118.7007494401682,1138.6193275804726,1147.315397829565,1158.897957388981,1151.3891523786613,1159.8147665577858,1158.4985938780937,1165.786607312043,1164.3670717585412,1157.6215749168978,1162.036584778643,1170.5491187021773,1182.4577694447419,1190.2603255913723,1188.845042910669,1196.0817613776835,1214.5195909588576,1244.804514268948,1243.6058015783246,1241.5331272190192,1246.576008975293,1260.7992900663935,1265.8102583141422,1274.1844016875605,1272.3798936342519,1267.0410784820672,1272.6000675124826,1274.7548959844944,1274.3996073660715,1257.9901670882284,1266.755419592117,1274.2225132968167
394439,137,"Canton, OH",msa,OH,,,721.8347303526638,726.7569284391201,717.2375618881298,711.0218680523252,707.2702874680538,716.8663930159798,723.8108105914899,726.5198998730658,729.2885818950582,731.7829192992082,737.8815406542897,730.6672218497511,729.2471491688692,722.8020209196733,732.0523201061238,732.4222467715407,733.0974268770224,728.100919025475,730.8934193864177,745.5108381870341,741.9564987230309,737.9499321439984,732.295980965349,742.8869649525229,751.3439092653506,756.390571663636,758.1285749496183,763.3628799350647,766.9644758210652,766.0306170502137,767.6678568560422,761.9296626929138,766.1026237483238,768.4500813766725,769.3227238312005,767.4143676535319,768.4892919818504,770.3570583246009,773.7970575530522,774.3147297445515,779.5092222534845,781.4800630765118,785.1463624055991,782.230028380572,784.0854054436899,787.0580402538188,794.7009007738283,799.1949743234459,799.8513947179962,802.5297682547772,802.9817086273914,805.9045110150139,806.0030801731269,811.7405836933127,813.5476109927038,821.7882083011069,825.3357092212833,829.1455754908928,830.2969842596532,832.4110791472439,836.6258249584936,839.9988143031019,843.160397555531,846.4561036220734,854.5907967327422,856.2640962642421,870.1235859987208,874.4336425951691,878.1372073448586,883.6081039143796,893.6091738218369,906.9845364870008,917.5355225377359,918.6209973299377,930.3486638376651,932.9573995505259,941.3008018357299,952.7815277128026,961.8606912878856,975.6499164934966,984.0948175768082,990.6081661999268,992.9848394159051,998.3879757878917,1010.8036038465925,1025.4559403753876,1031.7243617523989,1046.8749008857221,1059.0306486386119,1069.3100004099786,1074.6531035776536,1075.9850490348615,1080.2822639139888,1083.3630602272285,1092.9792122874344,1099.4220844622223,1101.3136925746817,1107.095432966806,1111.7112956663163,1119.6265622808685,1123.0816972469754,1132.5208976462193,1136.9867945832607,1150.120696820904,1155.9550660192879,1167.6694935097964,1165.0298998363974,1174.6812535329022,1176.2921922179191,1185.934200454458,1188.1974627996617,1189.6075305656334,1199.3237981462264,1198.9175473627313,1204.8499582652234,1198.29407033721,1215.386093483838,1215.039745143747,1226.988797813198,1224.791114158515,1235.733861707672,1239.3964539999376,1243.5038364668735,1245.7757199304576,1246.1830774800978,1251.3959285501176,1255.2348757062261,1264.7597838647912,1258.6537044667862,1263.3032435791174,1264.0259608959757,1269.8682668609056,1270.0029951444906,1270.4988175513904,1274.589472706959,1279.19
395070,138,"Savannah, GA",msa,GA,1147.7416374316037,1147.8872154705618,1152.2396478005114,1164.043753870676,1168.4581406078003,1168.2063023626208,1168.3827461045494,1173.5364615209046,1179.9872266272478,1181.5889839807446,1184.3251192267626,1182.1785796444237,1189.4334845440321,1189.8086649076995,1195.5541675462875,1193.638113031821,1198.270311262044,1202.1094122053091,1206.0766016326245,1203.936430908995,1208.1780330054435,1206.821739740004,1212.7177328964092,1221.3586601650275,1226.010493841398,1232.3885601369311,1229.6756066474168,1237.9156537685678,1245.0093939310186,1243.791486611163,1247.4978292833703,1247.601482474342,1257.1261728807385,1262.1851845003196,1263.7232295437834,1267.2165955432304,1271.6204129815083,1283.5565281651197,1286.513635406669,1291.9046999684908,1287.779544359717,1301.0500196200499,1304.7117105600976,1319.4429347338803,1318.6934485755085,1330.420292156331,1334.3011964194775,1336.05898060985,1335.9121330780397,1335.8594202899292,1345.023280413156,1348.5114612252037,1359.2555278821494,1361.2161621002904,1368.5965085754917,1370.5949257900693,1378.7964955248672,1381.2627976116198,1390.5406937290954,1400.5850804492545,1412.76801856607,1421.4090590696417,1428.3160849734675,1428.54679885295,1421.6054467484475,1419.667912526718,1431.5847783595916,1441.4486519133927,1456.2021533053558,1464.9099165497585,1479.9482539549253,1489.704125077667,1497.9878282401432,1509.1217426038784,1512.7199491208382,1538.8707236166433,1565.5045758610538,1602.1010984094644,1618.188175040203,1649.6958038842276,1679.9016529354171,1708.4575106294076,1716.6777972423984,1732.4769233882982,1748.6203396968883,1775.1683425625738,1812.391906546622,1838.9887961463758,1859.1041829862427,1869.8573061454717,1897.1773562503777,1913.7669561712505,1928.2457850631724,1946.8246083408524,1978.3688646424569,1996.6568374789317,2012.5775221199701,2023.7041962646383,2028.6955416488445,2033.5086284768254,2040.4047968831817,2058.5766559056015,2068.74928265336,2083.660312931216,2087.4905124143006,2093.0993033673776,2100.510703281156,2123.4611509012184,2144.7111834733337,2153.4627503376205,2163.0902491462325,2166.3939572551412,2182.1027906203385,2180.556205997284,2195.686422420113,2200.2996995210524,2212.91955485856,2212.903067323062,2207.7840554415434,2207.112267130358,2197.9645182662325,2207.692190688779,2206.366434447625,2222.3561713204617,2225.341351857977,2236.625890416142,2233.114284999638,2235.916123856529,2237.379439286213,2245.486017955483,2253.363922550432,2251.698063761263,2256.8187755602135,2253.236456490593,2257.4576110508906,2250.837641622942,2246.815111007089,2241.640820144768
394327,139,"Anchorage, AK",msa,AK,1725.9211532064567,1731.8307908106394,1742.1933580821042,1770.3708985827968,1768.8102233438276,1767.1093323656578,1757.977927991449,1757.015175815976,1763.7231025686244,1763.1656189186008,1774.4868523976013,1772.0823304493586,1773.6683855060512,1769.7512897841048,1772.8145857120664,1766.7674183446597,1757.9578104127454,1745.2249613364786,1739.8864746044858,1737.6203060552423,1741.8242221413666,1745.6730673587867,1736.1728657912488,1734.7821447596205,1748.4341884939693,1757.7145163198363,1759.3367432477542,1750.341664018739,1749.3397974993134,1748.9146936945817,1749.1271418233862,1749.6982567498978,1738.166687051722,1741.6920834003772,1744.1952209599667,1761.0869889089265,1750.7330601991812,1751.8297978499745,1748.5422225344212,1757.8864902954128,1759.8586255722275,1768.4023842657352,1775.85030127844,1778.3807257125275,1785.034542109385,1779.1476320752704,1782.4732177828084,1778.5920298003196,1782.3440187547856,1782.0717359326495,1786.644708729529,1788.154343903264,1793.3417046619127,1794.1752445420068,1794.5422666652998,1797.6942539505615,1802.348461634041,1809.8583471573002,1813.69096440189,1815.2184796539434,1821.3854040651995,1826.6717722484282,1832.7349676583583,1824.3376167689814,1825.5557109976692,1828.931264442685,1835.090269523056,1832.4690895120905,1842.944294724847,1867.6737248880895,1895.9212444405262,1908.3285936164627,1912.7234825062612,1914.2074002699892,1906.7934647952632,1909.2456580433216,1919.6786061223174,1933.3465143651704,1951.2786860552405,1966.478156954692,1994.6179951117124,2003.3206330965945,2005.964786459065,2010.140707311003,2026.5199621011698,2044.1130259611114,2061.5946763845755,2088.246499461206,2111.618328356824,2126.2319436830408,2141.046812952928,2160.7022808285883,2164.2712508893137,2166.7756689086536,2172.898407085931,2201.150514749378,2206.6574529509303,2227.7409733868076,2241.156642679327,2257.573768683546,2261.165763575979,2263.7248899244014,2274.668672156924,2289.062474138782,2301.415639074402,2314.1117397301305,2318.2783837927545,2320.480146455127,2333.0343951417653,2339.6163682170863,2356.2647060881145,2359.343526488762,2353.5860823861185,2371.0344081247285,2385.008873515422,2395.684909777994,2394.852278266967,2397.7491314835643,2404.9335683317086,2396.3484802967837,2411.124891531142,2423.7099477616507,2444.9262741383377,2457.3531656500677,2478.0282373336245,2475.4969205805096,2481.403391697698,2486.823451181474,2505.204096411309,2521.2511129976688,2537.5091186710033,2562.133696408503,2567.439017900056,2574.1151609857093,2570.455720664701,2579.985757515677,2590.5377741738166,2608.1702508960575
394372,140,"Beaumont, TX",msa,TX,935.9196894240362,952.9468824317152,947.7715449268057,947.2461731745544,948.3631831892128,958.994979367253,968.3326133250848,963.4429919479112,969.444664333512,966.3581059802049,977.1380700080039,980.2001996944039,984.7583611426296,974.5823818385417,975.9020622044981,977.0147053656665,985.0208001607547,979.5038857628053,984.1880691077969,996.601925043866,997.375934455399,990.7696300799755,990.1304244766153,997.6284545687207,1008.6485481868395,1016.0355095942458,1020.7812675718413,1028.213033885682,1023.8658147086379,1034.6544398409276,1041.611209589895,1044.5932698804118,1057.6676709941394,1075.5298385053723,1088.6196316310456,1089.9736890904521,1085.524325258512,1084.7154819086943,1092.9213778668704,1102.1057860084059,1122.4135168558962,1117.3266279365632,1108.2927618632923,1104.4497564790022,1104.8805501939069,1117.3069212328257,1121.3289612543012,1130.091883547848,1128.16643438565,1130.188056786135,1130.913706723985,1129.2546681713495,1123.3654826717022,1131.598613827033,1142.6037863316053,1150.504860959689,1152.1150121394396,1143.9514927323394,1143.1267291210174,1142.9937964432406,1153.005576487684,1159.580998032426,1168.3797867235294,1176.7825138688727,1179.9659652337746,1185.451959168654,1189.8105958788972,1188.9002184587519,1187.1043127353948,1194.8909714639885,1202.4529378704626,1218.3669399507103,1214.7966341123793,1215.1407146562135,1219.4490236313504,1231.9006611520383,1239.0053109444561,1242.2082058905341,1238.2229286739769,1246.3949324200307,1257.499197308128,1257.3773240667738,1263.7357027258925,1262.956093968205,1283.3525308829169,1295.4344161517743,1303.7810852008688,1302.7219564151271,1302.395523048306,1307.5005496741003,1316.2672447463244,1326.1689743553934,1329.5541910978936,1340.9919979665158,1347.8814285056903,1349.4154403462655,1343.8708998587213,1333.3498005920349,1340.484803109589,1339.4381246308274,1349.529328086579,1349.206690401342,1365.9460630732096,1373.5487573086405,1381.3886175691198,1376.973615755787,1372.3947880736853,1379.052089108171,1387.2452479751694,1404.1688102273076,1405.3587854975679,1415.9432785039107,1417.4146522477688,1424.884602489957,1427.063220195247,1431.0040312923709,1442.3116920172783,1444.1885557865785,1442.0200197137656,1448.9593669994897,1453.5047416006862,1471.552503563146,1465.3124539767907,1473.185754080705,1489.792489224054,1504.785947150596,1507.9863453672144,1513.477836551244,1513.7473849540072,1525.7498387360226,1541.2344951320292,1544.4266109298383,1548.741965197624,1538.304776956553,1550.6526840415395,1548.2672587646382,1540.2682731489554,1531.720752688172
395096,141,"Shreveport, LA",msa,LA,1008.0323675334924,1015.5111900578232,1010.5162612856861,1011.0715953726437,1008.3759011923571,1014.5132293415896,1006.3914833769373,1003.4951983203531,1000.8861563582817,1007.2992144029658,1009.3034600641768,1012.6113724171613,1011.2143041885981,1008.26622781845,1006.0096324102277,1003.5831758524107,1004.6956750837792,1005.5770555789628,1011.2490197429544,1011.3851210059162,1010.1809027865635,1003.909275668319,1005.3766146629374,1005.3725996801666,1005.7785307947348,1008.0219449690175,1012.6998708293866,1023.202067685281,1020.9719952580689,1016.846717823091,1009.925800389101,1008.9173924978205,1012.9124783364481,1015.5438313246805,1019.494819197652,1020.4565118294105,1022.1604339057783,1020.9633085683078,1020.4318692297592,1020.3416086708,1019.6099181511145,1021.4163492781336,1020.4855981244401,1023.3503660752411,1021.9364077143314,1024.8752974442723,1025.640477315342,1026.956913966006,1027.2675006200411,1025.2630781401554,1025.7195731387123,1023.125747166037,1026.6412978433739,1029.0194866560698,1034.2241961620248,1034.8326280267704,1036.7008170420204,1036.9027538991302,1036.9148675263116,1038.440213503293,1040.647915039426,1046.0008839150669,1044.7897529983143,1047.3188377671322,1053.238482048268,,1081.1490699931649,1087.821859084016,1087.300875826857,1088.8517356333075,1092.4956458952286,1099.739872566361,1113.829366745187,1126.3396532081338,1132.436323632305,1133.1644970705768,1135.704341449277,1127.8883429741775,1135.2414053297641,1143.3851029262096,1160.038769261045,1172.9878628788224,1189.0854929922255,1194.8497582401103,1192.694042575952,1195.4354191946836,1203.230267464994,1214.503063851515,1216.7060370527379,1228.8227560160449,1233.5069736203395,1237.1279688111267,1234.2573998980338,1238.5803717983067,1235.015872414646,1244.2102436676798,1251.180905405795,1261.795782471921,1264.8700210347627,1267.2732205161606,1273.9878617095842,1275.7276980380602,1274.4808056577972,1280.5197173655902,1286.69333507778,1289.7858995439988,1292.086220031388,1290.5846714412075,1292.3994822875745,1295.1723625893137,1300.595387966538,1311.7631390159647,1314.8005544265127,1320.258274003549,1326.0306014811658,1327.0500282262171,1332.837812365455,1334.5221697283077,1337.105431574856,1337.627292076977,1346.437324431243,1353.7564817925197,1360.7448964004668,1359.9381278946255,1356.7718967860976,1357.0851868056186,1361.7034394200857,1366.5696991984585,1368.7898067372394,1374.3487661183337,1381.1644717776385,1389.128971846458,1389.8125565837329,1390.4485966042853,1391.6365583128145,1396.2449834476367,1406.3523786936487,1413.5767640389488
395164,142,"Trenton, NJ",msa,NJ,1560.149807994497,1568.7724144386461,1573.795750351379,1591.5520127725404,1595.9240998437601,1593.0618990924436,1589.9959329834185,1584.4812949562051,1586.0199512658946,1590.0701726370705,1608.367354206943,1618.2383097333707,1620.0757683320096,1622.4359866143259,1627.1244248810226,1623.600213989816,1625.5056962947144,1631.1935850008429,1656.245214633464,1660.2719996676976,1668.8769607923027,1653.4536008231748,1659.3652348387222,1659.434864574986,1673.7962046564887,1665.6170863661628,1667.833975600858,1656.893535153718,1672.0170245574009,1675.0124049405408,1684.3353258812583,1685.452713425,1685.8079428501128,1699.40034173472,1698.5899032129641,1712.3675709969896,1702.457257723997,1718.5691536706724,1714.2118886697515,1731.9799152014416,1734.8188515105428,1747.5370390489513,1748.8132235960436,1752.83866316056,1751.3804731234443,1746.3154503833218,1731.4677445768323,1737.2529210858552,1757.458723496885,1767.1217413305762,1779.116990863615,1782.0879093769151,1783.048569539627,1782.092492862091,1782.7627473089526,1790.1589337956552,1800.8288991261188,1812.9705179592759,1835.0770838365352,1835.6097601398196,1833.6451785994095,1831.7681674017667,1850.9027700122952,1859.3276505726192,1864.681585265906,1873.448821308462,1879.2413964387192,1891.8577015185658,1909.6026179183884,1934.6184657546048,1927.6274301904618,1939.514523610938,1954.9210785817766,1974.3700614802647,1977.4300191239292,1992.2853637025735,2009.5484479033669,2037.358362226298,2058.153066541223,2083.801075002693,2094.319185411209,2101.7983189977786,2140.3134621057097,2149.5004770228497,2174.1187758311826,2196.4614883894615,2237.034952591732,2245.57896404704,2239.3467829912574,2257.0910119104574,2277.9425673841442,2307.637040851735,2317.611593419246,2328.783561402861,2329.549772272349,2377.4931416352565,2392.879406874149,2407.58194040404,2402.5017883530527,2443.2419775347903,2479.1234009392924,2495.28943577544,2511.548988713057,2526.2540182698845,2555.778149709705,2577.1874861073647,2615.0716697644607,2596.8497944257783,2613.209257668813,2598.6364073134564,2637.9944693644643,2630.577613128011,2655.7428399303494,2667.576628279234,2690.003890261916,2695.582646317615,2691.9486293094055,2710.1901692507713,2716.4734260690166,2740.973022846298,2736.206892041551,2766.003551938878,2771.0240714436422,2790.8043402794306,2806.132690248107,2798.86530658974,2799.0661643380786,2810.028045216388,2824.4315774696784,2824.658512246368,2825.764318901562,2829.9053063898627,2844.807449511161,2847.1158902332472,2843.5502955618977,2841.685918703951,2827.2158141454347,2838.7864044168396
394875,143,"Montgomery, AL",msa,AL,975.4540262625934,984.0573537261087,982.1255714241481,978.7184117002942,968.0529859791299,965.9632486238256,972.8288288022593,982.9080337393433,984.8861275334016,980.3098150535482,975.5736888655582,972.7075964488848,970.5609070657285,973.7626697397301,976.5582618541001,982.8918099512542,980.83190567812,979.1323528840231,973.8753838522878,972.4723758664747,976.6516868585205,982.1254530730882,990.5024181389705,988.3952143985991,987.1380710513328,982.6396106856661,991.4451243268865,993.2614600849355,1000.7086050143497,997.8083350762253,999.2069259275114,997.3346803223136,1001.9474350161966,1004.2082226283948,1008.9991745095426,1003.3492247533196,1010.0597427445717,1012.3255899791744,1013.483742641336,1010.3623833844713,1007.3202543568265,1015.8614420070173,1021.4772179081193,1023.3107023753923,1023.5910311252944,1025.6302554295135,1027.0284740137045,1031.200689038824,1031.496209637289,1032.9657515686054,1032.0237373512884,1037.3260701168797,1042.1064760219572,1042.9255163199916,1044.839024094068,1050.6942074193155,1054.158441340939,1057.6803420516437,1060.3107340422912,1068.395333401336,1073.805698716164,1081.5341584391585,1075.8263403555966,1080.4434143777873,1080.8023768893115,1088.843128672791,1091.315952584022,1095.7411339880339,1101.3976116856707,1109.300761581362,1123.1480315870926,1131.0385520340512,1139.6226580566238,1143.1340662476834,1152.2360952955164,1164.6547012920967,1184.043519280748,1188.9789347507722,1208.011707448722,1218.695240706231,1234.553111321242,1239.063730759996,1243.3992532477876,1254.1554780720292,1266.0678955055082,1278.4519130957824,1285.9705796827377,1285.186911927213,1287.0066953930598,1294.5218217358856,1303.25211203209,1306.6510728259475,1308.5633990690005,1316.921655347696,1330.1396830127521,1337.4980507097393,1334.5366511491857,1342.118204447083,1350.5448735333034,1369.4941176832262,1366.0416525240835,1373.9078732397463,1373.1356383680818,1387.47869314436,1395.4547941875248,1405.0281379354624,1408.7633860843919,1415.8213030626284,1430.0681115930568,1437.2617465924384,1446.4518107322483,1446.8349512870875,1458.4722632026335,1457.2182731248577,1459.4579671474414,1460.8545122121643,1471.6485181277983,1479.353060761167,1487.5786763594979,1486.923341529394,1497.9558746624398,1499.791576889976,1508.3684470365563,1507.1296354940623,1517.5533729236925,1531.2769369369344,1543.3521190623094,1549.1915208923765,1550.5583229227166,1551.979195352124,1554.519572293254,1562.9227834726548,1560.2595980827832,1565.5897266693448,1564.0843461896138,1571.9303045759946,1569.0359924899692,1566.5106224342217
394520,144,"Davenport, IA",msa,IL,966.0946866356365,972.3633667179892,964.5060276940816,971.0283891434427,970.7242991706751,983.9108667231695,973.4510617981284,970.3670075493333,968.6884799005212,974.340023386021,982.6400135311252,986.6839143245729,996.0405003060243,991.2229726281406,999.7591849252976,992.6927298480559,987.2294695654762,975.6640813571022,976.4212478821838,987.819103761714,992.0131446800136,990.9942999267494,978.5289724796485,977.0718422072922,976.9848928433207,989.2043549963055,993.1114761651685,997.0572336006226,998.6382891608962,1003.1789783461787,1007.2696141385901,1001.9659218905206,994.992503245285,996.4672105856266,1005.0124736051762,1015.8032345362711,1015.2406356131058,1015.160818890333,1007.8906256287506,1008.4740736666198,1008.233153833004,1011.8706069322074,1016.0316654125575,1019.4567084512282,1024.9171149176434,1027.4870414889144,1033.2005234560409,1029.5700500056912,1031.3948637892754,1023.6356185051932,1029.1110864061784,1031.35281076401,1035.3471075670195,1035.8520310319207,1034.3897431587145,1035.7017494972165,1037.7122579497286,1038.787377592206,1036.4019804852535,1038.1821943344178,1041.0774582750216,1049.0640583965642,1054.2403602302968,1055.0688114411103,1054.560118484201,1054.988172483558,1068.2315400991429,1076.2248679280299,1073.2124778033572,1077.06542539389,1083.6040020907847,1094.6578219458681,1096.7898228088186,1109.6762999139637,1108.1470339302443,1114.790150171018,1116.2385547032973,1121.827992246488,1126.96117353883,1128.61186122614,1145.1816639401172,1152.23040967412,1162.8461494299975,1178.0410682798974,1186.5107494080448,1179.5396553314174,1171.5957053223367,1185.2419624343545,1194.1271005654582,1207.0389095961925,1205.1807828415429,1225.3806083748757,1237.0841316486283,1234.0813821404186,1236.3832743478447,1230.6700588937972,1244.689408805951,1247.2934521853226,1262.322932898558,1261.525837054341,1274.4827594744766,1271.165971620987,1274.895545930996,1267.3482493102772,1268.8706792901144,1288.2004957480012,1296.9913508432796,1301.0717535441934,1301.0681862478873,1315.5803731306999,1326.2428904885746,1333.1942520743112,1329.8447409921876,1341.5773764230112,1353.5721727955565,1364.800295464297,1356.249273181576,1354.1782650876444,1357.1180782706551,1366.9288066420952,1367.2659514581294,1364.0976547398395,1368.063300709486,1369.0033275727376,1372.3922954563693,1376.552855642964,1377.3705554186204,1379.834471071207,1394.1320270018189,1397.9835610973169,1402.2145379946924,1405.1610144138112,1413.5488223356688,1420.4798995966771,1421.3963373675938,1429.619268139435,1438.585780647186,1443.1037581699347
395146,145,"Tallahassee, FL",msa,FL,960.4005642778673,954.8148338527157,953.1780620175313,958.1616584166032,957.9185373779351,963.3849461532983,964.9012372285355,968.4466586900097,969.4544028692234,970.299667006323,971.9740875990581,975.1915196765196,972.6447314349766,975.1045743525849,972.8504187279756,974.6326888298817,975.9733506651238,982.0143367603838,988.0390988950993,987.17533404499,985.3552290521226,986.8824894376521,989.0236386375868,993.6652754418723,996.9547466746467,1002.030551894741,1006.2102740895735,1011.5109673896172,1020.3688846584228,1020.6068075102703,1022.2123095711495,1024.7336569624374,1033.7788291328122,1039.825775132421,1042.357098822118,1036.9394217166143,1035.6239341737576,1038.4511998794042,1049.1534786821776,1057.1959054224876,1059.5623251569796,1057.4880045682849,1059.6004321000696,1059.2149842738565,1062.224840924702,1066.2272693099535,1077.0747226472317,1087.4334326261712,1095.1864732663473,1094.06877991393,1092.5089841083113,1091.3730550770117,1093.1122560267127,1101.433015561111,1105.9760317967502,1113.3729299815177,1114.9447850032054,1116.4066816242241,1113.9379354455818,1115.097340213855,1116.528597111553,1122.0324392292391,1133.9378390944235,1145.3031604487387,1148.8227873252372,1153.7073953979386,1152.1206813423164,1161.084816110546,1169.339713518177,1183.2948021407492,1186.5661184016171,1190.2388599654498,1194.6328329601836,1211.998328286504,1219.4423020506822,1225.341224634133,1229.757128984642,1242.0219970869828,1260.8296858267556,1275.4861443421642,1292.4507963538792,1306.9919709693913,1319.3390961090347,1336.9356147150856,1348.4162032711372,1352.3814297905183,1364.8571631832742,1377.595394861615,1408.6015255715304,1423.1026216467437,1443.4421157102515,1455.8892669329734,1469.6324347495354,1475.5214004351021,1487.3053675367653,1496.7434339388094,1509.3822199141532,1520.4255698653287,1525.6071120462616,1536.4459940948364,1537.1275273771198,1547.1179489011827,1547.0951716934876,1547.1405410100936,1555.3943101087668,1563.4471754092235,1583.5276657749391,1584.2455626790431,1593.2989793822326,1588.574890210919,1597.4386774222432,1599.4770351096124,1606.0119544221266,1610.7599527157256,1620.3322195808394,1624.5475208594203,1630.8118782661843,1625.1235995729699,1636.5470727132592,1645.9891166405923,1656.1488504702595,1654.2530449520327,1649.418925630039,1662.8941026571783,1668.9996613341177,1675.5965868038566,1678.6037730514834,1687.240111791013,1689.3888337379992,1702.3098688112555,1694.1697930546231,1697.259792948972,1694.740289406585,1708.4548115068044,1718.1946198815301,1715.3913882169084,1717.1982670585808,1717.583933135138
394576,146,"Eugene, OR",msa,OR,1068.8892821017066,1075.4146661732605,1079.746139920275,1081.2389854234618,1087.3854118936108,1092.5030638403412,1100.6860844925422,1106.0426834316418,1110.2745590857933,1113.3886084997332,1125.2981362593664,1148.0436622617576,1157.4197674870286,1165.4209486504078,1160.2475104249186,1169.8116663728872,1173.642703190747,1181.3705830381236,1184.8497967829971,1191.3469302528433,1198.806652874101,1212.4737445116666,1215.1440865314453,1213.5400909137977,1211.6679055540146,1217.7360613648748,1231.6818158861497,1237.9532765864165,1246.9419545796666,1251.6475260540012,1262.3345499384905,1267.460117506489,1278.0645811251484,1283.5473062705323,1289.732460322477,1283.9716731268154,1297.7130620316618,1307.6164568609447,1321.4721649833173,1325.5720865156927,1327.8983063945566,1336.4120377088364,1342.669045162399,1355.321679308623,1361.9370374418545,1366.282483647844,1378.67423015941,1389.220619423198,1398.0001620979901,1399.2360726569432,1399.1593437654012,1407.5963903224733,1417.143793111657,1423.0214389439502,1428.366034072888,1430.829735815418,1434.9405999138341,1441.9281583461604,1444.1618848974201,1454.494090155313,1456.370681544224,1464.228749269889,1473.7414958435647,1476.8595297376544,1474.3378885971417,1469.213406702431,1476.4724202186414,1498.9419343069776,1514.2184906545513,1535.532260770228,1542.9029403886075,1558.8331598684063,1565.6927922726602,1588.309142055372,1599.5510867260962,1611.032201409589,1625.2656033688975,1650.0923129273474,1670.7287742507526,1683.3648858776567,1694.4588771990846,1716.003083396993,1728.0811266257392,1739.6109266326196,1748.0750508318324,1763.5427683271596,1776.2058031366798,1802.794235795075,1829.060299092423,1847.0046355657337,1853.5776724015884,1855.8065330160684,1865.4596557107545,1868.7562186132352,1879.059474542093,1890.087284756992,1899.4872413925596,1889.765528865484,1886.9648776662796,1887.446032331431,1897.9061084962796,1917.0231627850842,1933.7588783269525,1949.4018722210992,1964.392215931223,1969.9273820527017,1973.5710608680583,1952.6849085410424,1957.1272473408287,1970.4983477274898,1999.0715565982853,1997.8022095688113,2003.3312527780479,1996.6075162825127,2004.1366183173873,2009.5489240242891,2017.7218867662527,2031.293378248154,2046.2196872530087,2053.3384935380077,2055.85455655765,2057.854384560283,2077.5755316003147,2063.152560605543,2076.8498381997806,2078.4185037727616,2078.951202378193,2083.643869030042,2085.6019250769527,2089.627630697104,2092.6684313267106,2114.0665855097977,2127.4617599121557,2141.270238081828,2132.940744109292,2165.649058938252,2172.289333396773,2194.230506822612
394901,147,"Naples, FL",msa,FL,1647.7329822095724,1686.4554364213875,1707.2925479139417,1708.7021629760416,1718.302425813836,1754.1596593671934,1764.0763837541442,1776.9335664984499,1758.1617765587193,1774.6962698325399,1784.4525837739704,1799.6282657615463,1783.9453032113872,1778.6678618713588,1798.7103504038294,1813.5554967844334,1813.7213165564426,1803.695221877719,1804.9698439932463,1823.1802565916992,1846.1005007489719,1856.0151993210993,1872.1638835071824,1862.7708236041437,1879.2487552187276,1874.6783314392878,1871.359555480149,1880.7018439104104,1898.6927668581072,1906.2251961465272,1908.296713719892,1902.281624260971,1892.9603715543913,1885.503374880068,1890.8751415851348,1923.1989187008742,1937.4588590323658,1955.4273258286453,1968.302886153093,1982.9458292865982,1995.4184771605342,2013.7891262089374,2013.6358463850283,2004.0914529781462,2008.354736228287,2022.9049155595346,2042.1324533861093,2044.3402212565068,2045.670359573569,2051.3160298080693,2056.825668769337,2056.455550348378,2056.3907085423157,2058.6403663558995,2076.269325858737,2101.206512948528,2117.0869059427437,2125.4615128858627,2122.3814893407593,2123.8355239576163,2131.349174237196,2138.029610829086,2152.9249393729006,2142.057793805317,2145.4580768537453,2152.3216128480904,2165.588682421153,2206.462626047921,2255.9495117060997,2297.20285709984,2334.2637915794044,2310.10738721781,2306.135353490696,2317.3748866518736,2398.2492206226307,2487.3596782605478,2552.420412833541,2646.2631393579995,2713.1874823183166,2801.2843235190758,2830.1733962743688,2963.9359557591247,3024.159772613039,3161.410191713634,3238.418190291466,3273.872207186759,3305.1196535173553,3303.1289636377714,3396.318252006164,3396.0998231921158,3403.6368532224105,3340.6061729495614,3375.493623213946,3376.9518852868105,3460.7633020087983,3467.151718267087,3473.3667613812227,3498.2383723353455,3536.87967820881,3588.728228980129,3543.787671142892,3567.173369236242,3607.7217235579787,3663.9452901998743,3678.8821666201634,3649.8709679033836,3599.1924321013153,3621.84707988166,3629.315626604524,3669.737509433956,3600.4467053033122,3579.201617770022,3588.8947995652015,3597.7752585584662,3628.413747226151,3638.1701335637213,3633.9599551203405,3612.131350400873,3593.454092228404,3606.228606722864,3596.893416165028,3577.520780921011,3553.1115580921446,3594.9084206277375,3576.720265246764,3581.2411541680744,3544.600343926589,3529.161026739928,3524.584135936363,3555.0984862162168,3578.988559130161,3558.527768218223,3562.9976644267144,3557.242829374782,3602.6384900287785,3575.385311277281,3595.036997295636,3588.7079965393646
394332,148,"Ann Arbor, MI",msa,MI,1490.0823502110397,1530.498348538351,1521.2109330417636,1523.8873666241604,1517.9561176588638,1527.6319341432359,1538.5768020967685,1521.0811613583273,1526.0939464003454,1523.1004684787347,1553.5835106535458,1556.5813687352381,1574.2497361433784,1566.618331085439,1568.9161702436968,1563.4582788176044,1562.712484246838,1577.0275548076484,1587.0426835307055,1607.5495802167757,1611.0750864303513,1618.0349717959746,1625.2733596651644,1626.973883074743,1634.09438413634,1630.1153176526566,1638.4767289723843,1641.3965922704913,1659.816157186384,1672.622210527923,1680.7845257547365,1696.0054631597845,1704.6357018359079,1710.2302325980133,1706.4211278513446,1710.8994466772624,1711.0599593468894,1724.5202195852155,1739.411938886715,1755.6098161066318,1760.3300299719679,1750.4382294547884,1760.2744451010597,1746.8588860685957,1756.7859812383517,1752.4745444665114,1769.3808959118878,1777.2474049337698,1788.5414723955241,1791.4108627801384,1789.576657641405,1790.6663685406668,1791.832949659259,1803.0368611873134,1802.300051175432,1814.4655541763714,1814.8503539215592,1826.9662198101926,1825.7502907305166,1829.3316621611486,1830.5437137170554,1834.6569013233725,1831.3063106743539,1837.1768505780358,1842.6998081197253,1842.858187979847,1851.215695452519,1845.0586646432207,1855.4982828085497,1873.0578810969714,1887.002755365521,1895.7469440445686,1899.7858488764507,1932.5559118905678,1950.8797663512782,1964.4153975503018,1957.1405855037021,1977.047704832452,1987.8466747968876,2021.9414142192597,2038.129512092039,2044.0996227911119,2069.9438636941586,2091.8447401711824,2124.9365323439642,2107.4072032220806,2123.3801819794694,2139.875939046582,2186.065134742851,2205.3030941727097,2223.7741922022833,2231.59607174596,2231.529698013882,2234.7033055179286,2234.2625510305356,2252.7988209622063,2267.7497896998807,2299.0577696287237,2300.1430830404042,2307.570844115482,2287.837701918037,2295.4062739702686,2319.675945894802,2337.7339834493964,2339.83132617413,2329.4495653432264,2351.03789896293,2362.8073707905623,2377.176693808264,2379.908208518645,2406.0838828429855,2425.400857871241,2453.8880002342507,2454.3215241295557,2456.3745434308294,2462.185316379075,2484.249453194486,2490.968997139438,2487.7402962744204,2496.364015498798,2516.0930276032504,2517.6992152046755,2514.873461741032,2504.506956118548,2518.9662408872273,2521.9207368946804,2525.6320929977387,2530.876885823917,2533.6685532643946,2553.8687763338626,2565.6626666344214,2569.274153160866,2563.517442113486,2575.8702069637584,2585.568324785754,2603.610202757801,2603.0960673612167,2621.0250350140054
394927,149,"Ocala, FL",msa,FL,904.8697118880158,909.2463836421549,911.2158411243471,908.9160243027382,915.9113966411561,919.3571706917018,926.7883217192323,925.7744304480682,926.7988004345331,931.0649920219786,936.9211306219781,943.7472701602926,942.6224607512629,943.4505105198627,946.9401696433326,959.7119856268207,967.6316669962482,967.3073585493928,966.087299690148,965.1171364148357,970.5396017101945,968.8350907016701,976.8053415000531,980.255468799279,986.90606917252,991.7336524428821,1001.6858555493206,998.7861565202049,999.0802460528907,1006.649266776848,1025.5280925961736,1038.1176525059407,1047.494685115604,1054.499579056402,1060.413801796986,1062.7290224843648,1066.2938728103886,1068.4194419323617,1074.0882266129101,1082.2135991148352,1086.7223666094499,1086.0073297281817,1079.72517830627,1082.0543736658137,1085.7696995130457,1096.4670176325303,1102.1343008040067,1103.4649645087052,1105.2744737922217,1113.3122988997034,1114.6584491367557,1118.7828382610007,1124.9022221883376,1133.2726689548329,1140.2467622715615,1144.2289091483146,1147.4293260584082,1147.930777063072,1150.8752496776067,1160.1328952962535,1168.1058106373719,1172.3558313138014,1175.7386952882666,1173.6861371852833,1173.900206049855,1189.91169924105,1213.1131537715705,1233.6248203545722,1245.313847764827,1248.6124729595356,1275.8053351480478,1290.8468232764883,1311.397467960535,1316.0483080846445,1325.9761594020388,1349.5185918567468,1371.6180115653992,1392.5161746525496,1401.587125857769,1426.8603144286853,1453.2204475411108,1489.277209026326,1498.6658282877029,1515.680562574305,1527.4246094061755,1550.9419295953028,1579.8332475145821,1589.132269048224,1609.952598479489,1614.715317596161,1638.6494080423836,1636.2130997279282,1650.299545756787,1646.7433371773811,1661.796558472432,1666.9099566390043,1678.9051553099293,1687.1159435594925,1692.8621400230102,1704.3940788297198,1703.7666602025263,1704.4691997511188,1697.9856559146613,1698.7625272319765,1702.212255679342,1706.455708549087,1710.963411381993,1710.629728351266,1715.0711703024804,1715.3966585483395,1714.334326676215,1722.1618987096622,1727.3136391040423,1744.3495485919614,1740.588385540814,1755.327535990866,1751.6908521797075,1761.0815984529122,1753.4425054515814,1755.75099561231,1763.2931870136588,1770.6529521090013,1777.946128855521,1771.554422221012,1774.4231693685067,1767.1123481238242,1777.4597810399696,1774.4401406729862,1780.0549863177016,1777.9896525720037,1785.2662070089793,1788.4221194778586,1783.527873330489,1780.6065694646315,1778.3834136197895,1781.2405352382218,1780.0940031473174,1780.5931063472046
394679,150,"Hickory, NC",msa,NC,,,,,,,,,,,,,,,,,,,,,,,,,,,,,,,,,,,,,,,,,,,,,,,,,,,,,,,,,,,,,,,,,,,,,,,,,,,,,,,,,,,,,,,,,,,,,,,,,1642.8879946213115,1652.1617659456251,1683.1582338607454,1674.3957308053002,1692.4506681005298,1673.5664221912114,1691.0073194407166,1689.593713175222,1701.1454829362765,1692.1308562449085,1704.3791560332866,1725.3812417906433,1740.923767906675,1731.505758261989,1728.3307354723217,1755.5542982779064,1755.7445323259315,1761.929587900678,1747.0346115600537,1755.753740055219,1755.763995860862,1755.7417050510448,1774.450677926056,1783.850481180064,1780.1894721206356,1767.6819372462148,1753.8489531837188,1754.3030642741776,1773.718830369134,1787.1391659198628,1800.6007512600027,1805.603130737994,1806.8711370679096,1816.5182852582884,1807.108393435145,1803.812620011096,1805.768543996532,1828.207703512175,1845.924646399674,1845.7149374481987,1836.9429262723056,1836.482957393484
394697,151,"Huntington, WV",msa,OH,,,,,,,,,,,,,,,,,,,,,,,,,,,,,,,,,,,889.2314798626323,896.7724388649445,888.4360422698351,872.9844865727644,885.9602918187373,895.5143029202472,898.1875204146666,885.4662609040937,879.7717891740853,884.1322589538736,885.2750762227025,889.5923262471637,899.302050839276,909.7476926699081,913.985608017301,908.707854442506,902.3493103741615,899.6109411007142,898.6143949907781,909.39045164572,917.8589429509767,917.9480086433493,924.4313946373189,918.2162893666048,908.6324173544923,898.2823082909049,900.505470823047,911.7036491971438,937.6696237387481,938.9771018792062,937.1194880183326,930.8264516767788,933.3530828299665,936.3953841681409,938.712761279496,951.0864666163623,968.1833536962467,974.597507474599,964.4897538222302,958.7877421939236,964.8788262399295,979.2989694493925,990.0533163403962,1011.8271274627766,1004.3158687658719,1013.3906919332812,1006.5889147107354,1020.8050526554964,1016.5237137533743,1021.707148460992,1029.6891137613604,1033.2256210169835,1042.3957575533834,1044.224042863757,1057.0968933677534,1043.371066714397,1060.400364808686,1060.1397082668334,1083.4096553597794,1069.936596201755,1081.8669020878954,1084.1836937449982,1091.1869507370125,1089.6265156015238,1083.828519800117,1091.3473258858523,1090.795121786588,1106.9351968623953,1111.5939372785913,1126.589429346436,1118.8340786992544,1133.3853365463356,1126.9288320729424,1137.0048983429124,1133.0802251034465,1150.8563277493552,1179.001835109666,1180.4815241498543,1185.9009601249927,1183.787472481528,1197.1735465807328,1195.5765745936953,1192.7965759484212,1189.0948092596032,1198.616375582976,1202.1298045165022,1215.921194950655,1243.109008077041,1241.8164936612466,1254.9597273864629,1246.8289616832942,1258.869323290259,1258.5844924845278,1267.7838862524436,1284.7632210899624,1298.1744540642487,1306.5619907372973,1312.4836144829583,1315.899454425818,1298.7513334550904,1299.9199391480633,1300.8057049833692,1317.4581606764655,1318.9583333333333
394602,152,"Fort Collins, CO",msa,CO,,,1570.5176750496555,1570.5539957871317,1553.1802993892238,1562.6886732570733,1575.0758277561545,1594.726422447151,1605.93280295157,1611.5579464258064,1605.576422144192,1612.240957072879,1622.05803945965,1629.3385953399263,1625.5523280702841,1616.9200655086788,1639.726469402029,1646.5982393109134,1654.9505668580962,1641.7826487648647,1629.9407698673356,1627.4894295790966,1626.844243143151,1653.7548502454006,1655.2771880341725,1663.950582809568,1661.0753782824495,1683.113328220099,1692.8950632800022,1693.5251104091042,1685.1622706896196,1689.7350614038485,1699.383055473432,1704.853991628288,1715.965427790795,1689.5468349761404,1697.22779445102,1696.6504591515916,1727.8349724514585,1739.715963538531,1745.0407095945932,1753.2649804693108,1757.3761181176349,1769.2057038202624,1766.7743822763737,1773.7266031435975,1774.3161109343496,1806.6093694288472,1819.3107132240796,1824.1252043199636,1813.989952839843,1809.501691084595,1810.3192297524183,1815.7459092862996,1828.1941661655167,1832.0612532059936,1844.0563661269732,1848.3234600384887,1853.949773671464,1846.308199840089,1842.283614522933,1846.6568542327866,1861.0000000053462,1858.8537268095965,1860.3818296009154,1861.4907035819149,1870.0263557322212,1880.7514769919858,1887.0650348065951,1894.0323621936932,1895.2177400181806,1908.269349250977,1915.9198445995091,1932.9506076357902,1944.1868545172924,1967.9478795525333,1982.174585969105,1997.7404284605782,2009.2597060957517,2027.3230500349973,2050.4896031663693,2078.977316540438,2091.9142204848604,2100.792989632989,2104.9965249908205,2117.163617136172,2126.872890039522,2138.874094694351,2153.542729427046,2175.842911911635,2186.6074698320003,2208.363784165622,2218.144062722629,2238.8767065088077,2243.4587581790424,2245.930181612386,2251.4308124180247,2260.1658811232205,2284.14027833766,2289.1025047800476,2295.3201276051236,2296.8157535561145,2313.974089340562,2328.741569579577,2338.239081750662,2340.738262974409,2365.63094119965,2383.048427369145,2387.053976660029,2371.6795379802193,2365.68757956612,2386.74935896889,2410.1126555804817,2429.663377939536,2436.295229417717,2429.1069658731926,2433.2087548912987,2437.908034561775,2459.166690922897,2472.201850857881,2485.905544469865,2488.628047921814,2486.6654435360774,2484.918411991454,2490.3014192058463,2494.3192180358224,2497.0747236207226,2509.1233968348333,2517.365694522743,2526.0005813232938,2514.0746154153258,2512.612373998322,2516.15487670524,2536.162977101709,2551.710210317813,2557.353193767702,2555.7368246831825,2557.6434343434344
395033,153,"Rockford, IL",msa,IL,816.5608165921086,823.7375233025527,816.9473857420273,829.9067693037209,833.1932112222728,845.0883971898602,843.1831067874652,843.7258891867206,846.8822896114941,847.6365336512307,842.9735570145343,839.7181744314544,853.7043546908477,856.7419704167003,860.9644993541481,861.3323430733549,869.8792250953878,868.1599174877274,869.650109263515,867.0700128882526,876.2949360829293,881.0974949093136,887.3068493822552,893.8010247358625,888.8082270967192,894.0060221536207,894.8467830413352,903.7829748221594,895.0147174875783,892.1894052037725,888.9658760333049,900.0329533519479,902.7897214240076,908.2590166447127,912.1738403275957,915.7911717099107,918.357122544646,921.9695252189166,928.9980991059964,929.176177393045,927.188695304126,930.6495951849362,939.5984050049692,946.8961181513324,944.2409826996394,941.3217920967012,950.9378844986749,958.8682540648618,968.6807386155696,959.6713211738693,961.1143846768115,963.8900486586282,975.6164126913447,982.1614544003648,984.3167140158578,981.2585481844067,987.648080950448,993.9395837244182,991.0698326622867,989.7538775799762,989.4399118936266,1001.4023264473093,1008.264659954034,1014.2433754590897,1012.5971630387974,1009.5816214819081,1012.3772666575325,1030.9294129659143,1050.6269962182666,1058.1277639471339,1064.550996740431,1067.011164818712,1084.3385365252288,1103.634433934947,1108.384664828041,1111.2341749829657,1110.0763258730253,1125.9207626050497,1136.5838875222182,1143.6623625249626,1146.8850534559688,1157.825062597824,1178.4374925562101,1189.7953568494481,1198.488686781186,1195.7357772089133,1210.5513920536575,1231.806083216961,1250.9536407403396,1253.4285241324026,1247.2923544024209,1249.0320137769568,1254.3974890282086,1266.087751882279,1258.1332431209532,1269.2909422873392,1264.7513771765327,1280.8151788801376,1288.6416627561532,1302.0299372868249,1319.3065043000317,1329.8798505545694,1350.4035078255902,1353.1192512692007,1379.1786198223078,1383.9213811536295,1408.1704203516545,1412.2552958171473,1426.8450175195812,1433.5415860491566,1432.729595210377,1428.2529813245858,1434.9045687180374,1453.2726844290207,1468.7329436708933,1471.0421609801388,1478.777724711947,1490.4445551773695,1503.7726553653954,1517.0336853456563,1526.7226106984776,1540.468488276524,1550.285416716414,1560.1965076403292,1551.3908150088187,1572.6001266665862,1574.7089603163254,1595.9445904026072,1599.7844348282968,1610.4752092508952,1613.9817898059728,1624.3557004885033,1636.1908727141997,1644.586763440764,1661.6560544537347,1679.4210950406384,1705.7857748547272,1703.998774509804
394796,154,"Lincoln, NE",msa,NE,,,,,,,,,,,,,,1207.8491000445404,1200.7373743774392,1190.5274806968332,1185.7681995620576,1198.4710293108842,1209.297204426957,1226.3731808534133,1231.7467270526693,1238.7159876148628,1224.1358450609218,1220.9607357082334,1209.562798799876,1215.8708720012814,1220.6925492602493,1225.5345115839252,1229.8386192792393,1232.569343390164,1243.5045913172485,1241.0416285962901,1236.4601823499572,1236.8165896014252,1249.285445240645,1258.1569926979805,1261.32465480423,1263.1479397597502,1270.4980003699914,1273.3462661841716,1281.8519306137605,1279.7851935148817,1284.3019524860008,1291.6536961193217,1296.4115891106364,1296.539242706156,1292.4381603494687,1298.4188742543795,1299.6277341043005,1303.9269777477507,1304.441640278569,1308.5709842361837,1307.9268077674058,1312.6799382909428,1309.086369674686,1308.5990091099184,1313.4002896444701,1319.2083923886498,1326.5978143215332,1326.192652511577,1333.9163585231647,1336.8161601009747,1348.3487850862866,1345.109478509338,1347.6497360059982,1346.4377745448799,1362.7341406701703,1374.325638553178,1399.2389737039236,1402.9453204536703,1391.629332771343,1390.9275963118944,1395.158110682372,1414.556853800869,1423.6860536575164,1435.8627107729478,1450.449662530864,1462.118988034517,1475.8501975364222,1485.9610091278353,1492.5796813968286,1500.743614378502,1516.034596799488,1523.284396510073,1532.0789648827256,1527.2982314183928,1531.5586258265223,1543.4112781891108,1557.8577235040968,1576.3430362141617,1582.308953171269,1590.971787455973,1594.0087908816345,1609.582503764997,1620.1138750368034,1630.7324998388444,1633.0197921515983,1640.4390982293742,1652.5913130476338,1658.0514824622048,1668.2483134416407,1669.9904207407005,1676.6519812116187,1675.0610961154914,1685.904273868137,1688.2056437545427,1704.8832142999706,1714.513642984873,1723.4091328305815,1735.2718121617377,1745.1072024411549,1756.5625390241044,1753.3120449858477,1752.7301581300978,1758.6684906668208,1769.2423789681063,1774.2666800144516,1787.549872653596,1795.7492478061797,1798.7849743633321,1802.2587708006774,1802.8227415182687,1810.0449002159598,1812.5621216436293,1820.4773533054317,1830.7817930515314,1837.137558796843,1843.2136019772206,1848.447087863305,1848.4469776872727,1845.7267316178954,1850.7385242171908,1857.398979123129,1864.1062099146498,1865.1557491980957,1870.0086269797248,1876.5362406928964,1881.2097926267281
394622,155,"Gainesville, FL",msa,FL,1122.5913962725401,1141.1267294210343,1141.9097348320092,1146.2653663963185,1143.8670332547172,1146.8256269833223,1153.2117304569433,1154.9986116740033,1160.3835331892979,1173.894630766003,1186.482996488324,1190.9283078077506,1182.715643590986,1179.0944386675958,1179.6764935294423,1185.3909284290785,1194.919294149952,1197.6210575715045,1196.0430477814011,1198.267714814899,1204.176340626905,1216.1374180078478,1221.301133198092,1231.0788415859975,1233.1303441864923,1240.3858524183722,1245.0144866730961,1254.4976095733412,1255.5792885849298,1257.1437096097634,1256.9144938323846,1261.7796649805339,1269.2359294492935,1262.7043319279367,1268.5165956990813,1270.395491303878,1291.2768987468592,1294.9618817236656,1303.6428078626445,1306.7541980547023,1313.1644314629093,1323.8657580357133,1329.9372973713396,1336.9268891640675,1336.7645666384929,1345.2545098825685,1359.956941259268,1366.3050545515914,1369.262561587389,1364.132279863569,1368.515627566039,1373.8085344488918,1380.3433144912515,1384.823510421691,1394.8615975959517,1401.0966160072371,1410.9067549171953,1419.7256285468336,1419.0521201246015,1426.714243176355,1429.698424593674,1447.2080635408097,1448.1819322472206,1453.2854195339185,1453.4479234587084,1464.039408734109,1463.7927146813836,1456.9000559434958,1454.0185102474534,1462.8253619309703,1481.7010330377252,1497.3005113342151,1506.9644322475128,1517.7849388974319,1527.6751567178392,1545.8063339766677,1563.7285008522572,1588.1244764853461,1613.0799642273969,1639.7078920130782,1672.1753908604753,1681.7083722224747,1689.0028650431773,1703.1018355305075,1723.3666287609985,1737.1170211776669,1749.0933140027444,1757.5264269917936,1779.454316979666,1785.0606342784902,1803.2078609567745,1813.9783880660684,1825.9307915451172,1851.1232403938236,1866.598241666871,1871.7060930097236,1866.011949297965,1879.2810731844993,1899.2128231341005,1920.9045722996925,1925.9391391702127,1935.927215417245,1932.9878794774604,1939.4611221787864,1945.0427956115702,1938.5252413353605,1951.0829148062637,1951.0461660273793,1967.9968024834006,1969.0607293589042,1976.9732540740843,1991.5720538062476,1996.7113522749257,2003.3760954437205,2008.7003717326857,2022.660162710077,2024.6110636672424,2022.5911850423463,2011.6442335358158,2022.1647923900919,2037.3137780201475,2040.2986101081253,2044.460877568326,2033.9195551133275,2046.035144046492,2054.4077188991596,2063.9536059005845,2062.9705433194777,2070.4540487631953,2084.0702218527135,2096.560569524657,2099.7869093884333,2092.237686275344,2097.5524527845005,2096.704290858249,2103.0996752522024,2099.126438732699,2096.1092257415785
394405,156,"Boulder, CO",msa,CO,1904.155660170409,1924.2304709464217,1905.7110950312972,1926.4440833490062,1926.9362233644435,1944.3433188051092,1950.738001668168,1970.667666782924,1991.9497108680928,2011.380023625763,1997.1056075061276,1977.9710418619484,1973.4150587392592,1990.4010069324765,2021.1505685395286,2045.2409467757543,2050.085485656631,2045.6310030837103,2034.482293047554,2024.2259761841735,2022.6683424651742,2010.7071807169439,2025.8189900797704,2028.2416823915914,2059.210987922474,2069.726980505703,2087.527365624257,2088.326431496809,2092.376813996558,2102.1173343502783,2102.517028453077,2104.869782014345,2099.73382535346,2112.159604047398,2127.093967721903,2159.060189178533,2157.74317555863,2157.8861915638613,2156.4187655284836,2166.447134056615,2180.4053459857405,2187.4409843067997,2199.9208543958466,2215.2845671040723,2226.4425808686065,2243.367148574506,2245.223114190149,2251.045068581135,2246.3154794366974,2249.3821151491434,2252.274083174337,2255.1547337707625,2258.4708183513108,2265.601931947949,2274.7001437467993,2279.4127270261915,2288.812041625296,2287.1019689325576,2290.7308579218266,2285.8974056750153,2298.922370507852,2309.5169816663974,2324.0627785638358,2320.723219398262,2311.829556743432,2322.084594246195,2335.4104228421925,2351.568632348625,2369.3027945385425,2372.7703460570483,2381.7960066877918,2389.8363990052517,2426.199278078422,2447.3367447284077,2458.2812769609,2466.369749032238,2485.1096251909303,2507.7056568033045,2536.377763660046,2564.808957189976,2584.538637871027,2599.2590881579167,2617.0575168463088,2643.211844223067,2654.8694289618843,2672.7672942509353,2696.52668998528,2724.902136841906,2745.25913671766,2759.092433458795,2762.1808931830037,2762.953378483951,2764.092009569039,2780.219653560552,2785.5427188242807,2800.445686899655,2811.392606164344,2817.5964588813513,2826.617622546722,2834.4701169147775,2860.25151830111,2872.341240229278,2895.7083093850856,2907.749758092223,2940.695974110112,2953.5884558949147,2969.5059748580247,2965.1725732506034,2953.9014570824675,2961.0374220754406,2957.600424974283,2978.9406379062043,2981.295776483498,2995.4448876892384,3004.3045200750244,3034.2977550244605,3060.2747857278664,3070.621617225155,3070.30626806076,3080.1929039499164,3089.2672113004696,3082.0631262857137,3080.7724130037673,3082.7680858606063,3099.2671231243335,3110.6350819217178,3111.977067190487,3103.633618524195,3088.6421345490476,3092.5674596800377,3105.192316230343,3117.4941017286383,3134.855739315048,3155.9453466482914,3176.6757110294875,3182.6052273787195,3183.37426328979,3185.735056795927
394646,157,"Green Bay, WI",msa,WI,,,,,,,,,,,,,,,,,,,,,,,,,,,,,,,,,,,,,,,,,,,,,,,,,,,,,,,,,,,,,,,,,,,,,,,,,,,,,,,,,,,,,,1182.6226418418432,1207.7426698093752,1204.6725651280005,1193.1944674773888,1226.7633600413994,1257.3174689054792,1308.0019162714952,1306.6738167439166,1315.386524891175,1270.3105958560443,1272.779102314213,1255.4071088536218,1286.58722766405,1292.6618779905511,1316.2879225585693,1332.7108292614244,1348.2247911950622,1357.698646516682,1365.1251471226722,1365.023600108936,1378.3810835271795,1382.5502690740943,1385.3375837454414,1404.9989347148528,1407.4179772561286,1422.8697629935666,1426.5562687200115,1449.8281296949506,1435.7758577329141,1437.8732256586368,1434.44206910744,1473.1273031458222,1481.5657369325443,1488.832618666211,1488.5198941862864,1502.5897173237995,1506.2278775225548,1494.7915741483641,1501.0605835442157,1493.0885218400842,1522.721012650243,1527.8083619578438,1535.3044252571974,1522.1399792966877,1523.8920916423938,1541.809787258028,1557.5022809144607,1555.8258778575562,1558.2358607125045,1571.914203512576,1574.4334313215313,1579.6922359184555,1572.54797979798
394488,158,"Columbus, GA",msa,GA,816.740626941463,814.6848544023771,816.456966597664,817.2174973957409,820.2370277316178,821.9755538795876,821.2359960777562,821.2660510583675,822.6464769073191,824.4363976541835,822.2532442729203,821.7718179374368,818.7712652953877,820.1433983653229,821.7407435795101,820.1590954627027,819.929774560068,816.3843826729124,821.1998060726775,824.5318461202389,826.6063940242792,828.7788869061798,827.1009486563805,825.6767974619997,828.2239261590041,834.1196079606402,836.4217225860352,837.2504060739766,833.4814553929857,835.9949332402133,838.4925711101514,838.4054093877288,837.9961316921394,835.0555159033751,841.0806597836906,847.4985986160635,853.8430620831718,856.5424274613664,859.7260470017976,860.5236034137514,861.6103614377961,861.5227994927004,863.6826124763721,861.1986753479118,864.4923059362659,867.0336549019571,875.8804160837911,874.7230492748903,878.7600602846642,876.533044774869,878.8383226033029,884.6987058861769,892.6182314168019,899.5034923900237,903.399771593854,912.8187654750043,918.5106289123829,926.5097861021328,926.4096092460925,934.5846808818684,938.6020564712295,949.306133278058,952.6149730817134,962.3903791440596,970.2578206361623,981.9428661869364,993.338337047334,998.2979190865178,991.0710183024585,996.7508330231954,1004.9293484380275,1019.3929090137891,1026.5891457775024,1044.7303584544761,1054.8630600855283,1061.2478639782341,1064.4697095278095,1073.6353121068303,1086.843217793148,1113.5947511918089,1140.4825044031454,1163.2888697916126,1174.924936916855,1189.1251194416925,1194.466580578711,1186.6510664384014,1186.7510785386178,1203.0483415345157,1224.5278237332675,1234.88066920117,1232.9934466513548,1217.683711781188,1228.286140492662,1227.127933627912,1234.9645699962318,1223.237158229749,1231.500410016625,1238.9409931599635,1240.4288552182563,1235.2388914053747,1232.6076462988535,1238.8445886085672,1261.4285299518494,1277.826062659135,1278.0725305557617,1271.1722313751502,1274.1511169929272,1284.699466924383,1294.127877213877,1309.8264482589664,1321.876665210091,1324.2717232977411,1316.2085854637699,1318.4119924134889,1320.5868687637744,1330.1048581710106,1322.594940387565,1325.6930694905836,1322.3634315719803,1336.6068135323346,1351.5275097717597,1361.7010933513639,1370.5169331997415,1378.6961435319895,1397.5967831263274,1397.5068156057462,1399.0569894747853,1399.788822702636,1416.0734543372946,1429.893518591064,1441.7232059706892,1438.9779775884629,1431.7175664569102,1425.2422789464442,1422.2323779482479,1424.8828485346035,1423.0399603623136,1428.3383134480694
395107,159,"South Bend, IN",msa,IN,691.333251995985,688.232738306471,690.0610009145726,694.8839210489524,701.1474462872607,698.0191327403746,696.6421260167139,698.2729875459111,699.8349146663954,692.8949709699635,692.6802535249433,698.8107891349576,702.7800099723021,705.8875000505001,710.7577539520321,713.2410740702902,715.0809292169135,714.1084197396593,712.8877216590175,713.4019528167684,714.9625978291638,721.6171148540036,723.3632191179419,719.2118566875153,720.4990222821466,729.5764973731193,734.933642912903,740.910810144235,735.0213140882473,741.06850284612,741.0159833786539,750.1472745537632,757.0655134020413,766.5466475199369,767.5007406837556,772.5315867701668,774.670813710928,774.0243318355818,772.588642911842,768.6525761851427,773.8917348570627,774.6379862307423,779.8665983459312,785.4226056736007,790.1509976796551,794.4948177042639,800.9404805977597,810.9264953197206,807.8285127467465,804.5362338275826,809.2305562349386,815.8193069538714,821.2717126003222,824.9943845382546,828.2069874594216,825.9393082221201,825.3028158913303,822.8511417255326,823.9430963036567,821.3606521260274,829.1091601701087,836.6253577554884,846.0056590167208,854.7685652946519,866.9169542359547,868.2461718922552,875.4767886193953,879.0607859164413,886.8666529783102,890.2379398271141,900.0754809955768,908.6380248090924,917.5960394510613,937.672740744154,946.9459515762891,948.5845866672461,948.0484739384847,957.5582208284994,970.3872925079096,989.9611351514899,1009.8146247517675,1034.0980154363037,1058.5119558141469,1068.1569910636913,1084.0022087272157,1089.1576948483196,1096.6179102774581,1100.7216935796973,1102.7422926301517,1121.5965308208597,1133.8956274147902,1148.21509104759,1147.1206153171688,1158.9428411925483,1159.5389875805718,1178.5981157083356,1176.3528579506628,1179.6457902000177,1187.17385422289,1209.9151903073664,1235.2844998207393,1239.525365326713,1239.1960017375081,1236.1843591756644,1247.398367647653,1243.6171122365372,1238.3705195238904,1239.0726253072164,1249.5998434112983,1259.5613579711155,1262.259278589176,1262.0409422199912,1270.8986600337387,1275.832807339225,1284.6708224705174,1284.8426508194893,1282.3243089366913,1280.0960727037886,1283.45859923525,1294.259647491768,1296.5299920725186,1301.0648906513293,1312.7784340350065,1316.988942353873,1315.6517962121022,1317.240093786651,1321.965986075646,1333.658107391234,1343.4033763332038,1357.0936311441594,1369.321472165745,1368.6693449854902,1373.9320095089136,1376.72193101317,1376.357753075076,1380.198740161311,1383.3615486251372,1390.2419047619048
395109,160,"Spartanburg, SC",msa,SC,,,,,,,,,,,,1013.2450562144913,1017.9735527917098,1000.0005470204848,1000.7385721358082,1005.4302976956338,1025.9022897791363,1033.371217239019,1041.2946339361413,1041.4188900616596,1050.8169274233478,1059.1114910564722,1065.2604072815996,1066.4071173767372,1065.102426986432,1071.4984189861789,1073.4196445005875,1071.0979093533715,1074.4145225739978,1082.3428145339815,1096.9602218322325,1098.4420830938154,1109.4628960202874,1107.8951724554272,1108.1626170331476,1103.3621160036123,1109.331256479419,1122.3886254257645,1121.4916359198946,1136.7630309580056,1144.0606615950735,1163.4538665102195,1159.4275649182518,1167.651329828072,1161.8775259787005,1165.7708078411663,1169.7441194045373,1170.9487792774908,1173.3199601591803,1189.292767505798,1200.1901415732912,1200.3128989057914,1200.9452067571374,1192.8062001484905,1199.488587426091,1204.586902377115,1213.9336928667558,1222.7863153432656,1230.870288688582,1245.048775169973,1253.412171508442,1246.0725168264314,1250.7173656391526,1257.5974526377845,1266.233888391077,1276.778280055768,1289.6008440594237,1310.4809324174678,1312.3743370086586,1310.9432361337833,1306.952009606183,1306.5654677704179,1319.6797054669862,1328.6276432282395,1342.9378644465055,1347.5481555246356,1364.2640595181922,1373.7966272081594,1386.7452122566967,1388.3085764611405,1401.3540571344001,1419.2634605065932,1444.9540232508084,1463.2725005846703,1473.9708149812136,1482.7482829582093,1493.507680790597,1498.7746378019185,1507.1539817572295,1515.9583714392877,1528.4207496136908,1545.6155121991571,1552.8418649371147,1554.9301266699736,1553.5891244439317,1562.2067706075743,1571.9579365597535,1581.4328502985213,1584.5097094806074,1599.22032847417,1605.350228743888,1620.1691706902493,1623.8444168275184,1626.4995236129594,1637.1710534759127,1645.854183899959,1654.827833975041,1653.6097851091408,1658.1152889124482,1667.2564002447507,1670.3700561416808,1677.7404180966116,1680.6428506512643,1687.0267469774667,1695.2056594707938,1697.5752995306173,1705.1976453634566,1705.1792489397703,1712.2667758420625,1718.338064783046,1719.1371528785583,1730.6410930960155,1736.168922915744,1746.3492385271518,1749.0374804520457,1746.0866627547477,1749.3134001879455,1756.556842837254,1757.0263129140103,1764.9673370507337,1767.3945172456142,1773.3840081523606,1780.3045245110789,1776.3517624116914,1780.9831135721824,1777.2702409847225,1783.0025178583205,1789.1885865457295
394645,161,"Greeley, CO",msa,CO,,,,,,,,,,,,1714.40788346965,1717.5231463795064,1709.7980259454046,1707.6040664766492,1718.2467089512452,1729.733834548805,1738.7794311309774,1732.0831903586823,1727.3161772123042,1726.215988678659,1738.2480026740732,1746.2382250069215,1737.0985128654029,1769.421154449638,1769.0746995615107,1779.216195412457,1768.4550294957105,1781.8074994410422,1795.0386065505509,1798.7191533150044,1812.0325270607054,1821.637245064363,1822.6038067844697,1821.7342870221025,1835.7461609746053,1833.8461000774143,1848.4830138281325,1853.0223545727304,1872.6356207833053,1874.4891456541018,1878.9770463882064,1887.3471614620582,1894.4320749679034,1905.380502525186,1911.8321602726608,1910.4292716333825,1931.6604185469137,1933.2532090450613,1944.0365139332168,1951.4083927369722,1953.5276156709604,1958.040803698307,1959.9510855874435,1966.0008394273077,1967.1534492677372,1965.028383397778,1967.7876098782674,1976.3910132534036,1962.84554059221,1962.3472601172264,1953.0672561155075,1994.8329458085498,2002.9080093162042,2003.1140637190372,1995.8653604159078,1999.8622741100069,2009.2193205230167,2024.4234192278504,2034.087482183585,2060.513911463725,2075.234169900667,2082.897235530488,2078.846209615619,2081.0314667973093,2090.7410027035025,2108.1705571422203,2139.572432076116,2156.3610430347576,2172.108175471422,2178.5745710243013,2207.812569006861,2227.980690982572,2248.232120028575,2269.0728575961834,2279.742515645276,2297.2448208540286,2313.2528934690586,2335.4395393102936,2337.7575484012295,2345.6230809241556,2347.9688136161435,2357.8492728199412,2355.298634713332,2361.687915954217,2373.3237632326195,2386.023576727777,2407.4154526097523,2417.507038362188,2427.650148842758,2431.6516612042906,2449.160139409106,2464.179865472329,2478.7415019335067,2488.44181526624,2485.0240155103584,2477.0611394840953,2481.3401680156776,2493.899193405064,2508.6055322160046,2515.2106293179377,2520.4193885128498,2525.7897641640043,2532.1540642058153,2538.1555709044883,2544.5135105067934,2550.190324866117,2557.369435455348,2573.484146142596,2579.7293320856065,2588.1448276210426,2587.3159593416567,2584.663597520439,2583.248421140352,2585.801303503106,2594.263116426354,2596.2482580546603,2599.144530141623,2603.26976883132,2614.0060818075003,2618.2458992777024,2622.6405380856936,2620.831585020613,2623.314133707424,2633.197131764737,2642.9032818806195,2650.6426969444055,2651.2288421311678
394808,162,"Lubbock, TX",msa,TX,1076.0179094583407,1079.1749234453562,1087.9848449403719,1101.1831626816254,1106.3167879437656,1110.1319062615648,1115.3750069040284,1110.5187969849148,1117.6014817590144,1120.8146862068877,1136.5362196087606,1135.743831636837,1134.2606208734326,1127.041591516223,1130.0848400610869,1131.8408710843744,1135.8089082340086,1134.8794619837402,1136.9117609394098,1143.7728541012068,1149.0863492751764,1148.3000739307045,1144.201235468625,1142.7962532801687,1148.4427942922123,1149.1749624974586,1149.2963377025908,1152.5502492002356,1154.6012772277772,1161.9854825598172,1162.1591859674782,1163.784816332867,1159.3836895164825,1158.7189027548916,1165.3926564678559,1170.016379306325,1173.0624136075667,1168.8438622303538,1172.1545104531092,1168.4345729644006,1174.11934452917,1175.0240843194945,1178.026986150125,1178.7158039333694,1177.1472475627168,1181.6785430733719,1182.5760071100656,1188.8079057719542,1187.0805887773465,1194.5927019974713,1196.0433974948946,1201.589026512911,1200.3562265112084,1201.4096816898953,1203.6355944125814,1206.4220642587695,1213.9280025450416,1216.458427742226,1218.5905560122671,1217.3762665309007,1221.6839394749024,1223.5990538543197,1230.7285900704396,1234.2702728102101,1234.2702728102101,1235.9127573625199,1239.3644580594041,1246.2612843584361,1253.9332285861638,1259.380895539083,1268.708916729551,1274.0103986509998,1285.7986969160863,1285.6937006989085,1293.4062309199978,1294.6429571299013,1316.6958205832,1325.9781044545919,1338.2943595430154,1340.6349286277616,1355.3899535121714,1363.763258542143,1364.5800265459543,1361.4529279688952,1367.7659892052925,1381.8318590839156,1395.1894225344017,1404.7206964045333,1404.4872630803409,1409.818503189666,1412.3986134607583,1417.1079513173488,1420.030820257427,1422.4713424913484,1433.7297228855723,1437.3760000638645,1435.4151726826433,1435.3239684820132,1434.2212035206674,1440.214815155711,1438.0371374390463,1441.461570891829,1444.1574997736795,1451.7518610535865,1446.1667942510942,1447.1685904062363,1446.795697202958,1453.9303252134928,1455.0638511008508,1455.6534318787212,1459.0327046892287,1459.3389958632781,1465.29996706294,1467.5007272230316,1472.2011825357315,1469.7927952528905,1474.5189894986047,1476.0055301849961,1483.652296410848,1485.808989881616,1490.479526072387,1488.032975007627,1484.5905960201956,1484.3454828887334,1487.6767016154713,1492.06651949647,1491.8926533409876,1494.669919327737,1498.347702555281,1501.5869212177627,1499.2703524686995,1499.0984171393727,1500.8154287808602,1507.580059022517,1514.1082989455163,1518.4235919251369,1519.329547964278,1520.0147180997699
394471,163,"Clarksville, TN",msa,TN,942.1256816836591,943.8025842821853,944.4028253218364,944.5984921250069,942.4079887104585,943.9451887452586,947.088969058174,949.0049126575075,950.7894284546767,953.074081940614,954.8596597470603,955.7017603390548,956.033748069275,957.391564059067,954.4115164600917,954.4344989532925,954.1859520951053,956.7089927001048,958.5205406518087,960.087450462585,962.3887236137981,962.0278539998972,964.8493914101516,963.5704950326967,963.9520817255661,964.4749315204131,970.8518700544165,974.9333651069137,979.2657395665486,980.69787611328,982.9697550503466,985.0782762462801,987.1043043429652,989.3238336604057,993.6581213289742,999.0434811917905,1004.0245214975678,1006.1669554907651,1006.4454664988666,1009.6969807653084,1012.7257317961106,1018.5704548840705,1018.8647843821993,1020.3542256400194,1023.4542331495683,1033.2734598427623,1035.8647090434297,1038.3729301893088,1040.2163170392344,1051.639514681281,1058.1422075746095,1063.1321948990194,1068.5990459378525,1072.8472727691674,1081.4661342726715,1089.6014241170662,1096.674487484537,1099.1280991899723,1105.941203688559,1113.4906697199694,1121.7398322938336,1123.9735213824922,1121.0397308786198,1122.9698695658824,1127.799039682631,1136.4942132908714,1145.8251733204713,1153.2361633922064,1166.165412375893,1174.760323806437,1191.6973249253112,1204.997538578337,1208.7942698050394,1216.0754737496009,1229.6000710663423,1252.8436619063484,1275.939687183508,1289.9939320780206,1305.525329796452,1320.8390840452275,1341.4110630921298,1356.250106998075,1363.0531775435413,1370.947523730391,1396.7725183841346,1412.5008885841207,1424.7780464616192,1421.7588501236926,1428.8439094340956,1443.3622823828046,1462.181928784232,1474.2440553794665,1475.7549229923168,1476.4885248043074,1476.9472098561823,1479.410018652525,1476.6601344386197,1486.01867871525,1498.181253297735,1512.8406837362454,1510.9392197807272,1511.1550011338784,1506.896223589165,1508.881381337254,1507.7650015644394,1514.3068038511765,1524.246023601729,1537.9587009211548,1543.1321598099946,1550.5255228846456,1553.1095447879134,1557.5296985574385,1560.8654818678856,1559.6381663563727,1563.4155712161376,1569.6492110060126,1576.9894275531854,1578.4602753125723,1586.4504160690121,1588.8560177245429,1595.154727459153,1588.7417688841194,1587.061286768933,1582.274907015109,1585.7095226011322,1593.1341051920942,1596.416430071268,1595.9202979796032,1597.8768138096937,1600.5795594989836,1596.8160469446552,1594.9149684986444,1594.7137172905586,1600.8742498512072,1605.4036246230369,1611.336565793603,1614.5061816192751,1616.0693753228206
395028,164,"Roanoke, VA",msa,VA,912.9773733340246,914.3433662392498,911.3341977951586,906.8803584406546,913.2913043491877,917.1092559641539,923.5052686043525,927.3115343348201,918.2239209173619,922.2329234960492,,925.8308466575933,,929.7767349954598,935.6080342771579,945.7787439641208,939.6633655888304,935.0707409057533,935.7861497095897,944.9939616115382,954.3738226349192,962.0584325070073,977.6727431851274,980.8335160803659,977.9788636900832,964.9766397524129,964.0034505925064,970.2398296504806,971.4158768072776,972.8178891578973,972.3470553044165,973.4268989646774,981.2715384118669,977.4529515736316,969.3334441061196,976.120828597075,986.6813227576471,1007.8020416803787,996.4640092104452,993.6100737239752,994.2391486672254,1005.2364998233869,1011.5913916984316,1016.0481972440464,1015.7263750704419,1018.5758453025153,1020.9742062816449,1009.1214550783652,1013.4967645984498,1012.9353826961474,1027.9943989848355,1032.8082698893913,1040.832022453427,1040.797591128679,1044.6166741818545,1047.8998552072171,1052.39482987881,1060.9304280424699,1071.4217231175774,1088.379689635985,1092.8665301734127,1098.5549389424195,1087.327736757133,1092.5514053075424,1104.0204099624239,1101.8921529203137,1110.6433377428561,1105.619126567534,1119.3835351397254,1121.330704985397,1129.4691204783637,1132.3919553119076,1142.1221527581208,1148.8353782403512,1158.6827640088834,1169.6643135663023,1180.7332098442246,1207.8439084903046,1221.9237444339597,1252.883165915837,1258.9133866418329,1274.7080927826496,1280.8204130059917,1308.7023471265304,1319.5947728035947,1344.6018611593522,1339.3145671300922,1351.2603935684288,1359.5882128069834,1370.9670505899076,1389.6525589398086,1397.5444115875105,1406.2141233721834,1423.2302937827287,1436.1227601840978,1450.7251937260992,1462.8323716228824,1478.0488759482055,1483.6952900229408,1488.9552347277106,1480.126962982593,1504.952052339945,1506.8105011207429,1525.4359012897826,1529.8520345579986,1544.2879180380078,1556.5270039095756,1538.3259757603887,1547.7215907859188,1531.9905137975093,1570.0502675809637,1579.1653696433632,1607.904924563795,1596.9163579901924,1606.17315659416,1605.323409357316,1613.0704279636932,1606.5498691681178,1623.0386021659997,1639.0329255491706,1640.4764517282408,1654.2065260384707,1644.9439958624805,1660.6902320518168,1662.470771558142,1667.732106220976,1673.9999625939079,1680.9860311633877,1688.9506983399465,1700.3418330383352,1695.5374182537137,1705.0291524200018,1712.64512903271,1722.0658319895003,1724.3165903730048,1721.3986406775798,1722.3417707120923,1732.9440404040404
394579,165,"Evansville, IN",msa,IN,663.0823312068432,664.212287681696,671.0174364101623,676.1976067273933,683.201161627717,686.075887851898,683.723295751509,684.8636485526961,678.2469638301588,673.6149973361488,672.155563808073,674.6174716356891,682.8293066202529,685.5075975447693,687.2813056981017,683.8689080294628,682.0796296660643,685.0794079102343,690.3121107499703,697.9898362582861,703.1905154097796,706.7038660016603,707.116501272694,711.2998863736741,708.673533225381,710.3098354181933,706.675985012146,708.5373195611969,707.6879472594385,709.9566364481217,714.7957218604087,716.0204493611213,714.6715212467694,719.1447953459506,724.8752472516904,728.2627651143393,727.3877063988804,729.3473833994763,733.7300191782631,741.0543671923733,740.5863830512378,745.9521552018841,741.7139281123506,744.2683585235901,750.7696765300072,757.2802608986145,761.4878810043846,759.9566641950186,760.2073374997943,761.5898938358272,765.3268429959473,765.2309103721544,772.4455259841263,772.9664377182891,779.608049162984,782.409806481733,784.4491663396168,784.1825589867361,786.0269558030861,792.9529180650234,802.3059271075181,808.9943857998879,809.4285786798836,806.608472608079,804.3602673399284,807.2255691288132,812.3995022981004,814.5815297794512,815.4035294067534,824.3375192162395,829.825923822313,837.0307796827551,833.495608711197,838.6751680119183,840.9073739364535,856.2820924431181,859.3683838832495,857.0555924601019,860.421447610087,878.5335038728047,902.3791212183513,904.395557869967,905.1157443808364,903.5315289881429,927.2172462550136,931.0871139384999,940.1090582089037,929.9642258098077,940.5859800273474,951.4109049354848,960.7293605553451,960.6812015883135,952.9984849315629,961.9855363169037,972.440923589391,983.0320872367919,981.7834644748858,983.5149203461629,991.3604275399528,1006.7137006865646,1017.2132227716787,1023.369535965345,1024.7433234095201,1029.7794471920213,1032.0830250116737,1032.8849598686877,1034.3998218888541,1052.8752460490705,1058.2386466292587,1078.3589879858748,1078.896714346046,1092.795312842852,1088.9600590787288,1100.9547571858302,1111.631721874916,1113.2187434047305,1127.803399921958,1123.070276298318,1135.8513034958098,1121.0238855273806,1135.6294152554287,1139.2629493895136,1149.349883691016,1153.5940040501048,1152.1081099406454,1154.9212859068982,1158.4144355291037,1168.41725716978,1170.8950192237219,1185.8853812229393,1186.2332892338022,1199.0703501339367,1197.3675735176053,1196.5793779384387,1199.295307846708,1198.669826602164,1211.91025291997,1214.5277777777776
394747,167,"Kingsport, TN",msa,TN,,,,,,,,,,,,,,,,,,,,,,,,,,,,,,,,,,,,,,,,,,,,,,,,,,,,,,,,,,,,,,,,,,,,,,,,,,,,,,,,,,,,,,,,,,,,,,,,,,,1352.016951506473,1371.8127004596822,1366.7136654461633,1381.656817393112,1383.3771749849402,1400.2759770120535,1401.884808878609,1394.3133747203965,1389.7402153791365,1387.6518629033787,1404.3597140101378,1400.2103896512283,1418.8880226948518,1416.6739194470815,1448.1183220325415,1438.7249654332202,1454.2878981734764,1453.3261579043976,1456.0687050683164,1463.8626557446357,1475.197171222761,1496.849413944036,1502.1815088741455,1501.410237197281,1505.5305829173956,1504.8907608482155,1504.3975089109508,1508.3451004501133,1510.792657125467,1511.6701068555672,1520.4444743278466,1529.6629055579524,1533.206148956368,1533.958440219603,1533.9770921533807,1551.0158408367827,1551.2229237928275,1564.8321246371788,1567.2088629589603,1582.248717948718
394741,168,"Kennewick, WA",msa,WA,,,1291.6767070547196,1295.102758997064,1302.3554572170078,1308.1771292911735,1315.4303739845077,1332.7917614585313,1325.6962083380545,1349.6176961061938,1347.3358362572326,1370.794291847089,1356.8383034756084,1377.8119699019549,1358.1069747655615,1373.0750200166929,1370.6414585890877,1389.3289016380766,1399.3522791909597,1403.0507520939664,1410.6221276363433,1410.2874907056396,1423.671473737756,1416.6791364448784,1431.1547982209888,1428.4778046197994,1460.044739748201,1463.5851090265387,1468.77027036143,1467.933772820163,1468.3737010543673,1474.528765690857,1470.6940910597466,1473.9219149025703,1482.4806901364134,1488.1708968144476,1495.1999899933853,1497.8975003131618,1502.2364098628882,1512.4687134806927,1516.9349327272746,1522.6973486807067,1528.3358941631118,1537.3684188233326,1547.5788621671988,1553.5589686183707,1561.009140350031,1558.1910419931332,1561.3136994837378,1560.364099443449,1557.2900999065293,1557.045514665852,1564.6974637546757,1570.272180453708,1577.655556290752,1581.0246637321052,1588.9885830338535,1597.8929418155794,1601.5820392920784,1618.844574585733,1628.2861852572062,1646.729634809812,1634.4872149426558,1637.7183471502155,1627.8312514300758,1634.6758749838814,1647.4378163039066,1659.4611982511567,1673.5288009726137,1677.7747632909268,1701.5979181701523,1706.1842725366728,1725.4083701327636,1721.1361959470294,1739.8184441009491,1758.778767735433,1787.0111173395844,1816.7598839410423,1824.1426973570067,1842.0046483867368,1857.1855927539327,1895.7984382774127,1907.2632551783593,1908.2252301368574,1896.6798028942965,1908.044812475443,1933.645287749639,1958.2329358920233,1963.6153517592163,1959.5231443775563,1960.50003181702,1975.6399874045428,1990.2082164481317,1982.8996899193342,1990.174995507143,2000.1479249980832,2031.649163732692,2044.5088033351997,2050.8117611278453,2047.0745816117114,2062.881400686976,2070.561068548682,2092.2650872987006,2090.105880567293,2090.974452456652,2108.7930593976207,2131.797801264035,2154.016650155569,2147.919822847276,2152.1705420344265,2158.6268422561434,2148.7038742288305,2145.2313101964046,2149.416867663625,2161.979078315374,2164.550172743111,2166.4405334043217,2175.8424827645235,2172.7456076544977,2185.1364569020225,2191.0456399899463,2218.784335965123,2217.028190178046,2221.0250532237455,2225.828188081225,2242.389877221481,2239.153777518927,2251.9801984599626,2263.9163317950674,2265.3723336263647,2271.851185380557,2266.225998812541,2275.4634152679764,2265.786072757384,2278.8882168577297,2297.439923820434,2308.5598445256287,2308.392246642247
395179,169,"Utica, NY",msa,NY,,,,,,,,,,,,,,,,,,,,,,,,,,,,,,,,,,,,,,,,,,,,,,,,,,,,,,,,,,,,,,,,,,,,,,,,,,,,,,,,,,,,,,,,,,,,,,,,,,1596.5987866894166,1582.2342456798683,1575.3764137461849,1592.2056906136982,1594.089512277476,1573.8206927702313,1566.908522255959,1593.27879459888,1621.2541194270839,1666.5649650440307,1608.5927536059357,1596.9764607082866,1593.8574612456803,1609.660548793005,1650.3044101059838,1645.852078532341,1706.7755838406763,1711.5470064910912,1743.3015739181592,1745.9896964122165,1765.6704112261589,1770.9335715303137,1764.47471361799,1759.4968702934327,1757.3207309352347,1782.9192338950377,1777.9906314243071,1804.0801381473116,1809.3803685317375,1841.5001503619494,1846.888584615974,1857.512267934288,1853.3292931788328,1854.5786753353152,1901.0761899718914,1926.7411246502,1948.229575732641,1946.172911860888,1952.1840808350867,1952.9406486049475,1937.2222222222224
394660,170,"Hagerstown, MD",msa,MD,1057.1045705177078,1053.8870495122273,1052.5223596762823,1053.4252449821913,1060.6311660846636,1064.825210723559,1066.600171589718,1070.4621846450264,1067.6064220166893,1069.0450663060012,1066.1780463121374,1068.2286507269819,1072.9500115837955,1083.2343899492414,1083.1560716326023,1083.3971429027986,1079.8004166005683,1082.7809800797995,1081.992251702126,1080.4347756060558,1087.5505998861609,1090.6186756558602,1100.6578028004494,1099.0930742272112,1101.6601903212438,1100.1125539895856,1106.7257341215015,1110.6809232045089,1111.9603380682058,1112.3809382622653,1115.9549389842023,1123.5421641871305,1124.9225154377925,1123.8197341055736,1116.3044999076883,1121.2903784584612,1125.1714354989786,1132.762304812361,1129.5038236917417,1131.8289141033463,1136.760270411993,1147.3870160705621,1149.9141484039503,1152.353906229479,1155.3181039352987,1163.4336666833126,1163.4490615065063,1160.3502922402936,1166.884466575874,1171.4484513691025,1177.6798037933656,1180.901201285994,1183.8922348190574,1181.6176978276444,1184.9048022669635,1186.4570167550064,1188.9678010187881,1189.3615436458401,1197.677822263526,1204.401636198052,1203.1528851262613,1202.1128959444984,1209.032993726594,1232.903899545531,1238.23668957352,1250.6543232870483,1258.776576332888,1265.6027084465097,1275.8140000592632,1280.8743012927896,1294.7337065368354,1291.3112763542895,1317.3617624404387,1329.1670626485227,1355.6812947589458,1360.4959740398776,1376.0463149888071,1392.532084100485,1404.358950766771,1436.30529900728,1462.905156030278,1484.1331825422974,1489.4001642446594,1505.8629864469951,1518.7667296177074,1519.6661914965723,1512.4140613484012,1523.7979925378904,1549.6231159434806,1573.236529997601,1588.5819761781825,1593.7833150126721,1595.5584268681985,1605.4156308183672,1610.1769852026862,1641.8678009415962,1635.5229546329924,1653.107061525983,1660.7510436752898,1679.0124377312054,1674.2569816998764,1664.4799138437982,1656.5689491253377,1664.1637712000384,1669.2239462984576,1692.8496728962452,1706.2112782653523,1698.1637028588193,1706.7271881186302,1705.7947413165925,1725.6511280854202,1718.5625444494785,1734.7508530624577,1735.3704211190143,1758.684099023433,1760.39254895016,1778.7003118078849,1775.9662989871103,1778.526740054323,1769.8811145338627,1772.3112543946363,1787.0547250950694,1792.9001519646863,1805.06461502567,1805.8820856325312,1812.8362082965286,1810.2984647765038,1818.0723864565546,1815.038042445416,1817.1240597878902,1821.785030761198,1839.3281050114024,1848.287492039485,1847.3597797795687,1845.1605283136798,1848.388005438841,1853.0813543849174,1861.8008972721616
394543,171,"Duluth, MN",msa,MN,,,,,,,,,,,,,,,,,,,,,,,,,,,,,,,,,,1189.2326529684722,1197.9982841871074,1186.5575014558879,1191.604390242674,1196.8206197785044,1203.4738494874298,1207.7489708473595,1226.1128249555272,1226.153458558306,1226.3903983171222,1218.0103789347006,1221.8475304959734,1237.5240031794856,1234.8492390587103,1242.8729692739469,1237.5581759593335,1245.7423156653902,1244.3212803495665,1246.1002578766165,1241.2636507367506,1244.1617942503506,1245.3459463486838,1253.6788268419134,1253.1417776837868,1249.3516272067939,1255.1417467607077,1259.3239027231405,1263.9885279273951,1258.9827397345816,1273.305316123382,1284.3339092288863,1296.8315260376032,1299.6542645460565,1307.5074000557038,1315.2527444231564,1340.0317337949198,1350.5553642421812,1359.7060499384772,1342.1373211283121,1354.5089527930947,1365.9017951076028,1386.0301265549438,1384.0427681800854,1395.171559602514,1409.303051013812,1424.9636948901687,1413.6663082469718,1413.4760467325455,1422.5563149584978,1441.0638082147464,1458.3850399040186,1462.315335680995,1468.8276409776988,1472.7162151309828,1495.7149411291905,1514.431062557257,,1514.6403946635164,1526.974574541735,1564.3317718305939,1553.558096453944,1559.3098080372686,1550.1920943785624,1574.7130326790748,1590.0571122424728,1595.6812377919498,1601.4106649963553,1602.3140181232104,1619.4259041032903,1604.0271255510263,1630.1897264735235,1621.8034474322048,1656.799808096208,1643.0302873102748,1672.3762696099752,1666.8050765283278,1672.630722218141,1678.4585843317352,1684.9482338330845,1677.3624991082124,1681.695171540954,1707.1713676392133,1699.4774426489207,1701.3889123077001,1689.8833634105606,1713.0849406703496,1715.4456734539235,1729.3195719922514,1745.752895576017,1753.783859025528,1767.248213074372,1755.0781949797397,1770.2628728377401,1772.458658502284,1779.290835035348,1790.440079755425,1799.818078611051,1802.366563310508,1802.5118078846729,1804.343197328381,1800.2487665321453,1804.6269512185706,1803.4641827745882,1829.7451667107687,1826.0515873015872
394937,172,"Olympia, WA",msa,WA,1367.4084361576217,1376.5649096363975,1376.8604525205392,1378.9791013739766,1380.575464686393,1382.5350880301016,1389.3711197508965,1394.8503572338732,1406.5880003228267,1405.5120083110323,1413.9902103121926,1413.5513623516551,1422.9568302005546,1419.5032548773938,1434.0918748974843,1441.5972323407868,1451.1283040159506,1457.3051856095951,1463.5709005088227,1477.6851009981604,1482.728912497861,1495.6359205078215,1495.6701528973597,1511.9908181514295,1522.4018543623533,1539.9341590237075,1542.0649077467122,1549.4086709788926,1566.4675544115514,1578.40082660607,1591.2318361332673,1589.813906248464,1600.2600914437323,1608.8561922486035,1621.2287958817865,1623.1222183081597,1625.5609819790282,1634.5970352300183,1648.9702359461128,1669.0868830746967,1671.6661397601085,1680.212979601495,1676.4801446431388,1689.8964097243106,1701.9909444493355,1719.352712588635,1727.8195215281307,1737.0744675884093,1737.9887055375907,1753.185681192095,1759.5794964168272,1760.322669796225,1769.5594970453253,1777.5419776818853,1794.6337926671392,1803.6700644937252,1809.3606310247746,1810.3146393740765,1818.8556061807872,1828.6664804603422,1845.7175376522678,1846.7507829245249,1849.1809955719245,1846.2856322665536,1857.3411939991297,1865.2890107882556,1894.2862823295961,1921.6943110448715,1960.203529187018,1979.1463501048086,2001.9171519868387,1997.3739074126556,2019.0157947427765,2041.4026694324043,2074.7188276145457,2106.6166778796046,2129.9633204563506,2154.341355333772,2166.1893739903794,2184.6024567464683,2211.173349564369,2237.6609594726724,2270.085218969216,2299.4015098176346,2310.579716448623,2323.4516984638844,2331.2436161671776,2344.8332144450537,2352.408366378659,2365.2839802747803,2377.196387863578,2379.75619456471,2371.0236783735745,2374.789680967884,2375.190263209726,2381.697212567572,2385.768063730696,2391.501114152016,2404.002843504227,2413.8396838480935,2430.779938539673,2434.6002866486447,2438.505000309907,2440.3206653441935,2445.1276438886844,2451.3749760791343,2465.5716399014154,2480.807227441795,2507.243298702754,2518.2420300952526,2529.7573191673396,2524.224856224884,2524.228166246454,2528.7538743997434,2538.447934140399,2544.7678724548996,2556.467859783529,2564.300360773478,2568.898526050334,2577.8522708319065,2573.0667802609405,2586.951070456467,2587.695520534964,2607.223678833393,2599.7157110278,2617.272437333933,2624.592968129646,2636.874597259409,2645.3498309205006,2653.1667335113552,2659.9873574585185,2661.5956643286254,2669.5792380163975,2670.56259542748,2680.347899794505,2684.357586001623,2705.0952093785686,2706.6659728192826
394803,173,"Longview, TX",msa,TX,,,,,,,,,,,,,,,,,,,1037.1414703795836,1044.898449350542,1053.2070818753937,1050.1731789286857,1037.8737856264313,1033.0025165567972,1045.143480124575,1051.5642676078164,1055.7314847370571,1056.808534713213,1069.8876711392872,1077.1673030645857,1078.0566592892449,1069.6533617650782,1064.5937248660648,1068.3253706749954,1076.1888624500702,1078.9080052374825,1067.2466627335925,1068.2313897788376,1072.4505215353997,1082.9965434166768,1077.8688851433196,1075.3058555379364,1072.9714521500084,1077.9918476073817,1087.8190075569505,1099.6453937525123,1110.754572836688,1118.587420283625,1122.296572944306,1115.4351793863123,1113.3625058439695,1109.1836509996679,1111.0426022046117,1117.2787178846154,1124.2875753698195,1130.627920791613,1132.1126721562541,1130.0986887389115,1128.755817105221,1131.5119722863626,1141.5242102127147,1155.593143165746,1160.7521211422643,1159.4462312802896,1158.6750508594823,1153.688261072821,1151.239395518886,1163.837334479802,1173.872137241864,1188.3054639605996,1186.8140985368516,1194.9142109254065,1210.2133601895312,1207.6168125791658,1210.1009715383004,1228.0497901364138,1234.7836647252245,1256.4794256799835,1260.4172475571206,1281.7602986048923,1289.710364734626,1304.7891041073221,1321.0204809198885,1339.35862641228,1348.913558248291,1368.9738966626066,1377.7114883346946,1377.3665106004573,1394.1004321197183,1401.3803728952325,1435.1285056045488,1440.7575722172578,1458.248592228806,1450.8682648720662,1466.841879263217,1467.3961891984607,1473.783308140746,1464.2182025193172,1472.361758665765,1476.5893140979917,1482.5959285153401,1475.5921955769022,1484.5921630440312,1479.8318309363012,1490.1272775092339,1495.345542435204,1503.9057217037168,1517.0675285921632,1508.9960773014848,1521.1270731073419,1526.7672384937719,1547.1304857624962,1545.226037563703,1548.4275256452602,1549.0368471515405,1555.6772057215883,1565.9975635805329,1574.1000988583867,1576.0784649165296,1568.1910344874966,1580.9728840626603,1587.5916444953089,1594.7203378939278,1588.498850951388,1600.5745817192546,1615.2319049358232,1616.6200025561532,1625.4074722861196,1621.0889644909555,1625.610021658517,1627.6821947725302,1637.7287365824156,1640.8161430079288,1640.8585883222206,1639.832930429056,1642.2799906115213,1639.9866818992746,1635.5611111111111
395229,174,"Wilmington, NC",msa,NC,1167.5732579099088,1171.521674402894,1169.8254792181315,1167.823197763257,1168.341357384266,1173.4872299928413,1176.5067681402188,1179.0274910234177,1186.4241295053444,1188.9979231918226,1196.2314618208977,1193.6445920049325,1197.765697040911,1201.590901773773,1210.4605152100826,1216.7771662031107,1221.4346133063268,1229.1588846993022,1236.061779083947,1238.7192371730337,1234.7883458864765,1239.5296012438614,1240.1843410604213,1256.1278634789962,1263.4117689449818,1280.9120972359603,1287.8634582143934,1292.2502897906238,1298.4365589710899,1298.821201434898,1297.6583390585213,1305.7493980001377,1308.82363279696,1314.884694615949,1312.935630631173,1321.8121726457262,1322.563792469125,1320.4308635890986,1334.5411979227395,1349.0382475715858,1370.4146441062621,1367.1416031685199,1379.811844721723,1376.7460651468703,1401.0298888798814,1409.4110746360604,1438.1560706014443,1440.7366090143362,1452.3655747568944,1462.78192393832,1464.054703076745,1466.6674010243735,1462.7075287032326,1480.3696451112717,1485.7625083830987,1499.1562498294077,1493.4545790641798,1496.3267960904184,1486.9916636648006,1488.5007054549021,1488.0395308078714,1486.7229560677413,1514.5858702280034,1533.8495800416265,1558.3915887554901,1571.2511030116389,1574.2838024307632,1576.0201183654322,1573.410799225246,1584.5274125237195,1599.4431419427046,1608.0072074185857,1626.5004419737952,1649.5385347675513,1681.372832297255,1699.826105018817,1717.378556753698,1719.1830247416199,1749.4202540257133,1783.1652676565686,1837.8711851887454,1852.908736909676,1882.123950457306,1922.7957921973416,1961.496243900271,1965.6880887408452,1963.569878248929,1972.3594234187885,2001.534966180394,2018.8972859936514,2053.016776431248,2063.1014781230692,2073.6024150856047,2077.299923054132,2082.2993947360296,2093.457804139851,2089.6208250202344,2119.4523097577644,2122.403612575858,2135.5479998783208,2136.1727322286347,2160.8464383275605,2159.8603724432187,2156.6666473269916,2150.8091302562957,2161.652391608795,2169.7791310480643,2155.3526199815515,2167.0831268624615,2164.3556107294608,2182.8222531243305,2182.048640796929,2181.084114100715,2182.2954796678737,2187.4022220816187,2200.5520207916493,2210.4312271037115,2219.443325225137,2225.722561117143,2244.3118877464226,2237.5419840857044,2251.5408118302817,2247.025978380465,2263.7440542951676,2260.9793455572876,2267.761522441969,2271.857146777377,2275.2045620260296,2281.2876079756224,2281.9810821968917,2285.018878544616,2287.44483266386,2299.268712786657,2295.9074957379044,2301.5431186260807,2297.4616601251378,2309.89904293163,2309.044871794872
395061,175,"San Luis Obispo, CA",msa,CA,1802.815197030201,,1835.607137636689,1859.21643740383,1859.4471603451498,1873.7504329400297,1893.0530415984563,1914.6274979186105,1949.9257126445345,1950.4759200403062,1944.2463822135633,1935.1740059310887,1951.6377104314402,1989.2926543069113,1983.0324568898045,1978.3124583452914,1962.9959159492323,1984.9139802420764,2000.974102086007,2028.23432479931,2019.5898081149508,2042.2514880335073,2046.3057499599465,2107.921726862298,2118.7779430981304,2123.809297123317,2145.1081325117148,2148.082119087451,2178.9522877378813,2147.463799950972,2128.6999413769386,2108.7505354813065,2134.1157993345787,2144.9837875433227,2168.8758147016642,2170.5618201971733,2209.269437114137,2212.6239227237306,2207.76457412521,2214.08498702895,2209.903129617746,2239.645089610105,2247.5761905784607,2278.2144782382056,2288.08059375647,2290.2021246300355,2306.7762201870146,2304.399901409603,2289.678962975391,2279.5741803882406,2294.437350749323,2308.5052147216397,2319.592281621262,2325.246776689678,2342.3062205955785,2339.077685458922,2336.1132002412373,2340.3397882568006,2331.084426424954,2335.1768670715974,2340.457914933795,2360.864570287839,2388.0234147785955,2374.6603632300157,2365.6026020803383,2380.6578324734214,2396.415918535605,2437.749382920299,2459.0636138976306,2475.9559923173697,2494.8253764379356,2536.629111901256,2561.681195874387,2541.1551822114175,2545.902690262291,2563.958533228343,2595.194808689104,2611.4556751331556,2631.5883896391306,2627.521612876039,2653.3241474448128,2686.8302166595113,2732.0180929587445,2749.455429488846,2758.1538688059777,2776.0828711281897,2814.9951855712843,2844.5306938770796,2869.582316101202,2876.1099032474663,2908.2796792105223,2949.8260959268446,2968.056866051903,2925.5183317913456,2924.540962825619,2899.349479221682,2949.1432687780693,2951.568366037118,3008.116640786356,3042.489807419316,3089.950731654835,3108.5262957349087,3094.53764429228,3092.692602775508,3106.5585706202787,3162.297035269486,3156.228865749975,3192.667347644995,3186.4240573194998,3232.4715369905675,3195.6686162534047,3206.1307390761863,3198.975562249919,3232.6439795177093,3244.8734169511895,3267.6586065502374,3268.165002389513,3319.7821375568237,3326.89809798976,3365.3271728733293,3344.0264124960063,3359.6698046391575,3369.6227258288327,3389.9619140588256,3382.5645898738294,3406.125097936876,3431.528288132702,3440.999077914135,3463.293396576377,3435.4726319367974,3464.2416059996767,3452.609692672056,3491.401816006945,3484.3647871930893,3510.27714510566,3508.9977108573125,3534.6904298875206,3521.084880636605
753875,176,"Crestview, FL",msa,FL,1163.2301941759808,1159.8821977255345,1164.0565307673614,1167.6258788742698,1173.1410776055297,1178.176492019967,1182.2587995872123,1184.0113416267097,1187.7371501738396,1191.4899746192489,1197.0143489937388,1202.6981854001033,1207.4395237712827,1209.7206533189653,1209.9545618410564,1212.4015565202253,1211.5531681896734,1211.6902307340924,1211.0370516579715,1222.0769303097497,1228.661361364248,1234.0882880678519,1230.9551844264636,1231.7222011649972,1237.5714297385111,1249.6143045288882,1256.3432311577012,1262.1316062422222,1269.6573555456382,1279.699302501365,1284.8967506639472,1285.5984298954468,1290.5623682680962,1302.016279133589,1312.599128631404,1315.0914466561394,1316.7525934124035,1316.876285095649,1327.1869867525966,1334.6296435355594,1345.7792300687872,1350.7356959464366,1358.406378267448,1360.7424476621422,1367.2772040250654,1372.061186446862,1387.8500322707341,1408.6487367705608,1420.6684019260385,1434.074353111225,1441.4038771294279,1450.9412309073214,1457.0164772168866,1466.4070216124205,1476.198966749876,1489.9891993880428,1498.7869230431343,1505.4507528309534,1504.9894413523207,1503.4323530533445,1507.7654300072052,1509.8430405720871,1527.3522173348172,1528.887834281157,1533.7080018886115,1543.8782281422468,1548.2706372037792,1558.3532311656343,1562.60662524255,1586.6384363999157,1606.537503083962,1626.308662454906,1641.5054425184387,1663.7236473689252,1684.994085802736,1711.676648556387,1744.0298487971365,1764.8633409639435,1804.8926233794723,1838.527074955294,1878.9219875150338,1898.3829203521918,1924.1787346210413,1949.8231869964409,1972.4425648025524,1985.4941187009463,2010.8466243295816,2032.2432815208176,2048.151676253811,2069.4623364499703,2086.7357164760188,2105.4010454257163,2111.065237958395,2106.742498405848,2103.8792139104557,2103.384381670226,2112.6959721507574,2117.090554901323,2124.065494207797,2125.9042931621575,2135.9047973354927,2135.2196157404496,2123.6996070597493,2111.0989659650195,2107.434758393936,2123.3388589091687,2133.7902545977454,2139.110862111581,2134.5830486212312,2134.9245367979647,2130.8238598323514,2135.1743575844635,2129.9700564057284,2127.629493587684,2132.114235836412,2141.923080473019,2149.288024613115,2149.6989936310356,2149.661322809838,2153.290727511424,2156.7411848410793,2161.896625915264,2162.8648730456057,2165.7368813479197,2161.5532690854557,2165.366634405327,2169.9784174675806,2170.9184663492397,2171.7841311019542,2171.2183120508644,2173.1828271394784,2174.4278867092225,2178.696071559743,2180.7917587823927,2187.5346171740994,2190.2067729384626,2201.5969547742857,2207.7178325384207
394851,177,"Merced, CA",msa,CA,1062.906264038368,1065.925722841549,1078.822133481149,1081.5454860920465,1079.156472672354,1085.2305974870667,1094.6250274446613,1101.509521489794,1095.6496739553756,1107.9105784872374,1115.4993743791538,1132.1857057103884,1133.9377130333946,1146.783074153669,1149.1109242793023,1154.852500865101,1162.51420185657,1176.269068527068,1192.0621546885784,1200.4633953455727,1214.4617760549722,1216.8150957201385,1224.5586021820961,1231.4165383941486,1234.873297447153,1239.4910767578108,1243.6141397267622,1262.5332574224956,1281.4012530760672,1286.1864541074967,1288.0297317468003,1295.7323221519162,1310.349650419276,1314.3274324121796,1319.924826821708,1333.9377053949183,1364.1512399840587,1373.5143829446743,1373.3541675878816,1382.9188173103173,1391.1398947026128,1395.865414276248,1390.7471960516013,1389.0888817247778,1398.1335330804982,1401.7927840216298,1408.1204471523617,1412.7754016001056,1417.7684293266652,1428.4068372465451,1445.967407523707,1447.5246229233976,1449.8213749865658,1460.4267029756586,1479.4873023888013,1494.592746461011,1496.3701637915976,1510.0916043141701,1519.51657160737,1525.6246289626067,1524.1505837315337,1528.5137572303704,1537.652018938628,1546.534670170602,1534.7196919438745,1522.567323701392,1522.3629500071524,1534.6175553674439,1554.105127139538,1593.573905557952,1620.3800248408497,1648.2696734126507,1656.8365962871953,1656.6992278641249,1677.4471510097162,1697.21771632558,1755.8229203964902,1816.3247202909856,1862.6896091563124,1907.4515392479052,1930.294731066243,1935.8364476428512,1954.0187913296438,1967.1941847769465,1984.145817138452,2004.8032801031782,2003.5694881637369,2023.846396474049,2000.8761502112723,1999.7220565579748,1986.4196719191832,1975.3534309745635,1976.1401712552972,1982.5463778413146,1993.6055756491876,1990.9574902783284,2001.6492108858547,2012.4980886760834,2029.5183948938882,2038.126529222054,2040.28210241933,2034.694960867868,2030.26276174497,2038.886396615467,2044.3176857421938,2052.608659880768,2043.984927158425,2053.8249730037383,2051.6994378132595,2063.284535992946,2071.198139377564,2080.5662490572945,2100.417499877699,2103.9206962650837,2119.8188435017705,2118.739300137789,2140.5570961564495,2145.7259065883763,2174.089743425652,2179.7606792562333,2194.350868996838,2183.2287125856665,2183.9538001321657,2169.9487925376507,2181.676479468221,2193.783802298026,2199.872235647313,2212.6713751866746,2207.575056030984,2213.532023977074,2208.7355939138465,2215.430042203153,2218.6623601618085,2234.7726804535873,2243.663703068717,2264.7247433474786,2263.7147622797183,2272.013098863674
395197,178,"Waco, TX",msa,TX,,,,,,,,,968.8372453838758,985.5608344622526,998.6232685557696,998.1595876171651,995.5273526483271,992.7344884504115,1003.0691610692056,1000.3849378312524,1012.1200050840562,1009.4014870779041,1011.7550222157669,1013.9139519091871,1022.7960549553655,1024.2906335602597,1022.491233836079,1015.6008883869271,1013.355662662333,1026.2053084959912,1029.4640204310008,1034.9278348228079,1032.94529220767,1040.4690661519505,1044.525088191869,1046.4447682251537,1042.944646714307,1044.50472312114,1044.1059649033527,1060.7139874995867,1064.768382852807,1067.4151331025798,1060.831244558804,1064.3678511787975,1068.6054740947413,1077.9953488035126,1082.87848856391,1084.6494629597341,1081.5240809542893,1086.7144529982636,1096.1722512491822,1100.4735138450883,1099.743591236828,1100.1989003289164,1109.1470083074798,1111.9749430749262,1115.7019365760525,1113.9823532628268,1116.582519402058,1122.4139374603349,1133.4578346103792,1136.8113457050918,1138.9419671356288,1138.079336793599,1146.7300393597422,1151.9310974861344,1153.4103569070935,1172.6995681981423,1179.3421473581773,1190.6689442219963,1174.1615328757339,1178.2449057545934,1187.742658007068,1218.052678818258,1230.745180453912,1222.9041500884941,1229.9513752680982,1244.0084307653963,1272.5389151997222,1248.5570573557259,1262.3809817032559,1283.8417088034778,1327.4922240559795,1344.295937116762,1344.5186881801794,1368.4943605454646,1387.8207400128015,1418.4334693559474,1410.8765636815233,1419.146445959515,1419.495454891392,1463.0828889158795,1479.4808570948783,1502.3312536476876,1501.023435475738,1511.4328546946795,1525.2129593508873,1517.66435695662,1520.5026250497215,1529.4524219188152,1551.3162813433157,1556.9773986591422,1553.444199615764,1551.564942444884,1553.8053744865094,1547.1327197611363,1553.9849438652172,1559.615230129505,1574.4764233322321,1568.541689313483,1571.208839650746,1569.32204600796,1581.145173752832,1583.7625069126047,1601.4614882227959,1603.4811154462766,1605.061542361268,1604.9460697297163,1611.152827209396,1621.8544626153275,1619.2688285440029,1621.722456855115,1618.1430559236765,1617.2145429213178,1625.2360242805457,1627.5173508350713,1637.9072521359687,1640.8423066544426,1653.5633897487144,1643.8068310017436,1644.6488584218848,1640.6982033404183,1641.761020203115,1652.5123271999182,1661.280566660347,1668.2355360927656,1659.7625161053295,1662.9201496476912,1654.520712022197,1657.3877089148823,1653.1241173792512,1668.0833333333333
394447,179,"Cedar Rapids, IA",msa,IA,,,,,,,,,,980.3645474508138,986.7458046295862,978.0901726954366,,967.3381703355124,979.2920260185198,988.0845858238695,996.59035508994,986.8595718402817,992.4956044654472,998.51202506618,1004.8632106408851,999.55350201661,989.5753137360726,1003.2930563410198,1005.803858029663,1014.247058149961,1001.7572352579604,1011.0111150336483,1008.7685034677021,1011.5663464473336,1005.2462635443684,998.5675166049335,1001.6065701283457,1010.7709403167083,1019.0900377475749,1009.8281428792203,1014.5335913217824,1019.3826329995502,1033.7968350216106,1030.685748629005,1032.5400621597255,1036.2815792588042,1039.824669122429,1042.635264700108,1043.6069780641637,1044.568027132799,1049.579174526491,1056.1117933210755,1057.0761745791865,1053.6753906515723,1051.2434962015748,1052.6602160822224,1055.8952677583288,1058.835524063018,1063.3033144532394,1068.5569551614647,1070.205531911469,1071.1790829957508,1070.2727074527404,1072.4999840943478,1074.6101807130808,1078.7548418757901,1077.0121042704557,1079.3455897539968,1082.6726874393169,1092.945845739491,1098.1863418751232,1107.9035654492875,1110.551088718106,1117.9217909686317,1114.7363179354988,1115.9111712349818,1135.4076051196262,1149.4107627365356,1159.3724227965206,1153.3545716782653,1154.7777366624248,1162.2853128209913,1160.7583651688963,1164.860022971995,1175.2267757175011,1176.0399042134645,1187.7088849772936,1192.0534493121065,1189.995927743261,1194.3565182992747,1205.2683982634424,1225.4872211647423,1229.1784635755414,1229.6951265621262,1248.7565115978794,1255.9601592534539,1260.076619173683,1266.8297377564313,1266.3226197388312,1272.8673786760442,1275.900613617972,1275.6278236925725,1281.656811615949,1287.1224036571957,1305.6249048218478,1310.8177651062329,1315.9226770973828,1322.461497954127,1325.7317832402628,1330.0205023461967,1341.371471160566,1357.7285249052904,1357.6562571599902,1368.2567965500134,1364.002263464046,1375.029913523285,1370.3652643032847,1377.09195012389,1376.4652611047347,1374.9571333897654,1381.8361740996465,1390.4471503384793,1403.1175684363361,1412.1756182106374,1416.8251236350604,1421.7169371583343,1419.6660370976144,1428.4987051805863,1437.4440554679209,1436.7362666820925,1446.3845497000857,1459.3807212996044,1468.8592235539195,1477.1945880886356,1480.9466510159302,1484.8664263222154,1502.890102494401,1517.1597156272921,1544.4340564661366,1556.4185705203881,1575.686852999262,1601.7285067873302
394348,180,"Atlantic City, NJ",msa,NJ,1058.118342850891,1079.4321807065335,1067.8576280586492,1067.4390704289378,1101.7441621004057,1093.7830351461125,1116.676101122706,1096.057827950972,1125.4288205026887,1123.5007845783205,1137.4363811201274,1127.7436523303222,1146.9393135649375,1163.2040804729122,1170.1911189907294,1172.8284615981845,1145.300238377819,1163.9837447618117,1170.408225126429,1166.9130908629697,1148.36054531366,1139.2601601280826,1142.0259388080506,1157.5815790072452,1168.043768323281,1170.0065188723931,1164.2818107248843,1162.7704220918847,1174.9549237890844,1199.2523734421782,1211.483489356743,1222.6486062107156,1214.540765593263,1230.0806352488592,1238.366654390057,1242.899621777459,1234.1277244903408,1230.583763113763,1245.0637854852544,1250.0901361140425,1254.718919544838,1253.8075642428873,1246.113229306786,1255.2141877860365,1258.7054294115153,1269.6170203246686,1273.2479102551063,1282.7410248813942,1292.1521567850812,1282.9255990578408,1282.8742888120307,1288.664850496589,1293.1553407239148,1287.5790510534466,1295.148785634059,1293.685904695543,1307.7138535014728,1303.397136060345,1305.5584307784438,1303.2809504984264,1307.9199401735825,1326.3498594889538,1360.6082556074703,1359.9451125862383,1337.8725724194157,1360.7972106382438,1391.6335474619723,1440.742640323849,1480.3291045412261,1503.3639535500217,1503.5316987421354,1450.116817187015,1456.4849063040094,1459.1653526883824,1509.6829428407787,1544.3635408395396,1616.9396842969045,1615.1483228509992,1618.9769943540534,1624.9240069101324,1655.4358069456637,1675.0282497382427,1669.954607866123,1758.872648289548,1829.0897313345233,1902.9274443686998,1890.6342852889682,1924.1108266050992,1907.514623890774,1944.898336621452,1965.19888630219,1988.5944904333467,1976.3423363639758,1993.2938743836005,2034.012053731175,2070.802744501883,2072.656408161987,2075.562314841188,2055.153603172057,2020.864694264935,2043.4197448603677,2111.7492526323435,2144.1497175616014,2180.051653774225,2136.4736618731076,2207.136710794537,2210.374030989928,2223.4877555523713,2192.2226891119913,2211.676079323431,2263.2406755284173,2335.840433068237,2339.796705774392,2314.234299127497,2302.680381056154,2311.6831868205313,2415.0028101500143,2420.6636063459955,2439.4977051927876,2480.3737787849964,2492.7880545626094,2507.92467140479,2456.7101216400783,2511.189313772772,2519.4303152141133,2549.484087415916,2581.8426826425816,2595.567499769223,2582.271131124529,2581.1021440148143,2602.433770124922,2598.7959629477978,2652.0928224841696,2676.2609065956194,2744.9699141149795,2718.8693935924384,2757.8094806193176,2782.0634920634916
394412,181,"Bremerton, WA",msa,WA,1410.6822638788078,1420.0007021233953,1424.6624289958127,1425.7790809445805,1419.7884553858498,1424.1959460167989,1434.6082233783425,1460.5464475308563,1469.6385085128525,1496.712901006466,1499.9764193008373,1506.0239903015533,1501.026356627644,1500.1365064795016,1535.7242541962787,1550.4678227463226,1578.2649861453376,1568.7831947236532,1582.6356609253844,1589.7617218342755,1603.417558462976,1599.607137350444,1603.3188798622557,1616.0399528563678,1626.5846776616688,1654.035085770205,1651.7296013274502,1668.2835052698922,1664.6437964443398,1690.2008149508993,1701.1770555375692,1701.3155652794633,1708.62290397225,1715.7636479153996,1733.8574245688735,1734.3212412188745,1752.145124338305,1754.0671642565085,1762.0416529253382,1764.085456293306,1785.2247678736678,1799.6670577532532,1801.831950936936,1803.6804776257222,1814.3048219460723,1839.2830125566868,1849.7772165470255,1861.7405796376988,1864.0780177185752,1875.7483269444378,1887.2873232431853,1898.742740952246,1902.8308080838058,1905.0256645962356,1919.1419989524602,1940.0796749771512,1949.1264794822707,1949.9011476611386,1955.3968762533134,1966.6027633363822,1977.0621842899247,1984.32149266842,1997.4344461808578,2000.6980194124783,1999.510280500769,2003.1190539285872,2015.0714685753724,2036.2834349661111,2063.2042191420564,2084.23788308449,2093.8105698949216,2102.5191721783553,2118.453598530289,2125.323426425551,2138.4179965820513,2162.4614741890186,2197.643780900197,2224.988158808336,2251.2609029983664,2269.493774827495,2303.988229245976,2322.2704844773,2358.868508883541,2372.7996716780244,2389.0228105312667,2400.738369460332,2417.393501056553,2430.6150050091123,2442.9004850568613,2458.847496833036,2471.263659457198,2471.2344942962704,2465.3334797113416,2471.6412547885707,2472.274441731689,2481.4599201239866,2484.6724501090025,2494.13591350853,2499.810345298561,2502.0384958989703,2504.169608123215,2505.7069875646944,2508.069135236593,2526.630132712632,2528.9273682041703,2545.141718615048,2545.9442236129858,2565.5988967031067,2571.703527409202,2588.2215702187846,2593.332227682943,2615.310887479049,2614.7501702979466,2624.5793972531433,2624.799973596091,2643.2948987182713,2658.696931016651,2673.9491006747535,2682.4940885370765,2687.4781517885644,2705.217489798242,2711.9584367097264,2737.2821157165304,2729.559186659204,2743.668696300365,2741.2748651440843,2758.561814345444,2756.264659256768,2765.7676288167977,2766.5239725320494,2781.129289725028,2788.1336602360852,2793.6769509924798,2801.6797158293093,2802.184035064503,2820.9841646561385,2834.8207145884726,2856.668001334668
395103,182,"Sioux Falls, SD",msa,SD,,,,,,,,,,,,,,,,,,,,,,,,1089.762590207099,1094.3694523913762,1113.6865172507178,1121.0139053298963,1128.2149755554458,1120.6283873576638,1133.7542053956297,1131.7329768268742,1126.3803676706093,1123.5718716996212,,1149.855664027896,1145.3185319459908,1137.0249951751075,1120.6779891529995,1125.6179398581594,1143.2261161539104,1150.899812781799,1160.3945968441326,1151.5250965697426,1160.4342183563933,1159.0861482763653,1169.355780482864,1145.1962824609243,1151.7954277658282,1155.4935929502597,1180.8951158229895,1180.5051727632078,1169.833971206828,1172.1104358772452,1165.2560150314514,1181.4775701361057,1181.8199597164746,1189.3859896366491,1186.2184935504708,1204.5670642369464,1210.0057469788237,1217.617498924805,1209.628660740231,1224.253171435844,1223.5147031408103,1227.7517710937102,1244.3018011787653,1254.650206439714,1261.5182753111778,1253.371785870751,1259.7415847664963,1265.7711768477998,1273.3362822529448,1269.657566451658,1272.0998303519696,1288.3355185778319,1317.0073532007225,1356.7230484766405,1367.3078912336987,1375.9730740761638,1383.2610364716268,1405.176087813651,1425.6670888586375,1445.3540767640452,1465.1735312070339,1489.6669489232695,1514.458480971421,1527.0320165219264,1540.3093875972081,1524.8458058883962,1538.3970088988572,1527.8687026668963,1542.2623756059177,1540.9991284995099,1568.6897281356628,1574.393113967783,1591.7790624007537,1591.1322829906069,1602.806758766062,1602.4697122474427,1601.7163882978375,1613.2693720336792,1628.4656603773453,1651.5919628169265,1654.1382778736217,1660.939708752311,1647.127663630743,1649.2879384409696,1633.5894792819784,1641.2063074021094,1640.7888944467247,1650.9253322057564,1654.7770153070048,1661.2143572760792,1665.5063087852263,1671.992536965361,1682.2914478666141,1684.2257021570367,1680.379749951657,1684.0457491023938,1707.8200293926934,1713.3806287749512,1714.9609178914327,1700.8595146225616,1710.1381378587598,1721.191866912834,1721.9801763859525,1719.4969522093384,1718.7233576513809,1724.6784212793557,1738.7524055029903,1743.4923802412359,1738.6077130925944,1739.5084571875743,1744.5974155758838,1758.8996650395793,1758.277133493761,1753.1082195034398,1754.9794871794873
395065,183,"Santa Cruz, CA",msa,CA,,,,,,,,,,,,,,2797.9246026313904,2768.6229027229233,2764.6989909499,2730.003841310558,2800.031110025205,2792.9853097343866,2808.4608161827096,2833.2637407091715,2854.474188217602,2846.3920315974033,2824.5090098009664,2852.25641896345,2889.6621998943274,2921.816145943843,2928.2922296518354,2926.9241865572,2949.166570051632,2963.1491345991817,2948.2019996716026,2962.373290192123,2953.186643400301,3001.7198816514106,3044.899577033395,3048.1794671627317,2999.3254665070936,3001.3431068125524,3077.449619075675,3099.2227946600083,3097.790597904181,3085.9189949819656,3113.0876815453857,3111.829622134284,3132.245721573402,3152.2700299636067,3163.149608781393,3155.4123695609424,3155.6595030456397,3168.366996113963,3132.01481061531,3152.852325800242,3155.1269656780078,3186.021875070336,3195.7664910124176,3212.0397942148193,3222.627116963723,3212.5121895912557,3217.309545743673,3247.1265661616903,3296.0753479854934,3275.2352841534594,3284.052556151631,3247.087719267562,3254.226691407689,3279.652665038624,3301.150661022281,3345.3367522689937,3343.0993117009516,3384.299984451695,3381.4531101144644,3386.130689742666,3382.869333042273,3417.599704600971,3486.300783562719,3517.885925370512,3570.5153542176045,3583.3607014879663,3648.725382710439,3664.588445414936,3713.4207457924686,3705.7390195511502,3749.672345704117,3836.562066691441,3882.002457294522,3926.067488582619,3896.3723198471635,3943.2698532660593,3945.251216852427,3969.03388300321,3980.1963365792762,4021.1004706120216,4084.4914872783324,4125.5072683726285,4121.290585542888,4047.5939563001016,4046.4400317220925,4053.165279453571,4077.000783079528,4094.0142720174395,4112.752253808917,4187.792775634615,4193.724552844861,4186.4295607943195,4150.319731358249,4135.473568064069,4150.81926322907,4174.44030490473,4219.739253969363,4273.527975374354,4293.493604341986,4275.079700699878,4264.271484331627,4296.008723880939,4326.970725613335,4371.116245654431,4318.249529820619,4347.406411793055,4360.72702315102,4416.456901248069,4377.482440707585,4357.367467293552,4390.908142305499,4401.569507938804,4415.995828974578,4378.476535341505,4377.808432842826,4369.471472799554,4442.460005596181,4450.2453979452175,4462.79727855704,4452.076275649587,4489.909281710865,4509.570747302578,4504.344368050469,4536.3165589916625,4564.691358024691
394572,184,"Erie, PA",msa,PA,,,,,,,,,,,,,,,,,,,,,,,,,,,,,,,,,,,,,,,,,,,,,,,,,,,,,,,,,,,,,,,,,,,,,,,,,,,,,,,,,,,,,,,,,,,,,,,,,,,,,,,,,,,,,,,,,,,,,,,,,1364.0751602765138,1371.6022345055205,1373.5116777521898,1370.2418827868378,1360.7439917760144,1375.7907375451753,1382.8299195471761,1390.459494938755,1395.4154242704358,1409.9805558314404,1413.1647160222217,1412.611991013106,1393.4802152504303,1393.2614407596586,1403.0539237658677,1411.9991659265272,1422.8814431859148,1416.851851851852
394924,185,"Norwich, CT",msa,CT,1284.9487817013714,1297.3100795155642,1299.7514067197003,1301.2052316509942,1295.2962522238338,1280.7286998152067,1293.728497469736,1307.2448829352086,1318.4744059102134,1331.1783409142695,1331.9070399953898,1333.465899739304,1346.5649650433586,1339.8464331907649,1329.73035150363,1330.32700651994,1341.3935480926268,1373.0211491308617,1356.0894310445008,1354.7185673236957,1344.4854342438728,1352.3355509836026,1359.2795518861442,1361.7555039812737,1364.9789683561205,1355.8327425660575,1367.7237040784544,1362.31092384984,1387.1786042236795,1368.6382587040948,1392.1507648002632,1385.6589299759303,1406.0162994213931,1389.4905199278346,1390.9564355006398,1376.0913758855074,1377.4639226229438,1385.2929599200515,1392.1434538108576,1394.401291069327,1386.3517338936101,1393.4090881164393,1387.642506831076,1398.0929075851764,1400.3530606308022,1417.7737392457987,1420.03968045107,1434.7325048224973,1429.7058319446214,1436.2678901480244,1435.0159552843663,1443.6734968551473,1443.9242455234503,1450.0022991211008,1454.8224986241994,1458.761230028296,1458.1356323695393,1460.0051020987405,1465.638976652771,1470.702996821469,1482.5440328672978,1485.4610113770188,1513.3918655346504,1521.730071973821,1539.1372716244027,1522.5577923389371,1550.148975858587,1564.7826668593157,1611.6637988618781,1642.5260379835506,1665.9375823372197,1657.0669289474972,1664.6353911185383,1683.036732535186,1715.5082796592328,1711.453466224758,1736.0339345945708,1761.0055149430527,1787.761495899135,1789.0657766993468,1803.9464918832773,1814.220800987089,1843.1649116473682,1859.1226889136576,1890.5342218006156,1907.1322156950937,1903.10383867117,1889.9219203550265,1871.3657327149363,1896.575583502002,1936.497324231437,1986.124666666395,1985.833209554003,1987.8570123241975,1968.2309537827568,2004.3433092924745,2017.3641452452205,2036.9755052368253,2045.880920733539,2152.9794630330143,2193.3762140247172,2219.6558617497017,2137.716065455962,2169.537388504254,2194.7555274542306,2201.7903759800156,2221.2491385439184,2221.744037654705,2245.027488269427,2254.5478238054548,2282.8571727912554,2254.8831777266014,2285.2735097468144,2282.020472892561,2314.438973999554,2287.131097757147,2316.2321044699543,2374.6144287365346,2406.3506563483757,2443.7160949818144,2469.5859132041896,2488.371128526642,2451.0013982889755,2396.1778033173246,2400.272262449608,2428.027619444461,2463.8413255369046,2489.1728774418516,2485.72499380616,2469.0776513445703,2473.3228737897416,2471.8567666608924,2474.474894408879,2490.646899539059,2544.6491653955595,2622.3272326543947,2642.501870998899,2665.410714285714
394323,186,"Amarillo, TX",msa,TX,,,,,,,,,,,,,,,,1067.0373924080113,1075.3559411292422,1069.1109834020385,1078.4994374330663,1065.4224224468676,1060.275349609411,1063.733002233531,1062.8686867066615,1065.3694400222923,1060.2726619057973,1067.0963137200565,1075.5179784770128,1082.2734547474447,1073.7596841502184,1073.6427542052893,1077.0400727195918,1083.5750288912573,1085.63416308081,1077.849625082802,1076.464185021417,1080.6881152747042,1086.5711775744485,1086.4928770653719,1078.2738588747047,1082.0427878574471,1093.0860993627205,1097.5783993099265,1095.8775901157633,1091.673176651516,1096.8741251884935,1097.2531914279605,1096.2966961474185,1093.5175345282412,1096.7599153423548,1106.3821485817118,1110.914583824366,1110.926502644812,1109.646275162366,1112.0639593563517,1114.9131184319083,1121.5522717938284,1121.8803702429373,1128.9638331738452,1134.993150520202,1139.5360413099334,1140.093949668705,1136.2287432027929,1138.1599224353577,1134.9546361700307,1126.2132911684532,1136.2734275518824,1136.40793371948,1154.3091255226525,1154.2999060298105,1170.7578077413687,1181.8980420891558,1190.2841477890752,1185.875747367267,1188.7484744111637,1198.2061905402522,1204.6587231239023,1223.710855270037,1232.7621290256996,1251.511893200638,1255.4177356674684,1270.6810003265457,1276.1146310508223,1276.9829589443225,1278.798737287319,1294.734695291444,1312.2259291264975,1318.1807316925558,1337.765485102542,1345.3682520618254,1367.6612871404518,1371.5733822800667,1374.6869944453697,1372.006073858113,1378.8382931873834,1388.1595704205506,1390.0809763048346,1392.7664817310026,1393.9242138216082,1411.0430810320104,1413.4488124888767,1417.5412488928343,1403.8558192776395,1398.3868181935402,1401.534294093512,1414.3558663094304,1414.0727795923572,1420.2591524611646,1424.9405209987756,1429.2906231614058,1427.022802541551,1422.535695686321,1422.9786372610297,1426.2442281368833,1433.6442465649025,1443.5153031684647,1449.8889903539973,1458.4387054911037,1465.5093951351562,1465.6343073038404,1458.669816658838,1469.7766744198955,1467.2048392697166,1466.6636849121999,1461.5456828889091,1473.5955916430526,1487.9050157696847,1491.9661273678262,1495.5678937211146,1493.7043636325564,1498.154168897885,1504.6507003900979,1519.12644298342,1519.5514705638818,1534.5245251462236,1546.5625719146863,1562.7995644775197,1564.473844606709,1565.938427658116
394772,187,"Laredo, TX",msa,TX,,,,,,,,,,,,,,,,,,,,,,,,,,,,,,,,,,,,,,,,,,,,,,,,,,,,,,,,,,,,,,,,,,,,,,,,,,,,,,,,,,,,,,,,,,,,,,,,,,,,,,,,,,,,,,,,,,,,,,,,,,1560.1203532771365,1623.7070161257402,1613.6035211444832,1607.85427301634,1580.5806161802373,1597.6354427347208,1612.0616850720462,1599.5596960669518,1611.8320137195194,1626.2383034234408,1618.7459942308362,1610.5926443844444,1612.388781978216,1607.474216585244,1626.7456460063765,1616.6498106691263,1635.0
395171,188,"Tuscaloosa, AL",msa,AL,,,,,,,,,,,,,,,,,1103.9181978046404,1107.375653774799,1100.2617297132508,1084.2689555572292,1092.5340329209766,1108.0795038941642,1117.081534995258,1126.5881579894158,1138.0728031570604,1146.303832306061,1141.5982189769634,1136.691321887179,1126.581830407022,1124.9509702622222,1128.9100064389133,1152.9063528229765,1153.3042333642325,1162.1619522900608,1152.682803423096,1158.1867809234288,1159.2489274566371,1160.992373385782,1165.0902908452197,1174.182558692268,1168.190784407588,1172.5071231091597,1167.552074098909,1176.9730966084371,1178.5948951265818,1182.8896826234143,1187.5135887092515,1188.1782253568326,1193.4465951617092,1192.503772397058,1202.8467276249446,1203.6829810433317,1216.1245852090437,1219.4605669154537,1227.7256367019997,1216.3855114382395,1217.3264453314102,1211.5127832729534,1214.4120866048297,1212.7193003250716,1209.3735045593053,1210.5154636935997,1238.0030484428385,1245.7804440071432,1246.868269514349,1242.7823518196994,1240.7946071528413,1245.6138011234793,1255.274923772493,1269.233832177114,1277.8769483448125,1275.3184853259836,1279.843500608286,1278.165162744788,1283.4386594062837,1288.2717072506919,1295.308158719495,1308.8032167600481,1317.772892888857,1333.0135252467276,1334.4247836006423,1338.45496976413,1340.858046686978,1352.7963808886666,1364.1085383924878,1372.1182737582437,1384.4427256306951,1393.2698062596098,1407.6112402568947,1410.6066440533086,1418.144636534657,1416.7878774894723,1426.4965960694326,1430.2326307268686,1447.9914293957158,1450.6310431359595,1459.3729345788079,1467.5260766232373,1476.573765301836,1481.6894726207338,1483.3127128834074,1494.1534788128029,1503.735459583178,1518.5693406056273,1518.451944225038,1524.388646525914,1519.9594627237743,1523.8957057057105,1529.6235251008832,1538.0225335167813,1547.0540023824742,1553.4427911720486,1555.457231551474,1562.9307842216763,1584.0994342421463,1585.2583414443834,1589.4857685810564,1572.4830279032128,1583.2209888721102,1604.0891903089398,1620.4067656297357,1636.6169991938882,1637.0245629888962,1653.3190753752717,1654.3266045282987,1651.058126375529,1644.917887092857,1653.4969984875247,1665.168011995421,1691.5491265729752,1698.14141507256,1695.0710950811613,1693.4684920205477,1690.7760561267644,1699.8398374439942,1698.955429569586,1712.8752012073699,1725.8680555555557
394483,189,"College Station, TX",msa,TX,1208.7643449024943,1210.9047459772828,1225.1884311273338,1244.8754667114194,1249.621766938088,1259.7054598494512,1264.2690833880436,1287.5701585969807,1278.2130047290843,1282.8237157445587,1278.8109767655603,1301.17650358625,1310.8260414223369,1308.3352930541628,1302.2180835366216,1296.5334784148863,1299.8401101274671,1309.5066990812234,1318.7590639616117,1332.812073887286,1316.7094613357917,1306.6372384563276,1295.7472033170727,1319.1950060351794,1335.5922229380644,1344.6740057545474,1342.6811054334758,1342.6995123404529,1346.9542872014351,1343.2958725419828,1335.3974553531882,1324.8377868830507,1338.7109349518819,1350.6346207667234,1357.6589252282251,1345.0745431042083,1341.988215216951,1347.2082797929245,1354.6585018201781,1358.4455540374452,1358.0967367219387,1351.6893095839387,1350.791471368945,1348.2019979245922,1358.670538752441,1368.02181636911,1374.034283315461,1379.8854629949258,1374.4901860549649,1377.1139481081325,1380.2307805335813,1384.7296974256485,1388.7444291869956,1399.5651891248206,1408.1770298935226,1417.6749890723725,1411.581186053329,1405.679999513953,1405.0845391135772,1406.0948938637257,1412.886336116681,1411.2063392972327,1434.109092340589,1427.4363866922688,1428.8547009445356,1434.5955960776298,1443.2338419169248,1457.616789117511,1465.9378780034451,1477.9500781036527,1475.5825870759975,1479.9639827829951,1483.3524100707323,1498.1250907159751,1497.7927339299836,1512.8740279028807,1516.8027426340775,1531.5953795501064,1547.7617782287532,1570.2407059561147,1565.201062844116,1575.9187783758023,1575.5439893806722,1597.3460745761313,1598.4743041336292,1604.932525940596,1628.4455322272793,1640.7956237221695,1664.3362439187754,1674.3374099505481,1693.471336238448,1694.3838226056496,1718.0834801719336,1720.771631254599,1733.3620157869927,1738.580115260072,1754.1329374934326,1763.7814331519357,1760.386799472756,1773.2897009273931,1779.737175392559,1788.8577734027356,1787.7393918318464,1787.773490254695,1776.8341878855738,1771.8544139162584,1786.0081558031263,1809.3374206422955,1825.0301498026342,1834.8684553241492,1843.3397798163949,1851.1072633532283,1860.2729784862563,1864.4636116013642,1877.3136534324678,1874.9409976409838,1874.850475935351,1882.4237596526339,1901.205118438755,1908.5827464093811,1920.557165758041,1929.305278591972,1941.5847340307414,1936.1119820513716,1942.5751454073638,1951.070169448793,1957.3718461001567,1978.1775647640125,1998.1642466427663,2012.7930454903606,2006.126331731364,2004.6419345416211,2001.7454751329074,2005.5434569890408,2009.3704011156494,2024.173223234426,2029.6669060687389,2035.432213380489
394732,190,"Kalamazoo, MI",msa,MI,1063.169901564532,1069.7762099197503,1065.8302613800954,1057.1410327464064,1047.0640130070765,1044.4831772992998,1062.662317072577,1081.7920193829975,1088.6672456338088,1089.0460712613747,1091.265030050485,1082.3141312055689,1089.428527719127,1090.1683971137174,1093.8923493378877,1098.5825227407497,1109.3227851624165,1127.429566930024,1122.5600505151167,1122.84026872841,1125.2113406059198,1139.737828499215,1133.3224445897422,1140.8540071944728,1132.949256196433,1144.5338626591797,1153.1748217539343,1165.6802529720976,1176.8094135885292,1173.6540169201974,1177.1533174736614,1168.9246467116782,1170.3242447321807,1168.5642118984354,1183.7187838469645,1195.8226588168352,1209.2347737773605,1210.7707135321562,1206.1221846003748,1219.2532691322779,1222.9821288691483,1230.2846457888716,1236.5300730822046,1258.8160719856166,1269.0775005585633,1265.1464896239108,1261.5670692705592,1246.0238336673715,1268.4568756575857,1282.1572734783065,1294.997022547347,1292.274221579036,1296.9458209396673,1304.4707464160938,1314.1675736291745,1316.261034342371,1323.3245193355854,1340.8858515782501,1354.2996525338906,1376.657700016913,1370.7275712053017,1374.6157565343608,1356.865102708991,1359.994821355078,1358.2775227108689,1370.4007444277984,1372.7603812534212,1373.8214605543074,1387.5555677510608,1399.3132067856754,1401.6245418478481,1404.1146344290203,1409.9995038039217,1433.4954390817097,1450.9837386589677,1469.786695990466,1496.6202734689036,1498.4678981942504,1521.2251677310023,1539.0607296855817,1539.1387045784502,1536.7614507330122,1533.82591417122,1545.8897471891873,1566.2456197707613,1565.1290878257437,1576.7310630364425,1577.8289431780815,1595.5539683895745,1611.5408766581586,1617.2069879624605,1614.9332687451565,1634.0708046008574,1628.483166700198,1650.2044083557962,1642.8397147692297,1662.2051350529678,1657.482520039096,1665.9179176337277,1668.785003207029,1662.1771890540106,1667.2681789439139,1673.1343989772652,1709.1614243613174,1707.0475397003884,1730.5871342555731,1720.480189897902,1738.407943093565,1738.880644704869,1763.0401715607798,1775.548694887965,1784.1095720339038,1781.0587488513158,1781.39888348577,1777.2339868065635,1783.3837283292376,1787.8586595809543,1824.6377539560765,1845.1712713896259,1868.7256346910801,1858.3605060912307,1861.332825564286,1862.4373848434489,1873.8054665819373,1884.173864812291,1899.0626560130258,1917.012115662029,1913.04296786887,1926.6668238054554,1906.6126129375052,1911.5885839132668,1906.2337664824026,1930.3860520428416,1938.5516283423524,1951.134661923519,1959.195883178934,1975.5526284795317,1983.9985165118678
394811,191,"Lynchburg, VA",msa,VA,913.5586288712967,910.184925393379,905.0566090617235,915.0084892330051,925.076561739574,931.6277199563726,938.3522118882446,932.4028099443836,936.0398954712076,934.6774468833486,945.2868491986479,948.0740488065064,967.4782080383528,968.5038589811653,971.7406302889364,954.4884451899011,952.6481614541158,960.1346746810469,964.4111305423899,972.0509020571395,972.3299350709786,978.5808864884776,971.5297353197843,969.9161955915629,963.7781741084668,970.8398536735871,977.2672087381717,989.6180016708712,988.4414703166032,984.9005187517567,988.1407803680477,994.9214462115732,1002.1297155471954,998.6657614284659,1010.5782851851867,1012.8857736832113,1016.525522824178,1010.6422079290397,1013.2947707251523,1012.8698169064245,1022.2468771827862,1022.6577935672282,1020.1476603044093,1019.9265105593903,1016.8675607218054,1022.4393195357846,1016.7720668711644,1027.0215936992975,1033.5832571259728,1051.3072845157749,1053.812919126347,1059.0184128065666,1059.8104728863734,1066.4674144941891,1072.4497766043794,1074.2522770192688,1079.109753148755,1080.9287214340206,1085.9264302864092,1081.5383135487295,1079.347609411087,1070.2518569893878,1081.7119582070704,1078.9877580979364,1097.9996159114064,1096.0472345066569,1104.3263121518728,1114.0719305622563,1128.6020251508967,1128.978871258433,1130.5876975889785,1127.5800913489984,1123.201558713357,1135.764490423581,1154.8889828348156,1187.8268158563728,1187.164552699272,1205.4267111180968,1228.3277275351445,1238.2554046419011,1260.1665674658445,1280.083657883507,1312.2766187381624,1303.8007834768352,1323.5882720978318,1335.2303658345686,1375.797543602091,1372.0008439308683,1399.3063922285428,1406.5166015383218,1407.270109820901,1437.933725582109,1445.8606435172203,1473.9020675478178,1472.56092793543,1533.4174529098887,1544.2489422052188,1544.0608954763143,1497.7938725426675,1509.0709715793516,1521.464317099138,1535.4613909573386,1546.0898648504242,1541.8465354495925,1557.5107299489207,1562.2211714451503,1566.2130388455496,1561.8656563593254,1571.6562132281167,1589.9016919379344,1604.3274688342294,1606.2929526662558,1599.2068572131884,1597.911551604518,1603.2659197909982,1605.0655451758953,1600.2564377038987,1594.4232122924702,1604.9764721439399,1607.3608029883253,1612.5858798707698,1611.359323068197,1627.7375995739162,1642.965389882125,1639.7166162590556,1634.8035892954206,1638.1401943975216,1645.091435695217,1651.8780246291221,1660.6588489323003,1663.1179821068913,1664.347585126251,1666.3619981291936,1672.0238015738985,1674.6237416912254,1674.183755614073,1691.1153761254893,1707.3519713261649
394455,192,"Charleston, WV",msa,WV,,,,,,,,,,,,,,,,,,,,,,,,,,,,,,,,,,,,,,,,,,,,,,,,,,,,,,,,,,,,,,,,,,,,,,,,,,,832.9098507297322,834.2186000171549,836.5545013604772,859.1429272875985,875.5738178268571,890.6314895742025,870.6860496457716,867.8454710344356,,876.9021004632496,889.1223320494977,891.9022808234772,897.1937657411206,907.6801610948972,927.3846336052572,921.7452767712604,918.7560299996954,907.0401110671268,922.9475202606261,923.8136285445621,921.1646847490961,927.1144853535677,934.4982600694665,960.3296718541617,963.1148610758466,966.3824173791354,951.5564114926971,957.2460523112511,962.1806244166702,986.5307012254403,1008.8256434549754,1019.5815814961054,1021.6225415596202,1012.0437585078021,1016.3470456350841,,1026.0594376676836,1022.1471662736928,1031.0046455850122,1033.35348937194,1043.4434770028995,1046.5788048524469,1043.4223283830768,1041.65878885759,1057.7850760714603,1067.1419116751422,1077.462212102407,1076.4903443231672,1099.129523204152,1097.0211766038724,1116.448473825341,1104.0755997330707,1108.4640742835443,1110.9883297036376,1115.6830674135574,1129.3604993887643,1135.0217019386148,1150.6537743001286,1159.162206565179,1177.416997164585,1175.6088217836432,1203.4355734979365,1212.5968303224304,1249.1666666666667
395240,193,"Yakima, WA",msa,WA,,,,,,,,,,,,,,,,,,,,,,,,,,,,,,,,,,,,,,,,,,,,,,,,,,,,,,,,,,,,,,,,,,,,,,,,,,,,,,,,,,,,,,,,,,,1543.9644476938388,1609.4270716651606,1607.6704137943711,1622.6702254766483,1645.4937067066405,1682.0509138313616,1687.9517014581322,1683.5614939025504,1670.532097875743,1639.8915661399221,,1708.092967515784,1742.6037999080452,1744.9900468097412,1765.9854068771697,1756.3236111113015,1740.421429358032,1732.687302333275,1755.4904832055113,1773.9211694822322,1766.530049792868,1786.1841151094463,1809.185850204792,1802.0708388467385,1789.8887304332925,1786.0357770291282,1813.9958140592314,1826.9339777630285,1833.6400905106116,1843.4502720403855,1844.621793394137,1840.9156653087784,1850.5736273347277,1860.8403898348386,1866.1414484605227,1878.4624728930612,1887.9506184160075,1895.0888861434182,1883.1602701720742,1893.5195948451742,1911.4846061455635,1920.8013928033113,1928.1730902339111,1942.8790564848164,1960.9635685383594,1968.7565948049773,1965.6142758352696,1973.7896825396826
394585,194,"Fargo, ND",msa,ND,,,,,,,,,,,,,,,,,,,,,,,,,,,,,,,,,,,,,,,,,,,,,,,,,,,,,,,,,,,,,,,,,,,,,,,,,1488.2866520350656,1513.0869704734432,1536.6930599565578,1549.2341164565903,1536.1336208736702,1558.4389058296651,1557.3491180339313,1585.3008402458054,1584.821674896746,1600.326976811015,1620.8134166031502,1617.7122995481536,1617.4586101958732,1614.7895534451425,1635.5903006938659,1648.5233570764417,1668.1365725951903,1674.033489213983,1677.9598389611979,1676.9710985785282,1693.5424823224785,1711.984566184029,1718.868335149916,1731.0429749711197,1742.654649780769,1751.0760391451086,1744.6454551361878,1747.8002725873023,1754.9059783845353,1767.0053329098448,1780.2908259680446,1787.637495108209,1792.6933636827614,1793.7084657685298,1809.655234286034,1830.4144965545904,1846.6175530415135,1841.7659104852924,1847.4471313385875,1853.233529502477,1870.548784231488,1877.1975813977674,1879.9032980025584,1884.900995290208,1891.6830462265305,1908.6291600364482,1916.2842832809038,1924.5396078149868,1918.95751681756,1926.3383795638126,1930.1818212240692,1935.0260239669117,1940.9695464838214,1933.96967460937,1940.313871108467,1948.366700305235,1953.5378128683205,1952.5571557998312,1953.9828288768508,1952.605380144169,1964.7116802384517,1978.655016303224,1993.1221158231854,2005.4922154530766,2010.6466358485898,2031.4596825396827
394387,195,"Binghamton, NY",msa,NY,,,,,,,,,,,,,,,,,,,,,,,,,,,,,,,,,,,,,,,,,,,,,,,,,,,,,,,,,,,,,,,,,,,,,,,,,,,,,,,,,,,,,,,,,,,,,,,,,,,,,,1283.1472973039224,1301.7858483217417,1331.0933050994106,1347.8191494839155,1367.1257253569486,1371.6891627515345,1359.2478070710056,1392.0679893136653,1360.7709666714572,1403.4037444618596,1417.6184511869733,1499.785522916142,1509.4881887867052,1535.327393153964,1544.1254187368631,1545.7900007702156,1472.9110452570224,1515.6820684513643,1541.9476504080649,1616.6970969994418,1586.022647197511,1635.0337745141208,1564.3802134039342,1628.8873847173722,1625.5821752453162,1645.822772090728,1668.0658633753249,1702.3384735487948,1781.3358243954083,1792.9962728814235,1820.7720213322912,1782.039792562195,1834.8623536474408,1810.0031706513603,1911.2185567230451,1879.2007893669388,1928.9285714285713
394609,196,"Fort Smith, AR",msa,AR,,,,,,,,,,,,,,,,,798.2210697365489,797.7130352341233,788.8504847675006,792.2725387174157,788.5655235434251,788.0998730659117,789.7568485094256,798.548799814684,799.7274973100617,802.1207858142417,801.457229096231,795.2320068180129,799.4845970682487,804.8039103340694,813.0302944125237,814.7826218216695,811.6098329950707,813.386382781812,812.210364455104,812.4862132405441,815.8057556469115,810.2252143016241,808.6587765177218,805.640070046128,814.4472060266675,818.2911803524444,819.7822977086098,811.9085897185315,814.2442547164771,822.1893553793416,830.4769095401101,827.4770439993158,828.1371626242943,826.3557799406627,829.6634262179792,835.6740939475412,831.5888224601086,830.4487916637846,831.2384924116443,840.5683393915634,845.8655000997043,844.7145691206745,844.3932927142932,851.0896675833799,855.1658359398974,865.4109750833987,866.2049002375225,868.1473179042398,868.8642016197649,865.0224388264292,874.0745085795396,881.7774352297362,891.4018618294335,898.8240403175927,907.7191603845987,910.8704099588689,916.4808477349771,913.5948196748072,928.7887127847048,938.0080552247668,951.5380755420999,965.7903749748023,979.9018891223565,997.2005530909613,1005.0552563439308,1013.784513434822,1019.9634616706788,1027.4739000013217,1043.8768928714471,1062.0682528040252,1065.4479374835755,1070.8114973199624,1069.5564996807948,1077.7702461409865,1083.5225627899736,1080.8811190118097,1087.811502678226,1091.1646966570427,1107.259380095197,1128.8097743859569,1134.5501661369517,1141.352916278138,1131.331222443137,1141.7576503805349,1150.0394210572317,1155.257819690607,1149.9748400566618,1154.658166594373,1156.9741978490358,1169.0724461742552,1162.6163254918672,1163.9673462978096,1164.1896329619105,1168.7880430078394,1183.6512519306912,1189.2312805133654,1202.9007783048537,1211.5261046778392,1219.347449553989,1220.1508406951275,1225.6712303541628,1229.8863980344847,1241.68793599208,1236.928773265914,1242.5187316707543,1243.6367397343865,1247.8294843037393,1250.934254129244,1245.003483944134,1249.9199117244207,1256.463486396558,1264.8704572032125,1268.7751676581213,1269.1889870735372,1270.1607813049488,1278.4852732152376,1282.3907108189667,1286.9946306405893,1287.9301962621614,1289.9394858222986,1295.4018021464587,1295.259963768116
394334,197,"Appleton, WI",msa,WI,,,,,,,,,,,,,,,,,,,,,,,,,,,,,,,,,,,,,,,,,,,,,,,,,,,,,,,,,,,,,,,,,,,,,,,,,,,,,,,,,,,,,,,,,,,,,,,,,,,1565.2619197787976,1578.9149853017323,1559.6759416817874,1549.2401827030967,1554.680598717538,1586.1511470785808,1605.4571857646372,1600.857046037398,1603.3276222424133,1585.7388372171683,1608.1689504694316,1608.3614259822073,1620.5810575065464,1623.0160030480251,1627.7993740963987,1645.2629905237222,1662.0360821915638,1665.8804013089623,1695.1124180145086,1711.2202747861197,1714.6508310072566,1700.4639822592515,1698.6855977505986,1711.0392580451762,1728.2734451749134,1739.7915486821876,1753.723805032022,1763.5086571756337,1761.8977957447967,1761.2669568702752,1748.393507283223,1762.3010654335721,1770.9732775551895,1807.6287962374392,1812.8847187896708,1820.4555788738044,1813.5671903882749,1819.3045482548632,1829.250573457491,1834.0
845160,198,"Prescott Valley, AZ",msa,AZ,1143.514527450066,1148.7233575215623,1152.7029271346537,1154.7108043857174,1157.7341985063542,1169.600665996762,1182.872607872645,1201.0341959783443,1209.8009096993753,1219.390064716025,1214.368948981994,1211.1366570578905,1215.3284050289915,1225.366017691977,1238.1987075320842,1245.8797655029125,1251.9385084020832,1254.6265186744465,1253.4407073511243,1261.9797135966176,1260.1108763601949,1275.0736835592543,1281.1912528320356,1300.1848958051542,1304.1487153715614,1300.714068586976,1298.8026009536686,1310.0091482445928,1325.0744108639879,1334.1127915721129,1336.814858032819,1341.2530549060325,1351.8542298923276,1350.1194115786348,1367.133417148665,1370.0780495097245,1381.6431657585447,1386.3571789830482,1395.6631790239794,1399.109159067861,1400.0403298217066,1405.2326876838313,1426.9785447898375,1434.4927739991415,1442.0469138864046,1447.1750235189138,1439.3473367406502,1446.7561438577698,1447.380646039408,1466.3006533566474,1473.5985886730066,1479.9605317376224,1486.4967267511236,1493.2436001744998,1490.8365691198173,1496.4859823310653,1501.5334913318522,1511.0664997500967,1523.4639846222947,1528.1846008857185,1536.7939525270467,1535.6939274349277,1543.5476065292999,1529.3506842769111,1523.7878647061311,1532.7377438868095,1557.0878340226893,1579.3049834031162,1591.5905885949376,1600.2492156402254,1622.9269264424083,1635.381039810905,1656.5953931327126,1687.079634124893,1734.4779470430376,1775.9117624994228,1811.9175209049995,1831.384718610102,1866.9947975215512,1887.1329766168367,1921.2350112800807,1952.029113643866,1975.0508231217827,1992.7515335235912,1999.0825983581783,1996.5829729883699,2002.22669545764,2021.1397786677944,2043.10302200972,2068.8657359616795,2066.279964543026,2077.282575876898,2069.8829787934405,2062.205004842384,2063.759413183508,2066.1320232495336,2083.3047003999027,2088.4701169342807,2087.568863493507,2094.2377494879292,2085.33002009819,2080.164429436112,2074.9777859302903,2074.9356116252684,2080.7463954154164,2093.658341427597,2102.7199704132654,2119.0923241562837,2111.2716011872817,2132.8894252220657,2142.382993804474,2150.9447536917282,2143.5134038358888,2135.3720673281377,2140.046228035168,2156.2783277293242,2173.0738706768348,2170.471059851055,2157.89278764331,2164.712243004726,2178.064205113971,2188.2750235155836,2185.3277966078917,2182.3732068588856,2195.482887066475,2196.8749861461206,2206.2799046382565,2201.7431298580955,2197.144686393445,2204.04523221794,2219.071748044615,2215.920619435112,2217.257524706518,2209.8617834619577,2219.8325746399755,2228.7562475642567,2236.314552557255,2252.5565159574467
395161,199,"Topeka, KS",msa,KS,717.9950690373425,718.4792611828743,721.6176265813126,730.6716025446289,730.6932040496023,731.7378593244903,727.7332195339877,722.662879407368,723.953550667639,727.4494716154823,735.2669053920661,732.0191422019224,733.4212045652797,731.4955888588421,732.3079540219071,730.659725814568,733.9763739449334,743.9498719242001,747.2576724940956,751.6971552573965,751.3993388025689,754.9767364820285,754.4043349531901,753.7767444576667,749.2471782861408,749.60757328426,751.1445684878132,756.9617561418092,759.659297228257,758.6241689212759,760.4406472996852,763.7710960393501,763.3316499244482,760.1073352327144,759.2661400729653,768.9369400438586,775.4093651871598,776.767989508325,774.0086628930678,775.183893436594,775.8568166572292,778.7405417861845,783.153827680163,786.164195451973,784.2520655634613,789.1066341350825,793.036077771153,803.2980981495111,806.3352411988598,806.5692037319853,814.106637000885,816.7839298002319,820.6890774805737,823.4015185283793,825.1416477751471,827.0803146834114,835.6301356510959,839.4053401761978,843.4545669961386,837.319251789666,839.2692617201532,844.9873446386888,857.2488995126424,849.2501758581095,846.3052488373764,843.2612223289802,854.9714301549182,862.7831296960367,858.2166656553031,865.9855826126658,866.547895629139,884.7698043350044,878.1680521023413,886.5944206786082,885.4969855419185,903.7358668501033,912.7833438687068,919.2800883022319,916.8112637404789,927.6815970666865,934.9988907384271,945.5849682672342,948.3024825932091,960.695766576284,966.5399191422864,986.7417663501968,1000.9354436845825,1020.63805265946,1016.3120314314643,1026.0385036313073,1034.2150268314913,1046.4260906137692,1050.9933320983685,1052.1432269083296,1062.2891259551166,1069.8449138747853,1083.7916807760032,1072.7384011775966,1078.2798418001923,1079.0327062841952,1099.1902981479575,1108.8466952321596,1115.144244748629,1119.2966196872326,1122.0718417971314,1126.108760459374,1135.4690959930585,1132.9038500580104,1137.4874023907837,1138.2131285872629,1138.9593992685523,1135.002793374692,1144.385912566546,1157.9138709891874,1172.73679976951,1178.079299598229,1188.845838149607,1195.8733805709867,1199.9719580335905,1206.153053670272,1208.5121284001398,1224.258528235981,1238.42623581578,1248.1073460595603,1246.6649402794387,1243.0654338790873,1241.881213873236,1248.338735391459,1253.156128401371,1261.3195769488084,1267.3854408410382,1278.5203403368762,1287.5560562002079,1293.1824893762641,1296.6563165256082,1307.5202042998815,1316.7332828268263,1327.951388888889
394813,200,"Macon, GA",msa,GA,,,,,,,,,,,,,,,,,766.4691979117268,763.7278620297371,763.1095403993813,760.0157957870842,764.0964622626486,758.5450498007646,761.3321481518808,768.3154212774574,774.0670195771945,772.1994460287317,763.630476083721,764.6022410454636,762.556841309276,769.7307011732254,773.4741951373926,781.0131778407228,793.0944493663192,788.7702801083605,802.0737489962344,792.6100985962634,811.6926839456562,812.297248599207,817.2159968635013,813.6850671552208,807.4140935215041,804.5131767824404,805.186624811883,819.1534117436064,826.0029245304636,838.6925923382919,837.740133362868,839.1943879688803,828.1223867402086,817.6908049541416,821.9585140689913,826.5174663747955,839.660979217387,845.9780992996925,851.8891293936312,845.8831776312564,842.6149453249899,845.6943652214528,849.7960082174105,863.5751183445873,874.4644560384139,896.4883549446623,896.557092422745,892.1208565760184,882.1577544491088,875.9926148415057,900.2269672059125,922.5568372696114,938.3632212226745,938.2788216357094,939.4556118114369,950.6517716367173,959.3169441853554,958.5003602372253,961.078000010903,971.2175087445291,,1004.9266125829345,1011.1952086189666,1028.8196856551758,1047.8271866473356,1070.9171857396918,1086.4529128930192,1084.1951377765747,1087.5424833520594,1108.4144476901592,1120.8063048549866,1141.1801727253676,1153.0474230710179,1172.5679477858969,1179.1112358026696,1167.9783819120983,1162.108769139982,1158.1860358441875,1174.719779483706,1197.2970470122043,1211.8935065328776,1214.3970092087338,1221.9052258861134,1235.7540836883998,1252.0547496180002,1245.8735131871997,1245.2578247858683,1258.85966241727,1271.4228855835674,1288.6748193908866,1284.6473879740697,1286.7442069023282,1293.8057546953537,1302.891968358051,1306.2249121252405,1301.931406039126,1295.6995673661675,1306.6447166737921,1318.026561682174,1329.5454171692872,1328.0386131463756,1328.7806333933363,1330.132602958014,1337.8247090502405,1336.1608423885104,1340.7085251758135,1358.4863294767038,1364.9752712338823,1366.560630100053,1365.8997175295387,1369.3936793571447,1368.5914961414835,1376.8556364667377,1380.0933434003487,1388.8920346848136,1388.7509700393384,1394.77408350369,1396.7260936274597,1390.224495209228,1394.6126325717262,1403.317523471558,1409.5309523809526
395174,201,"Tyler, TX",msa,TX,,,,,,,,,,,,,,,,,1147.1278490473123,1148.8294080933063,1158.4380368552218,1164.5348625608835,1159.321697822906,1157.4172063200429,1151.5029129654235,1150.1913682392985,1151.10701216462,1159.7152633890316,1170.2632345721877,1174.6921394522303,1173.2948080340113,1174.4968305364625,1175.2090661513512,1178.9989387568571,1185.1935753670919,1194.117910869247,1198.8665627777266,1200.3581773955166,1204.3715304812029,1205.9594398372153,1204.1954135164574,1207.4324948742694,1208.9396609802347,1214.64481424991,1216.221942578807,1220.305008845213,1223.9039785334892,1225.413613322227,1225.9546961840972,1233.0648057426858,1234.5814772411813,1237.8834636998863,1243.6691312339133,1248.4852570712555,1255.463795729733,1257.873069852884,1262.0628271338012,1263.610201403414,1266.5495240967605,1269.4064522182032,1275.8748411094311,1277.9378730623855,1282.857150713583,1286.2578215352996,1293.809295364467,1295.5336324561724,1288.8518784820446,1285.456135136752,1287.2067296201037,1294.8126370563648,1304.479191532184,1311.3556685173469,1312.4114928192057,1319.5557005838425,1332.2194025562678,1331.0844459627103,1341.7144191500959,1357.8355777183563,1389.0669316620458,1408.4018452983237,1422.7390353514772,1431.4337695251677,1443.1842245235741,1481.6866486540052,1510.2911256204186,1535.0153991967916,1527.9285447523127,1544.3762647458657,1555.3873407215442,1567.2321252316765,1568.3549652872189,1581.8876835996516,1600.1112627641207,1615.3486046320595,1634.954565261119,1637.7202214082479,1649.3868632385627,1644.7766616672945,1650.5898238111342,1659.3089028612837,1658.1561940171675,1666.333308197983,1661.5335116493795,1668.0274421933907,1665.7057353720622,1675.3316967870708,1663.0034832967074,1650.8418179538921,1643.6878029865497,1664.7183496391706,1691.635299158287,1687.6223930079937,1685.7998003836326,1673.6449554645942,1688.1601994055336,1690.9059776992256,1696.7366407020654,1703.6628616898101,1706.6850802801655,1711.0788451328958,1718.4613663619118,1713.1144053257767,1713.3059628895817,1706.1828193642511,1721.5349110587986,1726.807499184852,1734.93904494701,1732.529582033302,1734.27788913168,1729.8487511438504,1737.5873454474793,1746.5930213615306,1749.2156359475348,1750.9105088858078,1744.1972932131605,1756.4685825439833,1752.3567380294096,1758.9230037729608,1753.1287077126058,1758.2240740740738
394361,202,"Barnstable Town, MA",msa,MA,,,,,,,,,,,,,,,,,,,,,,,,,,,,,,,,,,,,,,,,,,,,,,,,,,,,,,,,,,,,,,,,,,,,,,,,,,,,,,,,,,,,,,,,,,,,,,,,,,,,,,,,,,,,,,,,,,,,,,,,,2662.4000215192086,2621.2757780227544,2683.0272218171867,2718.4883985833544,2689.868886747291,2713.398723748796,2724.1509351974805,2754.5560755688825,2765.7731494316063,2797.382708893951,2792.5836844832634,2857.7322567457522,2836.313082323651,2869.8763927596533,2830.2232753126345,2842.513003599681,2880.8899083522547,2879.5833333333335
394519,203,"Daphne, AL",msa,AL,1213.6389642508,,1182.1940602195177,1192.0838596200817,1205.897132025545,1223.596573051563,1209.2372756042491,1216.3481652260175,1217.4501652307522,1221.292808494666,1219.6527433625618,1214.9116651667587,1225.6417380762184,1237.857964101119,1237.0176599437934,1231.2147304893144,1229.4849463336857,1237.9278823170514,1253.0165804962237,1258.7793220232497,1258.564963900721,1266.6266674879287,1265.5069739639548,1270.3673874779931,1272.9230820617759,1287.27201893423,1295.020718193521,1300.615395025164,1295.4557154426461,1299.8410742472802,1306.9662840695905,1327.0123039822204,1329.352915684391,1319.228982009281,1305.5340879086943,1312.8781964990974,1323.1478910059666,1321.833829712368,1324.93364258932,1335.8006910210827,1349.8845004345956,1344.2077689051414,1337.7986476267345,1338.798893807974,1354.0808107218165,1366.1630237281374,1377.9121839011743,1372.18821803313,1375.8306000649216,1370.7073638314216,1374.2958143129677,1373.5076338231108,1375.2984020877766,1385.8235579678976,1395.7603557284096,1395.4322393804414,1394.6019109132071,1400.9220520194879,1412.023905300998,1425.695036141864,1431.3999522946003,1447.8351164130286,1450.083919798123,1451.3376985740888,1462.7498048419752,1474.6047524366163,1484.1562923140782,1488.0509471200614,1505.0888534531487,1531.790402537306,1538.0916891406082,1546.2282425231606,1549.5068272120336,1577.0941032707215,1604.9772042035802,1624.678268160418,1652.1824959822125,1662.6085324124897,1707.6477273219446,1739.957549402686,1754.1962485878005,1778.4443510149251,1793.1765115244732,1817.000644847417,1836.05242622984,1855.5935420638139,1873.5216828706305,1880.6929451009423,1876.5863456895245,1875.914107581748,1886.6689714609436,1894.3999751298477,1911.5163140164682,1900.2023157336507,1918.4148924075519,1935.877423062752,1944.6083174550913,1955.7444963017158,1947.238510302242,1966.255904152929,1959.8390800943853,1975.027432988803,1956.249198210565,1953.8313487071616,1962.5137154580882,1969.6828751442363,1973.8349230502986,1969.6007092879806,1990.3389512761462,1991.6806955523675,2001.1314709475778,2000.7361878627844,2024.3425913244685,2040.3908833662776,2049.247503301925,2050.9352983449544,2041.4390412874043,2034.5331355168482,2033.6264174860223,2035.8579594978746,2044.8900289211535,2048.43785586466,2047.3710995239962,2051.027447089882,2045.872132439121,2043.964936385178,2056.0178025512014,2066.267244707407,2077.941498178651,2093.8169798648582,2100.6361183786507,2109.1347141630213,2102.0509689889914,2108.7167540424916,2119.3143741621734,2126.220342162791,2134.043799532738,2138.9
394378,205,"Bellingham, WA",msa,WA,1396.37103764654,1381.4789077095477,1396.3799466575322,1411.4964784272752,1414.976503977024,1418.9896991320038,1428.623176267372,1438.1514090165729,1438.6710467110186,1440.9220229740745,1445.4897651352203,1461.7796400402178,1477.75140492511,1486.5496246258729,1490.5515699036744,1488.098681516622,1493.8383027792281,1500.7563314183503,1514.7979772055928,1532.7779471591757,1561.8355784852408,1565.549975413883,1557.3861157932515,1541.1788149947733,1552.3504492162544,1571.7587899997732,1594.076409470806,1598.398042536052,1601.0896655978122,1615.2100315215255,1628.3443109967586,1643.4824673437226,1631.18251569712,1649.3427870444025,1648.8513428982203,1664.9752247757956,1658.7737011263273,1682.549316190069,1694.2545017219502,1714.2340666359191,1723.0012029625677,1740.4061974427773,1752.3833823788448,1755.1753359312686,1769.0284571900843,1779.02354490392,1794.47244287985,1808.1681012310924,1816.0792332867784,1821.922826248194,1823.3017663564754,1829.8080562050552,1845.3999970678938,1848.2052945335295,1854.529452817513,1866.5049803340776,1882.273223222687,1891.1074635485554,1908.302038436281,1919.4714388642406,1941.0202230348204,1947.1068749521505,1971.5074951009883,1974.7486836110413,1981.3113986409617,1969.3614470448758,1980.0177186745443,1991.56344434309,2007.4727177253812,2012.5539741406842,2018.3383279114805,2056.6733900707186,2105.1071367497493,2164.8985868468653,2162.1358830261365,2167.442629472701,2172.5786931186194,2206.988830095472,2233.1818997855385,2268.2337655061756,2287.076479122435,2368.2754414911815,2431.3223935918736,2457.073471804547,2415.3203097472906,2406.5439575370783,2410.19826549033,2428.6463811050544,2444.1963504359796,2482.0990439520087,2510.298770221713,2508.436531665913,2501.3967924352232,2497.753361164103,2526.325374188264,2561.3314780042397,2578.474789166715,2544.1215926188665,2561.458154608516,2587.3118004687767,2619.8794017112355,2619.5213337535884,2607.640504607125,2630.1958305174294,2679.3701551352174,2700.775455074914,2674.8430644083737,2639.2815179923127,2651.6048234199498,2675.8971115188388,2694.241372591965,2707.2118491705287,2733.3893486953148,2726.596775438477,2743.1358901904605,2754.830651566947,2762.4672978343056,2749.3196903132025,2735.0631346118357,2748.6494269763466,2760.7687555175744,2788.634438421064,2801.3858317140816,2795.3217785809297,2790.001121942951,2796.3613179915583,2804.3737725774977,2804.8431401742073,2796.767763532467,2815.493547143594,2851.371370760511,2870.1673715617103,2871.322129881448,2863.675409903407,2859.162068405708,2869.7791932529813,2872.321370594569,2888.6480397621704
394429,206,"Burlington, VT",msa,VT,,,,,,,,,,,,,,,,,,,,,,,,,,,,,,,,,,,,,,,,,,,,,,,,,,,,,,,,,,,,,,,,,,,,,,,,,,,,,,,,,,,,,,,,,,,,,,,,,2521.837207562378,2587.4335921893517,2614.1203505163844,2638.21849966168,2670.1393216931965,2675.1787329687086,2692.056522378303,2670.250294853146,2711.7329434552335,2721.1189066583324,2745.679863510357,2768.7631124467953,2769.934833553466,2780.436576804114,2793.7689772292333,2820.938309661191,2842.787563410276,2838.0819523349055,2845.280508960729,2863.107334697484,2869.81781077498,2876.2244849386057,2866.0072220236284,2874.9920569241012,2895.4774610848945,2907.2183441776315,2885.984677385687,2882.0755662558317,2871.497899317991,2883.187759335494,2876.856582563276,2881.7144413989727,2869.9271667080475,2873.488998627312,2891.310327105481,2885.6894316226494,2882.9062916372627,2864.501774387671,2876.8129805463086,2870.0552920499963,2868.3959263761635,2866.9696969696975
395030,207,"Rochester, MN",msa,MN,,,,,,,,,,,,,1278.3431434927043,1288.7870656542989,1284.1495813926938,1270.4002417075926,1256.9899945959041,1275.1213754324028,1289.4435622737258,1298.0773506216603,1300.7638417396315,1293.7833646612423,1309.311804004717,,1303.272051707207,1286.4035301777546,1299.6622793312697,1310.8246519488698,1323.62942423997,1319.9845790063823,1323.0618021198059,1314.862031665589,1317.6133550367404,1331.2840949682786,1320.8831999241922,1330.5552755004196,1320.3556462277895,1350.6462310707466,1357.3100954701267,1368.3883280334499,1372.0742915044148,1369.4691258705054,1366.6032117039765,1361.773447085606,1372.956452564326,1376.7300087932404,1391.2996735732156,1392.491513679977,1399.3307941488138,1402.3414393205512,1401.470138196248,1400.70930934248,1404.7927456122372,1415.554004432895,1423.762036364965,1439.7495147138682,1439.1627923737553,1440.7188558501784,1441.2160636214423,1447.3736029557624,1455.6277621430554,1451.0291933072542,1431.4443060944998,1444.5331885473065,1457.258899730097,1461.4205072580603,1467.9615799086732,1458.9056939047634,1465.8292544852973,1476.372395123008,1475.1443739320102,1481.4994500697353,1494.137907325801,1532.6627825197918,1546.3779143310087,1547.5171516765333,1545.0759487417752,1562.6822387083914,1577.5910990256587,1601.4507170616173,1609.0895109523062,1608.724768231574,1620.1691293543,1615.0995147779774,1638.317294234006,1620.8288216208105,1656.3069040082041,1654.750625419743,1677.2903329269168,1678.5957972642277,1692.6299060991296,1700.5432046651604,1716.070382263413,1721.435270666216,1735.9393842802288,1764.860091113913,1778.3263777555023,1787.4121867746178,1760.2750230526476,1766.4216895764926,1776.6835862103717,1790.9936632222316,1787.265579152699,1780.135997215483,1786.048557339215,1811.5353773880586,1809.1971587826988,1815.403368137234,1807.7583644151846,1835.2589533567286,1849.857699589666,1863.4335860251558,1860.9838416114596,1858.2293947023363,1861.1425806289799,1874.0675763108763,1878.5272121596747,1884.2091883533567,1905.8526635248454,1912.0662289334018,1930.326414373714,1936.4214131789406,1958.099312359618,1960.3723916480717,1962.525186303855,1968.08784477529,1983.871290809413,1994.1801465297401,2003.4556927177725,2004.0236317175782,2003.852222235128,2009.0435145798906,2014.5322988057294,2013.8362212362338,2013.6307230408981,2022.8659161513106,2038.4626542185601,2051.1992063492066
753895,208,"Lafayette, IN",msa,IN,970.234294349156,973.601068678605,972.9371343389175,976.3152594074336,976.5124170347107,987.3082202902447,988.7660068045884,992.0489246404821,994.9296552402809,1000.4651811427161,1003.5278997548797,997.4289906603846,1008.8408059231341,1010.4102406275925,1015.4457853234081,1002.2011581867754,1002.2230215056893,1001.7103573085686,1013.0961651981083,1031.4874553054615,1040.281638001326,1042.5315738379106,1040.4955036372066,1036.0484147647853,1036.0513789230763,1037.971170935527,1043.387458365499,1047.817055928619,1050.409678067221,1052.9295770017552,1057.3547488821432,1055.5001635805438,1060.9652650735397,1062.328180314833,1070.694864738382,1083.7841435643547,1094.2005336007865,1095.3816575526694,1092.0431924404816,1092.686680549621,1099.1223574612036,1100.788872008617,1099.6558161410214,1092.1969068546996,1096.2631835954862,1099.682288847801,1110.813733086575,1113.55534260389,1113.9582271426361,1115.717617085689,1124.0793065520393,1133.6256501024918,1136.9327645736066,1143.8397946253385,1149.8435638034134,1162.8092075312127,1165.4443292385529,1172.3299277074993,1170.8066241734673,1174.74336452913,1180.816493168534,1190.624386203709,1193.4755584032102,1195.1953589410325,1191.258396079225,1188.8327392046365,1192.435400941044,1202.9241770203691,1216.7469078233253,1228.3633297144002,1232.7918823634875,1240.4868677236846,1248.4277447213815,1247.6980597447596,1257.006926098651,1258.7625324097544,1275.1588718729108,1287.816657777555,1304.559517224226,1317.381624019015,1327.0335560931098,1330.8148846629144,1339.0003577222194,1340.960826299788,1347.3336052282193,1353.482738323503,1369.5486144143974,1391.1954813602115,1403.4484911264726,1417.88281944655,1419.1434064315933,1428.765238950266,1439.1281458155588,1466.3786733092306,1481.3980013801965,1499.548049920771,1504.9691274299237,1532.639140558758,1538.0570693824827,1548.7838181812294,1548.712274281509,1565.245998079698,1585.0723165256138,1598.9231212057182,1590.0795519204946,1584.9446761435183,1590.133349961183,1627.3465596614851,1640.0636965657304,1643.2712472113033,1641.9476948195615,1655.4632254448202,1675.9683260499048,1673.0043267664582,1671.0540259166096,1678.0600715074258,1710.253164984664,1724.4173896550913,1731.497513524808,1695.145719151188,1705.1115563236222,1710.6129272628648,1737.239701617373,1735.0897437265833,1740.549461104652,1756.0039137994804,1767.9174153890356,1773.3971827971122,1769.7760193878632,1774.2444432420518,1780.9445436011363,1803.3953868872613,1804.8770392670635,1809.0119478169247,1802.7307881181894,1809.3757807915151,1808.4818353450844,1807.040522875817
394454,209,"Champaign, IL",msa,IL,916.6784709458768,928.1508736701729,940.0376020356101,953.8235967891645,956.4206106144218,962.9358392879934,969.5106027208608,968.1385580240288,968.4996793862454,968.9098880121411,978.2587056390587,967.7691924737253,967.9637013670375,963.9954301484977,970.0801815197543,972.0602135903887,965.6819653391234,965.2302412828807,966.3306022482981,974.0492823920894,972.1466682138328,968.0435053368955,971.1668003426871,996.8430849515759,1007.5867724990774,1009.019248524757,992.8240275011235,992.5559560377424,1000.2396612757431,1004.4896562983799,1004.4689405001759,999.3491305759351,998.4479588322749,1003.4820904091481,1001.0288932912158,995.936999275339,995.9118295876091,1007.3287251073776,1017.2667893595022,1017.3587102391444,1016.8778405541981,1021.2682330518796,1024.605254196264,1026.9497788008584,1030.5095643657544,1028.8940125029217,1030.1444672216865,1043.03237443418,1046.443245951299,1045.5929788790502,1050.508455286468,1055.86944205118,1059.587499617912,1059.6276670479408,1061.9774244644782,1066.0493088439218,1068.5957976118573,1072.25332011631,1075.0660554723024,1065.6017896969142,1063.4236761067887,1060.4765909753469,1081.3488475719084,1080.4088589830394,1086.5172086585744,1085.8520435769462,1094.0331411867226,1093.6733806138166,1096.0938115495683,1104.7776478453845,1113.4341412725691,1116.9707772310271,1123.6090014904128,1130.6402909396559,1141.562686795664,1140.5884551621475,1136.5181629635483,1144.3985620653748,1152.0179196620002,1171.9658312705274,1176.6180083916277,1192.6230894591351,1206.6588534242367,1224.6675212693008,1231.3978867122967,1226.6551171941849,1231.2162823380943,1240.2251733734024,1257.2927052260527,1266.2486927162395,1266.1834074436886,1261.2660572650057,1267.5753886297578,1262.6195401718385,1272.5409514012067,1270.3070363046456,1272.6860392977935,1274.815676769663,1281.8517298333843,1299.7955893007888,1311.4512207969767,1312.4919573264278,1315.9744714677695,1332.1445045229011,1344.7328975999799,1370.0828342634732,1352.0479842949155,1365.512845289252,1371.4550327063348,1410.6068435857264,1420.826443823582,1421.90181021236,1410.9087192310656,1429.8488127440646,1448.9149794605344,1462.6728014906007,1459.8823642477764,1439.9787251417067,1459.3655313031165,1471.485146349884,1495.8049910321292,1479.1438798028205,1494.1440764808422,1513.03575640293,1534.8572081762034,1527.4588470640133,1532.2510202037083,1534.8981079904772,1550.2882436078748,1574.6297750207243,1587.0025247058588,1591.0435257787087,1588.470311305671,1601.2224098867773,1602.7502180962842,1603.1982601625525,1608.8833915508658,1624.613172043011
394848,210,"Medford, OR",msa,OR,1154.6445937087958,1164.2313858568168,1182.274692896684,1192.8498442575305,1206.4648088843535,1208.6875750001748,1212.3450740040385,1229.6669981170533,1236.5555952767386,1239.4312483711087,1247.6381175788217,1277.1378313326477,1316.3538391459017,1326.9036787147288,1319.755479550701,1306.5231680493685,1316.3290133263463,1325.574659977756,1330.8591920215679,1327.1720685974933,1347.8483790533962,1363.1611277502655,1365.4021855172755,1366.1605245387586,1374.722186370558,1395.9503375026065,1424.6253193836003,1431.9782172455618,1424.7912762282483,1423.3454420995236,1436.344150702167,1463.8755094200142,1466.3330993800125,1474.077287128663,1485.6095067916146,1490.053261195732,1488.6353441637887,1481.6115105406177,1478.4675532006897,1484.6213957795246,1491.9560053482744,1506.4310914897746,1516.404817332042,1519.0069948739533,1517.3582637986274,1512.7574091492206,1511.4874919382569,1503.8273571763546,1504.7095457855573,1534.0505108816471,1537.8367149547537,1546.7565480430133,1556.2078952915183,1557.3360085865093,1555.3384262161817,1552.9587714473246,1561.3692812655952,1570.5819580226355,1578.050481322988,1593.3725268463065,1602.9064265397951,1590.2407912428826,1572.9237255706664,1564.5288443081824,1585.8838239035204,1569.3169062081884,1596.7880637322062,1615.6216780593663,1641.7008678585153,1668.8607500154283,1683.3545946534928,1708.6562613980689,1730.925233842888,1752.0619142466805,1761.901196844967,1774.4911142116243,1775.3562957360352,1782.504824979633,1802.0066237670069,1831.1990344907906,1858.1614204250316,1847.2102932077767,1859.1176381921791,1870.2030536919538,1881.6209884901682,1887.5287783874735,1881.0391246497063,1900.2461738075488,1900.37212281752,1937.754499619784,1920.85154279096,1920.6200406263863,1906.4931273844384,1930.6623353903076,1931.2220672075134,1925.7140630239899,1918.682318607695,1936.0535063820691,1961.2383798108224,1952.3760391191236,1963.442890813721,1947.7033665786853,1981.1885269439385,1981.5923880352034,1979.4719213175792,1966.2314457534462,1971.6044377243436,1987.5744983511477,2007.8203205108084,2011.1137879860114,2010.2736070799547,2020.284465813866,2021.7974018116195,2037.6264363977366,2048.0025665594517,2061.6927692629056,2071.930440674378,2070.9604977660283,2071.743840802133,2081.915346024863,2069.3887726935172,2085.6079241472844,2081.6098041936266,2099.349849371778,2094.661816380684,2100.2381870590384,2092.104359837397,2094.09356047403,2102.6895060303564,2118.241713309759,2127.333735624955,2125.144931776667,2138.4798323673167,2133.2512865392296,2144.2539761587,2139.6573795450213,2152.960910946767,2156.235802469136
845164,211,"Lebanon, NH",msa,NH,,,,,,,,,,,,,,,,,,,,,,,,,,,,,,,,,,,,,,,,,,,,,,,,,,,,,,,,,,,,,,,,,,,,,,,,,,,,,,,,,,,,,,,,,,,,,,,,,,,,,,,,,,,,,,,,,2703.89106067795,2751.951916138402,2729.689228344076,2710.0055214140903,2679.604810165976,2739.484270463758,2712.5375106326815,2752.883096598988,2714.5921458056355,2863.4476734847717,2861.3342076665595,2910.710816662164,2771.354848556529,2818.3346303664885,2830.8969470421557,2852.4197210937627,2876.807366197285,2862.4626099615684,2927.7191608224302,2942.0495656695007,2997.7501572242013,2929.729424904674,2992.8638707947957,3020.3182312466765,3158.5468233741267,3148.174603174603
394459,212,"Charlottesville, VA",msa,VA,1355.145453021982,1358.8623017033283,1358.3333265925337,1390.424459233064,1387.5800804120881,1390.7184505523614,1393.134955428409,1400.1808376080276,1413.850472650784,1426.2866683789682,1429.6210604322837,1428.4917450611335,1446.2759275375895,1453.2571340569373,1456.8759809828296,1439.53827718936,1446.665259900908,1452.8200398668578,1456.316046036743,1459.6234215861843,1464.501704401115,1467.081680266913,1468.8032951117773,1457.2632215772196,1471.7595771168935,1487.7831893989414,1512.1730486747313,1512.0387511939978,1517.0950979738798,1527.0405017438234,1544.4991639438863,1559.323845128568,1564.3580067408132,1568.2945398538507,1573.3853320711319,1581.3634755825433,1576.902781598396,1570.6617031262042,1574.5940643819754,1581.7004349125139,1595.2653425453987,1597.2436857172931,1608.6949101043099,1614.6104817810392,1624.8202088770718,1617.2699330563235,1617.4993574400041,1635.2627945686438,1643.5229243058131,1656.82963621475,1655.0426691597092,1666.8076544116914,1666.7342351473385,1673.386780559069,1669.4389073147051,1671.2805701565367,1674.1164408558957,1691.770423537899,1703.0944607657268,1702.0895901085735,1708.0929371123366,1711.0474712278296,1720.9733685551116,1721.2796664819255,1719.652284556954,1727.750956369215,1733.1117864249736,1741.9161743256245,1749.424061355143,1763.5982075012096,1756.8059662749126,1765.991460421357,1780.8183557258005,1811.4460840253737,1819.1554008328574,1818.6022988343107,1838.5595138122299,1857.4465600949093,1880.8693272596117,1896.973047545795,1905.423780109146,1915.2636675081435,1930.7531644224214,1949.414377947364,1959.7233554583077,1969.779876311638,1980.5391481637262,2007.362317469394,2011.6653423804084,2030.6354488520667,2036.2272799244547,2050.7502470434188,2070.005562401834,2092.943500025462,2112.075279758816,2120.6161267789626,2121.6713020491834,2118.269488659815,2143.8694502375697,2159.2682584766917,2195.6730242967606,2184.9319411442816,2206.3634551667787,2222.8234484562245,2245.1277113478636,2244.6926623987656,2252.453523472206,2258.4257981653454,2269.976911159335,2283.7321690457507,2300.883965161891,2314.8753319134316,2310.5577455578505,2320.3981131155906,2328.531918690504,2334.508828002901,2329.2739572938212,2344.3912046436735,2349.0055868129048,2382.7525932643634,2387.9966550177373,2405.6408721124753,2387.455912345325,2398.0264980778347,2412.60543100395,2421.3894622846724,2426.4815742899264,2433.787681763706,2445.740171512378,2452.031635741135,2462.4856299462094,2452.8744713356195,2464.2291587248624,2465.6953099303064,2486.233639303436,2487.6512351067904,2491.009083624103,2501.0525746569815
394763,213,"Lake Charles, LA",msa,LA,,,,,,,,,,,,,,,,,,,,,,,,,,,,,,,,,,,,,,,,,,,,,,,,,,,,,,,,,,,,,,,,,,,,,,1158.4322275386219,,1326.8589243200322,1358.033736531079,1335.8878806267815,1352.9185795958917,1352.4519952173189,1345.3817216305376,1334.1389434859036,1343.664431354952,1356.7547595700803,1356.9003235639652,1358.7270241743654,1302.6117617333653,1291.3833727230337,1268.3263531367202,1273.129707866468,1261.5821443711202,1264.5060716843127,1257.4529063565121,1255.0156062072022,1239.2302310747934,1245.8788664359586,1246.8781112467043,1229.3638500859427,1216.9855897653108,1201.3665638697482,1217.238977537628,1230.859515517892,1239.894555124884,1237.54494195956,1244.5636795330247,1240.4289357012822,1238.2806708666556,1210.1090965396775,1219.5456188506666,1226.9548246353577,1242.627934070037,1239.4569294324774,1222.8062216436356,1205.3262287689658,1209.2879414607044,1220.189052210583,1239.7366989905283,1245.587483313307,1245.4708478753248,1239.9710108799798,1238.4193117557973,1246.7743454550125,1243.484113384029,1232.0878175221928,1232.1835808785238,1250.435703230216,1251.1649221256753,1243.0507630570978,1230.2484015449495,1242.605283588904,1251.7773508203852,1273.8628748135757,1277.555716032252,1279.1127955430259,1287.1669015234913,1310.7922516007236,1327.030802928739,1330.0010609686653,1339.1707124008365,1355.1886705376528,1370.5840036770994,1375.9615384615383
394773,214,"Las Cruces, NM",msa,NM,994.4620833384644,985.923701631944,991.9269635357017,996.5779691920333,1004.0373872632555,1002.5246778221984,1006.1718917720907,1007.646496049397,1007.0108166545447,1013.7014071381417,1012.6187176433822,1018.0896975152551,1017.8440532381868,1022.9451596246322,1020.6933922461768,1018.1955028884405,1019.7504810907245,1023.4699665488521,1024.7694644648009,1023.5535246015303,1029.0562512580245,1028.399152987386,1035.521416561027,1037.7074823261553,1043.118558954353,1043.7447826452074,1044.7440323835935,1049.727877372404,1050.999147350239,1053.3714919460378,1055.8501510846606,1060.5545615478675,1060.8359901775048,1061.7584003929248,1059.983995030902,1059.282634189578,1064.4686767968294,1072.406058088495,1078.669999857406,1076.5512638778907,1079.858069538179,1087.3736613591163,1088.2150575044461,1087.8014931081452,1088.1881870688655,1093.09077593151,1099.0050004425618,1106.1098908104275,1109.8877708212244,1108.6629208773031,1111.2814647944037,1118.7277562237598,1123.0275043569911,1123.587504782655,1129.7702706504565,1136.6240906255227,1143.8173102542298,1148.4238819297245,1152.3885868748937,1155.9560892796496,1158.8850432464624,1165.375876394452,1164.8317512729545,1174.7913962295497,1176.9093126091418,1189.8872065857076,1188.6159862419486,1205.8233137710477,1214.1073577474292,1220.2460579312378,1241.3497806934113,1261.9529473470636,1285.266093968097,1295.4558545154302,1285.4751739994879,1300.9864922137347,1318.8874078234264,1333.5915906782311,1346.8635853114508,1367.7821297321564,1416.2497626966654,1450.371344553819,1462.2319564533195,1458.2176467083484,1475.83597801304,1496.0880187689122,1542.099556772137,1552.9579965180233,1555.6764016718785,1559.7298058971494,1570.0571537251735,1576.0803233933748,1549.8369557820542,1537.569503409921,1547.9632917786664,1575.8539520418833,1596.8527316502752,1602.702294246463,1597.9985663892069,1594.5685857312571,1610.5612079664752,1618.2453781203844,1640.3563229576448,1643.2044462510303,1657.5246363282376,1672.9251804566625,1674.323970007411,1673.6667037680972,1660.3413878382955,1658.9686573810668,1665.2146527960467,1672.7343743353736,1677.1510062315301,1686.8712992313895,1681.3535707143806,1684.8106384886385,1677.816911561819,1679.5870121157277,1679.9568228413425,1686.4368446657832,1692.065331816465,1699.3397978693108,1699.666757292586,1709.4997150051659,1712.891770368375,1715.1248207625226,1718.0729123637245,1723.7336628988337,1736.8294315973124,1739.6819071306923,1745.7012928684055,1744.0181492459217,1749.3683292820724,1749.9868617566676,1752.9521109676225,1748.2210714683033,1745.648321719206,1742.3572598162073
394464,215,"Chico, CA",msa,CA,,,,,,,,,,,,,,,,,,,,,,,,,,,,,,,,,,,,,,,,,,,,,,,,,1536.0306828530086,1556.966464823509,1577.2831446793937,1596.0288528678204,1605.9660189574072,1618.7350888117167,1627.1239979747043,1641.363598506678,1658.1092636815197,1672.3310465472687,1687.5442087898086,1680.158016328565,1689.860886571521,1687.955599750967,1691.0946361905535,1667.503378480306,1672.288654992232,1679.7107420553082,1701.3786015033295,1716.7239728676536,1716.7874141956534,1730.0534861083684,1734.5121550932795,1753.762024990034,1750.551522539954,1752.7332928847065,1758.8431774985227,1791.0265425490932,1803.823511710218,1820.5586325577246,1816.5492665010593,1825.6919883962382,1860.1858816539645,1875.5184412890314,1883.8854464737249,1876.9335641187122,1904.5509932264663,1917.29339577333,1917.2511123243694,1908.1161460602484,1904.615912021946,1912.981265208379,1915.4968311206871,1940.0525974915865,1936.351431369155,1940.289409567583,1936.8264938018992,1946.1899140057808,1939.1952279127652,1951.375348543446,1965.5501743147177,1979.07933994803,1994.1740344729403,1996.6879665120282,2005.8280786634202,1985.8480070681048,1979.808867370039,1969.8399730375293,1975.485827805298,1991.86035389818,2015.3154927910762,2025.1763212386104,2032.5121042072694,2037.140410383284,2039.1470473856327,2034.0174620010337,2038.626161072471,2063.496909913995,2074.7437272903912,2082.97556926887,2075.3011750867117,2081.034805747938,2086.187399946569,2090.9180366292917,2087.8397144866462,2088.7098335387996,2099.5370719079788,2120.317178086767,2126.96328908404,2126.5439111276323,2134.3662775399935,2144.9363242352074,2161.099912377627,2159.0308117656705,2155.911279543637,2156.1862745212443,2163.338341120202,2168.947964981044,2166.9162103551485,2162.345299145299
394681,216,"Hilton Head Island, SC",msa,SC,1286.621423367909,1287.913166363601,1292.8530331600646,1303.7083276901697,1312.1693844919785,1313.6258369974487,1315.9716511108534,1317.65132293107,,1335.8557730896016,1345.0524129554408,1349.0662728298698,1347.6200074910246,1349.6763124340955,1351.5008498761842,1356.2036932809406,1364.2114730141093,1380.5453715496697,1391.8713427322602,1395.0308674243554,1394.893253645908,1399.001804493806,1396.8450829810454,1404.5474891679091,1410.7814331210295,1419.6178548562025,1425.3563303983092,1437.8291634105583,1446.6231448503804,1450.2252996118896,1452.3717817600577,1464.6547569193674,1474.7873450088691,1489.4007110052878,1490.1283125470095,1493.1042675111821,1493.3497183398413,1508.3211197884089,1513.6365414821137,1509.1371011937608,1508.4330501705729,1513.7844705222064,1525.3423914273208,1531.2731212264475,1534.3909382600418,1534.1815935834472,1545.3151259515096,1556.1623118685775,1562.7809020998586,1567.495545612756,1575.6095687113611,1587.0343518966567,1596.7147868052673,1602.4995080707977,1605.143784474072,1608.8779416732173,1616.3062839630163,1623.235396228589,1629.3822677472717,1632.4224731371028,1640.4775477609935,1641.57385803473,1643.8376635672073,1646.5785661579964,1656.2058772606674,1666.111592401239,1666.2095100790057,1671.0443057548594,1685.9577135515212,1706.6970276858065,1723.4724319035001,1754.2919587061056,1775.319977984138,1797.3240540776885,1804.6632381411682,1819.3763733263754,1837.1382985580185,1872.4572848006408,1908.9889839985342,1951.9797681589234,1967.6277497393457,1993.7013844426272,2011.241024925349,2032.9705878432978,2058.600204165501,2078.716482806231,2115.5614656304383,2133.932579760917,2164.788412599295,2194.7531268570783,2232.4371951936373,2240.213433497246,2264.699103740807,2275.80391019191,2308.930626382961,2316.753392368978,2327.1934930076454,2336.0618767002647,2347.8491113707955,2378.3454272285594,2394.4485620073333,2378.819266775906,2356.315985788762,2368.832094265255,2384.6333295437075,2404.413151381011,2380.8620436171996,2404.7450024163586,2406.485076832122,2443.4874103718603,2437.604881559874,2440.9686952115467,2430.025870281341,2450.378034498379,2470.245163974489,2498.577894292397,2501.5159231464454,2497.5205868119406,2499.95153311332,2497.2014281200272,2503.9021235090067,2500.3062338355458,2497.7999985975653,2495.158709972854,2514.8877147034455,2536.084930721658,2544.065400653769,2534.0180108256877,2538.555833854088,2548.306837367239,2569.518404878698,2576.1356298224077,2585.3314112082344,2585.0400123433337,2603.4855923512246,2613.8531570547475,2616.040558011203,2607.928395061728
394346,217,"Athens, GA",msa,GA,934.8059125654586,945.7812852998453,947.0558778699493,950.739283396991,952.9325801408963,961.1932297460139,964.8946096293611,968.0358109936836,961.4609608717844,962.0657846387934,971.7721046326867,976.0252108750436,982.6238405623953,980.7135558534317,986.2860789275524,996.9052868298238,1009.2847694357313,1018.4014828206518,1022.9719384461561,1022.5260974428622,1020.6127787029101,1030.5376037525384,1037.1518292099727,1047.442972824756,1045.8252227575317,1051.3596658127626,1057.9611444272941,1054.716801449315,1049.7974096296582,1055.883240321746,1066.2630739639771,1083.2981502451257,1096.8183790888047,1100.02243086707,1102.6832483882515,1101.6551115355974,1125.5438506563846,1137.7132804553253,1153.8457209369403,1152.7284781395285,1164.1014338237449,1164.6448638200986,1174.260540059031,1177.3394609692223,1176.803044030938,1176.6734900440117,1182.9138400788543,1203.9227173026209,1204.926487592616,1209.2316186329656,1209.229384282512,1227.025880685177,1235.5951312919594,1247.4585182882902,1251.1689476574793,1257.9387606425685,1270.4683502010184,1285.4261674778422,1296.1383484606554,1296.4095165497527,1302.392998821455,1311.0993649068544,1316.1509560673537,1309.514979670928,1308.5989476068823,1317.6945174844075,1331.5585242556351,1355.7489731194348,1361.7938047640432,1384.0301169635827,1384.504296059346,1402.218493884748,1409.0751261651765,1421.7820872180882,1439.7947674030713,1455.879377273701,1464.5147473250408,1470.1848787656352,1487.5997336096602,1508.019940314414,1527.7531118761767,1525.6633488210641,1546.4290901905906,1573.1760606374946,1598.92604349304,1610.7053554553856,1608.0125926150065,1627.5325809514,1656.2038315588018,1681.6737210907017,1692.679786573986,1692.541161546642,1701.105751431559,1709.7647822965282,1712.0153610249797,1714.4725821690288,1735.390370360735,1767.963611996866,1801.172911359282,1807.446928749285,1800.9851494656195,1807.5466323884082,1823.1277272480088,1839.5794582976919,1836.5670034281075,1838.3441057038158,1848.9324457253288,1854.255786192443,1852.5965155412157,1849.922503522753,1870.0858148065904,1893.8706102896472,1915.5961658082947,1921.0456738674209,1928.8939552853997,1931.1264629209775,1926.9785713269355,1924.6669618962337,1926.5107271199508,1939.342177504287,1943.578459144887,1945.6558150619467,1927.5009241350897,1925.7944925539396,1939.217142937727,1944.2881472387367,1946.2818947880971,1953.8089215880998,1972.8439018763322,1988.0641313587123,1995.3863508976942,1996.02954756308,2002.1809085354369,2008.1853451613974,2018.6298811826355,2019.6682403403531,2012.1696699761878,2016.3834542646503
394765,218,"Lake Havasu City, AZ",msa,AZ,891.8671997332501,893.2919787125068,903.2227956083248,905.9331289808047,909.0343319136168,913.8844392965651,911.3502497284393,908.5198692432563,906.2051959809621,912.7627163474443,919.4157824495137,929.5379392789376,938.1095017783396,941.6673048953259,941.0267189393024,937.2510499853234,940.0077403869119,942.3577014678987,945.3713874164232,956.3211456328957,962.3983836718407,967.2634895222973,965.384795937523,968.1379226151805,974.2909464787712,979.1240688699737,989.6141069599108,990.4630276763972,1002.6205878545288,1009.5604951446519,1017.116245396204,1019.0521181863018,1023.4528700194326,1030.0074714490052,1048.5871500508958,1051.4028049908925,1051.7059951489348,1047.4797298086694,1054.1159095229534,1069.9300206343137,1077.3258796584212,1083.9451486913138,1090.5851882969075,1100.2900169330755,1103.6748555352576,1101.4124071271565,1096.8722331643191,1113.4850864643852,1127.4118001440274,1150.2476262770488,1155.4664211779555,1159.2788534200345,1162.0034034997586,1167.9621871749941,1173.3614626753465,1177.1800661827504,1185.5377476004116,1196.9506185806115,1204.8680699532115,1202.0580639402274,1201.4873140293157,1195.9367103267425,1215.963945203891,1214.2042012398417,1230.2120656473714,1233.7686870815928,1241.7240651710497,1252.6335108863705,1266.9723475860176,1300.561597228991,1317.9281384658696,1346.7832996195505,1345.378655715774,1367.929756852165,1395.8080297791737,1438.536826642624,1475.5301636515976,1506.8081508576424,,1532.3813716093555,1548.5595374521076,1556.7690033360818,1600.1501231454515,1606.7207926941853,1631.7045627640516,1642.026466305506,1653.5031801710197,1655.843896326135,1642.062186059355,1643.686511813988,1654.0222933657874,1671.6757495732566,1679.6345653966275,1672.3746970046188,1662.8352963001964,1674.3103673092985,1689.3672903994084,1682.3662284254258,1669.698555878425,1671.4312302302271,1673.607440144503,1673.4610998866976,1675.951160388844,1680.084993494361,1680.9628283540285,1684.3523640483427,1685.3615368433648,1693.109057240522,1693.762798628414,1706.6682226316732,1716.0975525174315,1718.5798627770414,1723.8507757472898,1726.795165795663,1717.636383562167,1724.0999860716545,1734.0504542215162,1740.6492079837205,1738.050458503379,1737.2920330645754,1743.1509302278946,1753.4482407228559,1763.0262905359357,1752.3752352160395,1754.7472879804407,1756.8545892369916,1768.33886903655,1765.7559069810688,1763.9221840816717,1766.8734064839568,1777.596253260286,1780.8187075963726,1781.297209556045,1777.6176577105914,1777.6346103936366,1794.098577452929,1799.9334665537274,1807.4689078822412
394485,219,"Columbia, MO",msa,MO,910.4730347885782,938.9996648636094,952.0636646221989,954.9630036277215,944.4460233795512,945.8334297699927,943.9566705462308,961.598423621539,962.3379112016935,968.6321178014048,978.3281292173376,992.0538197642778,986.910604033903,976.7772679492214,954.6711913789939,959.3144628977325,963.9747144767247,972.7774134559049,979.8187538719841,977.4467668457389,979.3260132541642,977.9410118143256,999.6812518693125,996.6037724295446,997.5899679836743,981.2673895224309,994.1586333849323,995.3654506976209,998.8240593436482,995.2108477723348,997.3182212828124,995.2176798898154,998.6949946239846,1000.5902108051937,999.1392335251326,1001.3091189884133,1009.0290729152836,1021.1913944375922,1019.9126847390137,1020.8877809327573,1017.2458683188526,1019.0445943965015,1017.33634851275,1022.0065638148451,1021.5563311592512,1022.6460096912807,1024.3688263265267,1029.6406219094579,1034.199409534096,1036.176796524824,1041.291591350199,1045.121052160998,1051.5826913565925,1056.0151145668542,1060.7726289494203,1063.9055255971386,1067.8943748419185,1071.9335694996448,1072.248685926874,1073.02533242361,1071.2916420612753,1072.9720228141061,1079.7009567781784,1080.4245665569408,1082.0872024471485,1091.123549443674,1102.1591234247087,1111.618242736499,1113.9711830000122,1116.874230088583,1124.3345636426786,1138.667047915226,1139.1857092700163,1137.4632707029111,1133.4246738278855,1146.000073851645,1162.2273407321866,1178.6705295488266,1187.5229850900994,1200.3604125699537,1213.554834448083,1234.2105347522731,1247.7000902159164,1251.7158523943065,1262.3809280342732,1274.511276653026,1293.0306131177308,1294.428211929016,1307.0337759344736,1312.8303964901238,1333.767960218746,1338.3276914117107,1351.4032007936046,1352.783342912678,1354.852525674933,1366.720515982636,1370.8120711390902,1388.2326074225489,1398.2719063022535,1420.7293125122337,1420.0587152316248,1425.0065535534047,1421.1196661279992,1432.8855756867629,1441.5977357855932,1452.5309499673358,1462.381575150047,1469.0165547259444,1484.2264636696173,1491.4389842171302,1507.501193908195,1515.1795838761273,1527.7860191603902,1533.6554029770473,1543.0155442145704,1553.3569354097826,1558.6036718656883,1570.7037134371365,1581.759819786047,1610.8594134478894,1610.7758806561735,1621.0925095581338,1605.478643592706,1614.2289015121437,1622.6816291551356,1635.2830014030321,1646.8428033034427,1652.9591205204256,1662.682655195213,1668.1044154384153,1674.987333096693,1667.396125064363,1679.837679808148,1685.4916020145145,1708.3535942487465,1714.5558042832179,1723.3546315521266,1731.305154957329
395114,220,"Springfield, IL",msa,IL,,,,,,,,,,,,,,,,,,,,,,,,,,,,,,,,,,,,,898.475143722417,895.0083178256759,910.7716135844998,907.7536798394733,908.0729072196925,914.4311218696625,913.0912961299331,914.7425349245331,908.6216846919499,914.2864024694428,913.9378478683581,933.1084511240139,933.7987767474875,941.1255825401462,935.8937837374609,940.2966730227174,941.09588968401,942.6890625595814,949.1286186041424,953.5111750322186,962.1077260519484,963.5593849551466,967.0833353377413,960.0313901185891,961.7691178354594,961.3771232859609,977.3379572130148,970.9277000635735,978.8430577277113,996.6354030845646,1002.3251277032047,1000.9977525482736,988.1851820734715,997.7806505952805,1009.0738572716169,1024.941560421717,1021.0271368079292,1024.0962037204147,1031.9732864679518,1044.6321270261888,1040.7980396254013,1043.3468670504074,1062.9711374931412,1079.755943371821,1089.1506065911394,1088.4884385540092,1083.790228178826,1093.1149547518855,1098.4146403743105,1099.2644489499442,1112.1674210165145,1131.196064279067,1169.4748632872595,1175.7821530980173,1168.1584845359441,1164.6079606825263,1190.3089732349586,1204.105652228256,1206.4443588875438,1204.4509504416658,1210.055807326317,1243.3786866334488,1243.9469708928339,1239.725301896697,1217.3480938486703,1227.9312018494375,1238.1674652454778,1261.064375481495,1260.7704040161152,1274.6885228820718,1294.5309212879174,1308.9365493696332,1331.7295559700872,1313.2172691095145,1317.1320573853075,1320.9530022448682,1333.0147217951142,1328.9268202364551,1329.7922710024168,1320.9059932744017,1340.9800101721517,1346.1592260026648,1369.3279191175843,1375.4853672230429,1369.253663300138,1364.767756484413,1361.6340453679172,1372.314663676129,1390.7386321984234,1413.2342051857104,1424.747657574545,1436.2715157124426,1429.8037114424378,1430.9743337781324,1417.295002557406,1420.5343716021907,1427.189130023996,1446.8277209891082,1460.6003914970336,1463.4578277993205,1458.2023747690275,1450.854700854701
394691,221,"Houma, LA",msa,LA,,,,,,,,,,,,,,,,,,,,,,,,,,,,,,,,,,,,,,,,,,,,,,,,,,,,,,,,,,,,,,,,,,,,,,,,,,,,,,,,,,,,,,,,,,,,,,,,,,,,,,,,,,,,,,,,,1441.5293662254503,1442.2069459014856,1434.3549836419224,1455.7536737628384,1448.0296971044138,1472.261377115022,1447.081442178975,1461.3999203991018,1457.6077509751299,1469.4668972129862,1471.008078987326,1468.271883117823,1455.2900483291403,1441.04223350168,1455.1183472756372,1443.1696524367098,1462.9395404335935,1463.5778297323648,1484.871099444319,1473.1925708860063,1465.3534117093084,1457.6537018550246,1457.4900144128235,1460.2906318147,1478.1256714424082,1493.3333333333333
394872,222,"Monroe, LA",msa,LA,,,,,,,,,,,,,,,,,,,,,,,,,,,,,,,,,,,,,,,,,,,,,,,,,,,,,,,,,,,,,,,,,,,,,,,,,,,,,,,,,,,,,,,,1067.662897777744,1081.3567056774223,1081.9695331904961,1102.1701221773335,1105.6838559907847,1128.8991615046025,1142.4979922367143,1147.9651870805274,1148.7880547922996,1138.8695887421054,1152.575898188278,1152.4837042953598,1171.3574857195224,1167.1549797864504,1170.7477422433499,1163.1262914071483,1166.1317871333215,1177.8706635515168,1166.129247833735,1177.8127713412628,1164.5703583534282,1181.154842880451,1187.9738702907027,1204.7386940539402,1212.7442831841806,1204.0185930630232,1214.1717759575731,1212.347827856204,1225.713759863472,1228.2409902681586,1236.954748981622,1244.9583927167,1259.8223085015534,1270.6340984685344,1256.6005772985245,1253.20509555881,1266.6418627441105,1285.3680197577412,1300.49283027389,1320.1691877250346,1325.8780177579465,1333.6038427706314,1350.3156066237102,1358.7636427778405,1375.6270941215678,1383.4679938129502,1412.5954047959506,1431.9506680085417,1439.034793613452,1456.3198003516966,1466.101851851852
394565,223,"Elkhart, IN",msa,IN,,,,,,,,,,,,,,,,,,,,,,,,,,,,,,,,,,,,,,,,,,,,,,,,,,,,,,,,,,,,,,,,,,,,,,,,,,,,,,,,,,,,,,,,,,,,,,,,,,,,,,1291.443037332993,1360.4216959145074,1348.4503499488633,1341.726992496496,1302.9026620553614,1286.7989707388492,1299.1208499020631,1283.9150517805529,1317.1174925207638,1327.732646109637,1361.461068746072,1370.8729388486745,1381.0757889748386,1374.0563231303586,1358.352954270807,1367.4481424993528,1394.4195422673922,1396.5502497331343,1393.759016493123,1384.0160378335934,1373.9602930089575,1395.8660663420526,1407.89546975058,1411.1620271493468,1402.9293312781533,,1419.370013168804,1431.5620390292197,1461.0518202933301,1480.053174199332,1490.3533365452881,1506.3748950131908,1506.9818547310779,1491.6538090908302,1483.243771009678,1487.3154999018627,1504.861111111111
394726,224,"Johnson City, TN",msa,TN,,,,,,,,,,,,,,,,,,,,,,,,,,,,,,,,,,,,,,,,,,,,,,,,,,,,,,,,,,,,,,,,,,,,,,,,,,,,,1233.4049890854828,1233.6252450175339,1266.4133568685845,1314.342148735508,1318.1622075495952,1343.1364910221903,1349.1407790296084,1432.7439712609666,1436.4278786167672,1448.9083814526348,1429.6205389347303,1450.7676070268044,1487.198812055745,1506.9279429678104,1512.6977940086722,1504.1797479458821,1542.749801974293,1575.4337546107095,1594.3375894309913,1553.383112544508,1565.1933757195022,1588.7197662185094,1626.4127629626782,1628.2548501910846,1628.9429456944063,1655.19153244424,1667.6055557558225,1681.9815479788513,1661.504586058815,1662.5208667136112,1677.8312807889095,1689.3912364698135,1696.4783916930176,1695.7852278585017,1697.5898508339812,1725.4027676288858,1733.1864686833849,1735.9751098700776,1741.616206166382,1745.5746286587394,1758.969299007713,1734.7672960083928,1749.9778773296334,1761.1933627404424,1787.7682810434073,1787.5123256208233,1800.7587326778573,1801.751139000953,1806.2397258204635,1804.3695591445844,1811.0496306211387,1819.4273949553706,1827.587763911436,1853.4039469625986,1843.139930923451,1846.8384676124028,1830.7035795861761,1835.3055405292475,1825.0324688044088,1816.2835866079513,1813.2476812098655,1811.0392156862745
395247,225,"Yuma, AZ",msa,AZ,,,,,,,,,,,,,,,,,,,,,,,,,,,,,,,,,,,,,,,,,,,,,,,,,,,,,,,,,,,,,,,,,,,,,,,,,,,,,,,,,,,,1443.7958986290105,1496.9019815588335,1498.6287901634967,1510.302526695761,,1548.2922121445547,1563.5311168833985,1560.4464048567525,1550.0066068433787,1547.2094800716432,1559.8680857707386,1561.656374290223,1576.7723282867914,1587.2779309088567,1606.8650498081972,1601.708819667185,1598.3585160406133,1599.196126289717,1607.143295702883,1629.2031297655924,1629.255373909306,1638.8519014887158,1633.194091388743,1637.2765859936083,1631.2427378250327,1612.909213395142,1613.9711413795683,1628.3209369162669,1636.3829483337681,1649.7765951977765,1653.9038844484865,1662.4711086519467,1675.2100494145902,1674.0730540494067,1668.2099323859024,1664.5212641431071,1667.4522204582263,1680.83022898375,1684.4258789961377,1684.0227745773727,1685.6036899509122,1685.4525833579182,1679.8953931450958,1672.175803957598,1671.7266934393433,1676.1245225750972,1687.479303293054,1694.3932827821639,1697.7408202848758,1698.6388090834469,1697.0346553733727,1696.4176333717617,1696.6764861600568,1694.9765953643573,1700.4078863346103
394623,226,"Gainesville, GA",msa,GA,1058.822777044028,1068.1263121776715,1091.899440566651,1099.3268904936967,1111.513227910704,1099.6562236020525,1109.5090217566633,1119.6401629482075,1140.5805078975654,1146.5369849304625,1152.8327771687996,1163.2359678291452,1169.4254378132061,1163.262281946855,1168.7554828181749,1169.2760066623941,1178.7237633976686,1186.6721248421838,1204.2725863762803,1217.3983210121562,1226.1499504064868,1218.6984282562355,1217.495072576575,1213.3758021147933,1226.9453014581873,1243.949723860835,1234.655699516377,1235.539971548482,1245.5627619237032,1270.8928629660752,1275.4274763705205,1268.5752873313704,1260.6563400017174,1265.8457259018091,1281.4277187254838,1303.1677915296793,1319.8163088859144,1315.4527189531393,1322.194474354421,1323.4686571664774,1334.9890049221833,1336.3872361182582,1323.3693973287754,1325.319285290042,1333.3410883581214,1368.0168881852449,1380.847069385879,1381.538759757578,1356.2555343022386,1372.9714494685581,1386.753525573908,1401.1799739091098,1400.6062967721653,1401.2202281125296,1421.1076610619355,1436.1125757933876,1447.360110559233,1434.0956749604338,1432.0578612438399,1436.9954396264222,1461.33043038561,1463.0756076845855,1456.894258206192,1451.6301589699146,1458.3231287282442,1465.294513704766,1463.5003217962255,1476.9573380045676,1495.6530161118312,1536.2140474050243,1561.4934486005254,1575.1521753854652,1585.953804081078,1606.0373150402174,1610.4848046390146,1613.4198674877398,1632.6702565507542,1666.58482945063,1711.9584253665737,1721.459432505415,1734.4533749815457,1740.6314520647102,1749.0517792900118,1773.3957812439457,1794.0371785633672,1811.1053881097887,1826.905208939092,1851.456878515801,1876.3515184487237,1892.732615700329,1903.2441015592024,1922.0578078844342,1932.438184095648,1939.9858492939395,1962.368305412072,1973.1060425416078,1989.896691818202,1991.9016259907428,2010.321106437287,2012.1040946317398,2021.7801075265422,2018.974452257907,2015.8117900152688,2021.7754017602456,2029.1220029837687,2042.576903045134,2038.7943433045482,2059.201710752152,2057.98795480375,2079.577598281982,2067.0146421682452,2089.0119188481954,2079.0898314312285,2093.8032580024683,2090.843990931355,2106.0747901001614,2106.860117289539,2114.2363559675987,2113.8831266531656,2111.16813784852,2132.538013389372,2145.4464581165385,2157.8361016391045,2143.3266831240176,2132.658861278749,2131.6843871567876,2145.82063846012,2140.9286857201764,2148.254990495925,2148.728504513677,2160.4388408461,2164.325185530268,2159.54585149335,2154.012351977706,2162.6139108735983,2178.5771139892154,2206.4561013054085,2218.735396825397
394716,227,"Jacksonville, NC",msa,NC,922.3620282461142,924.8710713582191,924.499573122166,924.001318516624,920.9209315354972,920.3861269149958,919.6357615716669,921.5280699117978,921.2912231645507,921.7189972737029,922.6804251084694,922.7334412900459,922.8885390311989,920.9895375434413,920.1771426761339,920.7766185468296,921.6156631740397,923.663439675922,922.9971685289712,920.8800844406856,920.0616934717066,920.4977807573736,921.2005037583733,921.6402056513509,922.5089325135534,926.1323878970196,929.6154001647731,931.249866519266,931.9687908194095,932.9882383397323,936.2527931707305,938.1896736367963,941.084787807319,943.1604540852059,946.0715819477994,947.1801016901647,948.0315761120052,947.6595334621925,950.8531902656783,951.5295528977522,955.6120538488449,960.3705156939233,966.2888222602567,972.5659038441652,977.5176538547968,987.7017219813132,1000.3743070675548,1017.3473583773792,1027.338057434454,1032.0886004623176,1039.2421982340434,1048.7512936844034,1055.691703740231,1061.2854071112606,1065.0029262041253,1068.9781157257214,1072.8769014897753,1072.0815107109515,1068.1586899127315,1061.2134876307903,1059.1671183909932,1060.3916126949534,1066.602201549063,1067.5972687675244,1073.6564750108034,1086.9450186545162,1098.4878542592792,1105.5467116744603,1111.4640154520919,1119.8111836007843,1134.6881879090545,1143.6680502092977,1150.3505521787554,1161.5263001217227,1183.4585587079007,1201.506827671655,1214.5511408413386,1225.4121012389485,1242.9058261539483,1257.1214572317763,1274.4111692750312,1290.978984825035,1308.8350019012066,1331.9059935634857,1357.1022471045478,1370.4330145290908,1376.3750480112194,1384.2392438409897,1394.5815073735967,1402.1889733294995,1411.539565366707,1434.6234972031727,1455.391707331702,1463.5097685616174,1461.5811567184408,1462.626386792269,1467.9329923795156,1475.083484801454,1483.1745788645178,1491.569785238882,1501.9166672689921,1511.9908470515288,1519.4740104079567,1518.5673370768034,1516.7966182152695,1525.3698397624032,1535.6149707199938,1544.7798480761771,1544.2555670241272,1552.3772323953033,1551.9605747878984,1557.4221994255395,1557.4730700446748,1567.558963864488,1572.3162389811775,1576.138032550841,1575.1080179531336,1576.793606870528,1588.2890051322868,1594.4659942708226,1600.3425479427633,1600.167892791081,1609.7767882435287,1619.083571285034,1623.9271522726542,1626.6360179917044,1631.4938544197182,1637.8995514780584,1648.526577903455,1654.2093375524023,1653.0765386971489,1655.4420719024818,1661.4318592147968,1667.3432996709469,1669.5141870838534,1668.4248423555023,1672.518233259037,1672.906624934794
394597,228,"Florence, SC",msa,SC,,,,,,,,,,,,,,,,,,,,,,,,,,,,,,,,,,,,,,,,,,,,,,,,,,,,,,,,,,,,,,,,,,,,,,,,,,,,,,,,,,,,,,,,,,,,,,,,,,,,,,,,,,,,,,,1323.7442479521012,1330.733799016419,1332.8918808581047,1328.1888836104592,1330.523812297865,1310.60673712188,1321.0866126990825,1329.0859462482763,1353.1627130448392,1331.6739399090686,1327.587292608935,1339.8662684857013,1367.1670199422776,1375.6059100567747,1376.6396715171982,1372.392632392348,1381.7130355232837,1414.282072238325,1419.8319009171641,1426.2641804718362,1410.0927785103752,1446.1762998568292,1459.8729482961203,1460.9836104174196,1444.9474818462684,1451.4346328865615,1462.9277847288565,1482.804232804233
394680,229,"Hilo, HI",msa,HI,,,,,,,,,,,,,,,,,,,,,,,,,,,,,,,,,,,,,,,,,,,,,,,,,,,,,,,,,,,,,,,,,,,,,,,,,,,,,,,,,,,,,,,,,,,,,,,2096.972914149461,2141.753839765227,2230.9018391967734,2214.4627629772012,2219.3087270441806,2211.965538158988,2233.720757232316,2239.537649610854,2256.6349118287008,2281.7334479193973,2333.266748268622,2400.0662707874285,2424.733833471068,2368.729229750947,2334.0028102216556,2344.3773518362755,2397.552125810282,2431.088556567129,2428.60808698795,2465.928003958831,2463.1712327732994,2461.2957994876183,2451.548741756589,2455.4768388422967,2463.002265474439,2472.5206036113686,2485.8193126599185,2523.7161232653043,2538.0146405151777,2500.52142945061,2478.900849485472,2493.469985351797,2517.4270233263205,2531.92338700928,2541.460271228847,2541.317422913861,2550.4604130051293,2585.551025007381,2600.600565991778,2595.924288480965,2586.1248275356947,2627.28278949736,2670.03223458642,2670.135997988939
395118,230,"St. Cloud, MN",msa,MN,,,,,,,,,,,,,,,,,,,,,,,,,,,,,,,,,,,,,,,,,,,,,,,,,,,,,,,,,,,,,,,,,,,,,,,,,,,,,,,,,,,,,,1482.0633929367305,1482.220280979768,1529.5795114612404,1540.382067567928,1553.5224766507176,1524.6267935398446,1507.8889205462008,1507.7925722055209,1523.6027560466537,1550.06862208752,1560.174935691378,1562.7000858833862,1574.8157224092076,1617.4025016456537,1616.8285080525093,1627.1557623824247,1609.5989612582382,1628.985854798698,1627.5018529354127,1628.142484982874,1620.4707010583043,1625.1391651744575,1610.919065741635,1631.1654757659371,1655.2267283565072,1663.0202132934476,1648.7733579620124,1654.2936360023882,1671.6865194844709,1697.242059518308,1694.1612259830795,1705.80683140103,1709.3339028162934,1728.0486113396094,1749.5380616796092,1741.940386111872,1734.862864527856,1713.2238388623525,1718.4983395736099,1718.6300651748472,1741.5598619771736,1732.735186477591,1753.128051033352,1757.869805845342,1769.3431193843505,1761.0634763875778,1762.894110685199,1772.1484238034343,1777.5779285126982,1796.8344746137516,1814.4645814326702,1825.4104952414211,1818.0952380952378
395011,231,"Racine, WI",msa,WI,,,,,,,,,,,,,,,,,,,,,,,,,,,,,,,,,,,,,,,,,,,,,,,,,,,,,,,,,,,,,,,,,,,,,,,,,,,,,,,,,,,,,,,,,,,,,,,,,,,1580.63700162522,1543.4315071974902,1559.0089528386943,1587.6546882152657,1618.466545866351,1610.0179640742094,1599.8622278005603,1622.1533990157764,1634.9983834911056,1638.8370767716663,1609.948415153342,1632.1532686566184,1666.450907738778,1668.1450497634373,1673.5565830284572,1658.9790624236914,1685.9972211660165,1706.2689236611172,1720.3533683449066,1716.6408695786674,1690.5954746388643,1696.1316324481613,1713.654224936835,1736.7556248385806,1738.6032266333073,1741.6745778295342,1747.7149767244155,1744.393142209214,1725.942031928265,1727.2248727248632,1738.9805986907627,1751.6583990473341,1782.8942518775407,1797.6029135173721,1812.3502035213091,1812.1044478063557,1820.404356097888,1852.9298985116359,1873.9516626042425,1912.9166666666667
394380,232,"Bend, OR",msa,OR,,1327.868980593769,1340.4198204629486,1350.4575397462722,1363.0918060893039,1357.7139309502663,1367.604389878912,1383.55470524568,1402.3067141860083,1409.3374653887388,1403.6565065151503,1402.4731565703114,1423.5177573086141,1441.4119181124897,1439.4310654380051,1437.7207066818505,1449.3611498824882,1478.4632421488998,1482.801022304531,1483.741404956654,1483.1838925650359,1492.3986627544182,1514.7600700725652,1520.1198518623323,1523.646245313694,1525.7410162395977,1548.1176567675525,1559.916123201412,1561.6146498066987,1554.427238019858,1564.5084170971534,1566.0569592852205,1565.8868860275468,1567.7022348871687,1563.124588346474,1569.4971948381426,1567.2750242249617,1566.8240075713668,1566.4630552662131,1576.8095893399393,1600.9596440831358,1608.8403826494305,1612.9837861350572,1616.6350413987338,1630.8747754015517,1644.0641121351334,1673.1659359279154,1677.1945668490255,1693.5832169623754,1683.8588412352203,1690.4496631204624,1694.3979916452329,1689.875682743095,1700.415689571022,1710.6294038547762,1726.683031487521,1735.961736332639,1743.7382315661637,1740.1987286190724,1755.0926547531744,1765.1979332608746,1795.9641890480334,1772.0805992004534,1788.4810853597216,1763.370076716437,1775.7150849103266,1797.573764097387,1855.2025277166001,1907.441890179289,1970.4158811016518,2025.7113081544335,2083.8506596225143,2129.915624264772,2143.1634095482946,2155.833676530579,2171.0069419991814,2228.850456031264,2290.0960920257457,2333.711507354524,2337.1219622677418,2333.40158838412,2316.361314085403,2304.70675783448,2297.8570163120544,2314.273395643116,2341.922930376191,2349.2335108509046,2362.9134156143705,2380.805243952635,2386.773003068878,2389.9804591883676,2388.739258041472,2393.1823669152236,2395.011928925873,2405.46978938909,2396.80077541944,2402.1086129062987,2393.29049508745,2426.7986983634914,2438.7596807080995,2437.7143868486196,2421.5308277812755,2414.728199178046,2414.93775982613,2420.3735669089065,2429.3454387692955,2437.1139733575114,2465.3278855220406,2459.0020505239204,2476.156948929086,2472.083304770997,2471.2285410693803,2477.4261969911995,2487.9547905221802,2495.5583997222548,2491.4613158817683,2494.0895160771097,2503.88021886885,2517.1777604574677,2518.140988279183,2538.4728725771665,2540.165972996458,2548.668008140289,2529.9186695789513,2525.3126392481568,2527.9434341493356,2535.5158660251977,2551.5493932360496,2559.8826946284244,2562.85741182909,2562.9053779056617,2567.302757912475,2571.708600991912,2582.8828276094337,2593.0442631034707,2628.4005236140956,2654.4896126737117,2678.0846314753294
395047,233,"Saginaw, MI",msa,MI,,,,,,,,,,,,,,,,,,,,,,,,,,,,,,,,,,,,,,,,,,,,,,,,,,,,,,,,,,,,,,,,,,,,,,,,,,,,,,,,,,,,,,,,,,,,,,,,,,,,,,,,,,,,,,,,,,,,,,,,,,,,,1082.0165982152812,1096.678614694741,1113.0719088158914,1107.373733379372,1107.7277821503865,1100.1047825366143,1083.49496822895,1090.7779342798801,1119.534519606297,1133.1095600338379,1159.918329066783,1178.5685966945618,1204.6541278866844,1214.388888888889
395202,234,"Warner Robins, GA",msa,GA,,913.8569286234085,913.2920735038331,915.8234772839403,912.3907528456901,910.4197052984607,907.7481188486435,911.2794013167702,913.5489613262866,915.9277409715213,917.8184247134083,917.9838563867163,923.0873366216314,919.4061489118227,923.7406790719118,924.6372636553137,932.3437793162823,933.3288489388086,937.7332454506127,941.4295783218196,942.9191692996154,944.768676632853,946.0407782977023,952.1702000444905,946.6776840263436,945.5006295919972,942.0580529774232,948.4966676261653,950.3983854621644,958.7354081949726,967.2247675005111,966.7297752530633,966.9591091607574,964.896516318206,972.3154898124983,974.4518093058796,983.4758707895154,990.6705047219555,993.6211614412204,990.6387372745495,989.919312646831,991.8743441911133,995.2984747659871,1004.3990768696376,1004.7783932324388,1015.5531058382993,1006.5103989091539,1011.0751230703138,1013.6072077958678,1023.4683787834059,1030.598464258386,1038.1509699889934,1045.1692430455098,1048.2632829401562,1049.584763717073,1050.993242416419,1059.6041722104965,1061.227315598876,1073.906342351737,1077.7468026955999,1082.054008558643,1080.7946060078784,1082.1757269234351,1091.6018934596284,1094.3139137449477,1102.4888428534173,1112.9940587589597,1121.7410697431114,1138.9920043967845,1148.3039605217507,1163.5311634093475,1164.877837859452,1176.0580771174718,1185.388891636705,1198.31756829839,1209.6727613773894,1230.041753135893,1237.6433235662098,1250.2583148847793,1257.1755219651575,1283.3388533662803,1309.0059119276857,1321.82428306093,1341.3495595505033,1362.9216878141433,1383.39538865301,1406.4785075620293,1415.7995247881167,1418.4270366472836,1420.868353437282,1431.3448889240756,1457.2195038358973,1448.1234860389213,1456.0666997357716,1464.2352181466408,1490.8946559625422,1488.235482254281,1492.1177779889451,1481.5722332877572,1498.2049789706691,1507.5457564155283,1534.081706570196,1544.9760427251101,1546.643936020746,1548.9268589104329,1543.498714296354,1547.9288674927022,1536.1570278576562,1546.5703848042588,1552.6457829979108,1577.138716326553,1578.0201052652349,1591.0551340988798,1583.570054355962,1592.2109101568333,1597.9548293581079,1612.781320026575,1613.1652602817512,1609.7913777604779,1607.4775183528927,1618.9333190056557,1627.854755141147,1636.1477130384476,1641.1295270517412,1645.3136344978225,1648.9339251426543,1649.9260050586777,1653.9771570407697,1656.9579646622658,1670.633790453786,1682.0352188993268,1695.8879445402058,1693.331560565807,1693.103558733124,1686.615312584202,1688.7897787895126,1686.9914929834486,1691.6508960573476
395151,235,"Terre Haute, IN",msa,IN,,,,,,,,,,,,,,,,,,,,,,,,,,,,,,,,,,,,,,,,,,,,,,,,,,,,,,,,,,,,,,,,,,,,,,,,,,,,,,,,,,,,,,,,,879.1538901362995,877.5503994833707,870.7921924384564,874.6805770124357,884.3711226650404,882.269733804991,899.7334748630606,906.0143134186951,919.759934818595,906.3086532181856,905.4046250819556,908.1669451915282,926.9363170930231,939.9214354142692,929.7426604711491,930.245292488909,925.2501885390201,942.5814892000266,935.1465569708192,955.071605305439,959.473178040881,973.3037798151804,989.5710925613986,989.8589297646448,987.7171048713898,979.0795631744652,996.571230184618,997.5287626042148,1001.5832780482256,996.411194141278,1012.4299444787234,1016.7398220313919,1024.2540367862903,1025.8032491489068,1033.021626738372,1039.7894721976293,1040.146951392964,1049.177892272643,1053.8637054294854,1063.8766950756985,1072.5201301246952,1079.3448681534512,1077.3656979786217,1073.1443950209487,1072.761696072839,1077.9807357011573,1075.1107621893682,1079.4997106360206,1086.779628606963,1091.1858974358975
395162,236,"Torrington, CT",msa,CT,,,,,,,,,,,,,,,,,,,,,,,,,,,,,,,,,,,,,,,,,,,,,,,,,,,,,,,,,,,,,,,,,,,,,,,,,,,,,,,,,,,,,,,,,,,,,,,,,,,,,,,,,,,,,,,,,,,,,,,,,3662.289275120355,3648.028861845288,3640.7359422079476,3728.04477437916,3734.6683738270476,3777.19144563936,3733.0098839502716,3723.461538554351,3647.896682733903,3751.1366786491353,3774.7955669168878,3907.095981984862,3875.1041781343793,3852.7749775496713,3829.636120260244,3831.493276982458,3899.7385171916007,3940.6349206349205
395009,237,"Punta Gorda, FL",msa,FL,1090.1797658519026,1105.2828856196534,1111.6528222176305,1124.9985802289589,1123.0669898445901,1132.064798092809,1132.2206683923628,1157.0401213991865,1159.7279619617334,1171.4448170709743,1166.9888176169627,1183.5729641090786,1195.8551003736047,1198.0470573733055,1195.6615626643736,1189.8457492729985,1197.3989066019067,1198.7470960360602,1211.0590855286168,1209.9113480577573,1211.2084324790444,1207.0526773044537,1213.7045116929994,1220.1586135961522,1229.4790304808146,1228.2830574554064,1252.0993035390654,1265.4940636112485,1277.5781430536765,1274.5700818946077,1273.633368132935,1271.5804891844223,1280.7407227966517,1288.7826358401346,1303.5394180088904,1304.7706047336585,1300.9532452186263,1312.5269817413216,1314.3449533286046,1318.7434907110633,1317.2137145064642,1321.86555379759,1328.4947301737793,1330.5806071263223,1337.8774911468454,1347.059660679359,1356.9360975530838,1340.4366399612622,1344.9170618557973,1355.9964320635297,1354.4962636341832,1357.2144249908729,1362.810506311109,1372.1298429500403,1376.6638570697523,1387.5383522376055,1388.9428269906098,1390.479693097612,1386.4462184601045,1408.9369839079397,1417.7316204377892,1416.5647131304847,1406.1538891537896,1400.1864657890394,1420.3373073926025,1428.4056202011009,1456.3348177301052,1471.156308064863,1485.404865799953,1488.725358549582,1506.0382564258382,1516.0934031948423,1525.0506825379393,1534.8231709399658,1548.3314901641445,1582.9464097076968,1584.8530538760363,1627.09800232908,1628.127957524551,1685.5673239116322,1742.52966359736,1798.6382509702137,1826.360316030882,1830.7194881661833,1880.3203592322093,1916.9810347237221,1943.8897225322062,1959.9377003319225,1999.354872955783,2031.248325715729,2071.8771277857736,2054.03046460149,2043.1877181031143,2051.1947382243216,2087.231823057708,2133.8510018372576,2129.160583758015,2130.646928617435,2138.1793422568708,2155.9222936517267,2171.0882156435982,2162.933637201693,2157.0517504653185,2174.6509678688913,2162.60764999198,2147.5843136411263,2106.6750040624543,2096.8527284928496,2093.485459083488,2109.5014086691813,2130.9195443691406,2122.7330676430392,2097.8747499221595,2087.129798122003,2074.568491341083,2065.5244437793963,2056.4649143723746,2075.220338959979,2105.86299653864,2098.6876905643276,2093.174031007402,2080.8388483840354,2093.8788685424097,2072.736293414008,2084.617341131641,2066.5117090362837,2072.2474153801127,2073.8973363786054,2087.2342887917207,2077.105541589445,2065.4125177238348,2066.975991602641,2073.213184147034,2075.637689063283,2056.7747068392896,2075.9306495530195,2078.6080298403704,2102.7231407231407
394386,239,"Billings, MT",msa,MT,,,1032.9273404314347,1051.3418637834425,1055.0743080751934,1055.8973774416536,1039.1878922734347,1039.002318759614,1033.563991648496,1048.9402835750896,1038.3658612131421,1037.3090031834145,1028.469824679537,1040.7810207021898,1035.0748200651324,1026.7727964658616,1017.4822655239283,1024.2333314238722,1042.4898097829148,1047.3935560783934,1056.3103645414112,1050.1186534810224,1056.9594528053112,1044.7569163217393,1052.2670880702722,1053.564012354201,1062.7507562392007,1064.2531701341209,1065.2013880260029,1069.6345801430698,1063.920712577582,1065.483375548562,1059.6175449781524,1063.278190040297,1065.3432440125573,1072.9078012056418,1079.06826038467,1078.1822227753876,1074.6639892396174,1073.0868278832243,1074.065046793063,1077.1551287040668,1082.9131508075372,1089.1200861183752,1095.125781917199,1091.6852239104905,1097.3832307602202,1102.9826453980515,1099.9630745167365,1103.5428093111514,1108.576141590721,1116.1823151543679,1122.4350378175002,1122.4700946445575,1123.1158562151013,1122.5310428515554,1124.8483367421582,1133.207923339741,1133.047707890756,1134.206877019784,1138.548135355774,1142.4015184332627,1150.5610171063233,1142.4795564290666,1151.7087547825258,1171.1954956579257,1187.583085983144,1194.1327237645164,1204.3017607793397,1219.7351733177845,1246.100219918067,1257.2722703273623,1262.3798310130223,1251.2473749036155,1263.841427409733,1293.8494592911052,1320.5989531136079,1341.0788752186227,1353.6022180295217,1364.4391258169217,1375.7043666548475,1379.2289845948144,1396.4884850302692,1397.5014817552812,,1418.4253236960194,1438.951095080671,1450.0246233636622,1450.8894239587896,1453.6413825226673,1475.074973807593,1491.3536061742789,1504.052304859665,1508.237276293272,1507.5851565850776,1520.629100307915,1546.1842589283922,1555.4376521434506,1551.1040474396582,1544.2614155775482,1555.4239153862127,1562.4689855176457,1551.7314218983754,1550.5735345784085,1546.6959953822013,1551.9467841371998,1555.2373092758955,1574.9025530678205,1586.053173925817,1595.1982215804985,1601.0344972317778,1597.0271433512382,1595.2956329661088,1600.6364812398892,1616.4026000685924,1635.5719997905278,1633.5422086375954,1639.2309556312482,1627.9540477577311,1640.1086734077926,1625.8453763336602,1653.6728778211366,1663.7895549166576,1681.3895779162592,1679.2823810329817,1673.393307531726,1675.5411520539867,1671.1836226792425,1685.2414259704133,1690.890834565941,1711.5201023398054,1703.314868237115,1717.5501615620033,1703.0336353779608,1707.2925350193511,1711.8427463542264,1727.1878104166847,1743.0509259259259
395018,240,"Redding, CA",msa,CA,,,,,,,,,,,,,,,,,,1273.7037271396414,1284.0508329037511,1279.7484722784334,1268.509989003576,1268.9175219840615,1266.588165203886,1277.8739946283067,1280.6544030285988,1298.2254849669341,1303.734186307776,1304.5202866374548,1299.5290853726237,1301.4096099563612,1302.8423289185475,1310.108705080216,1326.272725470535,1333.029933581092,1334.4149892305031,1336.7490917582381,1345.1326483289351,1346.6101344889396,1340.064507188337,1343.2323127619848,1351.5854336644684,1369.6424856969643,1377.0663960980887,1388.9367411066826,1394.5523543897655,1406.0672170257126,1420.0972020085255,1425.1894084671437,1423.459189468255,1432.8319922420026,1448.784501158314,1461.6884220476968,1473.0111558496674,1471.8263177008237,1478.7571557137355,1481.7156896378792,1486.190189084022,1488.2272630293164,1491.6640595203912,1498.644214153009,1508.8313262912127,1509.9026124187076,1515.4094640409467,1518.9485955404784,1530.3493000998549,1541.5236159493636,1550.3786486892116,1547.5106191102445,1554.9349217914632,1583.3107980551533,1594.8180361362542,1613.6618752198924,1612.6281138476322,1631.136236326212,1639.5238845141077,1633.6118240169826,1634.1880647219084,1645.0475755584928,1674.6103971869968,1710.9125526229957,1729.4046920111598,1726.0830242925485,1726.6661626738917,1737.866037461629,1762.57351924642,1759.4077144770845,1762.1871590562387,1784.8578140928491,1830.805848016159,1843.3403282855031,1853.2483335304812,1844.6501761374225,1849.6988473107492,1855.219537995082,1869.249227048593,1871.0082618489223,1876.1993312475965,1894.9024839848466,1902.9965737082125,1899.7683154868062,1871.941716283198,1883.2984107222617,1878.5376346258495,1883.1637693142393,1897.2144124194608,1905.6616969157521,1927.5861223233217,1923.6328810169632,1929.8379131423692,1925.5144969210266,1934.1784545986632,1960.0839149455435,1973.4761499367487,1986.2879940054436,1989.6013122461004,1993.0050674855922,1984.3044775216326,1986.7988711940352,1989.5327716659842,2001.7717330227495,2011.139145277537,2024.7018427581554,2049.120081878181,2057.4622883463126,2073.5671163198444,2067.005992952478,2084.948808064927,2100.6605970651794,2117.933947621596,2129.144701667588,2130.272650315827,2138.5051459549054,2141.653782422087,2143.9916105439447,2132.182364914016,2125.1245343636137,2121.922638531812,2127.9500000000003
394748,241,"Kingston, NY",msa,NY,,,,,,,,,,,,,,,,,,,,,,,,,,,,,,,,,,,,,,,,,,,,,,,,,,,,,,,,,,,,,,,,,,,,,,,,,,,,,,,,,,,,,,,,,,,,,,,,,2406.407199591339,2440.982882870322,2430.310031048194,2432.399459466344,2428.9345273416234,2409.090835099116,2427.932247454818,2412.7551528491445,2385.2850156391632,2398.5401881646926,2377.6697117501894,2411.65562297496,2417.136653254599,2423.3533847187427,2486.5755595466676,2488.4021174926256,2503.8630280946845,2477.2181314848494,2494.4942057903986,2580.1198100122824,2581.8413030867755,2584.574692537411,2562.886235247264,2529.744358771343,2539.4536751889186,2515.05937090696,2559.254108170704,2554.1431404812934,2595.867226915639,2611.0829565751305,2617.4800819293646,2595.097693666978,2625.779684547969,2645.903255722102,2690.0479674503285,2720.1715631551674,2724.6818306836917,2758.5254610011316,2719.19202839333,2750.6633899890385,2738.880956924962,2773.5582010582007
394960,242,"Panama City, FL",msa,FL,1058.05613457307,1054.9299995462109,1057.9537118127857,1062.1062701293918,1064.7579248038405,1070.0385534785403,1070.710659403418,1075.3056510562076,1078.3394391225406,1071.7592558097047,1077.6321679438518,1085.9518667654618,1094.7624820785377,1097.1726642588262,1101.931704681471,1103.4789999597156,1107.0259779273251,1101.6531736862214,1107.261768352776,1110.0949281089506,1121.5059244930835,1123.884874185384,1110.334856998021,1098.203991029673,1101.7306094043017,1115.1993011973884,1124.6401855937663,1127.5026620144804,1139.0093986381323,1152.8637620784123,1152.0039870483288,1159.8803875993103,1164.11140421858,1169.3858843530124,1157.902114963965,1159.2228117274776,1171.1687955167538,1177.9618640347564,1188.9374036347658,1187.5492058074385,1193.3467949456403,1191.2334097468429,1210.420136371536,1232.5359742199212,1244.1388686868188,1282.016206309007,1353.9264786157567,1415.7377488124948,1444.1932302077726,1460.8310654672707,1484.4454260548075,1521.8946962715434,1544.782239164016,1573.959712653971,1586.3013042576706,1587.9037533472313,1596.1253109309362,1577.2646936126976,1537.6680282753757,1497.9391096897969,1472.2142094417304,1451.5418748028796,1465.637099938345,1488.1611632886352,1492.097372954297,1512.8731628536234,1504.6736167132933,1537.406864427383,1554.2240114295857,1572.596913092103,1570.1384556319033,1567.8463094823076,1578.7576391746209,1598.7520927035346,1640.155398487176,1648.101989370993,1666.2944355920806,1657.8530253506988,1683.9757569216374,1681.0539053889406,1689.6236930354787,1724.57489725601,1752.0476785172295,1800.0876496943006,1823.9752788547428,1840.5020629165551,1828.7934084129029,1823.4704966902655,1827.540401745971,1849.1867329104596,1864.8988312198485,1888.1267880611197,1908.5557035066865,1900.211837922247,1903.4271040101928,1890.2921852286931,1904.1986166207687,1910.512570559409,1920.7952935151347,1932.3421276336658,1943.2327630180182,1949.9242452749718,1954.2705782468013,1963.6829193530166,1964.2555016480455,1960.8896046233617,1966.0044252752225,1969.900525506128,1969.6191986364547,1966.751154437543,1973.0563529634828,1984.9145312322742,1990.4871747656293,1995.092393544222,1993.6125932158918,1992.8437723651557,1987.7463296400172,1991.1632615163674,1985.3685846019416,1996.0579829053963,1998.9861790420655,2014.8680073352243,2022.501757178956,2012.028209293212,2009.0991311324628,2006.3064031353304,2011.5832188087263,2013.3965819198206,2022.7303076437663,2032.4506693726414,2042.8728869793924,2043.88596938947,2048.178842163436,2045.6715431538537,2045.4517006130943,2056.02861139704,2064.416100133028,2073.8332700005067
394729,243,"Joplin, MO",msa,MO,,,,,,,,,,,,,,,,,,,,,,,,,,,,,,,,,,,,,,,,,,,,,,,,,,,,,,,,,,,,,,,,,,,,,,,,,,,,,,,,,,,,,,,,,1125.9577706754947,1142.2751899976847,1158.1589902763078,1160.5400301277712,1144.446105878985,1153.2411124714488,1162.8812784308932,1182.1994010174365,1186.9294061024696,1200.3194557289512,1203.4675618683123,1200.0795039281768,1205.8964920040562,1203.9980758337683,1215.7172605769226,1222.9598770035493,1236.3232587715106,1241.6535952588026,1244.618368617271,1257.1255205332184,1262.0755805513684,1255.4645320767227,1245.948956316187,1252.3887147241373,1273.4283055147068,1278.4715540686757,1275.376423201218,1277.3383050015104,1282.7253340001646,1290.2228003082057,1292.1446130678255,1298.0751392943134,1309.5601361899155,1312.3646834815106,1325.6086248219724,1327.3331501452062,1333.1384668253606,1328.4373806633703,1334.3846684411294,1341.592336711209,1347.341350102675,1350.4372158915198,1358.7219695051617,1357.5116316377673,1358.3410001232348,1369.9407930668112,1376.3800933023956,1386.0078207054164,1383.183216587681,1398.4929292929294
394539,244,"Dover, DE",msa,DE,,,,,,,,,,,,,,,,,,,,,,,,,,,,,,,,,,,,,,,,,,,,,,,,,,,,,,,,,,,,,,,,,,,,,,,,,,,,,,,,,,,,,,,1658.4158302294018,,1673.415444593628,1695.6153182498538,1715.6446868751818,1733.149825319407,1721.83516893854,1744.1398159631565,1751.8995112632067,1778.3469326121774,1783.2313083426186,,1781.5158619316137,1781.8766840667547,1777.7748200021006,1793.9294002619363,1827.8062895091502,1864.9129922299255,1868.3057407257932,1855.6836755284107,1857.3383617281895,1863.5009215500313,1877.3306594363523,1887.446204924534,1901.7452511750153,1908.8214161984529,1921.4920408024607,1938.5352278599448,1923.8342324399748,1915.725152517808,1925.6757875153553,1942.1778257154153,1956.538434986682,1934.1387665054217,1948.3198087991984,1968.1845879051941,1990.2940890610557,1993.9472050594757,1988.467456584897,1990.9158819206698,2000.5941931194816,2004.196814183818,2015.620481432709,2023.0405892845868,2028.2029722275286,2054.669973041112,2053.3732831925363,2049.366704997525,2043.178373951309,2054.0499353261303,2069.7852464699968,2072.1060606060605
394559,245,"El Centro, CA",msa,CA,,,,,,,,,,,,,,,,,,,,,,,,,,,,,,,,,,,,,,,,,,,,,,,,,,,,,,,,,,,,,,,,,,,,,,,,,,,,,,,,,,,,,,,,,,,,,,,,,,,,,,,,,,,,,,,,,,,,,,,,,,,,,,,,,,,1934.7305049139075,1893.9358587839522,1872.8092124977209,1935.6560717295883,1986.7970227471471,2032.9473892760627,2038.484273226629,2074.1
394712,246,"Jackson, TN",msa,TN,,,,,,,,,,,,,,,,,,,,,,,,,,,,,,,,,,,,,,,,,,,,,,,,,,,,,,,,,,,,,,,,,,,,,,,,,,,,,,,,,,,1173.3539847619438,1219.947644385096,1237.4346201206938,1292.7283611247794,1287.5446464670752,1291.1488348363896,1302.96396054122,1326.126085389098,1337.7596744927712,1354.2104699932463,1378.60305667813,1391.4350670985102,1390.9085064795727,1392.019925646964,1403.3122587659127,1407.300233998123,1411.9781447700657,1417.2614015402046,1431.5095230135275,1445.907710768304,1464.1863964687368,1451.9343241336217,1470.7161946554907,1469.7573529896774,1501.6290474126727,1502.5582786254222,1492.6283743348297,1486.326622422541,1505.1471006036315,1532.6215802176189,1545.2468869500085,1540.5561278451917,1564.7867243288865,1564.5342463454856,1579.4984502660031,1569.9733791095484,1594.0883538345884,1586.7177498039784,1586.477149101484,1595.9987262867169,1609.0281562913488,1635.369383307241,1643.0549453454385,1644.0268394473928,1634.9940684540754,1658.393371162485,1652.3679956572414,1676.8074022855142,1661.8597517652481,1684.5386895345216,1705.4728069432629,1716.2428556182053,1712.0747009377735,1691.6758950605672,1691.1631656585985,1703.5238095238094
395246,247,"Yuba City, CA",msa,CA,,,,,,,,,,,,,,,,,,,,,,,,,,,,,,,,,,,,,,,,,,,,,,,,,,,,,,,,,,,,,,,,,,,,,,,,,,,,,,,,,,2028.6691277121583,2029.6326031546637,2058.1961356221987,2074.000258032476,2094.2494692404757,2097.0278685104354,2108.8811668661688,2119.6628825695834,2125.543838495635,2145.1563110521356,2136.423385634422,2137.9389953241243,2123.1367268334607,2159.101898752692,2144.9655422099618,2171.5051377611017,2149.522312714176,2155.450495161686,2149.7379889379554,2160.7408872203705,2172.3134588056723,2172.074697737207,2181.923674501627,2203.7720222621597,2223.1686968617696,2220.548288268327,2231.690460908864,2211.483792857636,2220.34991360587,2234.724234441722,2265.8919557767445,2290.635063922108,2279.4993375627078,2278.9208084325264,2284.8915393962016,2304.0172667185157,2310.876906748935,2292.3769065642045,2310.9889583315867,2341.4877794244326,2378.0255161176547,2365.791960546182,2353.690717486655,2336.7264613824286,2351.1522222781114,2363.4803022762353,2371.130627651757,2360.5940224317187,2364.4408251773752,2387.704413546985,2384.9953852128524,2380.2430832977034,2366.6754325896286,2382.016234859452,2391.5819436044203,2404.765766691409,2411.555555555555
394406,248,"Bowling Green, KY",msa,KY,,,,,,,,,,,,,,,,,,,,,,,,,,,,,,,,,,,,,,,,,,,,,,,,,,,,,,,,,,,,,,,,,,,,,,,,,,,,,,,,,,,,,1399.3919357734521,1407.6740740537657,1421.2451963890746,1439.378652157222,1443.6887537096532,1452.6569425862592,1437.5929532918367,1440.6057158525466,1452.7385218221746,1470.9838930406859,1478.2134267061383,1472.2559781731554,1470.065655940003,1469.8041896802058,1485.7585041857255,1486.8472375638055,1510.5857947269158,1518.4929257129459,1535.0164720214639,1536.45292957263,1523.2322964342734,1526.2718216344035,1522.5020870285616,1534.9086359056832,1532.571217067018,1552.9662006775102,1558.6659214638983,1570.0364088038698,1569.3862983843603,1572.1989406737498,1580.732393419166,1588.2738700404395,1591.9952887687482,1586.5588329179002,1587.957279002232,1599.3790283965488,1607.7177707940893,1610.6679145659568,1609.7263143084372,1609.2757464208926,1603.3223565093983,1601.548757146163,1599.9154409133162,1602.4324358752615,1612.6608605172214,1621.0571240073127,1629.0673253240543,1624.344964933641,1628.083708308339,1625.0314666922434,1628.852958379951,1632.9119801201462,1643.0336265518672,1651.8060224089634
395119,249,"St. George, UT",msa,UT,,,1160.6900055785231,1176.1177065298614,1172.1539948292664,1166.5428610281206,1161.0258247182146,1165.894084429318,1176.8817146462318,1182.8442620524838,1189.3287060840807,1201.4784600680405,1213.4491191732895,1227.0751303873988,1225.6330412859743,1221.7910157134768,1229.5698289047982,1246.4127472375683,1265.39331035011,1260.7317721338654,1266.5235340451052,1272.999125034122,1287.5035557300891,1301.690853393476,1303.0905196429428,1310.4848825486267,1311.2302175761592,1321.437626918467,1328.0288984602441,1332.390748747011,1346.0426344049836,1359.322369066963,1376.013858280443,1376.0793077005915,1380.3373312713657,1376.7616807929398,1387.5711354510172,1391.395446308269,1398.3232242668953,1402.4145401582095,1411.481091526668,1422.284163025584,1429.5422373629233,1442.3298167094893,1442.2968043998417,1453.799955506863,1449.58973502462,1452.2002935495882,1460.2783945048247,1464.9148079311335,1474.1360472020585,1480.4778170965906,1482.4507620139502,1481.8514980438147,1478.451594882635,1475.809151134867,1478.419602855169,1480.4081340130222,1490.2116857170186,1498.4072559366386,1497.2838891953888,1500.2982308264116,1505.3710101485824,1510.8538745848593,1515.07380073727,1518.438039438892,1534.8958242088827,1545.499158279673,1560.8815454079172,1580.0294274297912,1608.936144280507,1625.4660552886894,1647.6411688912367,1661.664548757757,1681.1930403983044,1699.2880040956766,1716.1629716580164,1744.609768657364,1773.9269879920323,1808.6196766886578,1833.8772853270302,1846.045845051823,1848.1945676564658,1870.9569107726131,1897.9783239332753,1908.1662082604564,1915.1284173821878,1925.9115348445603,1943.5929130832997,1949.3159947371416,1952.036194922249,1948.3461412254999,1944.0572103511674,1932.8441180128161,1943.1030252725666,1949.1510394353295,1951.9472224979502,1951.7959738408877,1957.6060316314988,1972.369390508097,1976.0126485678277,1975.6067803005917,1963.4408873117454,1967.0086698860766,1967.7597276026422,1990.3903737981093,1993.0129525145771,2009.5023475317626,1999.8725031500007,2013.9061181309276,2008.3457105398195,1991.0670013337901,1992.3574933065051,2002.4748386991935,2026.3602830882273,2023.2275996524022,2031.7082353978058,2041.5092819077684,2053.8645312201566,2043.669282376454,2042.9676442103548,2052.8729324328256,2075.4176580926064,2073.5821302427667,2074.6376326212467,2076.0935823739637,2073.1014326143254,2084.6151095728947,2089.2986924712873,2084.3709649352595,2083.778348764451,2094.329879235355,2111.3419553713593,2110.0585800329914,2107.8820166635946,2128.6100310796432,2140.7486741127614,2149.9875757575755
394896,250,"Muskegon, MI",msa,MI,,,,,,,,,,,,,,,,,,,,,,,,,,,,,,,,,,,,,,,,,,,,,,,,,,,,,,,,,,,,,,,,,,,,,,,,,,,,,,,,,,,,,,,,1030.2680573033917,1037.9781729546814,1036.0181226997775,1045.95887791162,1047.471343530358,1067.6229667594991,1075.944935142152,1083.4597144482113,1052.9699219234901,1065.871508755911,1052.913303173625,1073.4480175520428,1066.1107617844111,1072.4694710892636,1080.944664316552,1079.7587137729056,1084.4251009315867,1083.6216658441097,1106.031425197585,1114.6286536149823,1128.8327609523126,1133.3025500982342,1168.0623433574049,1171.7911552762318,1184.0176610859994,1181.027343959753,1185.603141244122,1186.3257866295282,1183.344630806995,1188.3897035265904,1185.3300485013567,1194.1908364510884,1206.4425058301622,1201.313411431345,1181.980441064089,1185.0533956519262,1203.8644016024753,1222.2393680155412,1219.3103877967096,1232.7735756532982,1247.602378912587,1256.3312444431683,1262.0651991141638,1266.1739857671828,1273.1573619871115,1290.45483786698,1309.909942031504,1321.2081114102384,1322.6314414433994,1329.8729071123892,1351.25
394299,251,"Abilene, TX",msa,TX,952.4407942670521,953.5964022539852,949.4725217860257,948.1177992130724,954.5712692166139,960.523593362668,962.072594480733,962.3102279970167,961.84384880372,960.6223108032281,964.0745976193224,967.7652370619272,974.271106094505,975.876074691812,974.2990578531992,976.7350935386685,970.6137091477651,972.3751041842663,971.5855413602376,975.8721143990233,981.4413251348956,985.5640627112736,987.7613306132694,983.8201094360542,982.8266263519678,987.8032021772924,1003.2774285087788,1010.726235453263,1017.3868096863011,1017.1501279437398,1019.1004944178885,1019.6392859185455,1021.4881901918299,1026.9927211163208,1030.6961400642283,1034.252938982783,1037.7906956440995,1042.8989824556704,1041.8452807776564,1044.8840243313887,1044.591620007916,1052.2349660357772,1055.4225503116072,1062.4529063928917,1066.8200717992777,1064.4387860800732,1067.6945551389258,1072.4228467731105,1082.5322691533527,1082.530397958763,1084.7294994678114,1087.1232830960544,1094.2909340986375,1097.2166587325653,1103.3989767752792,1106.4132421875838,1110.779749335833,1119.0746387665522,1124.323956407909,1130.0109774004673,1131.0086234102257,1138.2453135563048,1139.1675472979073,1149.1918482115857,1146.839244345803,1154.4845585889177,1157.565300571856,1165.8124245510285,1165.4342717505635,1172.3917768449721,1176.2580972302658,1190.0736410661211,1205.290101126416,1216.1994273827179,1224.0832732439405,1226.2550318188662,1238.0268408552809,1240.4981399611781,1258.20589907564,1274.2443117405492,1298.5596820276394,1313.801946361742,1331.8959541951242,1328.1056924236184,1330.0234533026976,1325.2369526065445,1341.9978996536338,1344.7940059075138,1358.2146801121678,1367.1225820019367,1375.1309472226017,1385.8577649094527,1396.2938986528973,1402.323759956775,1411.436699210406,1420.1320199571255,1438.086212267045,1449.8645327242425,1453.4567836016397,1463.4004935486173,1460.559472876572,1468.458075420289,1464.2551201550293,1460.466276804847,1462.0445037048564,1460.311632473052,1455.3736022579399,1452.751413138538,1457.6597221870925,1465.7429959503552,1472.0465619677334,1488.1427894876097,1502.3530973082068,1514.737478206547,1522.2161781451878,1540.9953495934053,1543.5142571682525,1541.9443586055638,1525.0060738864372,1524.9296291349278,1525.4271768085039,1539.9529625984064,1546.3041656403195,1552.1683774882824,1587.533528633855,1633.2548897126858,1666.8235551336986,1693.892969578023,1734.4281535568266,1785.3717371352777,1855.2669116340949,1915.7562164308692,1974.501815589269,2025.5216171510856,2093.266879177202,2161.1982978963038,2210.705422907242,2255.4249524421934
394707,252,"Iowa City, IA",msa,IA,,,,,,,,,,,,,,,,,,,,,,,,1279.0969658800855,1279.2191025527816,1274.7216496521287,1265.671371626364,1260.0080988957754,1269.6872878497525,1268.6595635021015,1259.0950960582777,1258.0568081412616,1263.852328362711,1294.0341827757336,1297.9750858751954,1305.0543243053335,1306.9624467599297,1315.1532729078513,1313.1249512282297,1316.1958880622308,1313.3138978593356,1310.8966235531636,1322.9782513703346,1323.4159002207223,1326.0538631899767,1318.8077285470458,1328.1352430208055,1329.7667930562022,1329.014533764023,1329.3594377862405,1340.049483094681,1348.56204642523,1353.2012909263128,1363.3945716675682,1363.618699569877,1366.9340295242303,1371.546364217386,1366.325529875263,1358.0644853074702,1348.5521662277172,1351.791157612838,1352.0130557423051,1367.046812975499,1371.2671092768194,1375.1267469803734,1373.6615595661433,1387.8042700436731,1391.4250715227952,1395.7831607706407,1384.6559745803481,1380.8982959212283,1397.6889535947864,1401.2052494661236,1408.6293618477928,1408.9223852238317,1423.0603030641455,1426.184430278247,1437.0740247072335,1434.5730324464555,1442.2933079649638,1444.8190295976835,1459.9382369865787,1472.3997201843526,1468.0525240977304,1475.616786755978,1481.4759047327946,1492.9437952187757,1491.794536061878,1503.7178907184957,1512.8406451605254,1521.1211701561556,1515.4084032817013,1514.6613220673005,1520.1359528147477,1533.3383226051014,1550.2875386492747,1552.633499983457,1551.3679584828726,1550.395742191714,1558.9929025720521,1567.58625594153,1577.7529642028408,1591.6929097450402,1611.7739582365343,1625.2028972797068,1623.1118692008718,1614.6329433504507,1616.0482432467452,1625.85672163275,1638.1517110986415,1647.373360280663,1656.4764611458424,1658.9718564533239,1653.2592208115686,1663.1214941075234,1683.767646965289,1702.2191021667875,1706.6624486290546,1692.2014247993436,1700.5046740209268,1705.0895007540785,1712.1191313309369,1710.327537095657,1718.441829159529,1736.357355808187,1751.3500501855974,1752.0369271579284,1744.0055646269257,1740.4970161396627,1753.8417267981001,1783.5403024864881,1790.6371642967783,1799.081878468277,1805.1532324876275,1819.5002339404532,1824.470527922571,1824.7413077476938,1831.6845238095239
394351,253,"Auburn, AL",msa,AL,,,,,,,,,,,,,,,,,,,,,,,,,,,,,,,,,,,,,1232.1981692959123,1226.957079620538,1234.9713603288092,1236.887429389931,1248.134798812112,1242.5162930713093,1248.0257454187167,1247.8043663401877,1247.0773513407396,1254.6371726448679,1257.3164694138623,1268.1953356075142,1270.0583349419317,1277.9409678114637,1282.7811916518558,1286.924849568663,1284.7482969984085,1291.7700984606756,1292.1187340749414,1297.008959672491,1307.4852432323532,1310.1266769978909,1312.1743434119276,1308.5192767077338,1310.3321652148493,1314.2661570739199,1313.953841516246,1317.2395844825983,1314.4202397093543,1322.8887670592235,1332.0656821245966,1336.1983116833142,1335.1695549699227,1335.17178327452,1350.4855138462897,1364.5443241361083,1367.8353899203148,1364.159231865754,1367.5828802599178,1378.5930156504799,1379.7917195899363,1378.824635967084,1386.2056126771774,1405.3944437621064,1428.5095633147548,1441.8524218455625,1449.3212192057983,1457.46312575991,1466.412635095415,1475.749936885055,1483.5014605846998,1486.1654861300883,1502.8951517498506,1518.1861986442457,1543.913499393318,1561.0547032560441,1570.4862292577864,1566.1195905006518,1570.2218617907242,1566.9434095375811,1592.8601722896722,1601.0623898688252,1623.3508152862607,1627.7432981398363,1649.6931489544506,1661.008106694548,1672.2489979386078,1659.349512793622,1664.3256180477756,1681.0482195858108,1689.666875008492,1709.304102421947,1699.8815027538915,1712.3816565790405,1712.7635871781886,1734.6344502782129,1745.152545928099,1758.8395999839274,1766.6420504064768,1785.2045576740566,1779.224194081256,1786.744625629558,1792.5364280191939,1812.350127171094,1830.7311415324114,1852.8393060931485,1861.2467171138005,1867.240526672682,1869.2743535832026,1875.7260915067404,1883.224874404305,1895.6414042211177,1919.2393896410101,1928.5523339763918,1941.0874753797962,1937.1517823154643,1942.0483475611188,1935.712260548801,1942.823895298911,1944.0597270728258,1949.1865001062426,1950.6645493042952
394860,254,"Midland, TX",msa,TX,,,,,,,,,,,,,,,,,,1817.496673920936,1835.4718605138935,1812.1120976587936,1775.7380096952088,1762.6513584455167,1754.274538470643,1780.5785934131761,1808.5251559641229,1872.3848802261641,1900.547855807159,1926.4381114579778,1991.2970499215028,2035.5605553458429,2057.059302041597,2027.4919534643343,2066.7010668417565,2104.2786458894407,2183.3386516193937,2212.125764437761,2239.3006616346875,2245.7054835997383,2301.801753498684,2333.936286826768,2369.003168934358,2382.6064406147607,2434.2624782729954,2483.2108807460404,2509.3392453554075,2530.117868299867,2521.932830490139,2519.8788728969475,2511.93798472992,2550.2102217719103,2542.9983742298646,2569.3526351112496,2532.1911499355856,2523.683809602286,2500.754338219841,2512.9403093706464,2503.997370678596,2489.8083344265124,2471.764171690201,2462.486888147369,2453.5752574035814,2409.291258404948,2331.892832251129,2276.6957756591582,2222.8387790005913,2176.122138032603,2121.7155046689463,2075.414468753965,2071.674267968401,2084.120206127454,2100.2896005317684,2090.1052612544972,2082.086546156241,2084.256097826786,2076.3201995508643,2093.0978685522473,2125.181226140799,2170.9463265933928,2211.119121332492,2247.553287829029,2238.861127727645,2217.31952287834,2213.1578565770947,2240.625618899992,2268.452984087189,2286.8131953826264,2297.4021613884584,2314.9447379453286,2314.6290363676403,2327.5382007327485,2325.8573227587103,2342.961449257846,2349.2974325910063,2383.3211283568135,2388.6207071435724,2391.1592157500286,2381.3190602335344,2378.8240797528165,2409.1893207601274,2419.1975878587746,2430.532212482504,2421.5775905365413,2438.8129041956113,2452.214355262559,2489.652639716722,2494.8633768730547,2515.415064241052,2525.0031146874553,2546.507129121839,2548.763848472403,2537.2469324743793,2551.6656654176745,2572.8154573398256,2578.0383112892578,2566.7804946884594,2547.1897110253444,2555.487822037672,2567.3632161768032,2570.1828874870657,2585.7980373260834,2602.7287315723916,2641.7674534275434,2632.924724297181,2633.551520861572,2620.272796679667,2634.4249300966967,2651.118461560346,2671.426112005388,2660.8238221100996,2657.254427703994,2657.64056961781,2651.9055764471655,2640.797812168892,2620.002564485553,2634.047671292589,2631.5130394677767,2634.9053999176635,2627.397814461753
394671,255,"Hattiesburg, MS",msa,MS,,,,,,,,,,,,,,,,,,,,,,,,,,,,,,,,,,,,,,,,,,,,,,,,,,,,,,,,,,,,,,,,,,,,,,,,,,,,,,,,,,,,,,,,1288.8067013211066,1342.6530388126446,1326.943632304864,1339.7470458865637,1345.0586908283817,1358.978910994143,1386.3478446959277,1400.1732988470676,1426.9175414350711,1420.9364210165297,1432.7318115840096,1423.7604656983665,1406.829501078761,1385.0007390409578,1390.0732585466442,1403.359526509547,1405.7777539384238,1416.0349311703687,1419.579150832898,1437.1124241315783,1430.0952736231234,1429.8906116129326,1439.609003905253,1459.3469330546611,1486.8950680423814,1486.205824788664,1486.9688939995945,1477.266362973951,1479.2617959657962,1496.203476698025,1495.1584575279826,1486.0099202130912,1474.3854102855437,1484.436446652077,1489.6691128736363,1495.7806110530178,1505.4327607609205,1522.3312211036578,1541.537736032655,1555.4004629824774,1567.1774843675264,1560.2597417003399,1567.8847073812974,1575.8691628254694,1595.376174954136,1598.5556653884116,1598.0664909755587,1593.6179281551222,1584.7106143555734,1582.020409794372,1571.7272727272727
753869,255,"Bloomington, IL",msa,IL,,,,,,,,,,,,,,,,,,,,,,,,,,,,,,,,,,,1132.9874267904952,1133.1156012227757,1126.5775604262114,1124.0421388445513,1117.6203678541647,1104.3997492816272,1117.3208690900026,1126.879477007952,1124.251155311742,1117.1438780355438,1118.2931690344133,1134.9262409823762,1147.0416610799334,1155.0355025549902,1137.459182452907,1137.8789867433059,1143.2175963530597,1152.8725057985398,1155.9391882677157,1152.0914354636748,1157.2004835201878,1167.9360922444234,1174.3102666217615,1172.1325325253893,1165.280148260764,1167.7002769332446,1184.8427064524271,1196.8621690129594,1200.8394589363045,1197.6773200894095,1203.8808617923817,1185.0944053991827,1189.5941319219107,1193.768612653563,1218.397626937545,1221.6509543603754,1209.7421771841248,1220.6357014232042,1242.3165665012546,1274.3164876351693,1255.21163272349,1261.7887462703816,1265.920097944588,1324.5449427208869,1349.542258546942,1390.616657565069,1387.2736505350042,1417.0568590028993,1468.2342766189022,1488.5192249348834,1501.0284101633513,1498.4914480357495,1528.698117232826,1564.8737725918566,1577.491658313104,1603.3645578832534,1624.0624787550619,1627.3324390710254,1644.722566471858,1645.6017273514772,1662.7564900789087,1658.8491567870585,1679.8199753698075,1675.8547221070148,1713.071063641462,1704.8801428322965,1745.2835646532853,1726.40172665724,1733.720908934781,1729.2035995186554,1740.8344749506273,1774.0573496830973,1768.549986069042,1803.959322678911,1789.6813786779583,1847.7031324355848,1839.1408341535378,1847.920626205391,1828.4536603228787,1834.4883406941271,1843.3795408154824,1847.677371523422,1849.2711751032703,1842.8395375140972,1866.5748118470538,1884.233670580588,1905.3100415086271,1869.1174527997168,1870.7703031015628,1893.7990920304142,1916.5627674873683,1905.8071013358904,1909.4475924628814,1925.349852731169,1933.2352276992724,1938.442001397532,1935.2527467223479,1921.992104684765,1926.200568231858,1944.060948952737,1956.2690820147338,1953.1810920824948,1954.5229336173088,1981.6333333333332
394944,257,"Oshkosh, WI",msa,WI,,,,,,,,,,,,,,,,,,,,,,,,,,,,,,,,,,,,,,,,,,,,,,,,,,,,,,,,,,,,,,,,,,,,,,,,,,,,,,,,,,,,,,,,,,1152.5516919097006,1175.3317610843037,1194.5627629620153,1197.8534109844913,1216.024392660426,1248.5888123610514,1256.3255426836167,1248.7745070962387,1248.9211396352114,1245.4415950010582,1266.7867207563334,1254.791174370502,1265.1303350479932,1260.8573608885442,1290.5650234309944,1310.8870262084572,1303.003678004424,1296.401137292175,1301.1593635218533,1324.7106884996929,1334.3059331629229,1336.8241974010225,1340.4645004335673,1346.0263537711046,1337.8256231029732,1324.1262641495289,1335.4982763563683,1350.6635528016232,1377.9967282295431,1385.7719563890373,1394.0603799711037,1390.6745278509984,1417.3124365254325,1423.5494771159972,1452.5112128369326,1448.3507832201904,1455.0129211245164,1480.4861167499726,1468.1853654069391,1461.189325120073,1455.062807950225,1461.8498335865975,1466.834889073703,1474.350561562783,1462.5435181057583,1471.2177182963974,1455.8768077380416,1472.2007800711651,1480.5
394555,258,"Eau Claire, WI",msa,WI,,,,,,,,,,,,,,,,,,,,,,,,,,,,,,,,,,,,,,,,,,,,,,,,,,,,,,,,,,,,,,,,,,,,,,,,,,,,,,,,,,,,,,,,,,,,,,,,,,,,,,,,,,,,,1294.1483540196257,1286.3313419451556,1299.7127878960027,1276.3267804941256,1276.974178781303,1297.3598344378406,1305.1718862058008,1321.535140666167,1313.4233651295738,1324.9680646082552,1318.652572743654,1300.5682365519478,1298.7672165352888,1305.1365670307518,1315.7345098046228,1328.1769301911497,1341.399471022015,1336.0421774426852,1330.6297512909287,1326.9708640049626,1339.6432449191068,1349.4480583833972,1358.4488744619016,1369.9376882673266,1367.0545442561252,1374.969131634191,1376.2328707438146,1385.8328265924574,1384.7813021987488,1390.4761904761901
394651,259,"Greenville, NC",msa,NC,860.7987926637965,860.4187572242297,873.8788012116257,865.9662292633326,870.9959639449861,877.9795203990458,885.5670874103222,884.3724819214096,881.588881969378,879.5076086259911,880.0577328447483,886.5329481997765,890.6503564350714,892.9908515991386,887.9479693209402,899.5530145938271,900.9659439523439,906.4352528965555,905.9526229945429,907.6439791800645,911.3626910236076,911.7456572423006,915.0503326674071,917.0403247160107,919.2846586825542,915.4487754337642,917.4126788802845,919.5768853257831,930.7765375286509,933.3344340854632,941.1281241039761,946.2763545802223,943.9004007010633,939.8772437152003,941.7995499989629,943.6703259252706,953.9528645945231,959.7683938864508,962.8273480989907,970.7085770057674,976.691517865196,980.0918765157913,976.0818878096989,980.5941357926031,984.4035403680949,999.7593807262172,992.8369540267681,998.3082868999635,995.0209393675675,1012.2983893339195,1018.5062924857303,1018.0451567527384,1016.2022984733564,1020.0377358870447,1028.1541574429202,1030.721537529814,1037.0404543883135,1035.4911258829618,1047.38335103731,1049.443630010349,1053.9484794052712,1045.5209577975352,1064.7945058992516,1075.9475087885078,1080.0576946404544,1070.0890649251678,1079.150995938532,1094.6278687246222,1114.1876388774863,1113.3265569837033,1115.2821695021514,1124.3502932782371,1125.5202673323386,1142.7096393388758,1138.5298156335036,1158.5642078884873,1181.599844341367,1228.029070440872,1230.2841000955025,1223.705094460225,1219.820462491139,1243.27616575695,1261.7118679595492,1262.8227797886334,1289.1612943016275,1301.906284228326,1327.2565416805583,1340.7080427405735,1351.4856718959911,1356.8900949973865,1370.9209521575094,1389.1077082009313,1397.9738056279161,1387.5388408725842,1388.903618315521,1406.5585357612524,1422.9921795232956,1434.3315263174732,1450.3274041339748,1453.0508067855135,1466.2423323928083,1455.582782126426,1462.675370815684,1464.3187561508835,1476.6716973179723,1482.5117675930671,1486.0124190828594,1495.2626542231437,1497.6380030450432,1498.9032618969982,1494.4095582773457,1498.4291003591084,1501.1965633341174,1521.0131407977728,1537.8360892793753,1555.1193588026374,1553.7780079944205,1554.4177743584717,1554.3911836594402,1547.1192614517126,1556.37991022157,1566.1787527206402,1582.3670279307103,1583.4873184221578,1577.5191855921466,1578.0416022192646,1572.6268362082317,1569.2389408779768,1576.7628101781174,1589.2572046614641,1601.2714441674234,1613.305306565476,1615.6695083655377,1620.0899355551855,1621.330021809806,1633.7726538667637,1650.9967215774034,1660.808300395257
394428,260,"Burlington, NC",msa,NC,,,,,,,,,,,,,,,,913.8413346507608,895.5799401681275,897.4817886099851,889.3708552325754,897.8675056552909,905.4886580568782,913.6890619084566,919.453120159384,920.5153250195303,927.6091877559002,927.4049471751285,931.8607673768767,933.1371508027277,946.1399439591706,948.7857405925803,952.494875597696,945.5058208188543,945.0235779182001,948.6987412089899,966.6512356132479,972.5192867691886,983.3799214280662,981.751155293289,992.2251003915667,994.0247678575464,994.1202764285624,1005.9801202529328,1013.286858480168,1023.5226332134604,1023.6874733248912,1025.4520713206825,1024.990480193608,1036.2694458152832,1044.9971718714175,1046.690497695827,1048.5132142645762,1055.4154259551099,1064.2993717351624,1065.2516907711984,1070.5977542575095,1075.6182742838334,1084.8706393288771,1090.8812250939347,1091.439630490939,1089.6510118547649,1086.0135844699755,1095.025109096493,1110.5300244920716,1132.2450848915335,1137.7016841326604,1149.277515801525,1141.8935867452524,1145.9295368043574,1154.5976987721576,1168.1658535780039,1194.0267087008574,1210.9936688572805,1240.4395568541715,1237.0492234472733,1237.225889822635,1229.5644356132207,1247.182811052949,1248.5598460980927,1272.7844381056748,1286.709857310494,1309.4656996244157,1326.8645025502926,1340.8621615365262,1367.385587343573,1379.1356444064463,1399.5903539761953,1417.2718319225937,1436.8803973500085,1450.305039944097,1474.8334392842482,1491.6400123129913,1503.1531520230876,1494.5017779505056,1500.4959205208995,1505.0623706822348,1515.249691559231,1514.2157549115198,1531.5999951464028,1530.3746031186163,1542.7314641130786,1537.6563411029601,1549.709791213146,1555.7142042974156,1567.3329967000686,1583.1703578131742,1592.5318632332162,1592.406755647086,1591.4017973316663,1598.7877719982039,1612.5674546243881,1631.5648828870098,1639.0227023332661,1659.1733267678603,1636.3985313480077,1633.7230927225005,1636.778798189345,1673.3738014554422,1681.3508752376956,1685.1133968181487,1670.3074501208562,1672.3702935846645,1674.7375188580384,1687.1096739022546,1697.7293681484348,1697.9732422081856,1710.4028899976968,1721.3015343587347,1726.050775712334,1705.864153157935,1708.345082373906,1718.8687273137662,1742.0949275498176,1750.9115152428176,1751.5159826047616,1745.48801390986,1743.4231480458175,1746.8929072068875,1757.6690058479533
395210,261,"Waterloo, IA",msa,IA,,,,,,,,,,,,,,,,,,,,,795.292657415174,789.2933164802732,797.8597461794117,793.0048342698339,805.292776844164,796.4096147678239,825.3065172415254,824.8421438006187,831.4212285545561,809.5428962481279,807.6125060625751,813.2958067315162,828.8863368286753,838.5114127869447,829.2034911704029,827.0122118792183,824.851468803877,832.5177639466822,829.1620812287091,826.6292576958363,828.5436309254895,835.533689503054,840.7856759963797,839.3482351513312,839.5305410219173,849.9647649928555,864.9268298536092,866.0102814975648,866.6082271341271,865.1569081931432,849.9824360048223,851.8645627830424,847.8978608440375,858.7489134803089,861.3220047417349,867.5803061799489,867.2395770245619,866.5366759134133,870.4680376854634,884.6889062997318,897.5449680404688,912.0897492324721,880.0499157195136,876.4015612047885,874.7862700220578,881.3758906602725,889.7496155659827,895.6192251574436,896.3313552548086,890.3452937592945,895.2611549636513,905.6498286680929,911.8156391774245,915.1878516338697,915.7677122533472,927.5917003231392,939.27090089946,945.353885136316,941.1516025856413,934.2379830608609,932.9312249700968,946.7730391532133,960.7390737337889,971.7135882494738,979.3713595855525,978.5818949767018,980.3666159234008,981.1515068364754,985.9373732587395,979.2384096768263,987.7392359723791,1002.0326283748713,1013.7504717579081,1011.9459623513067,1003.9797575241399,1006.4676228791136,1006.312608344073,1015.8526913341436,1028.9536739476227,1031.7562287388769,1028.1963250687443,1042.393794843114,1051.980562859733,1071.6115954827926,1077.290418699421,1082.0861197389129,1080.601003555566,1071.0494303730266,1077.0786900786982,1080.4262771405483,1087.312014276971,1101.1551838618152,1110.603980526239,1109.527018999417,1110.5015543545064,1099.024224741512,1110.0216622721516,1116.8660350762407,1138.936120876461,1140.5718991109811,1139.381306126476,1138.0288982341172,1142.883756412281,1139.772934591764,1148.4833861101572,1150.0893391024856,1153.101044085251,1159.7937139101396,1156.5360745631647,1159.4778034200804,1155.0725079513086,1168.3201797926909,1176.6637043692167,1184.669010407126,1185.3314900852586,1191.1393064602146,1191.3980211142275,1199.098087098087
394480,262,"Coeur d'Alene, ID",msa,ID,,,,,,,,,,,,,,,,,,,,,,,,,,,,,,,,,,,,,,,,,,,,,,,,,,,,,,,,,,,,,,,,,,,,,,,,,1822.3282062820404,1884.6484868550701,1897.9400471629103,1959.234678166892,2040.4821377918834,2085.559465082559,2101.7696113526968,2114.006997025944,2127.311826552843,2135.830854523799,2159.151937964593,2153.169528377908,2170.2018978001734,2196.1570593238375,2240.0730899592277,2252.796893788227,2249.738328669514,2249.9692400079607,2249.7452786170593,2228.0575145153243,2235.3714836240497,2249.265863302733,2272.8342516280177,2263.2113061169207,2260.579043278065,2236.951937541518,2227.2518484201714,2211.7435940303726,2211.784461389662,2215.129582470734,2219.627120923913,2223.1756738326562,2216.2397518584894,2229.2255316545356,2232.734154860487,2240.9229150228925,2253.585295500331,2256.0850679506148,2270.73484175532,2269.109873553795,2271.2646683961248,2270.9371891985725,2271.2252318832834,2284.629579634433,2288.9316055295403,2289.8541516490272,2280.0114678482005,2293.410320831975,2295.318350224824,2306.7467733355284,2308.170374014635,2302.8692310328947,2295.068648480962,2300.3003034463927,2304.330747336494,2303.5974420097923,2310.077419240711,2308.8979551881994,2318.722996650192,2316.976202667527,2320.7969476363587,2327.297087383587,2333.2625040502044,2355.325924060863,2376.3027535642314,2388.8425925925926
394553,263,"East Stroudsburg, PA",msa,PA,,,,,,,,,,,,,,,,,,,,,,,,,,,,,,,,,,,,,,,,,,,,,,,,,,,,,,,,,,,,,,,,,,,,,,,,,,,,,,,,,,,,,,,,1808.7786639942615,1862.3084219718137,1843.8298804184567,1819.0923037082687,1796.0018280895654,1837.6597131278274,1835.7960082068876,1858.1078042074537,1832.67120402254,1855.4059966727868,1857.3010808845524,1903.7811662467595,1894.0214772407558,1897.2917465245696,1894.781545493743,1899.9396398251138,1884.3823502306866,1883.2064937104774,1929.4081594479396,1966.7105669648467,1993.2470438430707,1989.6885431086705,2009.0393996632956,1975.0297475315965,1967.9655489726774,1958.1581053807486,1984.460135786971,2000.7685284119314,2001.4101208360173,2024.7326844296535,1998.652141255265,2000.2253581809703,1996.314852901171,2010.6131237217896,2007.069399300023,2001.4546539700023,2006.5290283573422,2017.0053741806296,2036.5711684474736,2043.8312078033778,2073.240216537354,2067.3238283924343,2085.4387096702326,2083.0618100102224,2098.5445818663084,2106.572909417346,2123.4662087811275,2160.3677463803915,2187.5328910928333,2210.5329184467755,2212.1901709401704
395007,264,"Pueblo, CO",msa,CO,,,,,,,,,,,,,,,,,,,,,,,,,,,,,,,,,,,,,,,,,,,,,,,,,,,,,,,,,,,,,,,,,,,,,,,,1213.6276221251496,1237.8851051481352,1247.141713261869,1240.1102497700026,1257.8826923763743,1267.834810345211,1277.77377578061,1282.6158035383162,1302.3680007996845,1318.5925476121677,1348.635824760482,1350.7756723761486,1357.8765531898,1356.8458364186222,1364.8645246611118,1380.2679252508392,1395.1488269322338,1398.5512930745756,1414.9615727988553,1418.6339989466712,1418.2539144424684,1417.9965068267186,1417.3339609897325,1438.7934911507923,1442.0073870006381,1454.4139744990641,1448.7620577629727,1457.0058282792731,1448.218052061599,1454.791359853815,1454.2794103033903,1456.4409078590827,1472.393231607444,1474.077900891903,1483.029270209844,1471.7622115488905,1483.0999946035656,1497.507722889383,1511.2099608266067,1509.424581617473,1509.0062270880612,1515.2235009457283,1520.3390868415393,1534.0461578046627,1544.6288095516509,1552.8329045110972,1543.3431323284226,1528.8677039488311,1519.887532990453,1529.4818070982008,1547.392476705921,1553.4174254309262,1562.393927406026,1561.3019326917206,1570.3083614726281,1569.8955021411125,1564.8183212756655,1568.601929951912,1581.2958765536353,1604.0940673741084,1614.928948912438,1607.5211822096426,1596.9940996920777,1599.9148564466523,1603.2801940142201,1607.9333450022589,1606.2837418300653
394392,265,"Blacksburg, VA",msa,VA,,,,,,,,,,,,,,,,,,,,,,,,,,,,,,,,,,,,,,,,,,,,,,,,1206.1781821508102,1206.8979830975045,1223.3844418619553,1239.8992264598824,1240.7495630413298,1262.1763820618373,1260.5078209622038,1264.605827364849,1268.8082113651053,1270.8171633465727,1283.9311731733633,1287.182859004203,1319.0139281164165,1347.528697053304,1353.5192070605083,1328.9414819834847,1307.0286066509846,1302.7453131759362,1298.3909525402403,1320.2045993472382,1350.176170780745,1358.314142822214,1365.914191913494,1369.0213074933488,1365.4502454363405,1344.7421735489322,1355.9164467953876,1378.5539874088172,1393.573845147694,1396.0836910783291,1421.6159581084228,1438.0745289010467,1444.191902783496,1436.7668531829906,1427.160755562957,1445.388401459661,1472.1314902298304,1491.6517884630111,1504.8799030912728,1494.9068496344175,1518.9469447271533,1531.8313456669764,1534.4042998043549,1531.627097617302,1543.6975550515251,1556.392019787524,1573.741341794025,1567.8496197301213,1588.6376343929667,1597.9369677745278,1613.9904224071913,1618.8466653334979,1628.0933768223952,1635.824513093436,1642.0974493108858,1637.4096478702447,1628.0144514471776,1632.1216489507415,1655.7152653932264,1683.2986509011325,1682.2676349723474,1686.341243188299,1685.8822973109616,1712.975444648457,1705.6606017221366,1714.603487667569,1704.7849873352918,1724.752571869061,1707.5924453736088,1726.5630982345065,1736.3802073539803,1760.076312044707,1750.0798745221882,1751.4908106621763,1760.6775367767266,1776.2351478915266,1792.837762021431,1788.2062795726285,1790.5155588507412,1793.9921687272022,1825.6557174977784,1822.0848692491957,1814.8855708734902,1799.328944609529,1818.4551885981552,1829.194092071528,1835.4555967638244,1826.1780061926377,1831.5453351633894,1845.6499194581324,1864.4324686396296
395215,266,"Wausau, WI",msa,WI,,,,,,,,,,,,,,,,,,,,,,,,,,,,,,,,,,,,,,,,,,,,,,,,,,,,,,,,,,,,,,,,,,,,,,,,,,,,,,,,,,,,,,,,,,,,,,,,,,,,,,,,,,,,,,,,,,,,,,,,,,,,,,,,,,,,,,,1391.5049842325811,1404.846406655927,1410.1312808632856,1422.25
394731,267,"Kahului, HI",msa,HI,,,,,,,,,,,,,,,,,,,,,,,,,,,,,,,,,,,,,,,,,,,,,,,,,,,,,,,,,,,,,,,,,,,,,,,,,,,,,,,,,,,,,,,,,,,,,,,,4202.230449165489,4119.883873093519,4071.006280656949,3987.9257726981004,4011.034384268111,4094.1908521632404,4179.253362256605,4303.9657387796415,4254.167415787291,4272.009991359979,4360.714487304368,4407.322093656067,4381.190848125089,4390.986706454319,4568.780512615515,4660.611900308393,4667.128394699203,4598.77393977124,4631.927337093857,4578.573477803493,4505.447693545167,4417.497932307855,4388.407120009014,4463.973487119152,4584.051417739041,4547.600795452549,4479.349713610904,4370.6505891433535,4391.891099197897,4374.216694139005,4365.861805344365,4356.774465698477,4441.897840325,4491.012519695107,4475.345439963121,4395.507553621035,4318.515244778037,4372.224558286602,4375.185551065812,4454.469871083408,4453.500770189109,4504.433595204848,4508.820105820106
394720,268,"Janesville, WI",msa,WI,,,,,,,,,,,,,,,,,,,,,,,,,,,,,,,,,,,,,,,,,,,,,,,,,,,,,,,,,,,,,,,,,,,,,,,,,,,,,,,,,,,,,,,,,,,,,,,,,,,1338.5486718368286,1337.1841309061745,,1352.0147275589381,1369.3161350104808,1357.3550754648575,1355.8640024500726,1384.853273649231,1373.6317895162547,1367.3355328402015,1319.052429191619,1362.6754952731496,1391.0876892272297,1425.7530784841542,1410.317462681719,1403.4903262218224,1399.0504450416615,1435.1012351249883,1447.6122963673213,1468.0123484382689,1463.5016176606273,1467.9526918759652,1471.2695205228415,1487.521941677728,1470.0368459935344,1478.7609208703313,1479.1124272556833,1520.3792825521662,1532.4084026377618,1536.124059265137,1548.2239134173399,1544.6031629026631,1571.8536370091872,1595.5571507604152,1634.5355290314026,1613.2351075679612,1623.64095063935,1620.9914024695818,1648.0764992969875,1639.1666666666667
395170,269,"Tupelo, MS",msa,MS,,,,,,,,,,,,,,,,,,,,,,,,,,,,,,,,,,,,,,,,,,,,,,,,,,,,,,,,,,,,,,,,,,,,,,,,,,,,,,,,,,,,,,,,,,,,,,,,,,,,,,,,,,,,,,1246.209825773266,1251.813352415391,1235.2018381994271,1260.2324464332983,1260.954909306149,1276.8270885555003,1263.3529575943514,1268.5590162203025,1279.5670662409643,1291.3555276376944,1316.8300873530295,1323.0346577898208,1332.0701655296175,1309.129270126135,1312.69899503459,1318.3194996289947,1344.4150848075958,1337.2720751303846,1365.9928055390192,1377.419871762151,1389.1119855656204,1374.473962471437,1359.2863722861046,1363.436691606469,1387.8009111462534,1411.5924938773853,1431.611321915854,1429.786525232115,1434.1238095238095
394393,270,"Bloomington, IN",msa,IN,,,,,,,,1119.4855078869775,1139.1535547406831,1135.2905858673093,1152.153463678322,1155.6591186102157,1150.8551736296545,1138.9251771167064,1139.8161028832033,1141.847051437456,1158.0119727736906,1158.8361061075475,1165.9722122092032,1168.1661048547423,1163.725710393295,1164.3848019672585,1169.980467484315,1179.7678135285266,1187.6405193058977,1195.118233046745,1191.7352307652206,1198.11498459422,1205.0027894757995,1201.8683286251128,1208.9261427149358,1208.161827610703,1221.756119625105,1221.7970457799108,1224.9111789752897,1225.1290419960712,1226.1960596443892,1231.9677384992192,1239.7722788424235,1243.4778769997597,1245.4348637766068,1251.1425447056747,1246.8685649510976,1249.32882635407,1259.5736823106329,1271.6588873165715,1284.5669267190704,1280.9763568635892,1287.128354249683,1291.75020334392,1298.3270574757162,1303.2172540027207,1306.4261239822724,1315.5098618960612,1325.619170584376,1336.312956119785,1333.6763666240379,1336.4063257413673,1335.4956980713253,1348.4801757866985,1354.163379499968,1358.9875193850332,1352.6577515884085,1355.0387597795118,1359.6161262908415,1361.7220170809337,1368.7387276231748,1368.4784772609503,1387.3723237490601,1388.7561223760563,1398.1681205370533,1403.3300337761784,1413.732960954367,1424.376816599427,1433.3082412831325,1430.4853173715182,1434.1144759308768,1448.7279459235256,1468.075559145393,1494.3703728601402,1502.2330629687885,1512.2907406568527,1520.6522658160216,1515.5452711920386,1515.6856495093607,1523.525881369463,1552.154032503537,1574.6593748646783,1586.5396078158199,1595.9450556203522,1609.638595874388,1616.3975134327095,1628.2014855905902,1630.4980382459903,1627.6314619239056,1637.2459765372062,1646.80135074462,1655.8274767126634,1664.0882489290339,1687.0937719226345,1706.113430251015,1702.044416853045,1695.5917053224825,1690.9876828114795,1692.393108613301,1705.3764624798416,1724.8199637434643,1752.4374949322062,1762.4437142158179,1761.7843164233518,1749.255825317347,1745.7433873632021,1756.140088239663,1779.8983888056277,1800.8949146848495,1810.0077957896222,1814.4904122091204,1806.1687603762402,1806.512613791529,1790.5945751418485,1815.633119589117,1837.6784333959642,1861.7187740105744,1864.1205456242135,1844.4380327487727,1847.1701889056628,1847.9714961448883,1857.8587929037756,1867.5544828484892,1882.716688312661,1888.8678419100856,1900.9131176382086,1889.1173427700135,1884.7977751192582,1884.367390228435,1892.9320144768487,1912.440121850985,1913.0175967823027
394930,271,"Odessa, TX",msa,TX,,,,,,,,,,,,,,,,,,,,,,,,,,,,,,,,,,,,,,,,,,,,,2032.24023642549,2059.325360759898,2070.5874927191244,2051.7738613401098,2062.4066997443097,2094.957566327424,2126.9105960531347,2113.0216442644833,2118.0133842437967,2121.2204724766316,2143.426685740081,2100.969574267481,2087.5396714145445,2058.551899113738,2046.2030780231287,2043.4042663350347,2025.635148072258,2006.3649978773194,1943.9370699323383,1923.3937305309146,1865.5821454580546,1850.654344522598,1807.076667348404,1789.7018332706498,1768.5800606004254,1750.7513333259344,1730.8388151421116,1716.1969759454864,1728.6211123403705,1750.3177738481209,1764.4818427189196,1760.4084525777694,1779.626320959897,1776.9169789874293,1803.2415321866802,1835.682694752621,1861.760060590384,1872.207843446883,1883.1318352587966,1889.57101486554,1891.4676570671031,1888.0740625669562,1896.9618623762508,1903.5874056851958,1914.3788384327222,1927.4234215631789,1944.8585841163772,1937.6648909377275,1935.4236177209114,1951.688719008094,1949.2304395170222,1968.4015949914362,1981.8863274356477,2003.6347011943733,2004.390906212414,2023.207828907471,2027.7462102118006,2037.900402069659,2016.1299977688661,2032.4818669381252,2046.1155657177806,2066.889889983759,2085.3202935335107,2095.22733289668,2100.9315929871127,2093.5845005081137,2105.9264696070545,2107.3443774053853,2126.862277640815,2125.897678086839,2135.8778770019317,2144.405492293592,2138.305065063223,2152.053665783301,2167.905568269238,2183.1345954602766,2174.596446074757,2177.8933598894423,2173.738059841445,2189.7204066523627,2183.2094102983638,2195.2807359424346,2208.9256622010034,2209.3203855648367,2220.861852031767,2209.3832005894133,2200.9548091564056,2192.3343716854642,2204.6255033607517,2212.165312237971,2218.97142053908,2211.0339086877557,2213.4574879979796,2209.2768157768155
394710,272,"Jackson, MI",msa,MI,,,,,,,,,,,,,,,,,,,,,,,,,,,,,,,,,,,,,,,,,,,,,,,,,,,,,,,,,,,,,,,,,,,,,,,,,,,,,,,,,,,,,,,,1034.4592470832745,1038.4131649250942,1031.1527220781777,1031.1779212897782,1050.1254871352396,1057.1037837912363,1083.008132296671,1102.9124513174718,1125.0093336659045,1134.4011664511086,1127.583622896151,1140.521397995876,1134.7320534886512,1133.9320631488556,1145.6578389650394,1141.1540009761302,1135.577402744455,1132.3701164325278,1153.9026227056188,1185.2902682305485,1198.8828157930575,1194.2644216336985,1196.37402196307,1188.3630471981653,1200.749998225554,1212.1150719492412,1221.7134663293782,1230.682243828994,1233.5015459920776,1245.1449977919817,1247.768548425886,1246.2994624859386,1245.3079774311,1241.0456155889444,1257.8031033428297,1257.6085538387179,1272.9034015978673,1284.0984645045717,1281.5057318673396,1292.470305595581,1304.09368337818,1310.663426422504,1307.4575491762375,1304.8856854034927,1310.7126012504996,1330.7137383474856,1334.3488236100504,1352.6303680924607,1351.9076630489312,1354.379373233527,1366.25
395125,273,"State College, PA",msa,PA,,,,,,,,,,,,,,,,,,,,,,,,,,,,,,,,,,,,,,,,,,,,,,,,,,,,,,,,,,,,,,,,,,,,,,,,,,,1552.4496372380074,1567.6521032371998,1558.113347524752,1554.3338777491429,1559.0862222735873,1568.6290787382875,1583.408802039855,1603.480470470864,1608.4970049742092,1651.790203413937,1650.3203781493182,1626.0786771047663,1612.833822796414,1631.41217566056,1677.9948746465057,1694.1507057505098,1710.7052441614558,1724.9215448010546,1722.7692504264176,1725.5916516887735,1732.2779375477016,1734.691138877193,1746.1159445232179,1775.8443904342444,1790.1788277288567,1803.6327922025023,1800.0184777373458,1817.2240595931692,1807.4362834257122,1809.8660618786084,1810.0513935745412,1817.7819623742269,1842.5555726164116,1836.8628004600196,1868.139100935391,1867.0696977682992,1891.1368589181684,1878.0467352475123,1883.9677059266871,1894.7076546363087,1919.3101907521052,1919.0045144808046,1909.1561458538931,1891.2115381127676,1901.8791549985347,1935.4833864271068,1951.426663547949,1954.3205581839286,1948.6022318417486,1958.0922682792195,1967.252712178416,1974.951363973254,1978.397390192917,1994.6781281460794,2022.1548014799223,2050.9889089294797,2047.258252512241,2040.4267432792044,2027.813524377318,2038.730483016273,2046.5234199299916,2060.278876137495,2067.0789246370337,2068.5
395079,274,"Sebastian, FL",msa,FL,1028.5449383375671,1055.7407950879394,1087.2299968594589,1087.0679869650792,1094.2452517100835,1095.914937457932,1112.206933482854,1119.3792731932908,1122.9654841554757,1141.6500987483853,1175.0495178217334,1187.347281922538,1173.229446607411,1156.6732572848148,1159.4886176601285,1172.1301083572694,1177.4934585196781,1174.8594500227832,1181.273090242274,1191.6163664749204,1198.1291546717393,1188.2415920403157,1201.520235119434,1220.528030491653,1246.894355693345,1250.348930245007,1267.183893837948,1277.6612707391819,1282.6073562048496,1280.1694626960568,1278.5125966395558,1286.7249358315564,1306.639656503204,1321.2970098658775,1327.8913602771786,1335.4438677599678,1349.8381705614722,1363.2435315359194,1350.5994216491076,1346.6855754733335,1357.3404447489231,1376.1034910889882,1392.3036878632913,1382.64540559519,1377.479156606922,1372.2311410713792,1380.145272069637,1379.6428915092074,1389.4935974889056,1400.0445688983277,1417.0852210033797,1429.2838051896804,1433.6657385094718,1436.7160736903406,1438.5962746792259,1454.2372170901533,1461.135155206706,1473.7852160728282,1473.873236205996,1479.1962246641644,1471.492988719349,1468.7125632163695,1490.5466858869925,1509.4755055315454,1523.3432114470918,1523.6259574497924,1517.450797385768,1537.3800957626606,1567.2034378002625,1605.4828020505224,1617.1465892253866,1615.0409617338153,1615.715771972997,1628.3009928173235,1668.6425840964994,1706.4524621000837,1742.0847894381088,1775.3302797032386,1851.9388637064267,1880.8888753191302,1904.308594422357,1870.4816443902573,1921.427614881266,1980.4169851860504,2072.4390268133075,2108.00837710914,2108.381297673747,2101.3806369592694,2087.9298196959603,2151.8811031775085,2141.658484847724,2175.9097717132213,2149.1587600237303,2215.5493226102176,2213.833901785886,2206.094225925758,2188.5870548114344,2200.5454020911357,2230.823792969046,2239.4001941220445,2269.84080182899,2206.915325627535,2211.0452309445673,2213.4901724130737,2293.674823678582,2297.818888537457,2306.346334309039,2306.7925585336757,2305.069464288269,2315.157121871445,2325.5389713336485,2332.389499278288,2328.7428329329555,2343.5859656423704,2358.3166882140326,2351.838534574416,2338.1929441218,2326.1624921491675,2351.835774535309,2389.7161459872577,2394.579840149679,2369.6495262836033,2330.442974129545,2354.1407612450225,2379.2584757160903,2373.579357981746,2372.616045484101,2380.782423395819,2368.3426867434614,2374.9714763998677,2362.045835427099,2344.915627236782,2354.8584334741436,2377.0199528860194,2407.6035897105007,2396.6369867696035,2385.5339164034194,2405.400265369306
394814,275,"Madera, CA",msa,CA,,,,,,,,,,,,,,,,,,,,,,,,,,,,,,,,,,,,,,,,,,,,,,,,,,,,,,,,,,,,,,,,,,,,,,,,,,,,,,,,,,,,,,,,,,,1974.8516476311308,1981.5227629268898,1979.8576769011897,1995.7053030595712,2014.2803375524197,2064.7352673056666,2073.8787134781273,2084.2302969127136,2057.3669677898065,2077.300005898173,2047.846110966912,2066.5600367069756,2054.136447161352,2078.0237250530586,2071.0505384590033,2076.639105714567,2110.719214806136,2135.6761320967944,2163.5412740438255,2205.138194982357,2198.16995862269,2199.814273923913,2173.4633897953295,2177.3254900732645,2205.612577341994,2187.8543183467377,2185.929652068108,2168.3909748290157,2188.7873135146333,2213.4422624693725,2246.9325307331173,2237.1649218919706,2240.7807163135258,2237.753156956992,2270.5623546841116,2263.396174833838,2267.881626771804,2287.5522085038733,2312.458214161436,2339.1294994493587,2321.990929276583,2299.992296474415,2281.121690075713,2288.483403293655,2316.011143034187,2335.133139409098,2350.0885441573887,2373.124074074074
394523,276,"Decatur, AL",msa,AL,,,,,,,,,,,,,,,,,,,,,,,,,,,,,,,,,,,,,,,,,,,,,,,,,,,,,,,,,,,,,,,,,,,,,,,,,,,,,,,,,,,,,,,,,,,,,,,,,1325.1525394135977,1320.3388625579128,1337.4526011574424,1346.3445495020487,1365.3619731336032,1366.9077412346817,1382.6658002623346,1392.4091955253991,1404.631896064238,1414.5590504371762,1424.2828488414418,1441.4636709127872,1441.0955125824742,1466.919797223971,1456.1852861808404,1451.8601842690764,1442.8594073960942,1446.5316553242255,1460.818827550962,1456.7407426883021,1470.874861935279,1467.6689974416472,1478.3098762090667,1463.2243838337824,1483.006308814209,1488.434411510846,1501.4578009618817,1511.9307303024684,1509.894241611891,1517.8123321440446,1512.1733297925898,1523.541027788497,1518.4495766916634,1528.6096719410928,1527.0765263375697,1541.1776590650304,1534.6993212972957,1531.8339518855698,1535.4174677050958,1537.9124317685362,1549.7020558336658,1551.5714285714287
394453,277,"Chambersburg, PA",msa,PA,,,,,,,,,,,,,,,,,,,,,,,,,,,,,,,,,,,,,,,,,,,,,,,,,,,,,,,,,,,,,,,,,,,,,,,,,,,,,,,,,,,,,,,,,,,,,,,,,,,,,,,,,,,,,,,,,,,,,,,,,1588.372993109707,1610.5188519373128,1637.290731289453,1622.3589530766112,1610.4043996170803,1593.3927124017916,1602.0955238699296,1608.9919802744896,1608.2239858838805,1601.8689132906597,1600.3332318282903,1612.885818143903,1618.8346820332838,1622.088520044759,1612.1247493909618,1641.7231978048942,1665.1690947996074,1699.2857142857144
395193,278,"Vineland, NJ",msa,NJ,,,,,,,,,,,,,,,,,,,,,,,,,,,,,,,,,,,,,,,,,,,,,,,,,,,,,,,,,,,,,,,,,,,,,,,,,,,,,,,,,,,,,,,,,,,,,,,,,,,,,,,,,,,,,,,,,,,,,,,,,,,,,,,,,,,,,1988.6636144193471,2050.720215111539,2063.1705679990996,2086.033750165989,2061.7060382545656,2049.5833333333335
394703,279,"Idaho Falls, ID",msa,ID,,,,,,,,,,,,,,,,,,,,,,,,,,,,,,,,,,,,,,,,,,,,,,,,,,,,,,,,,,,,,,,,,,,,,,,,1354.7659880378676,1389.3555600209663,1395.2882148976696,1458.00510121651,1471.7334803378953,1511.044583444083,1521.0520964810974,1551.8009423588958,1564.3265534980883,1599.033698772286,1625.3832465417122,,1663.664082491653,1666.601859063636,1684.671695237356,1674.6884092969358,1695.4302417512265,1704.464807108974,1708.5505121915512,1702.1943217354922,1714.6660294851579,1712.0037680347446,1712.3413275240339,1698.586638346455,1709.4687111668818,1716.475435369044,1719.5216105874279,1713.771941343595,1705.6605119909411,1707.6582349183104,1712.9011474301742,1730.8275190801596,1736.9829834166403,1745.9439070395276,1740.8664049576348,1745.7767118890952,1735.3194598373839,1745.800335857894,1754.8797959128249,1771.801610808883,1777.7304217886551,1774.2824511643869,1778.388090223877,1772.9815505130055,1780.0835304911304,1789.9235722945384,1800.7126919565255,1799.3544201719392,1785.6515318710622,1788.3147015310626,1787.613646851194,1796.8926668059753,1802.5220083229067,1805.3644061469674,1806.2162318991698,1810.188629138653,1807.0474630739068,1802.6751473860106,1803.8405263528516,1812.6999497143604,1832.3030473127033,1831.1285624058628,1833.3195143946632,1826.90827851208,1827.9440612989981,1834.1248013400975,1837.5555555555557
394639,280,"Grand Junction, CO",msa,CO,1041.9769993274465,1049.2962702583766,1044.314600682291,1044.2762571457936,1045.7981159862122,1051.6847297653562,1053.451076000353,1048.4331042349754,1052.6522791842356,1058.8733696670472,1065.0854056975095,1071.6435606828288,1071.8906289266138,1072.4734304067322,1073.607832770986,1077.4438980122804,1082.8975165279628,1081.428714082664,1085.937305545945,1091.3300925583355,1097.8850140320235,1096.9085980226944,1095.7813014529233,1086.6404594632727,1091.896837704347,1095.025725856557,1111.179578623193,1115.7462380705094,1127.1810100652383,1134.2329055155008,1142.082315437134,1137.3872923000592,1130.5681409241347,1137.1297588360733,1153.290525388631,1177.7803622349204,1181.320046138651,1183.3967824363067,1182.9023254629399,1191.5292154627077,1197.9645409226357,1208.5380823981595,1219.8899965897112,1233.47403156565,1240.2582351985266,1257.2144472069722,1259.0592172368354,1264.2812026110598,1261.0535855744172,1270.903311772187,1277.8306569321317,1283.2985166092767,1286.921568105885,1291.2682188003914,1293.622442068225,1301.006566274953,1314.6020920887981,1314.90376419307,1322.3637503964394,1324.9753398583405,1342.4996643925115,1351.3363464104455,1341.6010470677118,1328.3512180202204,1325.5987469461606,1349.6401543123045,1367.0690076615545,1363.1725404003969,1367.1545097485855,1383.3634387827049,1407.1264423034643,1426.0796722929774,1444.9191177890402,1442.036292794133,1471.9104787266426,1490.89162410222,1514.5390628850666,1524.5269298778744,1547.6757786133492,1577.9789115777107,1601.1278849041153,1592.0068128220832,1615.8857535485674,1624.525723815853,1636.8089051356224,1648.3334446496904,1655.2458041157524,1682.9198316518384,1689.1661253108673,1708.8164612789549,1709.8912183363484,1714.6218190981376,1714.4234500152772,1730.9435063001379,1732.5424701842915,1747.9157080594784,1760.3348450643025,1764.9903288510943,1752.8836210376815,1754.769694098133,1768.8735641425048,1783.0180444824553,1786.3196195810826,1789.0632144634137,1793.5464252453737,1832.1437914437938,1834.389686663527,1845.866693136454,1829.9297532869462,1859.9276933615693,1891.7785311804864,1901.5544925256988,1909.4985968622664,1902.5951489128163,1919.8308944800585,1932.2001815362619,1947.7589319108665,1950.0255800476389,1966.8241536031758,1971.4587977591873,1995.085446644953,1993.991059389912,1999.3548108317643,1995.5655358459728,2005.8109802031074,2017.7349826074121,2023.1407157158271,2031.4145396200254,2037.585833847587,2033.533182818378,2039.3967421390678,2047.2656465333148,2054.914026109128,2059.5558648838974,2062.4723754800484,2080.0166261229597,2085.4734225176758,2096.520061728395
394563,281,"Elizabethtown, KY",msa,KY,,,,,,,,,,,,,,,,,,,,,,,,,,,,,,,,,,,,,,,,,,,,,,,,,,,,,,,,,,,,,,,,,,,,,,,,,,,,,,,,,,,,,,1338.0501172893935,1333.2666317614737,1314.9885500401065,1312.9478633201616,1339.1631276966925,1358.0210028990416,1362.6247942885598,1399.3603673988953,1420.8503690737616,1416.1133588007954,1425.4013289727072,1439.5377432815599,1471.945759290469,1480.0336799422598,1491.2481628176652,1523.9282717839274,1538.0235866060582,1554.2935893349775,1562.3507612438607,1554.9224968927965,1570.2733705422356,1583.1539951496807,1609.439278593902,1607.9336563573204,1588.5345224773646,1607.4811768022423,1622.3970150247378,1637.4756265034705,1616.715763649412,1611.1276286969846,1599.9165257933662,1603.6064806731897,1603.8456278245787,1627.1746516406758,1618.9895166605597,1620.6081958354873,1615.8178181203841,1610.065881234574,1618.5687852449382,1616.9378885982853,1628.1748695242766,1633.6929497040364,1649.5137724748893,1653.52930410394,1651.660446799819,1637.7108540705963,1638.5595203907587,1642.6769134231088,1655.7157444520803,1657.179884794834,1648.6765881368942,1641.932106795437,1644.277777777778
394917,282,"Niles, MI",msa,MI,,,,,,,,,,,,,,,,,,,,,,,,,,,,,,,,,,,,,,,,,,,,,,,,,,,,,,,,,,,,,,,,,,,,,,,,,,,,,,,,,,,,,,,,,,,,,,,,,,,,1641.6050888551379,1647.8816010029045,1630.7101434134136,1636.47728354258,1636.003328678988,1649.5141999225718,1682.2836286410075,1695.1844130794805,1701.663355410287,1710.097622334102,1695.958639353444,1722.557462713398,1719.0768674831777,1722.0977396116132,1719.9865367571983,1721.204259654943,1761.373245870166,1783.7547969447946,1784.062061950095,1794.6831398898187,,1809.264520718273,1811.7944604684703,1857.1618489810653,1863.3120894219937,1883.0156086342606,1865.6796747168553,1876.8037730523974,1870.223130664913,1867.8756000073429,1871.8974316494146,1878.7625664232287,1895.3277600406159,1903.4184696982002,1928.6818636960757,1907.3192596711422,1930.9391554455565,1939.6302839012146,1985.4365079365077
394873,283,"Monroe, MI",msa,MI,,,,,,,,,,,,,,,,,,,,,,,,,,,,,,,,,,,,,,,,,,,,,,,,,,,,,,,,,,,,,,,,,,,,,,,,,,,,,,,,,,,,,,,,,,,,,,,,,,,,,,,,,,,,,,,,,,,,,,,,,,,,,,,,,,1661.1817387055153,1682.514534800385,1684.5252627079676,1696.9705281389338,1685.331100801582,1687.53605647853,1692.3762060622128,1705.2545218373418,1717.25
395066,284,"Santa Fe, NM",msa,NM,,,,,,,,,,,,,,,,,,,,,,,,,,,,,,,,,,,,,,,,,,,,,,,,,,,,,,,,,,1899.8558964592664,1889.9464699020023,1875.2860272227172,1890.2621903162487,1915.05554915196,1915.8133693501666,1897.559535428571,1900.3346395198143,1895.799584460793,1891.5150218227488,1899.6295923319842,1916.3581648489915,1983.134339992474,2015.5439904300972,2073.342997810808,2068.160016002135,2077.9729557600676,2100.5149006184,2105.7643048552613,2133.973175503861,2170.0789211499127,2263.0156196747203,2297.9406352599894,2298.1836163771754,2251.8875315553187,2249.811773534709,2258.370791089089,2305.5742654504616,2350.518711219301,2369.8393143725284,2427.3890695369305,2427.6173803574943,2454.462486369612,2425.4543523191032,2459.7115565080608,2494.890388834056,2530.1830342873886,2538.653767493056,2558.3099608510533,2563.9654045091693,2558.981347336796,2560.854686090257,2589.4128013549557,2635.2064023798944,2645.3050957766186,2601.530803121015,2600.1350781831657,2600.480993828199,2671.5996760598755,2694.2034400465436,2716.8507089821574,2709.9445850945012,2711.706179845683,2739.339786169632,2732.4228667378557,2731.2433977245873,2714.838892072284,2761.7376681704013,2765.96787743734,2798.887697616739,2739.700584860018,2782.7546612097244,2764.223548433386,2808.8087452590908,2788.2156557440094,2819.546240738098,2827.032554727255,2865.1866398449397,2866.6515772336334,2883.5515667313557,2899.8289773982306,2892.7294398321274,2921.812919263518,2899.595096891322,2922.8900717387337,2911.718876399768,2948.903080033085,2930.939909208246,2941.1282751150225,2921.4788741075595,2943.3378787878787
394493,285,"Concord, NH",msa,NH,,,,,,,,,,,,,,,,,,,,,,,,,,,,,,,,,,,,,,,,,,,,,,,,,,,,,,,,,,,,,,,,,,,,,,,,,,,,,,,,,,,,,,,,,,,,,,,,,,,,,,,,,,,,,,,,,,,,,,,,,,,,,,,,,,,,,,,2547.2212290940915,2515.545118235721,2584.2111039056604,2566.6666666666665
394314,286,"Alexandria, LA",msa,LA,,,,,,,,,,,,,,,,,,,,,,,,,,,,,,,,,,,,,,,,,,,,,,,,,,,,,,,,,,,,,,,,,,,,,,,,,,,,,,,,,,,,,,,,,,,,,,,,,,,,,,1168.9361934299222,1177.9803001234502,1179.3327448044377,1185.516341826432,1186.9579936717646,1176.6190625689399,1185.3518943850818,1192.6522736937238,1199.21792582566,1214.316140308948,1202.220832927606,1212.3512600254417,1205.9826137852178,1221.1316363578549,1219.5184998007169,1223.6716566179514,1217.0757888099115,1227.4462988197433,1228.2617569056763,1214.541377784167,1239.1074177270004,1252.4402989081066,1291.578013131357,1263.0986881335873,1268.7731858763595,1264.332952834385,1273.7659293408676,1280.5227162027415,1292.1574093942152,1294.6038276767238,1293.823232593441,1307.867785603514,1299.6456384397084,1293.9826431756255,1274.3309734607014,1290.0702812812979,1290.0
395163,287,"Traverse City, MI",msa,MI,,,,,,,,,,,,,,,,,,,,,,,,,,,,,,,,,,,,,,,,,,,,,,,,,,,,,,,,,,,,,,,,,,,,,,,,,,,,,,,,,,,,,,,,,,,,,,,,,,,,,,,,,,,,,,,,,,,,,,,,,2144.1790924851107,2097.210455381015,2120.962367416179,2136.0279973305646,2201.6134106897834,2209.236351410519,2239.416262033341,2262.543740278687,2280.9621223196827,2299.3743629620826,,2306.426951535423,2312.5555317181816,2351.0947790191817,2344.255853692971,2340.867995574638,2315.440667017057,2326.8809523809523
394359,288,"Bangor, ME",msa,ME,,,,,,,,,,,,,,,,,,,,,,,,,,,,,,,,,,,,,,,,,,,,,,,,,,,,,,,,,,,,,,,,,,,,,,,,,,,,,,,,,,,,,,,,,,,,,,,,,,,,,,,,,,,,,,,,,,,,,,,,,,1812.5128722946488,1790.9948392146728,1789.6510499330643,1820.443702854865,1850.6494197167044,1853.9813620587454,1854.1502150747183,1861.3083341232173,1853.1351911551076,1855.042536121094,1857.7817762780944,1874.682201582428,1907.1354524614053,1943.5680115054015,1974.4445925330617,1994.1344132928068,2000.2380952380954
394685,289,"Homosassa Springs, FL",msa,FL,,,,,,,,,,,,,,,,,,889.2625101661705,892.8926601741492,900.0841401907796,905.2802793663162,919.0018142098646,931.6789131913772,943.0568336500489,939.7286059440684,946.0066762191747,963.5019075768223,976.6538809946992,987.4164367623582,979.9549086735328,998.2373129964332,1002.3567069488025,1023.6864301079491,1023.2984264004772,1023.7214762012019,1020.7757444430193,1034.5595988889584,1047.1611211791017,1057.8801381069886,1054.9545321752362,1057.1940730274227,1058.1475959905322,1052.8347253066563,1049.7521939413937,1053.4862527643852,1065.8920757558847,1067.5439108380374,1065.6038145883704,1066.036986457618,1074.556658089563,1072.238676368822,1082.8232620727613,1086.746340202162,1101.1946919529798,1110.1321268900083,1123.7734019987863,1124.5288262853749,1127.4088484897636,1139.6462882760056,1157.5778418714604,1169.0724687597606,1173.739221657129,1158.9283162344464,1159.6083152488843,1141.0638064222765,1148.2877076425586,1164.6850751108068,1187.4973916794295,1194.5577326096545,1201.9499824868092,1208.3887177767417,1217.1722372911158,1255.9163687133344,1261.067378590728,1292.2176042998283,1310.5054405591059,1352.9472418743628,1367.0505494336696,1368.800794873785,1390.3877056409865,1419.3772102753692,,1483.701120946014,,1503.5172071159288,1517.8426013048036,1528.6492988358993,1543.9492622064918,1552.027536583779,1573.5005051497096,1587.7129417988758,1587.7930030646285,1591.2524677001209,1581.4021375687414,1586.875375591073,1608.1229821291765,1622.3561777834689,1641.9566802208005,1628.4411735013418,1632.8614069322787,1638.2493811639852,1645.3573214178202,1653.814566885113,1662.2210454250544,1668.5099996281474,1682.5459094172043,1695.1321976740687,1689.1085289461382,1684.7349449375668,1675.4312146495101,1693.4949207990087,1700.611202303421,1704.5129179634603,1700.5217858549343,1707.87801641966,1708.7060369795406,1712.2507135761246,1715.0826216114212,1702.426421442776,1710.5494997824326,1711.3315076354236,1733.7661148902469,1741.3304337902202,1738.9486291574003,1732.1405209612865,1720.000723093946,1715.302024982123,1717.6946447104874,1718.0806270338098,1717.7705429210068,1727.0607391003061,1726.465535152674,1732.78989307114,1723.5246421661254,1719.6145300873318,1724.9433498044557,1735.718940505535,1753.8861809696655
394662,290,"Hanford, CA",msa,CA,,,,,,,,,,,,,,,,,,,,,,,,,,,,,,,,,,,,,,,,,,,,,,,,,,,,,,,,,,,,,,,,,,,,,,,,,,,,,,,,,,,,,,,,,1829.8100823442417,1860.4781202984755,1872.84403584434,1902.3470055814744,1905.6758715500514,1915.2626256073888,1921.598425046414,1946.3677927534097,1960.7004485759207,1958.7959863272383,1945.6138338394678,1956.1061203565193,1963.757653260102,1969.1407403273147,1968.627481604446,1978.1291521408687,2002.7476234479504,2007.1754090143356,2008.9907805072212,1977.970551664012,1987.5748503164673,1996.3642795814112,2027.0158172087465,2055.7322096921102,2064.810055294578,2089.201502316463,2087.4572650459327,2099.1950017163017,2079.315654518728,2084.11523378366,2080.675251902642,2089.2012351300023,2089.967817786115,2119.8852278650666,2136.7920330840766,2144.948087593635,2142.050009435163,2144.482495062084,2165.3574730202013,2166.0342917837265,2186.8618822504127,2196.2473966867506,2213.2741493012636,2231.4574062310658,2236.5499103252955,2220.228251936283,2205.843470172895,2193.0645472431324,2198.116491416817,2189.1452991452993
394723,291,"Jefferson City, MO",msa,MO,,,,,,,,,,,,,,,,,,,,,,,,,,,,,,,,,,,,,,,,,,,,,,,,,,,,,,,,,,,,,,,,,,,,,,,,,,,,,,,,,,,,,,,,,,,,,,,,,,,,,,,,,,,,,,,,,1255.3418755470796,1263.0891738946805,1272.734362132368,1284.5770040386583,1284.7001233823264,1276.9257852903188,1277.0215325607776,1302.848897738607,1333.7613602546053,1327.0496306922719,1340.1559062273302,1342.6190710053495,1348.2743718913725,1357.994005481521,1357.1623187221492,1366.463092745527,1395.5721203395499,1413.2737061984155,1426.9549158324273,1419.7153625879662,1415.5388620457709,1440.1680942866733,1440.2638925164404,1443.3965999910126,1442.8382449019475,1441.3333333333333
394598,292,"Florence, AL",msa,AL,,,,,,,,,,,,,,,,,,,,,,,,,,,,,,,,,,,,,,,,,,,,,,,,,,,,,,,,,,,,,,,,,,,,,,,,,,,,,,,,,,,,,,,,,,,,,,,,,,,1275.7682998620678,1280.8906219574205,1312.1660303150177,1309.7457068254632,1315.1908750256628,1321.6727533475707,1335.5552985377815,1355.2800587710817,1338.0488281082387,1354.9327340501136,1352.0383662208133,1361.6797254342803,1385.5361249951966,1390.7726359046167,1410.6578504658883,1408.9578013588987,1419.84435236389,1439.8006226439068,1449.6309950801094,1450.868829392758,1476.1357778004476,1476.8510921811835,1481.2429444820127,1470.066621672788,1474.909533761412,1482.8394989942262,1495.3442612859378,1505.664205348007,1515.7640603936752,1516.2062165482819,1513.9268304335785,1519.2269950325413,1520.0713110681509,1530.5026514160306,1541.6257238189344,1562.4604211023639,1561.1213994235225,1566.3491393812376,1554.7454023943967,1562.95670995671
394537,293,"Dothan, AL",msa,AL,,,,,,,,,,,,,,,,,,,,,,,,,,,,,,,,,,,,,,,,,,,,,,,,,,,,,,,,,,,,,,,,,,,,,,,,,,,,,,,,,,,,,,,,,,,,,,,,,,,,,,,,,,,,1314.4503671950743,1315.6008196415287,1270.653520315398,1288.9671454802278,1291.8786356193023,1339.6870009794563,1324.3494312420144,1323.4186806250007,1340.781060182947,1362.847681149007,1376.0319681034819,1361.6761295976737,1366.5133980290998,1347.9976527345907,1323.5641539826772,1309.9329677411667,1344.9039877474263,1362.0792895852767,1405.9120718993536,1418.5712349603498,1414.9945401255181,1397.6699569842629,1387.2832460682891,1389.3218489657283,1400.5508897505495,1425.4594547045783,1476.7597010170273,1489.0038767760016,1470.6369215975596,1447.2578911317062,1429.1805555555557
394306,295,"Albany, GA",msa,GA,,,,,,,,,,,,,,,,,,,,,,,,,758.2261944930309,751.6019128209217,752.9259910312359,757.2875830388936,760.1636770354227,764.3346686619936,760.0016115760558,765.8545044649636,759.5657864826054,762.8763767838062,763.2279583659528,773.2631144843374,774.0784478802493,768.5654765087259,767.6829454675244,766.6572917939557,772.4867733190285,776.6193885188612,783.4827324429612,785.6329508661254,791.9768423905379,798.2387461591243,801.4804758198026,798.3065546321042,800.123169953904,810.8594761602711,815.0915310596357,818.9740121943544,817.5740078867425,817.3892191448018,821.086984432836,823.9486390812448,828.7023052777835,828.388205610755,830.1558587041446,833.7585808764198,837.1644385933249,839.2131871771046,852.5502301341502,854.83196808361,871.6312355266059,879.5806053951184,888.123285072456,895.8178899595239,911.1372091801101,916.684772370436,909.1264412017654,899.6777061776761,911.6350020081343,929.2076991933783,949.9710173953138,963.1437188427319,969.9154327425381,979.6868421511675,992.3041259339649,1010.5836502932447,1001.3444915069132,1021.833083716997,1039.6993709748897,1079.3068397570273,1078.7337729664134,1090.314274903173,1088.5119033952801,1109.4979766060221,1118.2472709645695,1132.412042821611,1133.354841162774,1131.7026246862645,1142.172543604162,1143.4505186262713,1144.5178253308932,1134.1842797278773,1137.2395139418268,1140.363848973134,1149.9368820967093,1144.6522577855876,1147.439177583606,1151.4192226340062,1158.7376442496547,1169.481712002896,1185.7927640082962,1192.5015915729928,1206.9169071285496,1208.0125206377022,1224.2485125495066,1218.8647197166606,1217.6523365392236,1214.1670085500452,1227.3894405354322,1232.1191124506422,1245.261351270913,1250.5386322021095,1259.2260257233681,1257.0184868880467,1241.89729687513,1231.0104606419545,1229.9115391242824,1241.3224377223532,1247.722450147715,1274.0811307009162,1281.3465727108671,1292.878314271184,1291.761846496247,1294.5484497532111,1289.2126053319832,1297.3610433487197,1310.7826841531216,1328.6724459259933,1328.4727160120062,1327.4294780854364,1325.9211951771908,1310.8041336686847,1299.8434301583939,1288.320707070707
845167,296,"Ottawa, IL",msa,IL,,,,,,,,,,,,,,,,,,,,,,,,,,,,,,,,,,,,,,,,,,,,,,,,,,,,,,,,,,,,,,,,,,,,,,,,,,,,,,,,,,,,,,,,,,,,,,,,,,,,,,,,,,,,,,,,,,,,,,,,,,,,,,,,,,,1343.7369076508214,,1370.5425447275811,1385.2226905549774,1373.722856401135,1376.5953797833376,1382.1471469291446,1395.8333333333333
395102,297,"Sioux City, IA",msa,IA,,,,,,,,,,,,,,,,,,,,,,,,,,,,,,,,,,,,,,,,,,,,,,,,,,,,,,,,,,,,,,,,,,,,,,,,,,,,,,,,,,,,,,,,,,,,,,,,,,,,,,,,,,,,,,,,,,,,,,,,,1456.8044548510627,1478.4468876328124,1506.5062621606673,1520.814160909344,1517.449503744256,1485.03165705068,1471.6045838608857,1474.8589660700918,1480.6308587365643,1500.6532275674072,1522.1021761095376,1517.0018340661063,1521.7617424173434,1522.6622524053366,1523.9272338226363,1530.7202811380348,1519.4152494882683,1545.0
395223,298,"Wichita Falls, TX",msa,TX,,,,,747.8354135596953,749.1763025910283,754.0104079523287,753.8088856813357,759.4132480228933,753.4420834721456,746.1366141090077,742.7442867615498,747.0308715149423,752.3573107152305,755.5140585648433,756.1170390142923,758.8533930161001,760.7137517344208,760.2553887189908,763.6103117264313,761.7692867614418,765.1942757965111,764.7211722599745,769.1523683226841,773.5884274080316,781.4831052966094,782.8258210364128,780.6463298681157,780.6542399931374,777.0707774577207,780.8748875731392,782.6754798704937,784.4838628764525,794.7717520894232,799.8211429451653,810.4125702526424,809.8129200098895,809.4984982750234,810.9289139339659,812.9927273084347,809.8426572830259,811.0118625221256,811.5870127222714,821.7711690575295,828.3570093010359,833.4887375996232,836.9300573545531,841.2342279159064,837.2905513691053,836.8150431338031,841.5343059793878,848.2313822044982,857.4286866716011,865.4820855457476,870.681411133377,868.6317526958439,870.5434738560497,868.7330863756215,872.1786662044565,871.338574067247,882.5660609722172,890.4475579690433,899.9800649873134,906.0072842912697,910.4851502264422,905.4383369154341,909.6338349236739,918.4355418036378,930.6540753231136,934.6097341231965,954.5813912205347,967.7494037022082,984.095776814264,979.4674715418321,981.2764593425014,987.2053352734445,1001.9203130995536,1035.042081071853,1042.8171662464924,1049.4536420980364,1057.5814392510117,1075.5291411951644,1073.3999709343468,1076.2497513451942,1086.072833549297,1121.5491592122091,1129.6600138073466,1136.9147388181982,1143.5432791011774,1157.890517159301,1173.6135251862704,1182.2795600012346,1187.9097794444283,1187.2532052318304,1185.5860336187297,1184.1837995612377,1187.6906381152266,1184.4824917613796,1201.9788880689248,1216.6155168680477,1215.3926081282148,1210.3336205467217,1213.4840400924484,1226.175081123493,1227.4305477958862,1235.0985062768693,1250.101038556013,1263.791990918214,1260.491349520615,1253.5623050831534,1253.9025714740342,1252.334858431582,1263.0823911322811,1263.3198418429135,1268.7763615073982,1274.2488864259615,1275.4091162274399,1282.0475135435054,1284.6112698949396,1291.5871468434777,1296.5378720555277,1291.6638426819688,1292.399089203061,1293.5451860077494,1307.1267344366208,1309.0727910155406,1310.305458697262,1308.7183045751692,1317.1040722244882,1319.427992638101,1322.532387347056,1323.048560118054,1332.5656809818065,1352.4143554308923,1361.4278630096742,1372.3116801279798,1371.1654706750148,1385.9892646269457
395152,299,"Texarkana, TX",msa,TX,,,,,,,,,,,,,,,,,,,,,,,,,,,,,,,,,,,,,,,,,,,,,,,,,,,,,,,,,,,,,,,,,,,,,,,,,,,,,,,,,,,,,,,,,,,,,,,,,,,,,,,,,,,,1338.5385131212602,1319.146190425123,1315.9729522696878,1309.9575343535355,1313.8686953477572,1330.1049493920318,1341.5974409629737,1359.2560489044208,1356.8603474146082,1349.9514234966837,1346.1268383532579,1347.638313044941,1341.883071085169,1361.745916140826,1402.7187055754907,1421.8794442340468,1421.2766978303891,1395.7331848281954,1395.8548117963535,1400.3212900080234,1411.445759179479,1418.4375290985101,1413.484433028087,1417.0185619918354,1428.2856444547251,1429.2404901089865,1406.4567630234753,1402.9652708877618,1410.654093919965,1430.0439688128372,1436.4722222222224
395182,300,"Valdosta, GA",msa,GA,,,,,,,,,,,,,,,,,,,,,,,,,,,,,,,,,,,,,,,,,,,,,,,,,,,,,,,,,,,,,,,,,,,,,,,,,,,,,,,,,,,,,,,,,,1208.077991577684,1239.9298823268073,1271.9521355417535,1253.055811501871,1224.5710237031187,1248.2767551592972,1278.033974421357,1286.9615861101072,1285.9079128220715,1307.4132711711336,1342.0032855991096,1372.8784825452776,1351.5257794963711,1341.5352349315526,1321.719838378059,1342.888984544537,1368.0368724266605,1369.5029859323954,1365.571582604902,1372.9328929635922,1389.0376622730673,1386.350860707415,1387.11091858691,1390.9251971369436,1407.244833324236,1416.0149835853233,1434.3786308119288,1434.7218102657832,1450.0846036976986,1448.3018618509066,1463.472017780638,1464.6005960242542,1470.2871224911617,1472.6059695073243,1479.4904476360161,1496.4790156890344,1503.319362904875,1513.893627313011,1521.6872321990077,1532.554498699788,1531.5779040046011,1543.549564042307,1544.1700304093079,1554.0876769042163,1558.3062707985534,1568.1449204315204,1570.2589959617112,1563.3424390345917,1567.5526094276095
394800,301,"Logan, UT",msa,UT,,,,,,,,,,,,,,,,,,,,,,,,,,,,,,,,,,,,,,,,,,,,,,,,,,,,,,,,,,,,,,,,,,,,,,,,,,,,,,,,,,,,,,,,,,,,,,1541.7217856025547,1531.4536665891592,1574.593422483703,1577.8957370133317,1589.5814389393186,1569.6769179594821,1562.423956917909,1564.4995876513863,1547.1168660702053,1567.4057187860137,1572.2032619821612,1578.1212748634814,1568.7180431542233,1587.1368018117248,1611.7428288604578,1616.583278800124,1628.3506433223538,1635.759218219767,1642.0857234129915,1600.2550164052936,1592.421336237955,1584.8157405495674,1609.8847335291825,1621.905601598601,1634.331382764909,1640.1060693619165,1629.5907365825738,1629.2392188530714,1642.2782087495716,1654.8038816378266,1668.1780598999887,1667.228492315471,1679.8403167335832,1686.1905260035765,1674.3561878007185,1674.901691352829,1679.5941909368091,1679.4597410377062,1679.9578565576712,1690.1714522680013,1688.0714838392387,1692.3010158959676,1693.7386008968733,1724.85546045212,1736.700336700337
394595,302,"Flagstaff, AZ",msa,AZ,,,,,,,,,,,,,,,,,,,,,,,,,,,,,,,,,,,,,,,,,,,,,,,,,,,,,,,,,,,,,,,,,,,,,,,,2119.361556995191,2114.5765380494126,2131.0402019675603,2138.086503580649,2180.7684155025213,2205.041613982587,2236.421487472207,2209.739404424675,2227.193710662036,2240.858842361367,2314.869141499111,2376.388649526064,2436.822960365323,2493.4087556389186,2528.5954320319242,2542.486325883959,2553.069855357924,2540.312735695498,2542.0085774036684,2559.9713481569042,2603.0467327455863,2677.616382119995,2685.3559456348553,2665.6377125853082,2601.1657641181037,2594.6513828339293,2640.423184417044,2677.3036470748484,2667.006126494432,2666.232598168188,2674.5288498558803,2719.605168039001,2726.48019989094,2700.6802970003605,2666.8925283801386,2691.002185403359,2722.660230775237,2723.0607457027163,2684.219365766222,2702.2082197339655,2738.17030348408,2761.7136624632335,2759.8091136349476,2748.1283147854783,2727.3706061947805,2746.767412315054,2767.461304995568,2784.609875847093,2765.443004033389,2769.8041621063803,2782.765628702922,2790.4279632036855,2801.5605912445403,2796.44130071113,2800.796005652783,2802.173264373577,2821.7563233805813,2819.3962843413465,2831.3324768111934,2822.6408013536443,2846.192732764666,2854.7768358886815,2865.3347969421256,2854.2597553155942,2841.2909635239344,2845.0800930206206,2851.3589616674913
395036,303,"Rocky Mount, NC",msa,NC,,,,,,,,,,,,,,,,,,,,,,,,,,,,,,,,,,,,,,,,,,,,,,,,,,,,,,,,,,,,,,,,,,,,,,,,,,,,,,,,,,,,,,,,,,,1189.1827196148306,1222.2165810201468,1228.9343511079962,1235.7327017477166,1224.9728986749415,1259.3296714238586,1268.7140600006496,1297.1918131374803,1289.9930595563044,1311.6357842144237,1318.8107938067221,1316.170533530978,1297.26968308755,1297.1342126683357,1303.9970212089952,1330.5993993664388,1345.181001175101,1322.4473580993258,1337.754349280939,1341.8842149729978,1374.7479176012166,1370.2929296709099,1375.92937823762,1370.9737343090092,1390.7538432483814,1389.2583275390975,1407.016127661642,1398.6695776089161,1399.2598174085033,1411.088777583007,1416.0058670521448,1433.9993841415467,1436.6914425022978,1446.0984518858425,1451.1087474444869,1454.5285006178653,1458.1737481569673,1467.0688672328242,1461.5131051516998,1465.1063409162805,1469.9329121103597,1474.4988713125135,1470.3577246337456,1456.6409894973635,1446.4495827330243,1442.3533302573564,1438.6580405743453,1441.7510683760684
395000,304,"Pottsville, PA",msa,PA,,,,,,,,,,,,,,,,,,,,,,,,,,,,,,,,,,,,,,,,,,,,,,,,,,,,,,,,,,,,,,,,,,,,,,,,,,,,,,,,,,,,,,,,,,,,,,,,,,,,,,,,,,,,,,,1138.6797508836908,,1148.9709202682182,,1196.4104902324252,1199.7117904740635,1196.838940700758,1195.7442719818807,1209.567887057023,1227.9175822315965,1225.6316517264495,1236.0240736581516,1238.6101354358357,,1261.1658790437627,1241.881272054043,1242.9920445665052,1252.875545185992,1272.2264991388386,1286.1822126760856,1285.3676743158665,1289.6689309708108,1307.6265920609515,1309.074728753028,1318.700443462661,1321.8127156512855,1330.954748529286,1348.3333333333333
394515,305,"Dalton, GA",msa,GA,,,,,,,,,,,,,,,,,,,,,,,,,,,,,,,,,,,,,,,,,,,,,,,,,,,,,,,,,,,,,,,,,,,,,,,,,,,,,,,,,,,,,,,,,,,,,,,,,,,,,,,,,,,,,,,,,,,,,,,,,,,,,,,,,1538.9584029321093,1551.8406499146226,1564.9485721217816,1592.0089521375608,1599.4653071991552,1632.8436219663204,1623.9728316774115,1612.1193474627748,1600.8600250257894,1590.8333333333333
394783,306,"Lebanon, PA",msa,PA,,,,,,,,,,,,,,,,,,,,,,,,,,,,,,,,,,,,,,,,,,,,,,,,,,,,,,,,,,,,,,,,,,,,,,,,,,,,,,,,,,,,,,,,,,,,,,,,,,,1340.954852623038,1328.2476366436842,1331.414109107006,1331.3780803638856,1356.7914649187517,1357.3281253611758,1349.3464720961908,1342.7648634520008,1347.592736091487,1364.7390806451947,1387.6984844004987,1420.305877183505,1434.5228061299217,1439.1232753055592,1440.0441925473522,1423.965980399176,1409.1611516405185,1412.2493897143156,1457.047683525972,1479.2924516426228,1492.3287855001213,1474.7971500781935,1474.149995233261,1482.128420728121,1471.5084186909635,1476.3836211050302,1455.3031196924849,1490.946787600145,1505.700190184354,1515.4771984030406,1500.1039338594233,1502.0917672793164,1501.214804804702,1513.8226277251786,1517.074728380524,1515.7337300753297,1532.5141870687148,1548.3320290585864,1584.690645976209,1585.2777777777776
394880,307,"Morristown, TN",msa,TN,,,,,,,,,,,,,,,,,,,,,,,,,,,,,,,,,,,,,,,,,,,,,,,,,,,,,,,,,,,,,,,,,,,,,,,,,,,,,,,,,,,,,,,,,,,,,,,,,,,,,,,,,,,,,,,,1645.3717800595523,1650.802211795393,1688.473905049386,1691.9019349533817,1741.8886888530647,1729.0014533603653,1735.777831608357,1727.6738802869907,1722.2460451469979,1718.818843252281,1725.6280525750865,1736.7800515701758,1731.9593248511826,1722.3278059478503,1731.3311825055127,1757.584706380779,1709.3678759260652,1716.2820816438725,1719.353283722639,1761.329272325257,1767.6520029114915,1754.5143147992897,1751.146301415995,1755.555371553997,1773.2580313188093,1786.371114616634,1781.3888888888887
395232,308,"Winchester, VA",msa,VA,1201.0879250082926,1205.0762272571408,1197.9228627494335,1197.6377554949904,1187.9929588168686,1194.2076603515884,1197.292330845727,1212.9021042846107,1205.3079181249655,1200.344214094506,1198.9503531595933,1214.240864610566,1222.213049013424,1219.633299876758,1219.4921973103333,1223.3369246050481,1230.2903938698053,1235.9552153113627,1241.4351331145401,1243.2385465690886,1241.8144391135988,1243.629506266334,1243.4049783247208,1232.83272583879,1231.0365917055892,1234.741907641675,1252.5095391332677,1255.4809728131215,1267.4921873068902,1270.9122643518172,1275.1077282982108,1282.7999254530346,1289.1715596614665,1290.6794798483913,1290.6936350589035,1304.9548583329367,1320.989643481739,1327.5380521491302,1326.8778919670665,1323.1001704793239,1318.2990750366348,1316.2310136040414,1324.3554992938489,1324.5373718447163,1331.3972139209932,1339.0072767124698,1348.3129262573984,1361.3466375942749,1355.924771357504,1353.918833493612,1356.7840010079576,1368.556500127879,1376.3797754377554,1386.473972253807,1388.495849554854,1395.5214140268565,1399.353662630382,1404.4498900847295,1409.503400212073,1406.5001052940856,1415.6314656144655,1426.2222811012577,1427.9623785315912,1434.2610950684023,1437.536848127839,1450.2571332052717,1458.5590287684593,1469.4856052023404,1480.737881904812,1501.138563308137,1502.6129295704654,1514.6093171855728,1520.9381485943106,1539.8088888298414,,1554.854781271884,1581.7966006866177,1609.9802572748174,1654.0265697362001,1667.5466850950581,1697.3671288831674,1709.735076984432,1729.1002754618817,1745.3214739345897,1753.1925362944498,1759.5853315353495,1781.41221519037,1818.2978143139744,1833.4064965352832,1819.069239058689,1807.4355644285667,1812.5332061372765,1823.4432688291424,1837.3100410574332,1851.6156213553404,1867.375948572966,1885.8092730050448,1900.6950260192878,1895.0794548154765,1888.4566457275596,1883.9156058757403,1907.227034886358,1909.5581485572663,1929.8945615017808,1921.2566776948197,1931.1714575459473,1942.2304573797207,1948.6059201352114,1966.7920551277375,1963.6847582905734,1999.8152967563549,2005.4867509368141,2027.6105340402432,2031.357039214597,2039.5496823027836,2024.5879903510481,2032.8735254134506,2052.707872966822,2062.4861587806013,2066.4630657499424,2062.4892063271227,2085.3632780230987,2087.6789374191258,2087.2870904658566,2089.478483531992,2093.2862496807684,2107.3293158232127,2126.954093396811,2141.264860568839,2136.6217054930808,2138.7059577809514,2147.5044071307143,2156.0835620622315,2155.5350703075283,2155.111086630379,2171.97152764674,2178.937230419868,2188.42536231884
395221,309,"Wheeling, WV",msa,OH,,,,,,,,,,,,,,,,,,,,,,,,,,,,,,,,,,,,,,,,,,,,,,,,,,,,,,,,,,,,,,,,,,,,,,,,,,,,,,,,,,,,,,,,,,,,,,,,,,,,,,,,,,,,,,,,,,,,,,,,,,,,,,,,,,,,,1069.24261745677,1068.4675109841878,1044.0110204019222,1035.1085094840346,1029.2230830261112,1022.5
394879,310,"Morgantown, WV",msa,WV,,,,,,,,,,,,,,,,,,,,,,,,,,,,,,,,,,,,,,,,,,,,,,,,,,,,,,,,,,,,,,,,,,,,,,,,,1270.093410566243,1288.8933066399645,1292.1400436984381,1315.074175197516,1333.7006908394546,1341.7986626349202,1315.3206139860933,1307.7416831864512,1328.7954530200172,1361.018783307372,1366.8518544554656,1359.702717370962,1383.5393922893584,1393.853831409054,1410.045656597371,1396.237018657742,1412.549737226495,1414.2989626844385,1424.824846458995,1431.7218712949766,1453.1688348849939,1457.5389389830327,1477.302728361736,1482.4260683692196,1483.3351106913417,1490.1931816529427,1477.5032979751982,1489.2861844359727,1482.9300137846349,1483.6417261730903,1502.1871416319282,1522.6224257523054,1515.0212098372883,1515.8402517077168,1510.9065384632336,1538.5630577547577,1544.5119938331004,1544.9214771078327,1550.7690267632286,1545.0328173550124,1558.2482631966654,1582.1294548037627,1589.9461694785145,1590.8745185369166,1571.1087474077865,1576.6272695800435,1588.9931608667441,1613.3235654520495,1617.8685462758954,1619.2018217442935,1613.9868950701582,1629.2792168006613,1631.0045194113968,1632.8302254686203,1631.5675404471465,1635.1328834198944,1665.1044433363345,1675.2082825400146,1680.7879114145746,1664.3173637041493,1675.0255213333817,1690.6986941912028,1713.134300496955,1721.7324350527142,1735.0816674373755,1742.4024864024861
394756,311,"La Crosse, WI",msa,WI,,,,,,,,,,,,,,,,,,,,,,,,,,,,,,,,,,,,,,,,,,,,,,,,,,,,,,,,,,,,,,,,,,,,,,,,,,,,,,,,,,,,,,,,,,,,,,,,,,,,,,,,,,,,,,1551.1968855937869,1586.08648524884,1591.9026595619962,1600.4531077569634,1631.6119841458037,1673.8145333496786,1680.0356119268126,1660.1621390229293,1635.7976412305356,1687.590245380215,1655.4602564851803,1700.8216714153946,1694.7092543220988,1740.6814768631652,1705.2026182073419,1689.6497687331905,1694.143290982731,1692.7191868385908,1688.7278231325188,1703.6981919755285,1700.0340237451705,1696.1881478062055,1745.6144563234109,1733.8514533102984,1753.5234949553792,1732.1317662137023,1780.944896759456,1807.6140360369425,1810.7777777777776
394900,312,"Napa, CA",msa,CA,,,,,,,,,,,,,,,,,2391.634240819587,2411.1291517891736,2442.213447687777,2469.6438519726944,2467.6642761884086,2457.0344972524913,2442.791144594977,2468.3573468230134,2483.1781875208712,2534.6959600813943,2502.9349380143226,2502.0404154732564,2500.494500409232,2555.0620191482067,2549.3708086603897,2541.2795438868093,2508.8852737591396,2558.7046306287366,2604.9312279594315,2667.211526082737,2673.632337444731,2672.276494858751,2659.9595246849794,2672.6403462648736,2686.790804641163,2688.218018766019,2692.1247534551094,2699.4152357406374,2707.2612505118395,2709.751763248899,2708.3341567028524,2703.5222722672584,2680.8340549941336,2694.7038410166474,2740.979487288531,2750.1438506346285,2757.293444118391,2741.1548486788656,2750.5906915994606,2757.882769902617,2780.224012171743,2766.9314081477887,2757.7790637722287,2734.208632701216,2753.4356883741493,2740.2458886241047,2827.636162485128,2832.4968632668356,2826.279361985125,2843.0592636498955,2851.660013015421,2879.7652532693546,2924.384304399551,3005.008909440947,3044.6142629188766,3073.0420321200504,3061.25593110074,3043.964993450602,3025.4245696549774,3003.223320896359,3057.734246051007,3065.1626020071176,3100.876392986524,3128.4809903641876,3145.805730765263,3136.981012712354,3130.3851542454645,3151.9380179588006,3180.7843516430944,3190.5334240118464,3226.2155161667188,3275.732873532505,3312.475200960792,3322.2539551803943,3356.7172674398116,3339.4959309512296,3338.122489617246,3337.43983176377,3377.883662980814,3388.6616650192145,3387.8472817607912,3394.9084201373025,3397.5033861662214,3421.818399549669,3405.3935971549126,3425.690918768242,3387.7482610830652,3386.9888191583777,3441.8364571898737,3472.736886350932,3469.206029633859,3408.713135750555,3411.5986290263127,3438.518534742793,3456.92483484456,3449.429604539824,3459.8597953318063,3490.2151011485553,3499.0024163904004,3504.547941598624,3464.5117593930336,3458.205632076776,3473.7614825016362,3504.6789489090615,3548.9413231388767,3572.1211516747653,3589.297857380301,3548.6554711487443,3493.6677774706586,3484.085043137165,3500.5958674264666,3514.0731027597194,3534.267504746883,3543.2824356864467,3544.8207880126934,3568.187104029983,3555.3237605273457,3548.50755283488,3553.487286172278,3612.346443490367,3687.0009292504387,3714.599128540305
395013,313,"Rapid City, SD",msa,SD,,,,,,,,,,,,,,,,,,,,,,,,,,,,,,,,,,,,,,,,,,,,,,,,,,,,,,,,,,,,,,,,,,,,,,,,,,,,,,,,,,,,,,,,1599.3968519969033,1619.387482282425,1620.356573359402,1637.518011795924,1643.845658331841,1676.2512523208989,1710.3881086907502,1680.3370672553365,1696.1769222026992,1710.8497707297208,1757.9877302230807,1753.629963492026,1740.419531167265,1758.1878270595864,1762.543784282737,1771.5613536022056,1774.6220805664113,1780.2624649915824,1794.6737359614162,1831.772524444336,1817.7139031829165,1807.3392967814023,1794.5682934771157,1821.568727095701,1852.78916840589,1852.6341178902119,1873.8901621958298,1878.8338981743805,1886.719366782882,1870.6541756414472,1854.2914864485829,1872.0677864923116,1901.7207709915986,1925.3806068385636,1907.8731468120457,1901.1644611503104,1884.3370435985883,1894.255377823176,1909.8436896434316,1914.4075847023723,1921.9708635878108,1939.651805591904,1953.2762476138569,1941.482927984528,1935.1948585371995,1932.9242606745804,1955.4208729156317,1960.56618485867,1972.6332635313695,1972.3446092837303,1959.940170940171
395139,314,"Sumter, SC",msa,SC,,,,,,,,863.2210901422651,863.6957861691656,869.5225302405164,876.4242019637634,890.609167324002,899.9819689270448,903.4717748024964,903.1062334392952,903.5769170679254,908.4446548927486,910.5252192378464,910.9961875947267,913.7786079107511,918.7076221440246,916.4233951453309,916.9191543186254,912.4262153973299,920.0741379708048,919.3387242889288,923.298783629341,925.6716920399217,930.7045842912045,937.3649416353056,929.2828222302031,931.6343311417509,931.6082876968011,944.663296232618,947.7056393258966,952.6448071646713,954.333846182463,952.8141102877559,960.3363436866604,959.8403546967083,963.8745271584019,961.8885472047068,970.5371193854986,980.9837522619754,985.283606491297,989.7989274699794,979.6669670657122,978.6940278721506,977.498983005649,991.3383073269983,990.0933154203924,995.9599131017922,996.9972367865763,1002.5732658918913,1007.7538084542987,1004.919315862253,1008.042150631251,1006.0193628789118,1020.1016537270112,1027.2059740996385,1033.9500452284287,1032.4624631294841,1026.4181460210095,1033.7701835368666,1037.415598342184,1046.7822083927238,1058.1235236373961,1063.8451502806001,1068.3629939602183,1083.1876848815207,1091.7696593774797,1107.4946623285014,1102.3376204506899,1109.18152656845,1105.282285046169,1118.7053264839233,1128.5226278298812,1145.3225127116327,1151.8967171934225,1154.4653650539283,1165.2603752355299,1180.720487178085,1198.1641286852896,1196.3387319609942,1230.414658217003,1240.8328220343892,1280.097423516609,1277.1655292383184,1296.1398371624525,1298.2044252924693,1296.0628063326358,1316.1286934154086,1330.0901311071286,1328.8620908809762,1321.2258856059327,1332.665914866461,1337.6524057998588,1354.3404352350371,1348.085379392362,1367.9776790959536,1374.8754528231798,1376.2485896468045,1396.475582297905,1394.853221020887,1404.7277268423923,1411.1669352641316,1422.8100691337202,1430.9726551762506,1431.8138109630838,1434.2785096866749,1439.7011188889064,1440.316225568119,1439.3248351149678,1454.4117712820675,1459.6081250987072,1472.276285198206,1479.310335300222,1500.9003875520941,1494.0248010313207,1495.4601221086093,1498.2196058310722,1510.498115145332,1517.42307057444,1519.104632624313,1522.884190899953,1531.259809957532,1532.6995060455044,1534.6258388640413,1536.1351075258538,1531.1831338995125,1546.6636095143008,1553.9815195491508,1563.986634568154,1563.832913357173,1570.2363710870975,1578.6595882004192,1588.4037359967929,1588.1102396514161
394577,315,"Eureka, CA",msa,CA,,,,,,,,,,,,,,,,,,,,,,,,,,,,,,,,,,,,,,,,,,,,,,,,,,,,,,,,,,,,,,,,,,,,,,,,,,,,,,,,,,,,,,,,,,,,,,,,,,,,,,1888.5770275306802,1901.1168734570165,1901.8416387293137,1888.5804968172638,1902.9277603108821,1912.3065088854125,1918.1403535314953,1960.5382896624308,1986.4406203119256,2003.5114523114262,1990.1300023861968,1953.5103973714765,1969.644320167761,1973.0256735287398,1973.3493128413381,1969.6557849567453,1967.3756298550027,1983.3792160107055,2006.425225425259,2024.0103109362863,2069.35542394977,2042.0915207929359,2067.32150022534,2025.449691198826,2010.6621792674327,2018.146727026704,2028.9502950231893,2045.0745401205547,2046.4253909442918,2047.403642141354,2033.1915952343977,2017.2932281277451,1977.4717688837898,2029.054157767839,2039.441059103897,2116.982097000966,2134.1923076923076
395117,316,"Springfield, OH",msa,OH,,,,,,,,,,,,,,,,,,,,,,,,,,,,,,,,,,,,,,,,,,,,,,,,,,,,,,,,,,,,,,,,,,,,,,,,,,,,,,,,,,,,,,,,,,,,,,,,,,,,,,1081.4825504175788,1078.4899307002706,1103.5846032709112,1119.1836434905804,1161.7739799278734,1162.1869697836569,1183.0700446056535,1176.2324856325115,1200.794444482925,1177.612045223502,1180.723618798329,1183.434103628136,1186.2388423183013,1204.3915911354543,1214.9690239231265,1283.4281745473654,1269.0317336567796,1292.185497058245,,1283.2537095508137,1284.3594183659873,1268.340615011863,1292.101075742402,1307.7407116422535,1336.3216923447646,1336.4669757318795,1333.5435466276476,1289.9664767488823,1297.6974107312633,1301.7110396100265,1317.0174498316146,1341.3363895086818,1344.6802132488554,1383.6497094897184,1378.3093208764765,1382.9041738196954,1379.5
394668,317,"Harrisonburg, VA",msa,VA,,,,,,,,,,,,,,,,,,,,,,,,,,,,,,,,,,,,,,,,,,,,,,,,,,,,,,,,,,,,,,,,,,,,,1233.320902544456,1263.4745009944552,1277.361169920061,1316.1698521815476,1309.3390680175273,,1339.8691876760108,1321.9046937645417,1332.3160660938158,1320.9070704306757,1347.9633898315526,1354.991156399532,1384.0197539558883,1360.6679282530088,1361.6956544256243,1367.2892726464129,1418.4811561779688,1452.4288954112587,1440.483066113954,1477.0839327468677,1488.3052944872295,1520.7605241528968,1511.963939244744,1534.6570749557713,1559.1170551549485,1587.1724370778527,1599.0165246056804,1586.2099748542353,1579.900765743381,1578.8567093403522,1612.123790390345,1623.5944459123373,1632.8338248491664,1642.9238429998188,1655.8310631280233,1656.732545288747,1644.1167738129607,1649.574618523355,1674.5331467716912,1700.6132879694412,1690.8068855286954,1689.7185629156454,1697.491550951843,1730.8741435904517,1743.1212333093667,1750.2417871964738,1759.281752577364,1772.1314641123906,1760.8968424293614,1771.3208144878195,1746.268408249111,1765.9412316048772,1771.9363233285155,1803.8937134333687,1819.5177241921517,1811.8113627525872,1821.3205231362774,1825.8734944242633,1837.3385742617406,1844.2957741300443,1874.7147750795564,1878.8693317913169,1902.3281866101172,1893.5528937952583,1909.9880034873956,1899.406758364001,1890.296017972235,1888.3707057896231,1884.338961864923,1884.517094017094
394368,318,"Battle Creek, MI",msa,MI,,,,,,,,,,,,,,,,,,,,,,,,,,,,,,,,,,,,,,,,,,,,,,,,,,,,,,,,,,,,,,,,,,,,,,,,,,,,,,,,,,,,,,,,,,,,,,,,,,,,,,1357.989566151237,1377.1497857110217,1346.2368361400686,1356.1853958664453,1351.593162426811,1402.464679174207,1444.1222842477162,1479.263489277075,1472.0078115891858,1458.929598112786,1474.1837685449811,,1507.7846115197635,1504.556356544063,1538.1648269551608,1507.8300803384002,1491.5250182330335,1477.1488829047153,1501.255233776265,1514.4047610347736,1497.261255495475,1521.9325048588505,1527.913295119007,1568.2452425368372,1573.6346198747524,1586.2111536912857,1597.975078588551,1633.7648019598346,1675.392597060773,1677.1583424562687,1658.5693853792168,1644.606224013916,1680.0003370832274,1680.2937350455384,1685.1065022617368,1657.463759203147,1650.4222222222222
395094,319,"Sherman, TX",msa,TX,,,,,,,,,,,,,,,,,,,,,,,,,,,,,,,,,,,,,,,,,,,,,,,,,,,,,,1261.3875142707125,1253.0821020653177,1245.5662456939967,1250.1552633700426,1253.6063538768178,1261.0483922718308,1263.0294236555071,1284.9725929124481,1292.7992060599772,1269.7812649523726,1275.90825720919,1279.031785209312,1293.7453786055821,1292.6824497919636,1308.3624082107183,1335.1095239877407,1340.0558194620903,1336.2377838460434,1343.201550325106,1361.9374375430498,1388.215826976482,1401.1887797129004,1405.7381373183887,1422.1079009244538,1444.2937530680017,1471.4945411580454,1463.825712390466,1457.2157654052642,1473.3945867676425,1503.8730963205317,1522.443722392051,1535.0654051162592,1554.7493437824523,1574.5109108126576,1588.8103677940007,1585.417533783462,1586.935931647138,1594.2283461088857,1615.0240302730067,1632.7960930794345,1633.467421829691,1633.5332387076014,1628.287052186858,1624.9767523864625,1621.2932156858558,1623.9984608397542,1632.0750799627094,1639.7634486330403,1642.421322694036,1647.5138694673828,1656.6350298703726,1669.5216024225927,1671.5798929533048,1674.2472924130332,1681.461721419473,1688.0549870009202,1684.9788565441402,1681.2820342149446,1676.826799408578,1678.1109141698594,1679.6882801116494,1682.4811501719737,1692.727536046583,1682.1849768419422,1688.4702536994566,1688.4859536439271,1700.3381129543175,1701.7119871095533,1711.051655846789,1708.0789496680866,1706.9799167736141,1701.6442615137996,1708.9844540228405,1706.7963260845181,1695.0518629347025,1697.6360840921427,1694.9036304589042,1695.9173065675043,1686.8483041183902,1685.3285816497307,1681.7775535553606,1685.7473274842353,1687.184168184327,1689.184989787279,1682.0871212121212
394821,320,"Manhattan, KS",msa,KS,1143.1671892216116,1145.3784060066025,1141.2778443533236,1143.4098983363995,1144.9385598270592,1145.8654451648633,1142.789740674195,1146.4434602001143,1149.1251343915949,1149.7699293334472,1143.2397560760726,1141.3295201893748,1140.6418196722213,1141.87606566359,1139.1050253350024,1139.3537960972567,1139.2201476855823,1139.753184761539,1140.313645077141,1139.8246153909085,1137.5063383090028,1135.0253087128087,1136.0518720016407,1130.8378964443061,1135.655337319757,1136.9298109088827,1148.1248032581584,1146.590180427227,1146.4487806214843,1142.3560719850955,1146.2591113665,1147.2374876641388,1147.9367485277323,1148.061961450413,1146.2475446301337,1155.7192520994931,1153.4120454145122,1159.139363384275,1151.950677699987,1156.4077775127462,1155.6625358176718,1153.8660709611588,1151.0255625837997,1148.8537561762791,1152.8295319595554,1157.0471969566372,1162.0306358330326,1159.949577063554,1157.4205641701508,1155.754236675353,1158.2774780868567,1157.3739683891974,1159.7820920307202,1164.6873050104132,1166.74993502045,1169.7261278655046,1168.5539765585372,1167.4789095969995,1166.2688583728284,1166.2911031859535,1170.3163788955158,1170.6302822096907,1179.8802757027781,1179.0773598252154,1185.1450638526649,1189.0230668369134,1190.7723122025134,1188.9450463928788,1194.2669898603774,1199.460421896195,1206.3182129974793,1206.926649147934,1212.3316714625469,1215.529202951813,1222.9725480332886,1227.1196815149528,1230.1398623297623,1230.0949892354572,1235.2376101890752,1244.5604160200653,1257.4083692092602,1263.5918277814835,1268.7813974515323,1275.818177062051,1282.434369204842,1287.7994728970011,1289.3166879332314,1301.8011581350515,1307.8127840524667,1312.9449691585323,1315.4107102021146,1324.7454036539511,1331.816675185463,1337.3499501654794,1332.649875664942,1335.1221210440438,1332.1197464317872,1339.9554665713124,1346.879026444782,1356.844052811167,1363.0849536773974,1370.0381654918974,1370.3754239275927,1373.5312410118377,1370.3547299535514,1383.6297734911939,1395.531623857259,1406.624530890083,1411.7581370871062,1414.3715852433231,1424.081280922391,1424.4491588987798,1433.0707987637927,1438.7975414267185,1449.9602780322593,1458.114762785478,1465.682400041551,1458.6531207337002,1462.3368745058092,1468.022107680164,1487.5803169509197,1501.3417428938205,1508.2338481366805,1512.9951921840309,1519.6430146586918,1530.457458371651,1538.7050555728968,1546.0522615695259,1557.4459219730434,1572.1906427640654,1581.2315830984207,1587.1875384048506,1586.0469956018608,1588.3886465695216,1592.6450605521798,1602.178214775198,1606.6203654775838,1608.7307692307693
394442,321,"Carbondale, IL",msa,IL,,,,,,,,,,,,,,,,,,,,,,,,,,,,,,,,,,,,,,,,,,,,,,,,,,,,,,,,,,,,,,,,,,,,,,,,,,,,,,,,,,,,,,,,,,,,,,,,948.6482913082697,961.968098562961,973.8324292692384,984.6838139678097,979.2878137918227,971.8313834469418,969.0999566682044,978.63510280014,986.6696419668107,990.4893575409407,997.1170552624376,1005.7500272036226,1029.8100252937843,1030.270509012284,1027.1511821361332,1024.390393015504,1029.519422873264,1040.8478566644626,1046.2859793973269,1055.9483312740572,1061.0303122213365,1067.4360018342181,1069.0512915947227,1082.8041978198958,1093.8129419184716,1098.042619143817,1091.5076578320661,1089.6912776710778,1106.7195225032108,1123.739049290192,1132.5729163473236,1135.3578338861448,1139.3365767529888,1145.9020915702554,1154.7905218431079,1153.0494447627375,1148.7563375740033,1157.7366111008018,1177.618067894602,1193.4743292395945,1193.5342262681136,1190.841854880194,1196.6095238095238
394727,322,"Johnstown, PA",msa,PA,,,,,,,,,,,,,,,,,,,,,,,,,,,,,,,,,,,,,,,,,,,,,,,,,,,,,,,,,,,,,,,,,,,,,,,,,,,,,,,,,,,,,,,,,,,,,,,,,,,,738.2307740327063,737.9316045499595,735.2056427978079,726.1553721582204,731.6477143981599,735.7625420155522,751.6143215025029,744.7599218926865,746.3458401385705,734.4503251735791,734.7667428051071,734.0801605838998,744.8649662573418,752.5593040927846,765.426435720358,770.468686453484,766.6754961790258,768.6449636123785,777.2882024104757,790.781718520398,790.1532302518586,795.616365160699,793.2032747682763,805.7477055543058,797.1989751012692,788.3536823891723,796.3883300592241,803.2365074684549,815.2334325865105,820.9456783727686,815.9954059021596,819.083765513431,828.491610153116,840.2772046559444,851.0702979229646,854.7368991715789,871.153933312574,889.8233987599207,893.8222222222222
394728,323,"Jonesboro, AR",msa,AR,,,,,,,,,,,,,,,,,,,,,,,,,,,,,,,,,,,,,,,,,,,,,,,,,,,,,,,,,,,,,,,,,,,1115.601033267978,1120.667154579322,1123.6002094292792,1150.5097430819137,1161.088920107783,1173.4333849377922,1165.6109228178425,1178.2785889419015,1192.2209630541456,1206.596644715747,1209.1558020279952,1213.5868898211238,1218.648343512521,1237.8182915497734,1242.7380708097605,1248.2858393162498,1253.2818945341364,1265.7896018494152,,,1266.3968083562083,1256.4990072018027,1282.560934074422,1286.4889127041668,1312.0291116938085,1309.8351257113563,1317.0361984432755,1312.7982178266366,1311.5380197521708,1312.9862667887428,1313.6464688238498,1349.0819725758906,1350.948646338175,1366.2433107081615,1354.4314070090259,1369.9093627722107,1372.2586817644487,1381.6637306582204,1388.8828451185398,1396.8002943131578,1404.286488021581,1403.4624418583455,1407.4550265294265,1402.0553076346116,1422.0782749492505,1425.315692744516,1437.8450902916027,1435.0292573019922,1444.55693513429,1440.176049958845,1450.7482499181788,1454.3814294915098,1471.7640848880687,1472.4695610988222,1489.8386330044696,1490.9106423281637,1502.6282297679456,1510.1184354644984,1508.1751179902715,1504.9182495965647,1504.4027430202395,1516.9222040663985,1517.3607197706563,1525.5856730988714,1522.496349598604,1535.826120390125,1533.699041872844,1542.6983578784395,1537.582792951347,1541.9752540188194,1553.8482278939046,1569.60101010101
394390,324,"Bismarck, ND",msa,ND,,,,,,,,,,,,,,,,,,,,,,,,,,,,,,,,,,,,,,,,,,,,,,,,,,,,,,,,,,,,,,,,,,,,,,,,,,,,,,,,,,,,,,,,,,,,,,,,,,,,,,,,,,,,,,,,,1634.772608334434,1671.8668625135313,,1712.183083289517,1719.2050152494335,1727.9856877606949,1743.3156083962938,1704.6949678352678,1745.2514932457716,1735.0159439938625,1783.3192332375925,1784.2271975202434,1789.9999920491925,1807.6287630375548,1808.6562009559989,1832.3916915807179,1885.6156665710237,1906.8371957526595,1886.4307657280706,1928.7824295690282,1928.3209625012926,1968.922417474727,1948.495741183739,1973.8917107375175,1995.8483702238864,1982.9126984126985
394661,325,"Hammond, LA",msa,LA,,,,,,,,,,,,,,,,,,,,,,,,,,,,,,,,,,,,,,,,,,,,,,,,,,,,,,,,,,,,,,,,,,,,,,,,,,,,,,,,,,,,,,,1448.8507658086733,1455.9936281608993,1446.1292399490208,1474.4330821362526,1482.6793254321017,1505.6786316987107,,1490.2938825753388,1491.183410548282,1501.1336897132448,1509.5369595924958,1518.568691675095,1524.3230126544845,1523.8292063177373,1527.341679606912,1525.4209881908662,1536.5778665799223,1541.0848716047367,1556.3821718348568,1548.9505588791858,1557.5356432322187,1561.2251458012586,1572.7605871714964,1555.8041083511625,1562.6361305340242,1576.2070552192238,1608.3493524012965,1607.9222734172179,1604.2621577209186,1596.4589671688736,1592.5599349230147,1584.376349689947,1595.1613402771807,1621.5193377586654,1648.7066198222783,1655.9621327247003,1642.228493775935,1626.18582038132,1610.5248357724029,1619.0850725664675,1623.5876094084363,1631.5088962405612,1639.3719735432685,1655.8831300937654,1650.2741042408927,1633.6650474508156,1613.8272321191746,1622.5262231740353,1635.9339179029103,1649.4309546608733,1653.685776966065,1655.2813852813852
394983,326,"Pittsfield, MA",msa,MA,,,,,,,,,,,,,,,,,,,,,,,,,,,,,,,,,,,,,,,,,,,,,,,,,,,,,,,,,,,,,,,,,,,,,,,,,,,,,,,,,,,,,,,,,,,,,,,,,,,,,,,,,,,,,,,,,,,,,,,,,,,,,,,,,,,,,,,,3020.0180949211276,2990.8070818192205,2976.6666666666665
394890,327,"Mount Vernon, WA",msa,WA,,,,,,,,,,,,,,,,,,,,,,,,,,,,,,,,,,,,,,,,,,,,,,,,,,,,,,,,,,,,,,,,,,,,,,,,,,,,,,,,,,,2196.9159373836383,2292.350978830596,2329.8102196815385,2385.7093919035406,2352.8299134903564,2351.409426670985,2345.6556465925073,2354.948389095579,2368.898790675832,2364.4661816103185,2378.857712875179,2411.618232668474,2435.2554381607324,2405.9894936826468,2403.6581074026585,2424.3513357905395,2440.0879579554007,2443.0267302331404,2457.0702034719143,2487.2069670642795,2486.9459004207442,2485.6650145141944,2499.631199264882,2526.867993470644,2563.9739328636506,2558.766734970123,2557.5986273160797,2515.8972114136473,2523.4218621229375,2545.4165764179484,2579.522929127406,2577.330585806176,2579.024716805042,2598.338022860704,2594.086758602825,2622.5902670276664,2643.6573195283504,2643.575065767012,2616.250018893618,2590.884868214077,2636.507142677075,2654.6923175327006,2663.4859022880355,2670.061898749223,2689.202639654184,2699.296677129149,2716.3021720566653,2698.5739831106653,2684.341388209607,2716.177391993572,2763.978714001063,2826.0629030830823,2810.6055807097805,2812.3166825637095,2813.4287209896397,2831.5211640211637
395153,329,"The Villages, FL",msa,FL,,,,,,,,,,,,,,,,,,,,,,,,,,,,,,,,,,,,,,,,,,,,,,,,,,,,,,,,,,,,,,,,,,,,,,,,,,,,,,,,,,,,,1718.1982147853923,1740.5557034100466,1804.5486503580394,1835.7028238741702,1849.1159633231161,1876.8650205019628,1895.0100901366013,1922.6612713651189,1955.7321780261525,1954.4406909999168,1987.8198762040404,2006.4456875531353,1989.3851989051852,1973.198663228053,1965.881327143723,1984.108938178106,2012.9431324133611,2007.0523170411784,2010.957267763209,2004.6278142065812,1994.540879635594,2008.501178317679,2001.525207324533,2017.9957927973087,2023.034643089983,2031.9389195911822,2042.5573805346562,2039.6543493798536,2068.565108006829,2066.275006459819,2069.8631378898617,2070.925630102128,2059.319979994992,2070.0542788733346,2074.8682621792973,2125.3347604356813,2111.4474847927645,2102.3969585063182,2056.71399084247,2057.0721979658238,2074.0476988956784,2086.678742662831,2092.017447150516,2100.1711849857543,2117.0276676958665,2111.0727601776052,2114.092925644258,2075.6169801709952,2095.0649528292074,2109.23059140232,2146.738129786528,2152.1260826607745,2126.9778183642784,2126.8051470588234
394307,330,"Albany, OR",msa,OR,,,,,,,,,,,,,,,,,,,,,,,,,,,,,,,,,,,,,,,,,,,,,,,,,,,,,,,,,,,,,,,,,,,,,,,,,,,,,,,,,,,,,,,1778.4564690634556,1818.9874122103608,1813.0769989576952,1826.5361963452824,1834.8645367533709,1867.5259517929758,1863.4302931407728,1900.7937164734624,1903.0270098720289,1894.9041144982698,1875.0743456389753,1923.2406826874667,1927.835445790205,1936.5918909781908,1950.019847957316,1955.7848678783018,1941.6472561531616,1926.4553379190536,1930.8841646316346,1958.0711055940649,1983.7011175741736,2012.9926408317344,2008.1406195307873,1986.353944827048,1982.083640738335,1998.7361424106405,2022.2031494118046,2012.6273084970683,2037.9054476824897,2036.8291141494465,2053.73760111439,2035.9342010013513,2022.7416337287086,2036.1460278092259,2052.5840210132587,2080.4697844146212,2080.596022179011,2098.602488879347,2075.6787697164364,2080.1557051007667,2081.022621798392,2097.9705138030486,2099.607652525392,2107.448573084639,2118.8472648172833,2109.0086504446094,2115.4838031507797,2107.5263475246948,2120.313291554457,2108.51845033204,2124.7205414048317,2137.444385026738
394633,331,"Glens Falls, NY",msa,NY,,,,,,,,,,,,,,,,,,,,,,,,,,,,,,,,,,,,,,,,,,,,,,,,,,,,,,,,,,,,,,,,,,,,,,,,,,,,,,,,,,,,,,,,,,,,,,,,,,,,,,,,,,,,,,,,,,,,,,,,,,,,,,,,,,,,,,,,,,1850.0
394780,332,"Lawton, OK",msa,OK,738.991347048919,738.4957706883566,744.3018036526657,744.0636141709418,745.6176258162916,742.060421785065,740.7709331394683,742.468012773309,745.8505644486477,744.6100153610672,742.5745581955584,739.6424953546399,739.3092923977315,738.2910531487742,735.1157428039555,736.9443727989548,741.885969899444,746.1662744709764,750.7924724967945,748.5505957459276,745.3860838534971,742.9999194391148,741.2475126743569,744.9399619832437,748.20767407339,750.8673292430195,752.8942913648289,750.2795016598532,750.7425340223253,750.6100359580911,752.2145857433237,752.4272852755205,753.4703638054112,759.2429584171806,762.602555071773,765.0404700058551,763.2819073381411,765.1765072377424,765.8947431855885,767.6979531076537,765.1310919325023,767.1097263826152,767.1396294226103,773.7600730447726,778.845230537763,777.0582315324261,777.3565083747264,774.8916291282221,778.5942674169997,776.924652746791,778.7246570652828,781.2151328509848,785.0968052276606,786.2356184760579,788.0986218955105,786.9922353030328,787.0331394214029,790.1885495377202,793.0938927643189,797.733080126996,799.9295400106494,804.876099085644,800.507490064979,796.4057113854337,796.118236217435,793.3688948196607,807.437593295022,815.8954377100708,824.6772521745019,838.801333407039,841.6628305419758,858.8865711366203,873.855485861638,886.421196165667,886.9659231652163,892.1174175183356,909.8085210249218,935.585645333507,945.7445124650797,943.5559174862432,937.2472163591846,937.2433058590668,951.3505437668329,964.765224613698,968.6317114117803,982.0267969471067,1002.116499147674,1020.123423345649,1022.9645554547693,1025.5426344002713,1025.270068641638,1042.973517608682,1055.1887765866315,1058.3913468166263,1061.5796647513846,1068.7215228976042,1077.1255650531014,1074.9280055196127,1076.653301381133,1084.604145992534,1089.0719309056892,1084.9205021348366,1077.9486342101068,1075.0999489100564,1084.042573721604,1102.9462959803082,1105.9042340339959,1096.8326006654902,1103.3650023141606,1121.6900826478,1125.8196301033984,1127.8814700388534,1132.0585508643844,1146.964932394291,1157.3210508241198,1157.9712724237627,1162.650722001558,1165.6925491313714,1175.2586505730173,1181.1719250834888,1182.029156066258,1188.0141188127304,1191.5008603084789,1197.0526984831652,1192.20661321604,1198.5317574260425,1206.5316770982693,1216.4497475168257,1218.437283498894,1218.335754417887,1220.8971530867623,1231.8320358355704,1238.8540561900345,1237.8735893379603,1245.2673853281626,1251.061288923295,1265.3308249564702,1267.3943050577461
394474,334,"Cleveland, TN",msa,TN,,,,,,,,,,,,,,,,,,,,,,,,,,,,,,,,,,,,,,,,,,,,,,,,,,,,,,,,,,,,,,,,,,,,,,,,,,,,,,,,,,,,,,,,,,1384.7837744959493,1383.450265607421,1378.54603590109,1383.7349291100197,1410.996391384717,1448.5043422045994,1458.6331225344272,1445.082623976623,1449.6613158242662,1468.1842874706497,1485.08783553058,1470.386035873974,1472.2151210194886,1474.7865722010408,1506.0797391609817,1518.8128029995871,1534.6644889664863,1531.6690183222395,1539.2174374266322,1532.590456337658,1537.270474420461,1527.375608593962,1519.7233522970673,1523.1730989146754,1534.3852589875846,1558.1701649895326,1563.0620337555024,1562.8113247026517,1547.6093913331638,1570.5702060962044,1597.0693170476077,1603.5182450433313,1587.3115169272207,1578.8238570261349,1596.3302539231272,1610.6522262027365,1612.2481693322995,1604.1574342472536,1597.6339892901788,1602.699081847272,1613.4641670397955,1601.4428260530583,1586.9055549063198,1598.2711218440966,1618.015808284067,1635.946938407363,1633.4778867823848,1633.5255945882875,1636.898148148148
395098,335,"Sierra Vista, AZ",msa,AZ,,,,,,,,,,,,,,,,,,,,,,,,,,,,,,,,,,,,,,,,,,,,,,,,,,,,,,,,,,,,,,,,,,,,,,,,,,,,,,,,,,,,,,,,,,,,1529.3149749936813,1496.7986040266633,1479.7536803100882,1466.0247029507914,1489.5908973771018,1525.6030716460473,1542.8768917301438,1539.7966034696542,1543.683996046382,1558.033070361419,1551.175658620304,1539.4850835092172,1542.6475160557175,1564.050474825056,1564.7835936532347,1556.4711434230687,1572.7080725166452,1596.2066177333359,1603.874057392164,1601.6666916417805,1588.397382828086,1588.164669559866,1590.6713190808562,1597.6215634906878,1606.2172034377477,1589.4338523234355,1597.779101570001,1601.5848848690266,1604.1027878943737,1595.4541109159184,1602.2320171133124,1620.5127171243173,1631.07580880441,1634.7901844404616,1647.0200154236907,1657.467664075377,1657.8090918931412,1677.0537379130128,1683.0101658528308,1695.0110766214173,1689.6981839766374,1686.9329842355562,1682.3103426115078,1676.4243878261043,1680.0347941045316,1680.6686668666564,1676.128205128205
394325,336,"Ames, IA",msa,IA,,,,,,,,,,,,,,,,,,,,,,,,,,,,,,,,,,,,,,,,,,,,,,,,,,,,,,,,,,,,,,,,,,,,,,1258.52289478327,1266.8531783932372,1249.3017829634957,1256.3711152095264,1259.8267839857083,1278.3240800626734,1270.5832976667264,1282.6553875761167,1288.4565819345416,1304.5290203164775,1311.5897306404586,1309.5305526752304,1308.297922274105,1309.5248695524294,1327.642865516137,1329.3396499124515,1336.098855264247,1330.13399171005,1344.7986550355163,1357.024246007423,1366.5966560793916,1371.97288253404,1372.5109683265268,1366.0154108463628,1359.3327120684114,1365.2629140674626,1375.5703251270472,1384.4243023464987,1394.4335851158228,1407.6011175094905,1415.0458614742274,1410.405377126142,1420.5475214674918,1417.1689700319264,1421.9394894525217,1433.4409731597511,1452.9964208536235,1460.7541803886018,1464.091486633827,1467.5933228845875,1474.1515269753797,1465.214472096208,1470.8614619046325,1488.9904267019751,1499.4133142485075,1498.6636619295577,1484.2148793674944,1496.3994923429157,1510.849546616192,1528.0406083960447,1531.9815672014447,1539.0488449533152,1547.8513167678486,1564.4551920162035,1572.1086801956444,1559.6464801611487,1545.017022771856,1559.0712751527817,1581.4174588934836,1581.9012003198945,1577.1950647661552,1574.2300476654202,1582.8942535826195,1590.7328616315442,1596.0861203228383,1603.8637173139525,1612.7076542470018,1634.4074584407156,1659.867724867725
394824,337,"Mansfield, OH",msa,OH,,,,,,,,,,,,,,,,,,,,,,,,,,,,,,,,,,,,,,,,,,,,,,,,,,,,,,,,,,,,,,,,,,,,,,,,,,,,,,,,,,,,,,,,,,,,,,,,,,,,,,,,,,,,,,,,,,,,,,,,,,,,,,,,,,,,,1321.5540890182579,1314.3292347251047,1302.4119779022296,1297.8475007281443,1331.2381952995381,1329.861111111111
395128,338,"Staunton, VA",msa,VA,,,,,,,,,,,,,,,,,,,,,,,,,,,,,,,,,,,,,,,,,,,,,,,,,,,,,,,,,,,,,,,,,,,,,,,,,,,,,,,,,,,,,,,,1515.4952780821366,1523.6486948820543,1526.5444710516529,1516.3186564481368,1520.3439846265958,1529.036213122991,1553.3061720693772,1565.8815221231343,1582.139525483267,1567.0266427371414,1560.0686558011264,1553.9697092854865,1560.9726252543956,1596.3303353175208,1623.2914813834057,1643.8303969282817,1633.5254560986152,1631.3091205661185,1643.5588040432317,1651.339084169393,1685.7587800460924,1710.8678925818576,1727.3029038957638,1715.6510434890374,1726.8575968620091,1715.8627495347291,1711.3257996956074,1699.5352768110708,1727.8432115103524,1740.5877062905345,1737.1832448124246,1740.9530816898382,1752.4525425423838,1764.807816298297,1775.3430899714463,1771.2735146286645,1778.3699196912971,1786.714381419509,1792.0507068398986,1810.9867895194434,1811.3995644090983,1819.8536612444948,1830.0046627769648,1838.758510507512,1827.1855614462058,1826.8703795343308,1831.2007154645182,1859.9765121536154,1866.5821874039168,1877.4117181769318,1889.7592592592591
394353,339,"Augusta, ME",msa,ME,,,,,,,,,,,,,,,,,,,,,,,,,,,,,,,,,,,,,,,,,,,,,,,,,,,,,,,,,,,,,,,,,,,,,,,,,,,,,,,,,,,,,,,,,,,,,,,,,,,,,,,,,,,,,,,,,,,,,,,,,1891.8369831381906,1915.540965723826,1984.6566576550138,2033.1731221457471,2048.4290560265945,2067.856709252066,2057.8656277336145,2093.715964877913,2134.0597559530074,2122.7661879681855,2077.963707429781,2069.393843106375,2052.125351872267,2057.416750798167,2019.9448275984153,2075.3797219796493,2097.6854681003365,2115.8333333333335
394321,340,"Altoona, PA",msa,PA,,,,,,,,,,,,,,,,,,,,,,,,,,,,,,,,,,,,,,,,,,,,,,,,,,,,,,,,,,,,,,,,,,,,,,,,,,,,,,,,,,,,,,,,,,,,,,,,,,,,,,,,,,,,,,,,,,,,,,,,,,,,,,,,,,,,,,,1239.6985226978968,1235.1484140487207,1224.3160287860946,1220.0
394905,341,"New Bern, NC",msa,NC,,,,,,,,,,,,,,,,,,,,,,,,,,,,,,,,,,,,,,,,,,,,,,,,,,,,,,,,,,,,,,,,,,,,,,,,,,,,,,,,,,,,,,,1456.3321264345711,1442.8769609535927,1454.4951659292656,1478.5581378940617,1516.9936330062103,1518.6314984701987,1513.1720265173592,1515.458035005544,1525.9106496046984,1551.7237376215428,1561.232998535858,1544.387495543767,1539.2751665173057,1561.3834864152757,1586.6247677569208,1605.6952280119033,1604.7909892803843,1599.5719704659925,1602.6747778809322,1609.287147187313,1633.4596200361925,1624.8889598687272,1636.457997069788,1650.232275979603,1653.8407662843465,1657.9849261863585,1659.4838825901143,1689.7648944605207,1689.0756823068002,1692.1737074437447,1693.736050726939,1718.1480689007758,1718.6803940292205,1747.701819173159,1732.9031619863192,1732.0383225412463,1737.9094408127714,1758.511124990154,1763.588803726544,1760.2953490312266,1773.9225896849903,1792.5525020978803,1808.8661545736736,1803.3026986080258,1806.5711090796603,1799.986152252881,1818.961454879494,1829.5101462543898,1838.1532354410654,1829.218306397805,1831.5522005949558,1825.496376811594
394588,342,"Farmington, NM",msa,NM,,,,,,,,,,,,,,,,,,,,,,,,,,,,,,,,,,,,,,,,,,,,,,,,,,,,,,,,,,,,,,,,,,,,,,,,,,,,,,,,,,,,,,,,,,,,,,,,,,,,,,,,,,,,,,,,,,,,,,,,,1471.1763106905946,1513.0053387617827,1530.2187656516085,1510.8158743462454,1529.4126193510776,1539.935593860208,1552.783247782277,1554.029937957073,1548.6089192303107,1551.2299916937313,1577.5248368776868,1608.7710295411864,1613.4782807227996,1619.9911596251816,1634.6688997336898,1661.8936737740187,1664.741550508812,1683.0555555555557
395120,343,"St. Joseph, MO",msa,MO,,,,,,,,,,,,,,,,,,,,,,,,,,,,,,,,,,,,,,,,,,,,,,,,,,,,,,,,,,,,,,,,,,,,,,,,,,,,,,,,,,,,,,,,,,,,,,,,,,,,,,,,,,,,,,,1041.4493623940364,1053.1406091964436,1057.8460037067941,1070.6025404341,1102.9088340250873,1109.311368449216,1107.7816135828282,1105.0573259778514,1108.7791812166292,1107.0511020150232,1101.28648657619,1097.2789240235918,1101.1454138768802,1117.7598480040201,1143.6551394351013,1143.5600462492287,1132.3528658466907,1147.7710787774906,1166.1574820752774,1180.7144877880285,1195.9506249247358,1202.6456381315118,1223.6003771967507,1224.784067871169,1232.1907879108985,1225.8964650086043,1215.6711718900497,1220.138888888889
395054,344,"San Angelo, TX",msa,TX,,,,,,,,,,,,,,,,,,,,,,,,,,,,,,,,,,1154.5220344701804,1158.8836589249643,1176.5814640924298,1168.6983926320493,1164.5435307271578,1156.6764209975647,1168.9941044607274,1175.1067702806183,1184.8820870725965,1184.2710441071035,1185.1988535007326,1189.9196664523,1192.5268598590478,1203.197126135324,1199.243774066768,1211.2204746607422,1213.5387801461286,1227.5574065918129,1228.2985996794368,1236.064960645046,1241.1601910186844,1245.528497831881,1251.0116628452458,1258.0053670379787,1256.8920949859044,1254.637704452796,1256.250158997305,1262.9028003906253,1272.4137805693008,1261.103009090525,1260.5459420300322,1257.1355167929319,1270.022469832108,1277.477482205675,1293.8107394515737,1298.9283864015495,1302.0258923812755,1294.879626263694,1294.1899382761105,1299.8067906886704,1314.6275118050442,1330.3448539926815,1336.3549189440726,1331.819160776308,1325.0178970721372,1335.1272972787522,1340.3158994748837,1345.390132569996,1355.6584938818683,1375.8346537388634,1388.6743544219742,1395.4803189793058,1392.117135765976,1388.1554157376263,1395.0938694627812,1407.4207957774272,1425.0426483662357,1420.5108893176377,1427.5135275152923,1434.4296934376093,1437.50969760972,1438.0652613504083,1440.9821553597455,1447.0679226050484,1438.487059168094,1452.1108832729738,1449.7966411009143,1462.6324950039605,1450.9102266663094,1462.738750371465,1460.3830711994087,1473.4437433356586,1479.287909641709,1479.9218694161032,1478.3299396240952,1476.2127925682696,1492.4698418892356,1497.3700117845644,1509.8105982288619,1504.5973776352066,1507.3538126122016,1499.4638689074675,1505.82719095914,1507.4481535234129,1512.5624674178368,1514.7480230746958,1514.9282339663037,1523.459471779844,1533.5208762698471,1532.4449484022812,1541.5605812319861,1537.619485376142,1553.240185800307,1565.338768423357,1571.1365212251226,1572.7802139701253,1575.7648674699897,1583.6412422979727,1593.8086224385684,1597.1647258000264,1593.3908693949973,1599.4017420048513,1596.5045141011713,1608.9003170773549,1606.6891025641025
395218,345,"Wenatchee, WA",msa,WA,,,,,,,,,,,,,,,,,,,,,,,,,,,,,,,,,,,,,,,,,,,,,,,,,,,,,,,,,,,,,,,,,,,,,,,,,,,,,,,,,,,,,,,,,,,,,,,,,2250.375261117158,2247.1257594670737,2247.8085811653677,2177.9548462545768,2182.7357181869556,2212.326972995274,2264.261988811616,2269.9961918749027,2249.119179716861,2212.014084149232,2235.3822611010246,2286.0563135225348,2343.043337809916,2354.028699681166,2353.0940878141805,2298.350185608995,2321.606554300304,2312.522695437365,2354.666111191479,2342.506832011359,2377.768387349094,2400.907997913951,2436.8148270072047,2419.132496765126,2393.0783844515577,2380.195124632882,2369.24611265505,2396.746920177493,2412.8646464153926,2427.0465334926657,2392.598163934359,2417.5454953157805,2421.907597897889,2436.0886464572627,2413.65258356721,2418.9870942392226,2416.7842684053185,2438.708340820802,2467.1430494288747,2501.417029379808,2497.1874719675743,2502.452380952381
394949,346,"Owensboro, KY",msa,KY,,,,,,,,,,,,,,,,,,,,,,,,,,,,,,,,,,,,,,,,,,,,,,,,,,,,,,,,,,,,,,,,,,,,,,,,,,,,,,,,,,,,,,,,,,,,,,,,,,,,,,,,,,,,,,,,,,,,,,,,,,,1290.5973200581034,1304.5271606175122,1273.937376161962,1293.625480472044,1300.8285769294498,1309.7418943443688,1328.1236357444982,1343.4364816662455,1355.9499705468168,1344.337378826112,1345.7463627999298,1339.7574394478233,1356.2361559508886,1361.3942654154691,1393.8722335340747,1384.5833333333333
394810,348,"Lumberton, NC",msa,NC,,,,,,,,,,,,,,,,,,,,,,,,,,,,,,,,,,,,,,,,,,,,,,,,,,,,,,,,,,,,,,,,,,,,,,,,,,,,,,,,,,,,,,,,,,,,,,,,,,,,,,,,,,,,,,,,,,,,,,,,,,,,,,,,,,,,,,,,,,1186.25
394778,349,"Lawrence, KS",msa,KS,,,,,,,,,,,,,,,,,,,,,,,,,,,,,,,,,,1116.4129166976415,1134.7560028786386,1134.6512335862567,1142.0251204874194,1132.8481270775026,1132.8993095192334,1137.8971833914393,1143.4390789511624,1145.522555294528,1138.5937249457545,1141.8398663229414,1158.313265263743,1168.1213465979702,1164.9815865731346,1159.404787289961,1161.014678580906,1168.2401839698807,1174.15310083654,1174.186693626214,1180.85771265959,1182.8792992698482,1192.854360880827,1199.3133384346631,1198.3323546443048,1197.7728734208451,1195.9651356574468,1193.3815506090316,1195.3850287042326,1197.7338726874216,1214.8586950916263,1223.464479059411,1223.5813035728138,1231.182185832323,1237.115883603278,1245.949088464478,1240.4927379336355,1246.2568845515148,1247.3070933485994,1244.266891150076,1251.3772987363002,1269.2211110786627,1290.2517667937232,1286.132658183496,1288.4523740551062,1299.5620895964428,1326.8360431531753,1329.480190803583,1345.4392947184813,1347.5671737566995,1363.095522832496,1373.0321719543444,1378.593956842017,1380.491111726091,1374.9575340893975,1381.3696037359439,1405.945595652691,1416.0513123145586,1409.9685399418424,1409.8365960837132,1420.178850080229,1437.3254033505839,1443.6357777631204,1456.3614995065218,1468.4089445099423,1481.2747965097662,1500.5340345419797,1517.8229119703385,1525.077282899297,1531.4124034580248,1538.8366959775742,1558.92634159259,1558.0534581503714,1549.185752768748,1543.404613537463,1553.4402481320703,1578.3534904079881,1590.5304667540308,1601.331941757994,1609.7589416331705,1618.0259169412977,1627.0067758297691,1642.1392859741238,1643.5871140475138,1639.006446654388,1640.892496071592,1673.282712047176,1707.5651674761832,1720.3577467634784,1711.100111998968,1692.9086502822677,1707.6959064673385,1726.6988554406373,1741.072560955953,1750.4564030219954,1763.1961644123594,1788.3566718129696,1811.0676670398577,1808.7355574765827,1795.0369095677038,1791.0641696632313,1811.0432935669905,1837.6635708795898,1838.878075936562,1838.148430961406,1840.8692982456141
394635,350,"Goldsboro, NC",msa,NC,,,,,,,,,,,,,,,,,,,,,,,,,,,,,,,,,,,,,,,,,,,,,,,,,,,,,,,,,,,,,,,,,,,,,,,,,,,,,,,,,,,,,,,,,,,,,,,,,,1268.484982045803,1288.0011173513024,1327.543632123501,1334.5879024187732,1354.006594483717,1354.6131738806885,1367.342514347029,1378.621457483096,1376.3849755656954,1369.382295934919,1361.6037626667892,1380.6537962363193,1375.8959222312874,1369.2655949159239,1368.7002506552321,1403.422873174033,1417.2280533929325,1419.2613275216775,1415.067044281845,1428.6232407106895,1431.0284605074132,1435.676236444318,1440.4556580812502,1459.858844824575,1503.8011005979054,1500.4680777694618,1497.2898309089755,1469.1240629207084,1473.6439014703055,1483.0024781928119,1501.2635839665527,1495.7476276179873,1508.9790777531016,1518.3055402894681,1531.563687425649,1517.4318919556354,1496.6098686231248,1508.0450447011344,1512.1726322849552,1522.9449096592323,1516.6666666666667
395213,351,"Watertown, NY",msa,NY,,,,,,,,,,,,,,,,,,,,,,,,,,,,,,,,,,,,,,,,,,,,,,,,,,,,,,,,,,,,,,,,,,,,,,,,,,,,,,,,,,,,,,,,,,,,,,,,,,,,,,,,,,,,,,,,,,,,,,,,,,,,,,,,,,,,,1758.9161941510042,1761.8263310722457,1775.4482016115157,1752.1961298879064,1790.4824331253212,1806.150793650794
395089,352,"Sheboygan, WI",msa,WI,,,,,,,,,,,,,,,,,,,,,,,,,,,,,,,,,,,,,,,,,,,,,,,,,,,,,,,,,,,,,,,,,,,,,,,,,,,,,,,,,,,,,,,,,,,,,,,,,,,,,,,,,,,,,,,,,,,,,,,,,,,,,921.0884836489198,926.6709425738323,951.3983829070264,949.2736564559419,959.208169345359,972.8654895265228,960.1256792952557,984.2589347448801,,1019.1693439577683,1024.2344477210627,1049.3146514814937,1055.3544030865432,1063.6666666666667
395217,353,"Weirton, WV",msa,OH,,,,,,,,,,,,,,,,,,,,,,,,,,,,,,,,,,,,,,,,,,,,,,,,,,,,,,,,,,,,,,,,,,,,,,,,,,,,,,,,,,,,,,,,,,,,,,,,,,,,,,,,,,,,,,,,,,,,,,,,,,,,,,,,,,,,,,,,,,1237.5
394867,354,"Missoula, MT",msa,MT,,,,,,,,,,,,,,,,,,,,,,,,,,,,,,,,,,,,,,,,,,,,,,,,,,,,,,,,,,,,,,,,,,,,,,,,,,,,,,,,,,,,,,,,,,,,,,,,,,,,2307.3766770929196,2311.6508458447965,2304.856661207214,2316.593872774789,2308.445372200316,2325.8606531837277,2325.7307549078737,2347.9713692538953,2346.7732573089706,2317.028635431674,2295.2989514049887,2306.408235892474,2328.22212003481,2373.4004547781938,2401.6862367656217,2426.92788178923,2439.8595651460178,2423.024939945907,2405.1983090309604,2363.4470009512584,2361.6660918310545,2418.449796873878,2493.56824165333,2522.1203228505065,2518.2778858542824,2492.3480780421014,2489.0470257911093,2489.3262369845843,2504.5703262058114,2532.568246453083,2567.0069271544758,2608.1957114424135,2629.939049847616,2614.602612808187,2579.8618999478163,2559.812370048177,2561.705236675323,2570.9869278645538,2573.296296296296
395237,355,"Wooster, OH",msa,OH,,,,,,,,,,,,,,,,,,,,,,,,,,,,,,,,,,,,,,,,,,,,,,,,,,,,,,,,,,,,,,,,,,,,,,,,,,,,,,,,,,,,,,,,,,,,,,,,,,,,,,,,,,,,,,,,,,,,,,,1443.2028880203795,1451.7904238970755,1433.4641097252727,1421.146576237331,1420.7153332218256,1423.1763392084026,1421.6613125545011,1442.0049502948425,1443.0807029082612,1445.3628346522619,1468.8444877697896,1483.4656802748812,1489.2986661526556,1489.6606666156988,1506.915717512468,1524.482192687385,1536.362587430178,1532.7932025612672,1538.3832530733373,1525.0222222222221
394407,356,"Bozeman, MT",msa,MT,,,,,,,,,,,,,,,,,,,,,,,,,,,,,,,,,,,,,,,,,,,,,,,,,,,,,,,,,,,,,,,,,,,,,,,,,,,2375.4237903324843,2415.270986613943,2401.7427927894673,2441.194313786377,2478.24871313131,2540.176805998039,2597.00717428628,2669.167967976112,2680.7713887448713,2732.7419239152637,2749.3629444350067,2743.0247587311383,2744.9317879298947,2764.4475975569417,2793.8818214557086,2820.510368097658,2843.4974754145965,2873.7689696296584,2893.308702648625,2912.822289785019,2906.867374993594,2837.1012037717237,2823.664843815049,2867.3621651143085,2965.5495540891443,2996.717384423654,3037.9178330157165,3042.42874883489,3035.2852899157165,2981.7151934110334,2976.198815849447,2975.992859937262,3001.0421772798354,3019.7815903371734,3006.329272831181,3016.1614933378632,3036.6302101372107,3060.979048207181,3051.999659443481,3020.2364960833156,3045.1800843936344,3063.1735871587102,3095.0486593514597,3089.267447803205,3109.2265432655977,3119.88232237607,3114.877780915807,3087.4472693374014,3050.031798915337,3048.675963885478,3050.7769555812656,3062.3649218011305,3050.5436554223334,3063.252605425683,3044.916233681701,3051.2056280104152,3032.362852623432,3034.3409030377024,3052.1766728396747,3065.2417200999985,3069.795400795995,3059.6057581237583,3060.1638002697173,3072.002288329519
394333,357,"Anniston, AL",msa,AL,,,,,,,,,,,,,,,,,,,,,,,,,,,,,,,,,,,,,,,,,,,,,,,,,,,,,,,,,,,,,,,,,,,,,,,,,,,,,,,,,,,,,,,,,,,,,,,,,,,,,1139.302056385273,1122.2563423002046,1123.809032223102,1118.8910494573188,1128.0054558144363,1143.8051280654022,1158.3796780185983,1167.9832586230898,1180.5928877574995,1168.7166013192364,1170.9712472341664,1173.3562930880487,1193.3413490644198,1198.3049933724571,1194.1642268897597,1203.5625349593777,1206.60867040637,1218.8453386126814,1225.2362573704634,1235.5372527545974,1236.8579799295292,1223.5922093377649,1219.7332430479776,1222.9757418415759,1241.2879950790016,1244.5953409435372,1259.2451307495173,1270.991979477762,1274.6242258199466,1270.0380840314863,1268.7778276204729,1272.491471409951,1272.8396063957416,1297.232565032477,1310.1263200878186,1323.2980076261138,1311.4979569841657,1322.392857142857
395225,359,"Williamsport, PA",msa,PA,,,,,,,,,,,,,,,,,,,,,,,,,,,,,,,,,,,,,,,,,,,,,,,,,,,,,,,,,,,,,,,,,,,,,,,,,,,,,,,,,,,,,,,,,,,,,,,,,,,,,,,,,,,,,,,,,,,,,,,,,,,,,,,,,,,,,1162.3812481528973,1173.3469965625352,1172.6860925652622,1187.8362441274367,1205.6633996730184,1222.861111111111
394423,360,"Brunswick, GA",msa,GA,,,,,,,,,,,,,,,,,,,,,,,,,,,,,,,,,,,,,,,,,,,,,,,,,,,,,,,,,,,,,,,,,,,,,,,,,,,,,,,,,,,,,,,,,,,,,1700.1649559216012,1688.4825399326462,1716.3038491021164,1744.961058811342,1744.9612668269099,1767.6380866882191,1771.7629087739474,1789.1140705779903,1790.5696998709188,1803.2197513089106,1830.4006524398267,1851.8761895746861,1861.94796160134,1850.1696859197973,1840.0641863339931,1848.0207684309146,1866.153763732346,1850.6674563551624,1855.1976007544238,1849.9724399036338,1874.7866938258005,1859.8493831935068,1844.1546603042166,1838.1244390407905,1844.6422083106468,1863.7608424770249,1876.9057583539268,1863.6138746547897,1882.5927886412207,1896.156663071005,1921.6080313780953,1933.0791173770228,1928.1195664283803,1921.4273756338714,1929.0850418428768,1943.0114836373873,1943.0473855152627,1949.6416400111498,1952.3567166530208,1966.5612467885057,1957.668640948084,1963.435970298049,1953.8777869855044,1956.994960469261,1960.5790251409785,1984.076923076923
395173,361,"Twin Falls, ID",msa,ID,,,,,,,,,,,,,,,,,,,,,,,,,,,,,,,,,,,,,,,,,,,,,,,,,,,,,,,,,,,,,,,,,,,,,,,,,,,,,,,,,,,,,,,,,,,,,,,,1660.3546191805906,1678.4000673628532,1684.5893692927802,1702.4823156319092,1678.3161455104307,1682.6974976096742,1666.1737352623518,1697.1248204505569,1701.4227587599466,1741.345084732203,1726.9834541714883,1743.052829867117,1746.1914689589833,1764.7087495748751,1766.4661778506927,1751.1571768940792,1758.2040925230388,1771.1362680058796,1791.182143399423,1787.9831035977768,1777.7868181451297,1775.9232230903413,1780.881390391135,1792.7617766826004,1796.5274148558403,1806.3654094142025,1806.6983181545984,1817.403974361267,1814.544933678038,1821.7837683220619,1818.5023845874232,1815.9502056593165,1830.4044506582334,1824.7363468187732,1838.2873168320846,1834.871895945033,1841.749542036518,1835.213978628075,1846.1321415482414,1854.8528771268968,1872.2469431720845,1874.188243076873,1885.3148148148148
753872,361,"California, MD",msa,MD,,,,,,,,,,,,,,,,,,,,,,,,,,,,,,,,,,,,,,,,,,,,,,,,,,,,,,,,,,,,,,,,,,,,,,,,,,,,1775.1210052343722,1785.8424837980629,1781.2224728663152,1761.6221645907506,1825.577140447924,1847.2846565254733,1935.3097146297855,1924.197255563326,1952.8349335625026,1939.9957649834203,1990.5351434482247,1978.4052202559196,1963.98629054155,1963.070391936132,1978.2692778317978,2016.625063458495,2017.6609489592172,2069.111903505402,2051.1072728395725,2053.1403821437216,2032.3733003722868,,2048.717431895366,2063.955434044024,2077.632207438633,2114.776726848576,2139.2327957809725,2161.9251770556457,2152.696425555375,2123.3185346765345,2143.421522126007,2153.728005694732,2180.179866238307,2172.1274560177244,2199.433479704478,2200.624097674866,2236.3559385800554,2231.586564717169,2240.313808717856,2219.2844806188364,2210.4824595549803,2236.3549296726624,2273.077758877764,2309.440031452585,2330.525496713201,2320.3569963249124,2338.4239315747127,2298.6621767844044,2310.8761542650313,2294.863587843894,2358.267320553378,2382.2840319308643,2418.6901795865156,2426.915667467609,2412.920831663813,2402.9780344884407,2400.022654480004,2430.7878107560973,2423.3699248365806,2471.712766293957,2461.0181091392287,2486.6025691883465,2441.7992424242425
394495,363,"Cookeville, TN",msa,TN,,,,,,,,,,,,,,,,,,,,,,,,,,,,,,,,,,,,,,,,,,,,,,,,,,,,,,,,,,,,,,,,,,,,,,,,,,,,,,,,,,,1443.0115973341947,1462.1839575838676,1467.5938901366258,1514.0853223700674,1537.1274242807071,1567.1853593003561,,1608.1795469743463,1616.392400858135,1604.038628003328,1620.5461404197981,1638.2767752657546,1636.8703380836764,1635.1439240807583,1643.7131881577586,1661.4488377196078,1685.6191063638348,,1688.4321467320647,1682.6326577513105,1682.1633881057614,1681.1284553438522,1682.7892209332601,1687.8891791580081,1712.9604042781075,1735.109043271612,1747.927194092414,1710.662870436201,1691.1963139327222,1697.3253473957077,1740.5388542247306,1751.461666078968,1757.0125703355952,1752.7980774860062,1761.4105709006249,1761.2373402858443,1748.3753398103681,1761.541811168489,1769.8446907012778,1800.760083621432,1793.9378485333775,1801.9334239948803,1780.794032311688,1790.2737168449116,1796.368486895635,1811.7360892111908,1809.1458917770146,1809.2060628690247,1812.9782040919285,1795.7802572929463,1783.597858855458,1773.1478343262445,1780.7410833673853,1766.268728272343,1756.3802984613162,1738.5004578754579
394893,364,"Muncie, IN",msa,IN,,,,,,,,,,,,,,,,,,,,,,,,,,,,,,,582.7129681658096,581.6293173022352,598.8223317514502,598.1944276665191,602.839440120235,598.299212451006,595.5004691736729,601.5541431573963,590.4886582559457,596.458651560597,586.1017285542631,593.4194342499078,596.6757182457694,611.8369260819309,618.8743641749812,623.0527175429554,626.981052045038,638.0065383845322,,630.068567455779,640.9116761817581,,655.6887678004765,656.0593442355826,660.6449354958445,653.1662806678181,650.8954698957095,657.4421284815012,661.4602445366463,664.6742604457595,678.6334683572236,689.8403023283174,673.1470090097746,671.2402183684561,661.9325965365143,666.5073965768548,688.9093366791278,714.4209507397711,727.4893587078351,717.3244117674722,720.6627898434774,,738.4544145184514,742.0220317032322,761.1945868286571,759.090927424564,758.6835835827966,776.9305548369761,774.2802633593034,782.677660138352,791.089062413532,818.8139322069491,846.1092656814209,845.9472779618034,835.454227959605,843.8813662284099,850.9524346621947,887.1277691851799,897.8184280152182,910.5718128513989,896.7032071069003,901.2025393787548,893.0577113786312,892.5749649930274,881.758438503611,897.8023777963471,912.9181420597016,922.6942991550582,929.4155761350016,919.2016093919216,928.5578731984948,926.7871216867355,948.5708960114024,941.8615550506028,952.1719909106097,948.2590951170922,953.9528720061724,962.0405278251365,966.8129947856756,981.6486030671451,986.2621809308293,988.6506482671989,982.9891242674918,978.5389249051774,995.2085761091435,1000.3855871979528,1008.1970449192626,1012.118728895402,1036.183522104761,1045.7035402331724,1053.0992249087412,1047.380474486516,1046.1988857032159,1052.83867414916,1052.2260061131924,1076.546620489891,1068.9173354204024,1081.792217481114,1086.4854471767667,1099.5528940924598,1094.0208582506698,1094.1948351279905,1099.0763539103475,1110.0195466674359,1124.273292405456,1136.7049399188043,1156.100289917922,1157.6388888888887
394857,365,"Michigan City, IN",msa,IN,,,,,,,,,,,,,,,,,,,,,,,,,,,,,,,,,,,,,,,,,,,,,,,,,,,,,,,,,,,,,,,,,,,,,,,,,,,,,,,,,,,,,,,,,,,,,,,,,,,,,,,,,,,,,,,,,,,,,,,,,,1424.5721950721513,1429.5440807717957,1433.4104548000676,1432.0910369864403,1474.7573597119415,1493.289468681549,1487.3522575251563,1505.2289784319764,1501.9162074216,1529.828195807778,1534.404946611009,1548.2413933470398,1517.4490707754596,1537.3843159789235,1554.6060608486594,1571.1159740717853,1540.0
395039,366,"Roseburg, OR",msa,OR,,,,,,,,,,,,,,,,,,,,,,,,,,,,,,,,,,,,,,,,,,,,,,,,,,,,,,,,,,,,,,,,,,,,,,,,,,,,,,,,,,,,,,,,,,,,,,,,,,,,,,,,,,,,,,,,,1447.9073212684518,1473.7770366496445,1481.0065942899746,1504.3221065722416,1498.3374438604328,1497.3505918848332,1491.6083972482932,1513.3589096537128,1540.2600356157443,1557.797493175064,1565.247749240038,1545.2826774072546,1554.9123623277405,1562.6529958453405,1577.1921784692913,1563.0753762136592,1572.1266931276164,1598.1627325653944,1592.654824259293,1591.286318784575,1546.25691976498,1603.0547019136827,1636.9027322385064,1715.959130634566,1697.7994703164202,1685.3174603174602
394804,368,"Longview, WA",msa,WA,,,,,,,,,,,,,,,,,,,,,,,,,,,,,,,,,,,,,,,,,,,,,,,,,,,,,,,,,,,,,,,,,,,,,,,,,,,,,,,,,,,,,,,,,,,,,,,,1772.5712936998743,1826.5012685120691,1846.871552375095,1859.5448668474564,1846.8475432357016,1865.4326865884232,1892.6460603712076,1884.8958664776821,1853.1443690778476,1838.2342434080874,1882.168319863519,1922.4466745212428,1920.5650454808635,1885.741644031817,1859.7162266462776,1884.2009372465936,1901.1298890392316,1928.846344741993,1915.1109787758714,1934.2739418487067,1937.7036396735493,1947.4997910320244,1955.5631744613281,1966.563935331267,1971.5453955523017,1984.2342426602454,1965.11643858661,1969.8002357163723,2002.0694617897109,2024.068672470425,2011.1749769191729,2017.3672590360475,2044.4821440192356,2057.280435028511,2042.0406676114515,2018.3798590732335,2027.2018111221216,2029.7890368680228,2057.2845388437245,2039.5513104234144,2008.5373274858455,1972.9896554778247,1978.375
394734,370,"Kankakee, IL",msa,IL,,,,,,,,,,,,,,,,,,,,,,,,,,,,,,,,,,,,,,,,,,,,,,,,,,,,,,,,,,,,,,,,,,,,,,,,,,,,,,,,,,,,,,,,,,,,,,,,,,,,,,,,,,,,,,,,1715.2420741824844,1744.5548842781109,1756.3902946899777,1767.2568055466197,1755.9970481640305,1772.2725458979519,1800.7861499833352,1822.359026266298,1793.8084144950726,1789.5415854575704,1776.3020068402502,1800.0550420655582,1813.7501763351186,,1871.38818529051,1876.2490247968133,1893.8195793680795,1893.2187167684103,1888.5543968693933,1877.7965181394295,1911.3609292701374,1925.3487622273922,1948.5536384784598,1942.0208355952439,1943.0075181057755,1933.8917024802781,1903.3333333333333
394396,371,"Bluefield, WV",msa,VA,,,,,,,,,,,,,,,,,,,,,,,,,,,,,,,,,,,,,,,,,,,,,,,,,,,,,,,,,,,,,,,,,,,,,,,,,,,,,,,,,,,,,,,,,,,,,,,,,,,,,,,,,,,,,,,,,,,,,,,,,,,,,,,,,857.6039708748804,875.6840152213623,,875.5702013637581,861.1939068140615,880.4901099906742,888.2201856647758,895.4854230008617,888.1275066447192,871.0
395095,372,"Show Low, AZ",msa,AZ,,,,,,,,,,,,,,,,,,,,,,,,,,,,,,,,,,,,,,,,,,,,,,,,,,,,,,,,,,,,,,,,,,,,,,,,,,,,,,,,,,,,,,,,,,,,,,,,,,,,,,,,,,,,,,,,,,,,,,,,,,,1904.9411836204179,1936.791680817456,1954.0234444552525,1967.1501852882234,2002.9950765469675,1956.8620747119949,1967.0819023035492,1944.5147440130513,1959.7454403640286,1954.7286874550389,1982.6563523538498,1950.050897062048,1969.1980418788535,1955.3792079160216,1987.8182481108217,1988.75
395023,373,"Richmond, KY",msa,KY,,,,,,,,,,,,,,,,,,,,,,,,,,,,,,,,,,,,,,,,,,,,,,,,,,,,,,,,,,,,,,,,,,,,,,,,,,,,,,,,,,,,,,,1226.3000467237146,1258.2866450155261,1256.0654530562176,,1292.5643736049665,1279.7731819521612,1287.0269927730124,1320.2555966177497,1349.526380978989,1382.1800426655086,1387.7393386344622,1387.857291237379,1408.8069908013856,1398.8206872703913,1406.2198256656488,1411.650679472632,1420.433142225808,1438.7148982255583,1466.1750730668305,1480.6095936195013,1486.0013894771557,1467.0932683311908,1473.8410934258934,1469.4627603284148,1475.1749966316904,1481.8492048730534,1486.3610273997062,1502.80655833846,1511.8161156601752,1521.4270224776026,1512.712188128023,1518.0050347402077,1542.9252588511815,1565.498193763924,1569.1130604990497,1552.4669465164434,1542.439473504279,1550.1742799098745,1570.374794829607,1575.579232761509,1580.047933779111,1581.7484152828547,1587.8647069663532,1584.513642899493,1570.0594983045903,1569.7227872510464,1575.733820916568,1602.3420313849167,1616.2274160980257,1619.9783024592193,1611.9277599277566,1607.6801346801346
395168,374,"Tullahoma, TN",msa,TN,,,,,,,,,,,,,,,,,,,,,,,,,,,,,,,,,,,,,,,,,,,,,,,,,,,,,,,,,,,,,,,,,,,,,,,,,,,,,,,,,,,,,,,,1293.718912804777,1296.946806734855,1306.6490839076396,1311.8319988344,1323.732242547696,1334.3925012754025,1337.2187331806435,1340.2988318528567,1367.2714293683493,1373.679112466994,1386.0606515368409,1378.0865061156346,1378.2667220581618,1399.6872923547935,1394.9059580492599,,1417.5745887652636,1432.954192070547,1454.3933091242948,1451.0798975868056,1458.347744874116,1474.2999184316245,1467.4575219846406,1477.0644036907388,1466.6015660028045,1485.2843450699188,1504.8515657032306,1526.0004810875098,1539.3338261742406,1522.6197405290009,1506.0076348515363,1512.5041110576883,1522.0862155591801,1525.9936727501783,1532.8712432345383,1528.6106524538918,1557.3181321188058,1554.1815368098805,1581.0372108530191,1577.434052989583,1577.8896855224652,1599.0023056475698,1617.6041329118234,1629.4225087493758,1627.0060374206291,1628.6536786368936,1636.228660317489,1647.0162978239168,1638.0776410786164,1634.6899288436125,1611.4880952380954
395222,375,"Whitewater, WI",msa,WI,,,,,,,,,,,,,,,,,,,,,,,,,,,,,,,,,,,,,,,,,,,,,,,,,,,,,,,,,,,,,,,,,,,,,,,,,,,,,,,,,,,,,,,,,,,,,,,,,,,,,,,,,,,,,,,,,,,,,,,,,,,,,,,,,,,,,,,,,2485.846259625994,2557.5
394709,376,"Ithaca, NY",msa,NY,,,,,,,,,,,,,,,,,,,,,,,,,,,,,,,,,,,,,,,,,,,,,,,,,,,,,,,,,,,,,,,,,,,,,,,,,,,,,,,,,,,,,,,,,,,,,,,,,,,,,,,,,,,,2202.654430665977,2215.657762412489,2367.8788997356346,2375.980421740396,2389.0890030328537,2413.3210625991187,2411.844636034276,2461.3019808949143,2484.756594312155,2490.4384191145655,2493.97548787798,2519.160198330316,2556.5277356664797,2485.239366334116,2458.48261382749,2417.873259371889,2561.9179661032513,2620.8323112686376,2596.12288435898,2586.5632959534946,2591.3968709908986,2605.570982194053,2636.0674335414947,2697.305051150582,2683.1474768066428,2769.7200498986226,2750.278770592436,2807.4671772928614,2711.17883580519,2678.086623009206,2726.3809523809523
394637,377,"Grand Forks, ND",msa,MN,,,,,,,,,,,,,,,,,,,,,,,,,,,,,,,,,,,,,,,,,,,,,,,,,,,,,,,,,,,,,,,,,,,,,,,,,,,,,,,,,,,,,,,,,,,,,,,,,,,,,,,,,,,,,1593.5952537109406,1614.0099557871713,1602.879231482583,1618.0156738102169,1614.3615148674776,1662.1195198013768,1647.487964139225,1665.5336022351964,1661.893440117312,1706.9572446670395,1728.2680420337465,1712.1809446838497,1714.8786384544837,1707.2620054789602,1770.3105210554797,1776.706855415444,1780.614564713866,1761.9008936319626,1781.326186368069,1794.1300799024018,1817.946991771185,1810.852462893913,1818.2389015882516,1857.528482497897,1880.061229685752,1911.0539935875017,1908.9445369942719,1938.765196031068,1976.835550566723,2007.4047619047622
394524,378,"Decatur, IL",msa,IL,,,,,,,,,,,,,,,,,,,,,,,,,,,,,,,,,,,,,,,,,,,,,,,,,,,,,,,,,,,,,,,,,,,,,,,,,,,,,,,,,,,,,,,,,,,,,,,,,,,,,,,,,,,,,,,,,,,,1041.1164152803485,1018.7170936103914,1047.1613828814839,1060.4409434368145,1094.4000260352934,1074.4511779807633,1083.404801173737,1091.1530121089502,1109.7172681494253,1110.7309957459263,1098.878827004019,1120.4835663627382,1132.1757957506848,1154.438551345519,1142.4253749945285,1140.1441626355952,1129.2770167964372,1153.358571107907,1152.028757615638,1149.9492684503539,1120.5297404931257,1113.639209144126,1115.595238095238
394762,379,"LaGrange, GA",msa,GA,,,,,,,,,,,,,,,,,,,,,,,,,,,,,,,,,,,,,,,,,,,,,,,,,,,,,,,,,,,,,,,,,,,,,,,,,,,,,,,,,,,,,,,,,,,,,,,,,,,,,1153.5625863805815,1176.4769110612895,1182.3857966853207,1206.0781716513507,1211.5807560831709,1236.1956697775802,1235.4979654148824,1229.1377034812601,1216.43357827897,1200.6134023821462,1234.8557410283822,1254.114738063259,1279.4638702007712,1262.3503747120956,1253.786712666029,1263.0046951628824,1255.5807140910003,1266.3676278320058,1267.2761218734838,1341.7428370155535,1343.2455504518903,1388.3795250740231,1352.693905417009,1403.8205132606229,1389.5645175133677,1400.6832096187247,1415.819777487715,1411.151269559439,1433.121780091048,1426.041684159587,1445.7469346396854,1401.1080799659715,1414.6123932538746,1396.7224185449447,1406.7015666268524,1358.2977205473926,1351.1098540845874,1343.9583333333333
394369,380,"Bay City, MI",msa,MI,,,,,,,,,,,,,,,,,,,,,,,,,,,,,,,,,,,,,,,,,,,,,,,,,,,,,,,,,,,,,,,,,,,,,,,,,,,,,,,,,,,,,,,,,,,,,,,,,,,,,,,,,,,,,,,,,,,,,,,,,,,,,,,,,,,,,,,,1315.1937312644825,1313.4463028792477,1289.5833333333333
394630,382,"Gettysburg, PA",msa,PA,,,,,,,,,,,,,,,,,,,,,,,,,,,,,,,,,,,,,,,,,,,,,,,,,,,,,,,,,,,,,,,,,,,,,,,,,,,,,,,,,,,,,,,,,,,,,,,,,,,,,,,,,,,,,,,,,,,,,,,,,,,,,,,,,1483.1053398964252,1470.3257102744744,1464.4374720934838,1461.686875473603,1486.5424636759374,1498.4794843229477,1497.0417592403624,1492.4937626343271,1495.538492553756,1513.888888888889
394620,383,"Gadsden, AL",msa,AL,,,,,,,,,,,,,,,,,,,,,,,,,,,,,,,,,,,,,,,,,,,,,,,,,,,,,,,,,,,,,,,,,,,,,,,,,,,,,,,,,,,,,,,,,,,,,,,,,,,,,,,,,,,,,,,,,,,,,,,,,,,,,,,,,,,,,,,1425.764282159032,1447.3618217148478,1469.4457752156634,1461.111111111111
394733,384,"Kalispell, MT",msa,MT,,,,,,,,,,,,,,,,,,,,,,,,,,,,,,,,,,,,,,,,,,,,,,,,,,,,,,,,,,,,,,,,,,,,,,,,,,,,,,,,,,,,,,,,,,,,,,,,,,,2605.779545566152,2608.8181588277002,2609.7828664321896,2580.281515303099,2571.213658148356,2590.362723413911,2622.7565855585026,2600.3589360150545,2621.824911728924,2625.554209229386,2658.6329181351566,2653.571327818971,2648.889322267746,2650.7037494105753,2668.7618608244493,2688.5696504144253,2693.5076320919497,2675.6565706517026,2649.2170798023913,2660.0134044238457,2689.3408756485046,2709.9486846540854,2695.011288335724,2671.71870380665,2687.605805979416,2712.9417353172803,2719.8358206019607,2727.789823501013,2731.0718439135294,2735.095227274283,2743.665092853134,2759.5260432054233,2741.104383895979,2734.770859225275,2739.6949156429473,2774.7825468169367,2773.9951253695763,2762.057030512722,2757.5744459869697,2756.111111111111
394518,385,"Danville, VA",msa,VA,,,,,,,,,,,,,,,,,,,,,,,,,,,,,,,,,,,,,,,,,,,,,,,,,,,,,,,,,,,,,,,,,,,,,,,,,,,,,,,,,,,,,,,,,,,,,,,,,,,,,,,,,,,,,,,,,,,,,,,,,1165.569609348544,1192.140391580319,1204.3386226063608,1239.6228421006415,1225.2376538339217,1221.7066603387632,1219.7618728497266,1207.5068300100027,1208.9953759200193,1206.6050880069788,1228.41575663159,1253.8486216490933,1281.5818087054724,1284.0954397511273,1285.491034601216,1281.7136842640202,1302.1789741306693,1316.861111111111
394823,386,"Mankato, MN",msa,MN,,,,,,,,,,,,,,,,,,,,,,,,,,,,,,,,,,,,,,,,,,,,,,,,,,,,,,,,,,,,,,,,,,,,,,,,,,,,,,,,,,,,,,,,,,,,,,,,,,,,,,,,,,,,,,,,,,,,,,,,,,,,,,,,,,,,,1815.842534960182,1833.0058520152234,1873.1712927751596,1896.7148670193906,1902.0862419103037,1903.611111111111
394794,387,"Lima, OH",msa,OH,,,,,,,,,,,,,,,,,,,,,,,,,,,,,,,,,,,,,,,,,,,,,,,,,,,,,,,,,,,,,,,,,,,,,,,,,,,,,,,,,,,,,,,,,,,,,,,,,,,,,,,,,,,,,,,,,,,,,,,,,1236.0154365417588,1215.5422835622796,1217.4996458763085,1231.0929121051608,1297.1933191186636,,1344.11613805702,1339.4138350880933,1344.945143032763,1354.4783621562135,1344.223227218874,1361.3691638378211,1376.4176293824248,1412.6913498549038,1444.4836953538245,1445.7427915924882,1423.9570544288456,1378.888888888889
395166,389,"Truckee, CA",msa,CA,,,,,,,,,,,,,,,,,,,,,,,,,,,,,,,,,,,,,,,,,,,,,,,,,,,,,,,,,,,,,,,,,,,,,,,,,,,,,,,,,,,,,2589.440153993395,2542.677260358535,2521.2068650651076,2574.8513612347792,2632.7871498163536,2669.0763665967197,2608.392689067616,2601.4353027625357,2615.67951662096,2668.296763214402,2662.0264976417507,2659.199172168831,2668.2879148380857,2668.4654061043943,2704.8519455013056,2722.6353482420577,2730.0340960913463,2724.228800599403,2742.1545376627496,2786.0372714368705,2762.2354503129377,2741.9074241029134,2726.7164033174745,2777.7671193269753,2769.000965401325,2812.303905727798,2786.9096832542705,2812.2172947234885,2801.57301246298,2817.7727324335074,2824.480077194549,2795.2837771107093,2811.1052428100506,2843.889710520855,2887.8230624651096,2891.386793699498,2912.8676062932145,2906.991422536923,2913.791584457046,2879.42519510153,2887.1926951134456,2890.6706359332,2901.822068024131,2921.550122135064,2934.493448219562,2925.1462877685763,2916.684970387587,2907.234594652407,2912.7911413710117,2916.8638227142264,2937.6826984630247,2966.7310107064995,2984.6167537766796,2996.6041666666665
395080,390,"Sebring, FL",msa,FL,,,,,,,,,,,,,,,,,,,,,,,,,,,,,,,,,,,,,,,,,,,,,,,,981.5101787083021,990.3261643205911,990.9571740600252,994.0037803049478,991.6152277344265,990.5836112740509,1011.4866225205017,1019.6659513855593,1028.2559049812587,1031.8857971056984,1045.7702239010516,1058.4230267384967,1050.7427609722236,1048.5030173450393,1055.3102935141778,1065.2118584584011,1065.083922935917,1065.6248061803965,1064.3324423024233,1087.2613837481465,1088.59353235995,1106.660176024209,1110.2634209711355,1116.157396546426,1133.673464088378,1140.4431177857632,1157.157528409439,1181.4464191630989,1205.8051547220778,1222.3485568284777,1240.8581889128109,1248.9943329506264,1268.111286249576,1291.7947377689297,,1335.2278707830164,1337.5503431005443,1365.7830786749205,1395.6345427230453,1416.4745412610664,1419.5475684160374,1443.1838268534932,1454.5321619730673,1476.3886170069497,1486.9598352462458,1487.7727469718193,1513.2107883399963,1541.180249535811,1570.7109663614322,1564.7361250550903,1545.0767749540819,1548.3035558479346,1571.804945287346,1579.5003852343493,1590.143164140528,1590.636398836093,1594.3083637036207,1606.6669690477008,1597.4661730166313,1598.736550275909,1592.2584010906774,1600.7447054756672,1610.4020990264705,1602.5572371167689,1604.2920687205649,1605.0666171174287,1613.9856863229884,1623.3939559757732,1622.808837249771,1613.6055586821108,1617.817210210868,1617.858482002682,1630.1788118701418,1638.4744758374068,1646.6840286850218,1652.6372197910941,1652.8245760242166,1636.844981751552,1642.0029722366983,1638.9404906542798,1643.0713451171302,1650.938046533377,1653.0159364401766,1652.24870336068,1645.4510042221893,1640.0553243312418,1636.1693709494166,1637.4342480745136,1634.3524719432887,1645.6136457731213,1636.4708333333335
394462,391,"Cheyenne, WY",msa,WY,1253.9002638589593,1250.7445894704958,1245.2026776722537,1234.8102639766187,1232.0082221146165,1222.8933732289759,1231.7584160250424,1236.1987682861802,1245.978885256252,1235.9973690061058,1234.7668392177006,1239.2861881090184,1249.9128731081114,1261.7955718487724,1262.0357890013968,1265.9392710310053,1263.769915039991,1265.6904409337901,1260.6272917049293,1260.2546010650246,1262.2772021561875,1262.983532597057,1274.4703091440074,1271.9765514604574,1276.714730104642,1268.0279005027799,1275.9322449357526,1281.9955258853304,1278.7640248550229,1277.4327615239602,1269.2003284666084,1281.9879415439318,1273.8792066751216,1289.835407022423,1286.7808805410089,1307.7837395830325,1298.3913120114034,1305.6871912889046,1297.28380114712,1294.674343389807,1300.0250600773652,1304.8784141507042,1321.1333016890783,1320.1147263034272,1335.349395324078,1333.9163228844782,1347.3669430593425,1346.1592513845303,1349.692262115093,1345.0034350888975,1356.633312079304,1364.2975406727428,1371.4194122998422,1377.5069745314304,1379.1664972418268,1383.2407280281682,1384.8159713432512,1388.552128172065,1388.3697159714657,1390.8231853277116,1403.402358781855,1417.0818632563178,1430.3577605865353,1419.3474640848283,1420.1080154005008,1418.7094255070128,1426.6358983323807,1434.9986644824617,1439.9537382343165,1445.2948103842084,1457.660937126633,1479.1044460240773,1466.5998840448601,1471.131013547489,1479.4277103438967,1505.180373136083,1501.47304955158,1521.8023230164945,1540.8722734055423,1559.8665378059975,1581.7687270792928,1596.5662814084826,1607.4197852035818,1605.6810310347212,1602.3415599200919,1633.0999711331626,1631.6861999818143,1659.050753155838,1679.740907534419,1691.9213503044723,1692.246277312069,1685.9276440062847,1684.0925117271959,1690.2516115644132,1692.18333160665,1704.6311127931654,1730.682970569023,1717.1254923741897,1731.5404816427886,1709.3603910789905,1711.7602096574408,1709.8492091239264,1718.6677063267446,1748.3324489394702,1759.9667289016163,1773.9738989495738,1771.432508133526,1786.9637283441025,1800.1977621222188,1818.674203830478,1824.2438692977885,1826.026444785478,1827.2036545219917,1829.4069002768886,1833.3293284685953,1837.659675924845,1847.0354861271944,1851.951529563574,1857.2650177386724,1860.713373252636,1862.6713282489477,1879.0062691905955,1878.7254914550726,1911.0785263143266,1911.2532629607026,1921.508758493738,1931.7947738612654,1932.074343350681,1936.6162776085312,1941.8884879599677,1956.3606199992519,1961.3544819076926,1965.6227140228689,1963.459115803721,1975.7040989574546,1971.0746729824766,1986.4330439839769,1994.5342522974104
394689,392,"Hot Springs, AR",msa,AR,,,,,,,,,,,,,,,,,,,,,,,,,,,,,,,,,,,,,,,,,,,,,,,,,,,,,,,,,,,,,,,,,,,,,,,,,,,,,,,,,,,,,,,,,,,1338.048975701848,1367.8629102838886,1380.1987110539194,,1356.2561287289411,1359.8982564588193,1407.2438619981203,1441.068781119212,1429.0756906307454,1396.6018394091805,1413.6565282473518,1447.394599046661,1474.3918661413963,1458.494177098301,1463.29183701075,1464.3559086905527,1474.1685467753591,1474.992390510492,1477.995614648504,1482.1752129764614,1488.7968119689885,1491.532819141253,1514.2320614735745,1515.22198121057,1520.768541662201,1510.864411372191,1521.7907282910282,1545.0222967067832,1548.1395603066276,1549.4478538093176,1551.1754331379357,1549.6157716075838,1550.3783312486105,1564.5185015089412,1558.8853935415254,1556.5922066675769,1555.8050600825077,1579.7734414074719,1582.884171781947,1580.6137995873137,1593.2127601907182,1607.1238725731503,1613.304950232379,1624.6709252849485,1643.2485081001494,1658.4402071639493,1670.849533588937,1689.236111111111
395090,394,"Shelby, NC",msa,NC,,,,,,,,,,,,,,,,,,,,,,,,,,,,,,,,,,,,,,,,,,,,,,,,,,,,,,,,,,,,,,,,,,,,,,,,,,,,,,,,,,,,,,,,,,,,,,,,,,,,,1251.6894778022572,1240.7030728395862,1225.7893143234842,1221.7751014464748,1223.8215866261883,1234.8176756825833,1247.1285986235957,1267.4671554862007,1274.8033667226152,1268.0988246897693,1259.5090906818718,1258.148174735157,1266.1173688036338,1270.682486870521,1281.1634942833773,1286.6248444134685,1281.6332460160925,1275.7767074338972,1280.4637976336546,1293.2510220760614,1301.9052166843014,1293.0438081935217,1291.3951735153328,1307.739498363621,1303.256980207307,1298.3137249501492,1304.6777560332828,1309.2982326101162,1322.394636221043,1322.029853269185,1316.306042806128,1309.1189803790119,1310.3212600212173,1329.5058907531034,1340.9413802330632,1336.8213375353798,1347.2641387042218,1362.3722222222223
394542,396,"Dubuque, IA",msa,IA,,,,,,,,,,,,,,,,,,,,,,,,,,,,,,,,,,,,,,,,,,,,,,,,,,,,,,,,,,,,,,,,,,,,,,,,,,,,,,,,,,,,,,,,,,,,,1290.3753361165154,1302.1510804480813,1303.5782513247798,1298.9556080635668,1317.2251443754044,1310.8872822083702,1333.3612438585985,1330.985750357237,1366.1142143578606,1354.215241592753,1369.258081196427,1352.57500806858,1371.1844656277165,1365.4999710645063,1407.2521365701803,1424.1008638365427,1452.0182120609993,1443.0594693718028,1443.5315089740775,1432.4802073710196,1421.0297345601484,1425.3255477676212,1430.049952204648,1442.7331394979478,1447.3227897188956,1478.2568132916122,1470.3867412508632,1467.7348732641383,1451.0405116730824,1473.9998163770772,1484.4072087745046,1503.1304770385611,1517.214584377375,1536.4216569677205,1542.88668807272,1555.2840648869487,1557.4970507123076,1548.7910727112017,1548.4976951908147,1558.2027936200961,1567.402173702469,1567.9922425273032,1566.6187599425775,1569.1168016359068,1565.8405631013784,1559.2857142857144
394852,397,"Meridian, MS",msa,MS,,,,,,,,,,,,,,,,,,,,,,,,,,,,,,,,,,,,,,,,,,,,,,,,,,,,,,,,,,,,,,,,,,,,,,,,,,,,,,,,,,,,,,,,,,,,,,,,,,,,,,,,,,,,,,,,,,,,,,,,,,,,,,,,,,,,,,,1421.763003660308,1428.1223388039145,1491.478331571032,1474.1666666666667
753912,398,"Pinehurst, NC",msa,NC,,,,,,,,,,,,,,,,,1398.6472762732867,1400.4619846200064,1405.0410365096834,1418.5177667179141,1430.2046401411812,1439.4752339402573,1423.631858090624,1422.9721947671744,1405.9192244467292,1415.3702788988837,1393.091032951038,1396.0271398072143,1408.0960413706155,1422.0771127690882,1434.8794563139538,1433.364457956113,1439.509126925334,1432.4296509227236,1427.8359798089587,1431.211780774691,1440.8289360474978,1448.4586956176393,1459.3524290125622,1458.4661471706158,1458.5913283241473,1453.593128738669,1459.0546246425884,1466.1347358542102,1461.9256716356642,1458.2194497814733,,1481.891232207575,1479.0772915111172,1480.4862626582328,1489.8893516556168,1499.1289089041886,1501.6242379212356,1506.472836652793,1504.1875206524717,1506.2282833359282,1514.6453488655059,1530.5275690779126,1541.6438893543173,1539.4685059392993,1552.662233587259,1559.211335394259,1569.3908260890787,1557.0290273819214,1563.2908447499233,1565.6234977364181,1597.022910608277,1595.889197907353,1595.443929912031,1603.2937134898616,1628.9902330909174,1644.0619611965678,1666.7298706318397,1682.4700673786003,1680.23405664283,1684.2726956260904,1697.6222195264547,1747.5333094238263,1769.7519141216017,1804.3922758525587,1850.1193776508683,1878.5252973510787,1874.7060404557367,1905.6704174690985,1902.0655129343284,1924.3505815425794,1927.6998283413955,1969.6679226843619,2008.7668009666172,2010.9090428977513,2021.7949241484944,2017.1758383929905,2022.9297112001434,2013.720718677611,2029.9975948088995,2015.675025123016,2037.5570181590297,2055.7358199760965,2087.8356167618554,2097.5014855225077,2078.7668639614267,2083.2207229146616,2074.332660714936,2103.1642399919815,2102.5502347572938,2128.618414026838,2139.2691084795947,2147.570798973218,2148.674971781862,2143.670212914402,2158.0098876646684,2161.494404276771,2168.235314700799,2164.809503068995,2165.3524726766414,2173.0930208817963,2172.8343565859623,2168.0895908579723,2154.756470301095,2166.1942435418478,2172.3724076993267,2175.418895150424,2192.0992691475126,2196.3247908529156,2218.6548308830934,2203.8564072235818,2220.2183558550446,2214.2615458066966,2225.9829778015032,2231.26227221404,2246.107549277506,2247.8576082791997,2250.4006009548107,2258.2439716749727,2243.512743621878,2247.25486988511,2241.139929282331,2264.465811965812
394953,399,"Paducah, KY",msa,KY,,,,,,,,,,,,,,,,,,,,,,,,,,,,,,,,,,,,,,,,,,,,,,,,,,,,,,,,,,,,,,,,,,,,,,,,,,,,,,,,,,,,,,,,,,,,,,,,,,,,,,,,,,,,,,,,,,,,,,,,,,,,,,,,,,,,,1408.9732180113801,1403.6471209112246,1442.29214010427,1427.6194114531806,1429.4053380459827,1427.7777777777776
395190,400,"Victoria, TX",msa,TX,,,,,,,,,,,,,,,,,,,,,,,,,,,,,,,,,,,,,,,,,,,,,,,,,,,,,,,,,,,,,,,,,,,,,,,,,,,,,,,,,,,,,,,,,,,,,,,,,,,,,,,,,,,,,,,,,,,,,,,,,,,,,,,,,,,,1573.4476424271438,1583.6919423680638,1601.3321763271415,1612.537443925559,1611.8212931354226,1625.127270068619,1631.9444444444443
395038,401,"Rome, GA",msa,GA,,,,,,,,,,,,,,,,,,,,,,,,,,,,,,,,,,,,,,,,,,,,,,,,,,,,,,,,,,,,,,,,,,,,,,,,,,,,,,,,,,,,,,,,,,,,,,,,,,,,,1343.2003124229113,1312.546645424753,1347.801803086246,1381.2318703823864,1418.7651303527732,1398.1435343226467,1372.3054211023323,1356.387962869303,1355.1771170102586,1367.9884929751702,1371.8059609784495,1385.7480463648667,1399.3820060767318,1406.7579229629046,1415.331011434521,1384.9648457837986,1400.3705548984615,1401.2329523649546,1441.1932597559376,1468.1502792775632,1480.4497846336974,1471.0320144765626,1425.8762006266663,1409.0624325884544,1403.5091502616858,1475.727579484759,1465.8527255929775,1484.8668894181583,1473.9258173274875,1486.686791536205,1473.4956179134979,1471.5808974994475,1476.8617497883404,1501.0264427062773,1542.0411468191026,1566.5726770852693,1571.4707565013766,1526.6666666666667
395086,402,"Sevierville, TN",msa,TN,,,,,,,,,,,,,,,,,,,,,,,,,,,,,,,,,,,,,,,,,,,,,,,,,,,,,,,,,,,,,,,,,,,,,,,,,,,,,,,,,,,,,,,,,,,,,,,,,,,,,,,,,,,,,,,,,,,2802.0100685045654,2777.330918888634,2744.38081230246,2833.75582009294,2833.613095360304,2867.8859113350586,2867.9525776702485,2977.7183441280727,2971.4946255173572,2859.514272966643,2836.2904141448994,2852.7091408884635,2967.4431254529495,3017.2117608832823,3135.7740496891533,3076.768539560619,3085.498989421568,3111.155915637229,3123.3333464259886,3113.282288647777,3188.2662033664865,3393.3209415592437,3436.490013739196,3429.678571428571
394882,403,"Moses Lake, WA",msa,WA,,,,,,,,,,,,,,,,,,,,,,,,,,,,,,,,,,,,,,,,,,,,,,,,,,,,,,,,,,,,,,,,,,,,,,,,,,,,,,,,,,,,,,,,,,,,,,,,,,,,,,,,,,,,,,1979.311745853489,1942.2049359513096,1965.0644759299666,1977.1927394245533,1998.2147993931767,2004.0960997706673,1980.5331927748718,1967.8217969351329,1970.1108543203975,1995.815790467774,2006.2994877619103,1998.6932985753908,1988.3311299174097,1984.6711876508195,1990.723664810616,1985.2966781009352,1988.7874987474584,1988.118453499252,2017.786150439028,2028.629160875264,2026.7316304732228,2004.571960472007,1992.7825718206518,1991.4936998357632,1996.8744739411663,2003.847555048921,1987.607605094623,1978.637955601112,1961.0416666666667
394441,405,"Cape Girardeau, MO",msa,MO,,,,,,,,,,,,,,,,,,,,,,,,,,,,,,,,,,,,,,,,,,,,,,,,,,,,,,,,,,,,,,,,,,,,,,,,,,,,,,,,,,,,,,,,,,,,,,,1255.3418948957788,1267.898743786418,1266.0385229024346,1260.0661006069167,1271.8811430083902,1270.0291041287753,1273.6025810327803,1258.8187482770377,1284.4728994699947,1312.5142730835596,1311.7792057094557,1302.6953865382582,1264.9146008397204,1284.0228060548181,1298.1647074348095,1315.11854964061,1307.5208728017399,1323.461869770865,1316.934100611464,1337.8168569792947,1320.322038840961,1337.3397060345555,1362.4920820617556,1364.951796485262,1355.4363085064988,1333.6810966075382,1356.6534716441374,1388.170575382208,1397.4773296326741,1400.2934055275202,1397.7012643584806,1404.831556763008,1415.873958357919,1407.2560326540572,1397.7483484648963,1412.2485199508524,1442.4135310062302,1460.5866586191214,1448.542654340541,1429.5992550855285,1436.136965111267,1438.4156486551437,1453.6046833743574,1451.6825396825398
394311,406,"Albertville, AL",msa,AL,,,,,,,,,,,,,,,,,,,,,,,,,,,,,,,,,,,,,,,,,,,,,,,,,,,,,,,,,,,,,,,,,,,,,,,,,,,,,,,,,,,,,,,,,,,,,,,,,,,,,,,,,,,,,,,,,,,,,,,,,,,,,,,,,,,,,,,,,,1636.25
394580,407,"Fairbanks, AK",msa,AK,,,,,,,,,,,,,,,,,,,,,,,,,,,,,,,,,,,,,,,,,,,,,,,,,,,,,,,,,,,,,,,,,,,,,,,,,,,,,,,,,,,,,,,,,,,,,,,,,,,,,,,,,,,,,,,1998.545309596859,1981.4556264366317,2038.7365188471651,2052.2330554717323,2058.824043004761,2074.4162713520736,2088.203660725014,2088.074588822013,2098.683220301873,2106.0538479856696,,2134.4058981968037,2160.1171623317814,2138.1199670313185,2154.4776422408604,2137.3151122089075,2143.8532223571456,2141.4314673848003,2151.2152720898225,2170.637378814442,2208.031582897481,2214.595447078846,2204.042429092571,2204.2069057924737,2197.9931114527953,2250.1560293808843,2245.947888079142,2288.055555555555
394410,408,"Brainerd, MN",msa,MN,,,,,,,,,,,,,,,,,,,,,,,,,,,,,,,,,,,,,,,,,,,,,,,,,,,,,,,,,,,,,,,,,,,,,,,,,,,,,,,,,,,,,,,,,,,,,,,,,,,,,,,,,,,,,,,,,,,,,,,,,,,,,,,,,,,,,,,1666.288183546598,1681.8796013483284,1659.8559537193405,1685.6944444444443
394513,409,"Cumberland, MD",msa,MD,,,,,,,,,,,,,,,,,,,,,,,,,,,,,,,,,,,,,,,,,,,,,,,,,,,,,,,,,,,,,,,,,,,,,,,,,,,,,,,,,,,,,,,,,,,,,,,,,,,,,,,,,,,,,,,,,,,,,,,,,,,,,,,,,,,,,1214.5197907843228,1251.708795503633,1232.3763099167218,1232.204277481911,1270.2641149558606,1272.9166666666667
394505,411,"Corvallis, OR",msa,OR,,,,,,,,,,,,1440.1333666741662,1461.3274413664183,1476.2100209279877,1480.047044102311,1455.4646587338818,1469.5607179691588,1475.0935949560937,1493.0934264617376,1497.4912183696463,1510.8535915033794,1500.4446223855293,1539.265187020814,1545.1197692181327,1565.825783715014,1545.7516086944438,1557.7609038711219,1575.0753461380677,1578.8537133225084,1582.9582848771856,1595.0126537591211,1598.1028143255573,1592.4154628165265,1624.7498981635983,1609.5229424226784,1625.418611607357,1610.1672717391787,1643.5998143877853,1657.9348140945367,1658.7880312901004,1670.6492462236004,1688.2322123130093,1693.0630884278976,1691.06982672568,1695.0945956850328,1709.7594959989647,1724.9511611756284,1745.1253347061809,1739.0520605159045,1736.4476104049609,1735.6450687454221,1748.8251251414479,1752.5860358023767,1752.8672482281079,1756.7290021227354,1772.3436580771292,1785.994236505005,1776.25224614382,1780.0228030403973,1770.7913546242987,1793.6771951250817,1797.9923567674923,1821.5881823647742,1803.364826230104,1788.623043336984,1797.574892064623,1797.1666741374788,1827.6391671974263,1828.286463622023,1846.2245159308147,1844.5766136730108,1863.2780950649503,1891.4258151683232,1896.8678925040267,1909.9815175166614,1938.779665232829,1985.0726484532638,1996.706299893796,2016.5745630857862,2021.0997476665327,2052.157568472166,2093.039710050084,2105.7781821967023,2128.047657642118,2097.257511729093,2121.7577443206515,2121.942638514193,2145.8813138627643,2149.150808524153,2175.4473035013566,2199.704064996589,2223.917411710806,2245.1483451483964,2267.001090828373,2302.1970558877874,2318.244303089215,2331.946322636614,2323.829024436365,2320.1418615226557,2326.0858952343256,2337.592087229797,2363.2577571490647,2370.1833359154098,2390.0153710215804,2398.819722708452,2416.8353031874344,2429.0831142156526,2428.9538215355683,2424.4133274660517,2422.6585875237743,2452.442016688132,2475.6122303386687,2503.071296249468,2502.5986475176087,2516.784083658005,2516.1037791414874,2511.868734744421,2521.647184923737,2536.4179523413586,2525.7077452964163,2531.0430215718907,2515.553877361802,2541.30194986895,2548.5878204084183,2569.627032940853,2584.6831350135776,2591.599157033979,2603.972002998417,2624.0948273209233,2628.20898966692,2628.668924234947,2658.5279124144704,2679.503026683159,2717.8259588227156,2706.0683580329683,2709.6042504328034,2699.1151467788595,2703.1130097972205
394988,412,"Pocatello, ID",msa,ID,,,,,,,,,,,,,,,,,,,,,,,,,,,,,,,,,,,,,,,,,,,,,,,,,,,,,,,,,,,,,,,,,,,,,,,,,,,,,,,,,,,,,,,,,,,,,,,,,,1359.8832641366448,1371.0917612753442,1356.2899305726849,1363.4338656072403,1372.0057453086472,1364.4129930052302,1370.1143881167686,1359.6935843087201,1385.0867932891083,1392.9287751960555,1400.7141978256316,1388.7439520999253,1397.3428459349957,1408.486463768534,1422.5348796603064,1426.4180777081044,1426.150261108212,1451.04504804835,1459.470289894827,1448.9506170708971,1449.4767476970505,1445.4184896839467,1443.9941112954261,1450.5971341229538,1452.5157331566786,1462.9457994683273,1471.8346263694173,1483.1715636238741,1483.7516701087939,1482.4417191766697,1487.2598357261177,1520.8948605067815,1514.4602626513545,1522.5100790441456,1521.417737274125,1530.699018660413,1533.2310215365671,1526.917959883922,1525.1410532595587,1522.645061201082,1526.6944444444443
394501,413,"Corning, NY",msa,NY,,,,,,,,,,,,,,,,,,,,,,,,,,,,,,,,,,,,,,,,,,,,,,,,,,,,,,,,,,,,,,,,,,,,,,,,,,,,,,,,,,,,,,,,,,,,,,,,,,,,,,,,,,,,,,,,,,,,,,,,,,,,,,,,,,,,,,,,,,1900.0
395140,415,"Sunbury, PA",msa,PA,,,,,,,,,,,,,,,,,,,,,,,,,,,,,,,,,,,,,,,,,,,,,,,,,,,,,,,,,,,,,,,,,,,,,,,,,,,,,,,,,,,,,,,,,,,,,,,,,,,,,,,,,,,,,,,,,,,,,,,,,,,,,,,,,,,,,,,1131.641517249761,1117.662346163897,1146.0086483314803,1127.6666666666667
395175,416,"Ukiah, CA",msa,CA,,,,,,,,,,,,,,,,,,,,,,,,,,,,,,,,,,,,,,,,,,,,,,,,,,,,,,,,,,,,,,,,,,,,,,,,,,,,,,,,,,,,,,,,,,,,,,,,,,,,,,,,,,,,,,,,,,,,,,,2236.8533237489596,2243.507400067799,2240.5348612391813,2191.0597021238073,2210.6824741309692,2257.004089011588,2301.812650930799,2305.558176134171,2262.3726330356585,2244.9777911160536,2281.926515955128,2327.627840949693,2367.779008323482,2359.3429251126236,2355.60405387499,2418.871363558575,2440.648566878843,2426.17041341345,2376.3390446936505,2352.0833333333335
753887,417,"Hermiston, OR",msa,OR,,,,,,,,,,,,,,,,,,,,,,,,,,,,,,,,,,,,,,,,,,,,,,,,,,,,,,,,,,,,,,,,,,,,,,,,,,,,,,,,,,,,,,,,,,,,,,,,,,,,,,,,,,,,,,,,,,,,,1600.4171803987667,1574.1556808887303,1563.8253292698532,1583.5534910184988,1604.4306056997673,1614.4460944039083,1617.3768291724878,1630.1762782353853,1601.3670219430776,1611.7657991640788,1611.9560152453607,1606.0243202303354,1593.2992039215953,1625.824235759767,1633.0705293673104,1630.3028039334818,1611.8622633336795,1625.6877649629587,1629.3997543001767,1619.0957326834655,1631.7868015367408,1632.0
394469,418,"Clarksburg, WV",msa,WV,,,,,,,,,,,,,,,,,,,,,,,,,,,,,,,,,,,,,,,,,,,,,,,,,,,,,,,,,,,,,,,,,,,,,,,,,,,,,,,,,,,,,,,,,,,,,,,,,,,,,,,,,,,,,,,,,,,,,,,,,,,,,,,,,,,,,,,1272.843207338168,1263.659462535199,1239.3861700335256,1246.6666666666667
394964,419,"Parkersburg, WV",msa,WV,,,,,,,,,,,,,,,,,,,,,,,,,,,,,,,,,,,,,,,,,,,,,,,,,,,,,,,,,,,,,,,,,,,,,,,,,,,,,,,,,,,,,,,,,,,,,,,,,,,,,,,,,,,,,,,,,,,,,,,,,,,,,,,,,,,,,1209.135176720796,1236.1405536599163,1236.3355101953143,1260.7708212639484,1304.3733765983409,1321.9444444444443
394641,422,"Grants Pass, OR",msa,OR,,,,,,,,,,,,,,,,,,,,,,,,,,,,,,,,,,,,,,,,,,,,,,,,,,,,,,,,,,,,,,,,,,,,,,,,,,,,,,,,,,,,,,,,,,,,,,,,,,,,,,,,,,,,,,,,,,1749.4449156732655,1744.2632802487926,1749.6562146231886,1736.6196342534067,1721.7761112176677,1722.807295793554,1700.757761676018,1724.3695753314882,1753.068134232036,1805.415619155341,1800.5867837229093,1819.51196608142,1813.8502626027691,1799.2443989763578,1801.8205980878322,1806.855578461188,1853.8963291080713,1862.8093262290392,1884.7361650658502,1871.5671099803096,1832.341567450002,1816.343379342797,1823.8130589249834,1831.6978479620886,1831.0555555555557
394511,424,"Cullman, AL",msa,AL,,,,,,,,,,,,,,,,,,,,,,,,,,,,,,,,,,,,,,,,,,,,,,,,,,,,,,,,,,,,,,,,,,,,,,,,,,,,,,,,,,,,,,,,,,,,,,,,,,,,,,,,,,,,,,,,,,,,,,,,,,,1547.9618620059473,1570.894321412672,1563.5508103835434,1558.412976062495,1552.1341676405887,1569.213437106778,1580.9248171645309,1586.0988233799167,1584.7828424912252,1600.220886507569,1611.648245133142,1615.2661216752456,1612.6212862252796,1591.2684829060413,1596.454147383056,1599.1666666666667
394809,425,"Lufkin, TX",msa,TX,,,,,,,,,,,,,,,,,,,,,,,,,,,,,,,,,,,,,,,,,,,,,,,,,,,,,,,,,,,,,,,,,,,,,,,,,,,,,,,,,,,,,,,,,,,,,,,,,,,,,,,,,,,,,,,,,,,,,,,,,,,,,,,,,,,1355.3285358688263,1359.8879778265643,1364.6910108216748,1352.6334535602596,1339.8158101733045,1349.1050376017026,1365.0777788502494,1385.8333333333333
395248,426,"Zanesville, OH",msa,OH,,,,,,,,,,,,,,,,,,,,,,,,,,,,,,,,,,,,,,,,,,,,,,,,,,,,,,,,,,,,,,,,,,,,,,,,,,,,,,,,,,,,,,,,,,,,,,,,,,,,,,,,,,,,,,,,,,,,,,,,,,,,,,,,,,,,,,,1226.6781488399704,1268.8372552165183,1284.6858320917675,1265.0
394907,427,"New Castle, PA",msa,PA,,,,,,,,,,,,,,,,,,,,,,,,,,,,,,,,,,,,,,,,,,,,,,,,,,,,,,,,,,,,,,,,,,,,,,,,,,,,,,,,,,,,,,,,,,,,,,,,,,,,,,,,,,,,,,,,,,,,,,,,,1016.109256562136,998.1463332497243,1014.2956653726842,1011.3851573406978,1069.5899643769726,1066.8004086794554,,1108.3217729064745,1121.0086799501187,1135.6941923576312,,1172.700123608966,1189.6355211235907,1212.8775388601953,1222.0109089321143,1209.317586089475,1171.2715333021658,1158.8095238095239
394925,428,"Oak Harbor, WA",msa,WA,1175.2835574903393,1186.626155242827,1195.4338252317025,1220.7136795285242,1232.1300467716198,1244.4009551866325,1236.5909321782067,1254.3402096732234,1267.4897903949193,1279.5308261527423,1293.9234369046242,1302.718948891735,1325.0800487846993,1332.543588292688,1359.4713129365662,1367.0648717056679,1368.9370346731296,1371.0289674285375,1383.755012026146,1399.5796143694301,1404.7333912878262,1421.114061398502,1428.2790878382627,1450.1091634227944,1451.6902002776174,1463.5615973018726,1453.8012143589744,1480.3285639117335,1497.6899288455536,1519.7526519179826,1532.1781026759384,1531.1966336366497,1538.5497874840364,1526.4929102697558,1534.30370023485,1546.080840763782,1556.2446455386337,1560.0103065178025,1566.8217462103983,1572.0960315828331,1584.3242456041282,1591.5119253496775,1591.5229292840218,1597.6053011852857,1590.4302155310859,1612.184237524966,1607.3930071990885,1612.666284429127,1617.4199216494,1637.6311922042973,1650.1315737335362,1648.5568037224066,1647.8979594082507,1648.3896606049689,1657.3120921847292,1666.0392191464464,1682.9826109254639,1683.818824934074,1696.9935314616107,1696.417489634309,1700.5381021088447,1693.4141180122808,1698.0600103112174,1694.4641410057056,1706.5063265781146,1712.104352030583,1731.1112516123967,1746.9158864595593,1761.7190300649218,1770.7239792258697,1766.1681994967846,1797.0218985203721,1829.7151296286547,1850.2870269507043,1851.7297844908448,1853.5990395347176,1887.0603968606079,1915.7154061794959,1955.4501458349885,1970.7676608604634,2002.2288223909734,1998.2787169746562,2007.3222499674036,2008.427537217994,2015.2496624437156,2043.8070533569648,2057.071588713238,2099.323591883118,2082.102277732803,2094.4400982653087,2103.259428908846,2137.286486422501,2136.435633906636,2162.8671423235387,2188.767842270671,2203.7264695420104,2178.185271017207,2194.5960375369395,2244.512415076819,2276.5655715437947,2308.3059989169033,2310.075626950426,2301.023116564087,2283.180233491441,2263.9245772515956,2271.676094751021,2281.3329972476954,2322.2466147122304,2372.0564123145655,2364.0309426459257,2341.5756855232935,2338.009703016713,2362.598275044342,2385.9800502084577,2399.8096536422145,2424.024289552396,2446.248681025865,2433.431739418377,2443.7762656887257,2447.7947452515937,2462.262182932502,2445.871333140949,2456.1465720901547,2467.5658889134093,2498.818869793371,2497.215666597176,2516.074113107403,2525.4364217725038,2543.441345907775,2569.034916074532,2574.4831538699996,2570.9283044395247,2562.846158949311,2597.80227669477,2611.673250493455,2617.6104225352187,2594.4695901915456,2602.5805860805863
394942,429,"Orangeburg, SC",msa,SC,,,,,,,,,,,,,,,,,,,,,,,,,,,,,,,,,,,,,,,,,,,,,,,,,,,,,,,,,,,,,,,,,,,,,,,,,,,,,,,,,,,,,,,,,,,,,,,,,,,,,,,,,,,,,,,,,,,,,,,,,,,,,1328.9787164612064,1343.7291842831426,,1335.816577660101,1329.6678557738358,1344.615548899463,1369.6248997973762,1362.6077952976198,1370.937163236528,1353.4340584646695,1370.3393027211505,1350.1294881719666,1358.516165361992,1365.5
395212,430,"Watertown, WI",msa,WI,,,,,,,,,,,,,,,,,,,,,,,,,,,,,,,,,,,,,,,,,,,,,,,,,,,,,,,,,,,,,,,,,,,,,,,,,,,,,,,,,,,,,,,,,,,,,,,,,,,,,,,,,,,,,,,,,,,,,,,,,,,,,,,,,,,,,,,,,,2020.0
394568,432,"Elmira, NY",msa,NY,,,,,,,,,,,,,,,,,,,,,,,,,,,,,,,,,,,,,,,,,,,,,,,,,,,,,,,,,,,,,,,,,,,,,,,,,,,,,,,,,,,,,,,,,,,,,,,,,,,,,,,,,,,,,,,,,,,,,,,,,,,,,,,,,,,,,,,,,,1175.0
394644,433,"Great Falls, MT",msa,MT,,,,,,,,,,,,,,,,,,,,,,,,,,,,,,,,,,,,,,,,,,,,,,,,,,,,,,,,,,,,,,,,,,,,,,,,,,,,,,,,,,,,,,,,,,,,,,,,,,,1457.505364123962,,1459.583574970496,1449.7554153721205,1447.2850646408276,1452.5698256899807,1459.2794222769037,1483.8437444363674,1502.426532036887,1509.4498849015451,1512.6263736370022,1516.0289953437898,1529.8307629726276,1532.269779866014,1542.1729173573854,1559.6380282937728,1579.9153856669873,1601.5775670441444,1595.1586428802295,1608.6567990828094,1594.071876628137,1610.4838500684107,1628.216702920209,1660.262180481614,1643.9405200694591,1653.1986756596505,1637.4123441351558,1692.617912377865,1694.230100850601,1689.2677479098154,1710.0836244611983,1703.5771952657801,1730.55930921062,1732.5137835281064,1738.674005655698,1732.8948051852867,1756.8261492767376,1769.0252371789522,1794.0044756108643,1759.6851851851852
395042,435,"Russellville, AR",msa,AR,,,,,,,,,,,,,,,,,,,,,,,,,,,,,,,,,,,,,,,,,,,,,,,,,,,,,,,,,,,,,,,,,,,,,,,,,,,,,,,,,,,,,,,,,,,,,,,,,,,,,,,,,,,,,,,,,,,,,,,,,,,1241.1676698227145,1252.5693684879204,1283.0727766149366,1278.4599075508988,1270.7539652687535,1261.1633312901308,1258.9155622960234,1268.778453821542,1274.371382906488,1307.7350702275737,1318.1240135200762,1333.6314324976106,1317.6490468730844,1326.8727070657449,1321.3664578995347,1338.888888888889
394859,437,"Midland, MI",msa,MI,,,,,,,,,,,,,,,,,,,,,,,,,,,,,,,,,,,,,,,,,,,,,,,,,,,,,,,,,,,,,,,,,,,,,,,,,,,,,,,,,,,,,,,,,,,,,,,,,,,,,,,,,,,,,,,1618.4921004052337,1630.9227932025262,1639.4411613586462,1635.3614219974365,1658.6184047483323,1639.145188198262,1666.0966987066797,1689.1456784406491,1735.9302934893649,1702.3146022209035,1736.6488218988713,1714.4277251897477,1746.9394045610732,1796.76584404599,1812.5446656852105,1822.633507067496,1811.289152834826,1844.5597861036244,1850.1517746576735,1847.5196679626451,1816.304949289355,1832.5965954479766,1828.4901551178718,1864.1527196671789,1859.0612271291257,1819.9238215369492,1804.8273372144322,1797.25
394755,438,"Kokomo, IN",msa,IN,,,,,,,,,,,,,,,,,,,,,,,,,,,,,,,,,,,,,,,,,,,,,,,,,,,,,,,,,,,,,,,,,,,,,,,,,,,,,,,,,,,,,,,,,,,,877.0299054813046,867.9694882298468,869.7120269384476,862.4163271484907,864.6358498734539,874.7275875521319,886.8246062031315,888.369987998714,878.455129253806,881.5178754406927,893.6489016539657,920.5051103551306,926.048919134877,944.7721209916035,952.148197659864,956.781808608554,,972.8709669666484,990.3166609455453,999.9629305490195,1010.0831856470943,1036.4378474704804,1052.0197365197412,1069.2743436546873,1082.5544108862616,1082.1034437664675,1080.9053861466596,1075.2809106549807,1092.136524676698,1106.3419933723383,1123.585196444824,1113.1098097255788,1107.2333662162973,1097.5631334761588,1099.5545140355443,1086.8022839204298,1087.8161964401186,1094.8268374441977,1106.750684010367,1124.4541131171466,1122.6806257705455,1117.3093336283123,1106.1883296654025,1121.8105908590512,1136.8913504238294,1144.4435132631252,1146.7857142857144
394395,439,"Bloomsburg, PA",msa,PA,,,,,,,,,,,,,,,,,,,,,,,,,,,,,,,,,,,,,,,,,,,,,,,,,,,,,,,,,,,,,,,,,,,,,,,,,,,,,,,,,,,,,,,,,,,,,,,,,,,,,,,,,,,,,,,,,,,,,,,,,1395.8800591048703,1396.748011259541,1403.5011347623515,1403.8141724705315,1428.304837534911,1413.7107245975046,1416.9311156607575,1410.9514004456632,1406.76527582829,1416.1727140681196,1429.5738893543462,1437.0494667362454,1432.8817600140462,1465.394954781058,1472.842632453222,1487.8962124537743,1478.9982163388104,1518.0
394675,441,"Helena, MT",msa,MT,,,,,,,,,,,,,,,,,,,,,,,,,,,,,,,,,,,,,,,,,,,,,,,,,,,,,,,,,,,,,,,,,,,,,,,,,,,,,,,,,,,,,,,,,,,,,,,,,,,,,,,,,,,,,,,,,,2158.001625094966,2159.232841975968,2193.289259690206,2235.647160609657,2241.841650440872,2273.244667858666,2253.899912374194,2281.958502541874,2312.389755474882,2308.361697982879,2280.177951036138,2254.4671928230223,2298.785977588323,2307.4581411995873,2350.815019918204,2317.2496753228093,2323.828275850789,2291.1682228076643,2313.451414423933,2314.1505291442254,2321.594557745684,2339.7165169123527,2345.6574265138306,2369.73837914792,2356.1111111111113
394744,442,"Key West, FL",msa,FL,,,,,,,,,,,,,,,,,,,,,,,,,,,,,,,,,,,,,,,,,,,,,,,,,,,,,,,,,,,,,,,,,,,,,,,,,,,,,,,,,,,,3052.247126698009,3079.695711581681,3140.1272387552726,3186.095998431924,3266.6317657014756,3253.242194197851,3404.624112515165,3418.6008105039955,3479.6315345740027,3501.3063090510186,3564.362402270211,3636.0213743017644,3631.0902585356275,3622.8747980489916,3532.925354030526,3547.3293624230027,3558.204005973407,3612.512736325905,3613.1242523349474,3575.0024811467433,3582.1251189511804,3623.435711379919,3651.561521157989,3567.8574559919653,3575.984504039638,3607.64297338193,3707.3246263211768,3704.4661096658447,3719.176031277746,3737.0261616206194,3686.7287580762395,3684.071807279761,3691.633093288826,3681.599998754268,3663.754442215049,3714.9869455499474,3735.9688118508,3802.848851599426,3801.9147550176426,3754.0643183295465,3629.8322781788133,3610.809925867081,3702.2706907351208,3739.351178537566,3740.016706275846,3747.255441384589,3761.1525166539873,3773.7919068179413,3785.7526284807686,3753.7216066851693,3759.4153229398166,3832.240872778088,3960.4860064795175,4005.634540756912,4003.2999999999997
395145,443,"Talladega, AL",msa,AL,,,,,,,,,,,,,,,,,,,,,,,,,,,,,,,,,,,,,,,,,,,,,,,,,,,,,,,,,,,,,,,,,,,,,,,,,,,,,,,,,,,,,,,,,,,,,,,,,1247.4128227005185,1264.9227727763605,1277.6877955795012,1286.2239835639034,1283.1850626556613,1285.5138410887305,1290.2898807333736,1310.5137240812312,1313.2257971987317,1310.9804972638294,1314.8248549036418,1326.2826571657467,1330.037181666083,1320.3828231586597,1321.4773959593251,1329.610477752942,1342.3895365858677,1350.4927378516916,1356.3576501756359,1345.57548541787,1342.5740654331244,1348.6465801090592,1373.0019700697417,1379.197871651624,1386.0095104625598,1393.5809556674076,1395.0874025184216,1397.2216251017774,1387.5656213093469,1369.4003823368532,1367.6948776220706,1372.3277141961041,1380.4851759753021,1383.134534587366,1373.7631087748423,1372.2657205329451,1373.3527549626076,1377.5808948696892,1382.7723956323327,1385.1924016142882,1397.2531711509628,1417.9444444444443
395133,444,"Stillwater, OK",msa,OK,,,,,,,,,,,,,,,,,,,,,,,,,,,,,,,,,,,,,,,,,,,,,,,,,,,,,,,,,,,,,,,,,,,,,,1086.1359192085376,1103.6815435299827,1106.6957914436139,1099.0450645304595,1103.8787829031367,1115.8729225203997,1127.9478995212164,1135.9752730260238,1135.9320744271508,1147.1661267069273,1158.5049900077163,1166.0876206988123,1165.3753412635995,1166.5013167700172,1172.913827847127,1194.5892088527348,1206.4070664370995,1210.8444760806203,1211.8869277968352,1227.087436258072,1257.7157353145008,1258.7010844704619,1272.6364223855178,1262.7591856716515,1271.9555248224442,1269.4346183051848,1283.9625985923972,1289.8179191901831,1298.1260939726408,1301.3055605452546,1312.5859823322985,1308.5816960581199,1306.6337073179707,1323.3824220805127,1335.4855714992952,1353.9055944153276,1364.1437230149884,1361.6763922448004,1358.8986146609284,1353.7405847721295,1369.8931155460584,1381.2318011410596,1389.1486100121695,1391.9122987138578,1392.774962941464,1392.5321415599785,1396.9373569950756,1390.6654995894337,1412.2368252261274,1422.034055236641,1448.3997884642592,1447.7440154925591,1450.909906212473,1454.679265751754,1461.0221302059522,1474.5239361763615,1484.0513984667239,1493.2190152475466,1498.5905115678074,1515.0075347785175,1509.4887594651407,1522.9177010894682,1519.488389108895,1540.5441315308553,1547.7524666571028,1558.7997916651486,1568.2067304389552,1577.8170022971321,1591.015873015873
394489,445,"Columbus, IN",msa,IN,,,,,,,,,,,,,,,,,,,,,,,,,,,,,,,,,,,,,,,,,,,,,,,,,,,,,,,,,,,,,,,,,,,,,,,,,,,,,,,,1443.105710458799,1456.9797154590424,1442.0391136209898,1458.597466751964,1467.9010026969063,1505.1320294581762,1475.2029222482827,1507.3733099191058,1500.33914144879,1560.2215496251658,1557.9542031475728,1563.7702925185117,1546.9899679680975,1538.8382463053263,1561.6184825810521,1584.1623895368386,1607.4970645509445,1616.9223164067876,1637.732417921392,1645.0882085734315,1659.7538874920015,1649.597139652125,1648.8661033029887,1634.6688580219577,1654.2583246283805,1673.5396468015251,1698.5337897594789,1704.1892867479864,1689.6583067548127,1690.1117098520256,1708.8649890422455,1714.0523262120091,1721.177551120282,1713.1772613839505,1749.0858195544306,1762.3128957433617,1753.4531253743403,1763.966810755762,1767.4059602773407,1796.4276208434806,1792.8666132611502,1793.8890801445525,1787.8818691567053,1796.2360091553007,1789.5793043796555,1800.548749876679,1802.0126092528906,1813.269216158048,1829.3507626881171,1829.0442574256278,1825.2828654897014,1810.369200719496,1830.6122280082054,1842.1550731606153,1849.837849043637,1854.2047641414233,1868.9042619871843,1880.4601953631404,1877.1904761904761
394345,446,"Athens, TX",msa,TX,,,,,,,,,,,,,,,,,,,,,,,,,,,,,,,,,,,,,,,,,,,,,,,,,,,,,,,,,,,,,,,,,,,,,,,,,,,,,,,,,,,,,,,,,,,,,,,1465.354960555324,1477.0587834490873,1459.8340188120794,1409.4523384088197,1393.13719462211,1393.3839819164036,1395.7361851148269,1397.0863971097378,1412.374957152343,1437.3895912560085,1453.5883530051542,1468.3106732814172,1469.407100490489,1477.2269046558638,1487.3443302589187,1484.8343083325974,1479.099932060647,1443.7691444035552,1435.1133533819284,1441.6124675593492,1455.2707041191866,1462.5923294468505,1468.7269957838148,1466.425228976965,1480.1461843753339,1479.0530059021837,1500.8036298270467,1499.902282584802,1514.8660670562228,1503.51198641888,1501.4486607768122,1519.7004642089662,1509.005903501916,1493.8259150970562,1488.3443203773463,1488.2662536109692,1476.951601606246,1478.070503267667,1466.1014314959893,1480.0790697507896,1479.484557952703,1508.1239484759685,1518.3127555500364,1505.952380952381
394452,447,"Centralia, WA",msa,WA,,,,,,,,,,,,,,,,,,,,,,,,,,,,,,,,,,,,,,,,,,,,,,,,,,,,,,,,,,,,,,,,,,,,,,,,,,,,,,,,,,,,,,,,,,,,,,,,,,,,,,,,,,,,,,,,,,,,1775.2565782993431,1774.267539162137,1768.0911540521354,,1820.7199222513498,1840.202904779675,1837.6460461260508,1794.9495027932178,1822.371852655015,1849.846657557721,1863.5406610905688,1841.079825862576,1838.3482547231583,1856.9263233307154,1891.6284946567882,1894.1486791804045,1878.5008438789025,1868.8039093228874,1861.1172614684017,1892.2955938871003,1880.1880807680343,1890.7948632695154,1902.9166666666667
394822,448,"Manitowoc, WI",msa,WI,,,,,,,,,,,,,,,,,,,,,,,,,,,,,,,,,,,,,,,,,,,,,,,,,,,,,,,,,,,,,,,,,,,,,,,,,,,,,,,,,,,,,,,,,,,,,,,,,,,,,,,,,,,,,,,,,,,,,,,,,,,,,,,,,,,,,,,,,,1600.0
394682,449,"Hinesville, GA",msa,GA,,,1014.6534537796884,1022.4297225651051,1025.546395848171,1028.9575452947722,1024.2097557655736,1030.16251296228,1024.7904108054581,1021.2611995015375,,1019.9242456541725,1019.5371815744063,1019.4841908742607,1023.4688601025994,1030.5584426081641,1030.7672912457967,1028.106204705233,1029.430708574558,1026.0168247833694,1032.0167779746196,1032.4302683166136,1034.6264235914625,1034.9113322483574,1036.6390203578512,1041.6678628421398,1042.017792179342,1035.5989408761131,1039.1426596430229,1040.2586536459282,1047.151789851788,1045.4989128965854,1050.8062923458085,1054.0276294990006,1058.414946529337,1061.0477963047977,1064.2108505614983,1061.2593638025137,1062.5265077419904,1065.1635053659918,1064.0351843252804,1067.333733377564,1066.096489579384,1071.2945406172066,1073.7886829562278,1074.0192210166551,1078.0859353651085,1080.8904520717585,1086.3336836850751,1086.7957434908722,1089.9725898074648,1094.6336130358209,1098.867377156751,1101.517017053829,1104.3115790546926,1106.9388023297813,1106.719621107978,1110.3791303913172,1110.0777295772725,1112.0088442875704,1111.420004841702,1116.9394719549227,1134.5280665639027,1140.653776540919,1146.3307965149818,1135.026905533031,1148.0592848607012,1162.7041913690384,1182.0658048558232,1192.5491851279796,1194.8532199146055,1204.094144314506,1216.7940627761286,1249.396065010051,1262.7714384000296,1274.4816354869095,1292.2439295989254,1330.0171421220643,1373.0637338931047,1400.716490265958,1429.0615776001282,1438.3196513394994,1474.9929438888773,1494.5963737214822,1518.9945859427078,1532.3384243998992,1537.9735796073319,1565.4035540670054,1566.8740459538653,1593.173319778111,1595.5731622869891,1615.6227070342832,1622.7347451343655,1643.2273471519838,1641.9036342310346,1651.1781124048155,1665.4264632662034,1670.7602859173642,1679.8085856816667,1675.1933517383836,1688.2917832223523,1677.3360910067188,1659.5111877769107,1641.7033990378343,1646.4647375096274,1655.680385543281,1671.1464932707097,1687.9866359224059,1693.8806789570551,1690.902972592395,1696.4262289362368,1715.6210693609787,1738.9158705271893,1761.137679247378,1781.0720692894706,1792.8641284316154,1781.6112376986055,1779.7071034785315,1789.0072448831704,1799.2386947939624,1807.130062474853,1806.983141471677,1805.6973640969989,1799.0316422721967,1802.7932931927612,1798.5532321149226,1805.0754094917813,1814.0867911177552,1831.2750340592338,1836.2085086589175,1832.4509895020276,1825.1793863303762,1823.6814682627785,1834.5566744672378,1841.0239584286944,1846.6754572177065,1839.1976020993723,1842.5001564064066
394541,450,"DuBois, PA",msa,PA,,,,,,,,,,,,,,,,,,,,,,,,,,,,,,,,,,,,,,,,,,,,,,,,,,,,,,,,,,,,,,,,,,,,,,,,,,,,,,,,,,,,,,,,,,,,,,,,,,,,,,,,,,,,,,,,,,,,,,,,,,,,,,,,,,,,,,,,,,1125.0
395205,451,"Warsaw, IN",msa,IN,,,,,,,,,,,,,,,,,,,,,,,,,,,,,,,,,,,,,,,,,,,,,,,,,,,,,,,,,,,,,,,,,,,,,,,,,,,,,,,,,,,,,,,,,,,,,,,,,,,,,,,,,,,,,,,,,,,,,,,,,,,,,,,,,,,,,,1808.4326217048329,1824.2274501748036,1847.3691905371866,1847.7818895050095,1837.888888888889
395126,453,"Statesboro, GA",msa,GA,,,,,,,,,,,,,,,,,,,,,,,,,,,,,,,,,,,,,,,,,,,,,,,,,,,,,,,,,,,,,,,,,,,,,,,,,,,,,,,,,,,,,,,,,,,,,,1301.4635101953038,1299.2279261210258,1305.775634609096,1348.2375074832182,1355.165930228993,1357.0300368446449,1332.3676256070385,1325.073489221314,1338.9604786635914,1369.841807452349,1391.8370505740904,1399.0434498500595,1391.1786536926304,1413.5733813826944,1431.2756386925644,1446.1302748438602,1449.854807518173,1456.831339179382,1474.3374036720797,1484.467026639399,1508.0341525248534,1509.6824790582305,1491.0143801850074,1483.4290299470686,1496.1324019243118,1510.8443743480955,1527.1440292942445,1534.0817633989222,1555.4790801700394,1562.3191318579131,1568.7242132806862,1565.9264090496513,1556.645308756452,1564.1943428519205,1584.005662221075,1597.4064211832897,1608.6148769784404,1603.111024623962,1597.6429164768695,1593.4156974492714,1590.5600848270576,1597.2569040890858,1603.858154214001,1617.6333565234677,1626.8719806763283
394445,454,"Casper, WY",msa,WY,,,,,,,,,,,,,,,,,,,,,,,,,,,,,,,,,,,,,,,,,,,,,,,,,,,,,,,,,,,,,,,,,,,,,,,,,,,,,,,,,,,,,,,,,,,,,,,,,,,,,1351.5676400768275,1360.065239309655,1371.1894682877542,1383.04462453853,1397.3650564860193,1399.0283467588526,1412.045472066517,1422.1228205701311,1430.4881212801195,1429.2210168946037,1473.6533136207024,1486.663492514917,1489.5267250542213,1463.7405855927354,1469.4858919083035,1479.7580590206078,1474.8750173156218,1470.0914272332604,1487.9506569369833,1498.5296308418767,1498.1761049482557,1468.09098720204,1454.3106932209303,1472.0042176684597,1498.8079138526682,1522.4733546273014,1528.3628014053193,1529.5111767659578,1539.3352217331505,1554.296593071321,1543.9439826390571,1544.4543601252692,1551.3552950987735,1588.835157016972,1591.3085826813358,1584.2184964677463,1572.1762491214324,1575.4444444444443
395231,455,"Wilson, NC",msa,NC,,,,,,,,,,,,,,,,,,,,,,,,,,,,,,,,,,,,,,,,,,,,,,,,,,,,,,,,,,,,,,,,,,,,,,,,,,,,,,,,,,,,,,,,,,,,,,,,,,,,,,,,,,,,,,,,,,,,,,,,,,,,,,,,,,,,,1509.4211240210093,1498.378659019726,1480.0450349474384,1474.8871307335744,1476.8723171427039,1477.7777777777776
753881,456,"Glenwood Springs, CO",msa,CO,,,,,,,,,,,,,,,,,,,,,,,,,,,,,,,,,,,,,,,,,,,,,,,,,,,,,,,,,,,,,,,,,,,,,,,,,,,,,,,,,,,,,,,,,,,,,,,,,,,,,3003.771321534585,3011.2991836653014,2922.9088097207914,2970.824593588337,3066.6100975157415,3119.1053557746995,3116.573590269926,3100.234313249652,3092.408525993523,3219.3215350700934,3276.2277841809982,3303.569493137616,3254.979272355837,3321.031782089823,3338.7680052912915,3344.394305211708,3254.4909195463456,3274.152237707925,3327.0809193794084,3306.6316427983256,3359.54061556885,3276.1268812030676,3422.3273113552896,3362.3291395826714,3508.831972570152,3443.209272830616,3526.084941577884,3536.0218283675517,3609.072818338466,3623.257666506436,3625.1870798246277,3693.5593411429804,3683.598725577759,3740.766335184357,3633.699119217705,3710.017730484138,3665.6957849527134,3727.388888888889
395085,457,"Seneca, SC",msa,SC,,,,,,,,,,,,,,,,,,,,,,,,,,,,,,,,,,,,,,,,,,,,,,,,,,,,,,,,,,,,,,,,,,,,,,,,,,,,,,,,,,,,,,,,,,,,,,,,,,,1459.9718951655152,1506.4999921405747,1524.1217833517992,1536.1601645851722,1502.4181821911955,1517.3780519936568,1523.2085362348932,1540.202665285413,1538.054561442379,1558.231171931195,1557.119424479888,1586.3712119928477,1600.7477464879776,1631.2738620253444,1623.1201257442124,1616.4122766041362,1625.5402589767796,1629.534248239095,1630.5472912975576,1656.5752610204484,1631.2139999034014,1640.9554607678451,1629.2290938219276,1640.1591701484192,1650.9166065886957,1652.9385770057295,1692.1963726464373,1708.0657164330764,1727.685668663332,1733.168634117333,1747.9087971889458,1746.0776682925068,1786.833387659694,1782.5702627859819,1797.183814518497,1780.510294007262,1771.5778233025871,1749.9759817560334,1721.9962318841747,1710.952380952381
394866,458,"Minot, ND",msa,ND,,,,,,,,,,,,,,,,,,,,,,,,,,,,,,,,,,,,,,,,,,,,,,,,,,,,,,,,,,,,,,,,,,,,,,,,,,,,,,,,,,,,,,,,,,,,,,,,,,,,,1409.7899781913698,1426.0820566942427,1429.3345393360198,1422.5046283812173,1416.9510220403936,1395.7508293713274,1414.9704626886003,1416.3291609466376,1434.222949857299,1431.2764918506348,1482.8700307625431,1490.5498852135413,1511.0272911158736,1464.0549146208432,1471.6464001952393,1456.401367821505,1495.6211779007826,1512.7282893571269,1519.3657422153806,1522.8007306307547,1523.4540642743746,1545.1795089902262,1528.397161731379,1519.5541264811168,1527.9197633864474,1560.8971604611952,1567.47653128133,1595.1809976135778,1579.258772791452,1589.6717497694997,1586.1922734371312,1594.380955348775,1599.8170050132642,1600.6641523750516,1604.1921130943108,1619.2562364059231,1614.7272609851293,1623.4166666666667
395077,461,"Searcy, AR",msa,AR,,,,,,,,,,,,,,,,,,,,,,,,,,,,,,,,,,,,,,,,,,,,,,,,,,,,,,,,,,,,,,,,,,,,,,,,,,,,,,,,,,,,,,,,,,,,,,,,,,,,,,,,,,,,,,,,,,,,,,,,,,,,1251.7620215033241,1234.607499323718,1244.5121957273989,1253.2860532321622,1273.156846856794,1268.991460935556,1279.793595598545,1276.7605612050795,1298.6619320255693,1293.6209252422489,1281.0133533133687,1267.5229911295141,1266.5786884593854,1285.5001958275154,1291.8055555555557
394638,462,"Grand Island, NE",msa,NE,,,,,,,,,,,,,,,,,,,,,,,,,,,,,,,,,,,,,,,,,,,,,,,,,,,,,,,,,,,,,,,,,,,,,,,,,,,,,,,,,,,,,,,,,,,,,,,,,,,,,,,,,,,,,,,,,,,,,,,,,,,,,,,,,1527.2800302020337,1529.0136623430974,1507.6780127663048,1531.1749129670295,1502.9673233481406,1497.9253660357542,1487.382257168723,1480.5251559629587,1490.2527084360333,1493.888888888889
394994,463,"Port Angeles, WA",msa,WA,,,,,,,,,,,,,,,,,,,,,,,,,,,,,,,,,,,,,,,,,,,,,,,,,,,,,,,,,,,,,,,,,,,,,,,,,,,,,,,,,,,,,,,,,,,,,,,,,,,,,,,,,,,,,,,,,,,,,,,,,,,2082.25533490359,2143.7486554737816,2140.4104714971163,2155.4466072510877,2191.8108371922167,2213.438115332632,2264.1878233264238,2256.1779082314483,2275.20449018451,2223.090678077301,2265.443740315627,2217.9122989628986,2250.50991530776,2196.1742884472474,2201.7329189723973,2170.6666666666665
394699,465,"Huntsville, TX",msa,TX,,,,,,,,,,,,,,,,,,,,,,,,,,,,,,,,,,,,,,,,,,,,,,,,,,,,,,,,,,,,,,,,,,,,,,,,,,,,,,,,,,,,,,,,,,,,,,,,,,,,,,,,,,,,,,,1482.9721876419005,1475.0726802720624,1480.1752740559336,1484.3827396342353,1507.62010408955,1498.063459503832,1519.1414419368862,1529.69497914715,1545.9237425324673,1535.2893763107015,1537.5619450355305,1538.8966749554108,1554.7115997384687,1559.1657813948907,1552.7316218949418,1572.0218218870955,1541.2070490130654,1558.00936094055,1549.3503875541326,1551.9019760422414,1549.8812086772257,1557.9956935600444,1569.6697850558458,1564.1525748569222,1557.6362109846552,1574.8439840674323,1587.2319339075814,1587.1031746031747
394738,466,"Keene, NH",msa,NH,,,,,,,,,,,,,,,,,,,,,,,,,,,,,,,,,,,,,,,,,,,,,,,,,,,,,,,,,,,,,,,,,,,,,,,,,,,,,,,,,,,,,,,,,,,,,,,,,,,,,,,,,,,,,,,,,,,,,,,,,,,,,,,,,,,,,,,,1638.7453195393562,,2148.75
394674,467,"Heber, UT",msa,UT,,,,,,,,,,,,,,,,,,,,,,,,,,,,,,,,,,,,,,,,,,,,,,,,,,,,,,,,,,,,,,,,,,,,,,,,,,,3242.3593324599146,3343.1774942862294,3436.2173425630353,3484.499496852903,3496.7363150088827,3557.407045740002,3527.487426108882,3638.605739169523,3693.3292138228985,3798.9288475103685,3824.9361285580503,3902.9709340916443,3900.073462724279,3915.719583301264,3937.845903182711,4000.4755536402035,4000.643420274916,4010.5350906426247,4056.8350548062986,4059.0417783002417,4020.5768223023792,3992.641638085941,3971.5735078563425,3972.7542883062806,3931.557472766881,3954.0690227799387,3946.772578430873,3934.950762321223,3955.4492065640193,3932.1753761904706,3987.769343582461,4002.5878624568854,4044.158223396488,4011.5433521270097,4028.5911756705555,4018.56437016704,4078.422172154776,4000.4165761143836,4055.4235630171565,4049.930912173152,4110.294069200994,4113.505432436652,4081.0693015450106,4051.9682489734137,4082.0857931823866,4101.067965507099,4161.634999764838,4136.8622170938925,4142.758347258466,4104.119604056833,4134.204025521403,4166.159973781095,4135.074220101948,4168.192344286265,4188.1523050413725,4232.82668585105,4230.9657495887495,4273.01763344981,4262.345796605177,4328.075063278366,4350.391308203863,4466.490314259894,4472.3312593544115,4512.143745143745
395010,468,"Quincy, IL",msa,IL,,,,,,,,,,,,,,,,,,,,,,,,,,,,,,,,,,,,,,,,,,,,,,,,,,,,,,,,,,,,,,,,,,,,,,,,,,,,,,,,,,,,,,,,,,,,,,,,,,,,,,,,,,,,,,,,,,,,,,,,,,,,,,,,,,,,,,,,,1414.53374854272,1425.0
395062,469,"Sandusky, OH",msa,OH,,,,,,,,,,,,,,,,,,,,,,,,,,,,,,,,,,,,,,,,,,,,,,,,,,,,,,,,,,,,,,,,,,,,,,,,,,,,,,,,,,,,,,,,,,,,,,,,,,,,,,,,,,,,,,,,,,,,,,,,,,,,,,,,,,,,,,1782.1033709921705,1878.2585971470935,1870.250155788985,1883.6854175914207,1905.6666666666667
394593,470,"Findlay, OH",msa,OH,,,,,,,,,,,,,,,,,,,,,,,,,,,,,,,,,,,,,,,,,,,,,,,,,,,,,,,,,,,,,,,,,,,,,,,,,,,,,,,,,,,,,,,,,,,,,,,,,,,,,,,,,,,,,,,,,,,,,,,,,,,,1566.0041107866798,1538.4826686083568,1526.743876941498,1503.2162895615534,1490.8222843283565,1488.468295851714,1505.855922648329,1537.2005155359243,1548.1717913501775,1541.9468865327813,1504.400039573474,1506.2465083567868,1510.398082195941,1546.728013483578,1569.1666666666667
394614,471,"Frankfort, KY",msa,KY,,,,,,,,,,,,,,,,,,,,,,,,,,,,,,,,,,,,,,,,,,,,,,,,,,,,,,,,,,,,,,,,,,,,,,,,,,,,,,,,,,,,,,,,,,,,,,,,,,,,,,,,,,,,,,,,1145.0304246984515,1160.3198681831539,1169.6177995609546,1172.3051600227545,1184.7207997840526,,1211.6959104622003,1200.074916223769,1211.2670783793794,1203.5469655812735,1216.8003743644197,1225.050605498444,1234.6860079275693,1252.6175362168647,1280.2334514137538,1291.366157739622,1286.8509372060626,1297.7294700163966,1299.383692173742,1318.6369694042942,1320.5330407340016,1344.2758829157683,1349.590579902074,1352.7097937410256,1354.1157810862003,1347.8576465233455,1338.888888888889
394516,472,"Danville, IL",msa,IL,,,,,,,,,,,,,,,,,,,,,,,,,,,,,,,,,,,,,,,,,,,,,,,,,,,,,,,,,,,,,,,,,,,,,,,,,,,,,,,,,,,,,,,,,,,737.5490260056549,748.569872105834,756.6807544852994,753.2734572937331,733.5292095358315,735.9507822687182,734.4619234794541,759.7276662249001,780.0389459958218,770.4065165942076,772.5213073744676,761.0831018078477,775.8142728088211,781.2022213105625,798.4930300395831,813.3832555321907,819.1846392136962,814.6980045939794,821.3862409240556,829.8066021792561,849.2697357541924,889.7657687661616,928.7995561955612,950.3769689810188,935.9447597114868,918.5404391058041,910.4190956650548,907.8532738922211,912.7928585202058,922.4251284545104,923.3788257948898,918.9547330160955,908.3403591570761,911.733827836936,911.9663096334084,923.4184412651518,941.3808645387008,963.1588752306984,969.8978578919355,974.2750314473183,977.8746401129808,977.8979544612044,977.3841522625218,974.56056966742,969.449435021215,947.6122854674549,925.7101675267905,904.9444444444445
394298,473,"Aberdeen, WA",msa,WA,,,,,,,,,,,,,,,,,,,,,,,,,,,,,,,,,,,,,,,,,,,,,,,,,,,,,,,,,,,,,,,,,,,,,,,,,,,,,,,,,,,,,,,,,,,,,,,,,,,,,,,,,,,,1738.9530280377687,1748.1529734142027,1779.6349515192396,1763.5533134158154,1782.0976623975648,1774.987527365155,1790.3749275127743,1777.815572278038,1774.7430862041742,1774.6832130651032,1779.44349593649,1790.225870425613,1796.831811672737,1796.5441423570323,1790.8448970896013,1830.1069874177876,1809.5261028699524,1832.7876567331307,1835.798602851657,1883.728119120357,1906.86184847136,1917.9087069310906,1912.9894493214454,1906.3309589090566,1890.3545499221661,1883.8038013845107,1893.460627769429,1894.1411678295592,1923.468422501614,1919.7598002527807,1921.5
753928,476,"Wisconsin Rapids, WI",msa,WI,,,,,,,,,,,,,,,,,,,,,,,,,,,,,,,,,,,,,,,,,,,,,,,,,,,,,,,,,,,,,,,,,,,,,,,,,,,,,,,,,,,,,,,,,,,,,,,,,,,,,,,,,,,,,,,,,,,,,,,,,,,,,,,,,,,,,,,,1353.4180462628362,1366.1784271602303,1404.0
753893,477,"Jefferson, GA",msa,GA,,,,,,,,,,,,,,,,,,,,,,,,,,,,,,,,,,,,,,,,,,,,,,,,,,,,,,,,,,,,,,,,,,,,,,,,,,,,,,,,,,,,,,,,,,,,,,,,,2062.9233233721247,2059.751575024462,2041.7385262064001,2033.7386456684899,2041.7064539854232,2057.6650741492117,2068.802593352844,2053.6940057450693,2039.1183153357613,2037.7819728891295,2023.478693660476,2040.050574207662,2062.249229385455,2100.3009684191497,2128.4313941947735,2135.4036077349792,2143.7244087219888,2128.877356541468,2128.746785724482,2119.374177803841,2131.3838522983347,2125.801952196298,2145.371191616295,2150.879751570011,2160.07314736256,2157.893016964031,2160.5773256874827,2163.179978460872,2135.895276926243,2140.376308937588,2146.4190912591084,2173.7719251089675,2181.081053264632,2195.2950133185363,2192.1445431788143,2185.05743647279,2175.0861645767973,2172.317720160371,2172.955798714343,2183.1105482533844,2211.50089975258,2226.8437229437227
394955,479,"Palatka, FL",msa,FL,,,,,,,,,,,,,,,,,,,,,,,,,,,,,,,,,,,,,,,,,,,,,,,,,,,,,,,,,,,,,,,,,,,,,,,,,,,,,,,,,,,,,,,,,,,,,,,,,,,,,,,,,,,,,,,,,,,,,,,,,,,,,,,,,,,,,,,,,1668.2377811027025,1662.5
394683,481,"Hobbs, NM",msa,NM,,,,,,,,,,,,,,,,,,,,,,,,,,,,,,,,,,,,,,,,,,,,,,,,,,,,,,,,,,,,,,,,,,,,,,,,,,,,,,,,,,,,,,,,,,,,,,,,,,,,,,,,,,,,,,,,,,,,,,,,,,,,,,,,,,,,,,1559.3295403674372,1588.6005403632694,1626.9660230359193,1658.3565497910547,1675.0
395088,482,"Shawnee, OK",msa,OK,,,,,,,,,,,,,,,,,,,,,,,,,,,,,,,,,,,,,,,,,,,,,,,,,,,,,,,,,,,,,,,,,,,,,,,,,,,,,,,,,,,,,,,,,,,,,,,,,,,1063.0928073080602,1062.479748329103,1068.0750947610659,1085.144977589568,1092.2036005276234,1100.072677400531,1100.1150352595225,1096.917156055096,1115.3054013081744,1112.8198119854337,1119.7220316168198,1112.7572460212,1127.248439295113,1138.7888636380628,1136.9913421251456,1138.3788643897851,1135.0771535730914,1145.0147184602233,1156.873251927324,1155.0214648858682,1151.4674289776895,1156.397872572318,1152.8016917397179,1158.6992714813166,1155.9421731870102,1166.8131398650005,1170.5685648369642,1169.2392815817882,1175.4194369193665,1170.707100453851,1167.724232710889,1177.5407296990115,1179.5761497091773,1181.9905338943133,1189.0034794107153,1194.6406312933211,1202.4694605131501,1197.3460045765203,1203.5209960470943,1209.6084656084656
394647,486,"Greeneville, TN",msa,TN,,,,,,,,,,,,,,,,,,,,,,,,,,,,,,,,,,,,,,,,,,,,,,,,,,,,,,,,,,,,,,,,,,,,,,,,,,,,,,,,,,,,,,,,,,,,,,,,,,,,,,,,,,,,,,,,,,,,,,,,,,,,,,,,,,,,,,,1456.6069843408127,1459.1244327731356,1404.3601806648228,1425.0
394655,488,"Greenwood, SC",msa,SC,,,,,,,,,,,,,,,,,,,,,,,,,,,,,,,,,,,,,,,,,,,,,,,,,,,,,,,,,,,,,,,,,,,,,,,,,,,,,,,,,,,,,,,,,,,,,,,,,,,,,,,,,,,,,,,,,,,,,,,,,,,,,,,,,1237.0696093765869,1243.2245726656752,1251.0177274929183,1256.9277165546096,1265.531982863803,1283.4472858591323,1315.9483702575446,1309.2047021137203,1346.3245514093524,1365.0
394764,489,"Lake City, FL",msa,FL,,,,,,,,,,,,,,,,,,,,,,,,,,,,,,,,,,,,,,,,,,,,,,,,,,,,,,,,,,,,,,,,,,,,,,,,,,,,,,,,,,,,,,,,,,,,,,,,,,,,,,,,,,,,,,,,,,,,,1511.9028089361705,1553.7782917970976,1526.5085696918536,1555.3334335963011,1534.7427972474193,1592.91133432428,1613.2228998278767,,1624.8556458825603,1611.4622117764254,1606.7543860651747,1612.8511058199247,1606.6165653117894,1595.411092915571,1636.386678989741,1635.6857835208377,1655.8476399356389,1631.9428256042117,1622.0292191419055,1621.2152662193255,1617.0673393342893,1643.3333333333333
394752,490,"Klamath Falls, OR",msa,OR,,,,,,,,,,,,,,,,,,,,,,,,,,,,,,,,,,,,,,,,,,,,,,,,,,,,,,,,,,,,,,,,,,,,,,,,,,,,,,,,,,,,,,,,,,,,,,,,,,,,1381.0680778507144,1398.4860880178808,1398.6799746937588,1367.6604750947758,1367.8947604616342,1412.0999319065297,1386.7848083175188,1395.9562998922643,1350.3090250567018,1372.7378545258223,1351.3136174791694,1352.8748933881889,1389.2714929121917,1410.518949723044,1429.0899409294711,1417.508217716373,1426.163211894575,1452.3741170341402,1448.2914721106054,1445.8738569968743,1423.2048599866162,1440.6641530816687,1462.9241327514217,1469.6227863138618,1463.591252442305,1453.1086124341402,1454.1654523346888,1480.5893708280587,1487.7212066114269,1465.8912606345498,1488.586114155078,1486.3709646972661,1519.684134021875,1505.2275288383992,1508.0906272750105,1506.7711436182603,1494.2062872036581,1493.5297750244263,1489.1296296296296
394877,491,"Morehead City, NC",msa,NC,,,,,,,,,,,,,,,,,,,,,,,,,,,,,,,,,,,,,,,,,,,,,,,,,,,,,,,,,,,,,,,,,,,,,,,,,,,,,,,,,,,,,,,,,,1812.8221894791077,1821.4545135022047,1813.7005391354894,1845.5629674491406,1846.786873344841,1846.919406143817,1906.0693843019303,1931.7421962219455,1976.7465927668845,1933.842424143787,1968.568839706813,1981.4318992049857,2011.2575157926979,2014.0476096570526,2013.5444943885796,2014.0684868830733,2054.607440863015,2110.0873732268933,2114.5685942535565,2114.348405675538,2078.7914641737943,2111.2557296362675,2086.9048092440526,2106.8381817226186,2108.735655351487,2140.2600745232203,2153.8112660126967,2138.3207649306246,2118.2244791934413,2107.504080735896,2135.3792538599573,2172.19456631579,2179.387820888859,2191.247840337089,2201.5183742071154,2216.2841170202278,2220.7451619654544,2220.8150515970547,2237.446659984457,2267.867914476803,2287.71734958556,2294.848630600755,2284.0308230665178,2276.000945520867,2302.6522112465536,2310.194854490896,2330.7857140090155,2330.307809757429,2343.75
394472,492,"Clearlake, CA",msa,CA,,,,,,,,,,,,,,,,,,,,,,,,,,,,,,,,,,,,,,,,,,,,,,,,,,,,,,,,,,,,,,,,,,,,,,,,,,,,,,,,,,,,,,,,,,,,,,,,,,,,,1550.7677125816892,1575.3674504616595,1608.9106922521098,1652.8435443124965,1612.8019373688292,1600.5760620868652,1589.452788393366,1592.6382847568232,1612.1635869858653,1637.2423679894055,1666.9578807143723,1683.5113929751985,1709.3538682763012,1692.0857142679915,1691.6400308619159,1659.955638863985,1698.6259630587072,1677.027964458009,1700.025052632292,1694.8258416636445,1728.4667468552916,1724.62907877494,1717.7960294701966,1726.9684117953725,1722.9820349326321,1735.2443495463929,1739.759422657158,1767.1692247145693,1760.4881533881694,1793.545911355331,1793.1961225571208,1814.2261720410215,1794.786508216713,1799.454369350499,1807.6495734566709,1815.741171190562,1832.4214888468746,1847.2222222222224
394305,493,"Alamogordo, NM",msa,NM,,,,,,,,,,,,,,,,,,,,,,,,,,,,,,,,,,,,,,,,,,,,,,,,,,,,,,,,,,,,,,,,,,,,,,,,,,,,,,,,,,,,,,,,,,,,,,,,,,,,,,,,,,,,,,,1468.7347456129787,1448.4791258504126,1457.8730097800994,1467.7967071004955,1494.8079482108822,1499.4002113889137,1503.4692828978305,1491.2551076544282,1488.786573134173,1490.3877723394303,1516.2148463070857,1511.271960979513,1553.6369347611153,1580.4800497498716,1590.2465502632924,1562.3327129897727,1550.432616013435,1567.8665105210916,1580.5522628734004,1592.491652011801,1597.2190426728496,1600.1364027607012,1584.8062118221249,1590.6915605129543,1573.058691408929,1573.3677296574017,1571.7044471406118,1586.415343915344
394897,496,"Muskogee, OK",msa,OK,,,,,,,,,,,,,,,,,,,,,,,,,,,,,,,,,,,,,,,,,,,,,,,,,,,,,,,,,,,,,,,,,,,,,,,,,,,,,,,,,,,,,,,,,,,,,,737.8573344484539,756.5933127226635,767.9370605921258,797.5504782304971,788.538849062869,774.6089587599304,761.1035481868208,771.538022364089,782.5242843557528,798.3710249984456,792.4615756000841,793.7574038748713,800.07625030009,816.933478195712,824.8961519684278,830.5346971661377,806.7520183067876,822.4397457555158,818.79761551231,829.3754250360199,829.0863313338459,830.4461004095366,848.3777040207054,851.723840199107,864.7754503158742,870.2613456621057,880.491777466736,895.7967181133555,902.9947154192769,895.4382803664475,886.7292584763561,896.9602604185317,910.5227536750394,913.3617983824716,916.8592806450405,927.2428228703823,932.403967828576,931.9700334868588,934.5860930736837,932.0607878408424,958.5977062667815,979.2627429457957,1011.9472955939748,1017.65350227048,1027.4801587301588
394586,498,"Faribault, MN",msa,MN,,,,,,,,,,,,,,,,,,,,,,,,,,,,,,,,,,,,,,,,,,,,,,,,,,,,,,,,,,,,,,,,,,,,,,,,,,,,,,,,,,,,,,,,,,,,,,,,,,,,,,,,,,,,,,,,,,,,,,,,,,,,,,,,,,,,,,,,,2033.5602669080508,2052.5
395021,499,"Richmond, IN",msa,IN,,,,,,,,,,,,,,,,,,,,,,,,,,,,,,,,,,,,,,,,,,,,,,,,,,,,,,,,,,,,,,,,,,,,,,,,,,,,,,,,,,,,,,,,,,,,,,,,,,,,,,,,,,,,,,,,,,,,,,,,,,,,,,,,,,,,1093.446462145296,1105.265855536312,1106.5698640407318,1131.9382633178868,1134.4877735044554,1146.9033472290864,1147.5
394829,500,"Marquette, MI",msa,MI,,,,,,,,,,,,,,,,,,,,,,,,,,,,,,,,,,,,,,,,,,,,,,,,,,,,,,,,,,,,,,,,,,,,,,,,,,,,,,,,,,,,,,,,,,,,,,,,,,,,,,,,,,,,,,,,,,,,,,,,,,,,,,,,,,,,,1814.4544243131834,1924.2071174227851,1976.6608992853328,2037.2389968637353,2122.179245695256,2200.0
394922,501,"North Wilkesboro, NC",msa,NC,,,,,,,,,,,,,,,,,,,,,,,,,,,,,,,,,,,,,,,,,,,,,,,,,,,,,,,,,,,,,,,,,,,,,,,,,,,,,,,,,,,,,,,,,,,,,,,,,,,,,,,,,,,,,,,,,,,,,,,,,,,,,,,,,,,,,,,,1425.173635972372,1413.7571032186572,1459.6666666666667
394885,502,"Mount Pleasant, MI",msa,MI,,,,,,,,,,,,,,,,,,,,,,,,,,,,,,,,,,,,,,,,,,,,,,,,,,,,,,,,,,,,,,,,,,,,,,,,,,,,,,,,,,,,,,,,,,,,,,,,,,,,,,,,,,,,,,,,,,,,,,,,,,,,,,,,,,,,,,,,,,1225.0
394827,504,"Marion, OH",msa,OH,,,,,,,,,,,,,,,,,,,,,,,,,,,,,,,,,,,,,,,,,,,,,,,,,,,,,,,,,,,,,,,,,,,,,,,,,,,,,,,,,,,,,,,,,,,,,,,,,,,,,,,,,,,,,,,,,,,,,,,,,,,,,,,,,,,,,,,,,1293.274033017861,1267.5
394360,505,"Baraboo, WI",msa,WI,,,,,,,,,,,,,,,,,,,,,,,,,,,,,,,,,,,,,,,,,,,,,,,,,,,,,,,,,,,,,,,,,,,,,,,,,,,,,,,,,,,,,,,,,,,,,,,,,,,,,,,,,,,,,,,,,,,,,,,,,,,,,,,,,,,,,,,,,,2200.0
395016,506,"Red Bluff, CA",msa,CA,,,,,,,,,,,,,,,,,,,,,,,,,,,,,,,,,,,,,,,,,,,,,,,,,,,,,,,,,,,,,,,,,,,,,,,,,,,,,,,,,,,,,,,,,,,,,,,,,,,,,,,,,,,,,,,,,,,,,,,,,,1731.5880261769723,1808.50868220078,1782.2337403827166,1792.7950682257185,1773.6914728778977,1793.0486392457265,,1816.1860455109913,1857.0936020666231,1842.9816656026787,1875.5742399716519,1850.5566577165232,1865.6203501450545,1832.6353126487754,1841.023359012266,1850.2093733921033,1845.1785714285713
845163,508,"Jasper, AL",msa,AL,,,,,,,,,,,,,,,,,,,,,,,,,,,,,,,,,,,,,,,,,,,,,,,,,,,,,,,,,,,,,,,,,,,,,,,,,,,,,,,,,,,,,,,,,,,,,,,,,,,,,,,,,,,,,,,,,,,,,,,,,,,,,,,,,,,,,,,1350.774780224269,1343.548143652184,1340.898159791835,1333.611111111111
395040,509,"Roswell, NM",msa,NM,,,,,,,,,,,,,,,,,,,,,,,,,,,,,,,,,,,,,,,,,,,,,,,,,,,,,,,,,,,,,,,,,,,,,,,,,,,,,,,,,,,,,,,,,,,,,,,,,,,,,,,,,,,,,,,,,,,1595.4225803075744,1603.396262196083,1586.2906899730654,1582.3040714153722,1595.7589058429828,1632.3420899590565,1662.5506836529594,1650.4191846131807,1661.487288123274,1636.6629455728432,1652.2462111308294,1654.542603878658,1650.9211381062894,1644.5822414815734,1676.465376415005,1683.8204650361686,1696.2247940115885,1677.0677199062,1671.7911772031098,1683.720061316263,1679.4051890492376,1711.92919408051,1718.4741752243847,1744.4444444444443
395092,510,"Shelton, WA",msa,WA,,,,,,,,,,,,,,,,,,,,,,,,,,,,,,,,,,,,,,,,,,,,,,,,,,,,,,,,,,,,,,,,,,,,,,,,,,,,,,,,,,,,,,,,,,,,,,,,,,,,,,,,,,,,,,,1971.5068980088981,2007.6570322175935,1999.470343761946,2002.7463009177295,2006.7806302120428,2028.4029137281022,2052.120788803305,2038.8556261240078,2051.221794074824,2048.459154095765,2114.6326780382115,2108.8194982029036,2147.7551681854757,2073.7551570704045,2085.831161297534,2080.605026121334,2083.5116597727238,2082.4560705076115,2077.1431886095697,2094.482660060087,2087.4832056034243,2106.444630170809,,2124.130501895983,2128.991744354255,2197.2246896140214,2219.5968820461867,2255.555555555555
394540,511,"Dublin, GA",msa,GA,,,,,,,,,,,,,,,,,,,,,,,,,,,,,,,,,,,,,,,,,,,,,,,,,,,,,,,,,,,,,,,,,,,,,,,,,,,,,,,,,,,,,,,,,,,,,,,,,,,,,,,,,,,,,,,,,,,,,,,,,,,,,,,,,,,,,,,,1273.431069022103,1294.5937225921787,1336.6666666666667
395105,513,"Somerset, KY",msa,KY,,,,,,,,,,,,,,,,,,,,,,,,,,,,,,,,,,,,,,,,,,,,,,,,,,,,,,,,,,,,,,,,,,,,,,,,,,,,,,,,,,,,,,,,,,,,,,,,,,,,,,,,,,,,,,,,,,,,,,,,,,,,,,,,,,,,,,,,1877.9378357666035,1899.4074135873248,1891.6666666666667
394496,514,"Coos Bay, OR",msa,OR,,,,,,,,,,,,,,,,,,,,,,,,,,,,,,,,,,,,,,,,,,,,,,,,,,,,,,,,,,,,,,,,,,,,,,,,,,,,,,,,,,,,,,,,,,,,,,,,,,,,,,,,,,,,,,,,,,,,,,,,,,,,,,,,,,,,,,,,,1936.2076250159844,1951.25
394836,516,"Martinsville, VA",msa,VA,,,,,,,,,,,,,,,,,,,,,,,,,,,,,,,,,,,,,,,,,,,,,,,,,,,,,,,,,,,,,,,,,,,,,,,,,,,,,,,,,,,,,,,,,,,,,,,,,,,,,,,,,,,,,,,,,,,,,,,,,,,,,,,,,,,,,,,986.7766852585029,1061.2584563201394,1101.0532700090528,1105.0
395020,517,"Rexburg, ID",msa,ID,,,,,,,,,,,,,,,,,,,,,,,,,,,,,,,,,,,,,,,,,,,,,,,,,,,,,,,,,,,,,,,,,,,,,,,,,,,,,,,,,,,,,,,,,,,,,,,,,,,,,,,,,,,,,,,,,,,,,,,,,,1573.6507106227887,1592.4080254126159,1600.6604975854439,1596.848232656476,1602.7187182777964,1608.1514797984478,1620.0760134453203,1657.3866262565894,1647.7770292847729,1655.7084931091003,1637.2505960067638,1654.9863870831534,1663.529230609408,1680.7858064463524,1691.736570561867,1695.3607949754485,1690.6944444444443
394629,520,"Georgetown, SC",msa,SC,,,,,,,,,,,,,,,,,,,,,,,,,,,,,,,,,,,,,,,,,,,,,,,,,,,,,,,,,,,,,,,,,,,,,,,,,,,,,,,,,,,,,,,,,,,,,,,,,,,,,,,,,,,,,,,,,,,,,,,,,,,,,,,,,,,,,1714.162639227393,1759.5127276477524,1760.8266032902889,1753.8657760106007,1738.0018424925986,1700.0
395063,522,"Sanford, NC",msa,NC,,,,,,,,,,,,,,,,,,,,,,,,,,,,,,,,,,,,,,,,,,,,,,,,,,,,,,,,,,,,,,,,,,,,,,,,,,,,,,,,,,,,,,,,,,,,,,,,,,,,,,1627.0814890657832,1589.4668790626315,1608.0589588340767,1616.132409293349,1647.9074926283615,1639.085697430462,1663.2247020258083,1657.6984694381295,1678.7055278315065,1673.4967748618647,1679.3013209988853,1696.6786678923518,1705.0924757500625,1731.9264258260014,1717.0758408560946,1734.175145593853,1714.633702377055,1738.5530302464185,1723.8783683883814,1722.6904622532431,,1722.0756404921701,1721.6682476197702,1732.2561093434565,1727.9795764673884,1738.749415300773,1752.4020031601194,1749.3013663522124,1763.8813662319596,1766.893498944714,1787.182655760642,1800.263424429102,1807.6405786857736,1807.843136981973,1812.3374178899164,1807.2155808502173,1819.547619047619
394570,523,"Enid, OK",msa,OK,,,,,,,,,,,,,,,,,,,,,,,,,,,,,,,,,,,,,,,,,,,,,,,,,,,,,,,,,,,,,,,,,,,,,,,,,,,,,,,,,,,,,,,,,1158.941879640602,1172.290297700799,1178.331179894688,1190.3638111966818,1199.8203306504408,1193.1099478750393,1189.7368261933725,1179.537075714993,1201.4005196652615,1200.9521753956506,1211.9984738934677,1202.4311272081159,1208.3528289645005,1203.928284928771,1208.059204841241,1206.9812039169112,1212.0513661731072,1231.4871402038852,1241.0348779378978,1247.360767804935,1237.3595568910632,1233.1046347659526,1240.5616723360765,1243.2508400084437,1261.969834965126,1267.2204404505596,1273.7112266054069,1274.6416911588392,1269.029526000793,1268.448988585524,1289.3050547705973,1303.39723810564,1323.4338867176523,1317.9079883425973,1314.6547762823116,1310.9452360874898,1310.094386776391,1325.5732451116694,1327.2733892290432,1334.8207997099735,1345.1327682660444,1347.6403578721083,1337.2230079153528,1334.4760650527946,1329.0511321518418,1344.245071786804,1349.9940752204395,1361.671128207529,1359.8797222232583,1353.6011904761906
394889,524,"Mount Vernon, OH",msa,OH,,,,,,,,,,,,,,,,,,,,,,,,,,,,,,,,,,,,,,,,,,,,,,,,,,,,,,,,,,,,,,,,,,,,,,,,,,,,,,,,,,,,,,,,,,,,,,,,,,,,,,,,,,,,,,,,,,,,,,,,,,,,,,,,,,,,,,,,,,1350.0
395199,525,"Walla Walla, WA",msa,WA,,,,,,,,,,,,,,,,,,,,,,,,,,,,,,,,,,,,,,,,,,,,,,,,,,,,,,,,,,,,,,,,,,,,,,,,,,,,,,,,,,,,,,,,,,,,,,,,,,,,,,,,,,,,,,,,,,,,,,,,2049.044554875402,2037.9988849893532,2024.3444561099661,2026.6336239326438,2028.6369176864644,2028.2595382797683,2015.457138371181,2022.1904588819086,2008.2751664825344,2024.8695279266185,2030.0662680850255,2038.9388151854264,2021.3958058499786,2030.4270889195238,2039.367533553892,2057.9920666561698,2068.7537901740575,2083.7306990577804,2088.031746031746
394309,526,"Albemarle, NC",msa,NC,,,,,,,,,,,,,,,,,,,,,,,,,,,,,,,,,,,,,,,,,,,,,,,,,,,,,,,,,,,,,,,,,,,,,,,,,,,,,,,,,,,,,,,,,,,,,,,,,,,,,,,,,,,,,,,,,,,,,,,,1771.778086200309,1781.6624044183022,1786.6036742736578,1801.0769264853404,1835.2294227594837,1844.0889916777198,1824.5774249684582,1843.7082160857815,1854.0129364531153,1870.082757166704,1858.7634236139693,1869.9052246409794,1859.4304573838729,1873.9377516304112,1884.2050156392525,1890.1687616350407,1877.3636161759443,1876.1551005882156,1903.7666666666667
394701,527,"Hutchinson, KS",msa,KS,,,,,,,,,,,,,,,,,,,,,,,,,,,,,,,,,,,,,,,,,,,,,,,,,,,,,,,,,,,,,,,,,,,,,,,,,,,,,,,,,,,,,766.1500919795545,782.4663169696686,773.0881286010563,785.2462424818926,783.2776526420296,788.9196815559139,,811.8820962497244,813.8664563031932,816.6109705677654,814.5989900890382,821.4385814335069,827.1922495902844,839.357641969086,850.2365815527556,851.2831846293464,851.5603288679641,859.0859604650417,858.0714256259662,866.5223255811127,871.8587782871928,882.7459336870352,889.8761054901321,876.1346794825248,882.0782396304435,871.6828156401813,885.1416910536625,876.0058084501593,886.3734232752806,888.7490657746677,899.7002923886421,902.823167293928,914.6624453384102,913.7266961526223,920.2480185578006,919.3303055356586,919.1190655821501,925.2395078537902,937.5110578420963,953.4494905942329,948.6914541506114,946.7936432990253,945.7951125103336,947.2931893855346,945.4233582252458,950.8354808426498,953.3416144564067,969.712149298135,976.8312950151035,985.5271184206729,978.3299318550868,981.7632851437232,992.2308056739435,1003.3333333333334
394693,528,"Hudson, NY",msa,NY,,,,,,,,,,,,,,,,,,,,,,,,,,,,,,,,,,,,,,,,,,,,,,,,,,,,,,,,,,,,,,,,,,,,,,,,,,,,,,,,,,,,,,,,,,,,,,,,,,,,,,,,,,,,,,,,,,,,,,,,,,,,,,,,,,,,,,,,3155.787655705664,3240.439624482752,3183.3333333333335
395124,529,"Starkville, MS",msa,MS,,,,,,,,,,,,,,,,,,,,,,,,,,,,,,,,,,,,,,,,,,,,,,,,,,,,,,,,,,,,,,,,,,,,,,,,,,,,,,,,,,,,,,,,,,,,,,,,,,,,,,,,,,,,,,,,,,,,,,,,,,,,,,,,,,,1717.210271496497,1744.471567563226,1712.3866805029345,1744.0112801167056,1765.630629238369,1792.1998866872827,1784.3809451712366,1798.3333333333333
394509,534,"Crossville, TN",msa,TN,,,,,,,,,,,,,,,,,,,,,,,,,,,,,,,,,,,,,,,,,,,,,,,,,,,,,,,,,,,,,,,,,,,,,,,,,,,,,,,,,,,,,,,,,,,,,,,,,,,,,,,,,,,,,,,,,,,,,,,,,,,,,,,,,,,,,,,1583.1737437270103,1594.29818691833,1621.0839901850588,1623.8333333333333
845162,535,"Granbury, TX",msa,TX,,,,,,,,,,,,,,,,,,,,,,,,,,,,,,,,,,,,,,,,,,,,,,,,1403.7919776687083,1427.348804869654,1456.61328994283,1457.3385918894808,1462.4006870416772,1462.7286050576731,1475.043719849162,1485.0893970002442,1489.3389799925108,1491.0748183112623,1493.439781658892,1505.4142069407,1516.8037745611798,1515.525668887332,1493.6737267976637,1508.0797736786078,1510.0544455471804,1527.6791111239525,1538.8616110261357,1536.1493530544885,1527.1014152577686,1524.2549647228323,1557.050055077275,1573.130053489574,1593.358349572751,1592.0947529878906,1583.4966789633047,1589.2489914206333,1612.475769582061,1652.0191214577374,1656.0277542627598,1685.448938838442,1696.5763551071184,1728.356743717018,1709.3502152115998,1749.776433547949,1770.8093578305445,1804.3467485749031,1819.6883918895155,1838.827792193452,1849.6335201540596,1845.2942081160395,1858.2745644078714,1869.5904324635826,1882.9870784035231,1910.7142308566642,1936.2928950041296,1935.901994390143,1933.2204752127286,1923.3189693720362,1934.1440766866149,1930.5904482917804,1930.6123120017771,1922.2609706391092,1932.5189314772672,1926.2492973830106,1955.7898680129808,1928.5694518515252,1941.4123152585803,1928.2397644912096,1935.0120203817507,1942.8746860024037,1945.507150611681,1961.1257411514696,1973.985052421234,1987.662403085597,1970.4397321013907,1973.1889399109004,1971.0721730682658,1989.6780465281104,1988.2161376345518,1986.2412198690727,2000.1339559862686,2007.018991991415,1997.0111817067993,1984.8611969082763,1990.1563792228642,2001.2236272018338,2008.247680209878,2016.0737243719202,2010.599860872005,2013.385447179418,2014.651282327326,2032.447759963632,2029.8888494725402,2033.5555967726953,2049.460931276328,2064.1855388473455,2067.0392136994797,2067.725466318526,2082.7560606060606
395049,537,"Salina, KS",msa,KS,,,,,,,,,,,,,,,,,,,,,,,,,,,,,,,,,,,,,,,,,,,,,,,,,,,,,,,,,,,,,,,,,,,,,,,,,,,,,,,,,,,,,,,,,,,,,,,,,,,,,963.762781506421,992.6481787932607,995.760806978411,993.1963270940296,989.0408452679408,994.2098243998053,992.2101117821474,1005.1090911515842,1014.6322528686089,1018.5984420389473,1023.6780724884587,1022.9377657502309,1031.2168883090728,1020.2026109521772,1025.5635160142297,1031.0613997292821,1038.9487919023372,1064.2587621999116,1081.963278373064,1083.3120230041097,1069.4602455817478,1053.0651472708375,1065.9002374136135,1060.4870688683463,1075.2109429529332,1080.497526298119,1085.3424104498376,1091.6949813424906,1095.261473061223,1084.616089025743,1082.516769433092,1087.7766866353372,1107.13752674112,1132.595620838275,1135.0244222107146,1150.4217770727269,1145.0523655294958,1156.8500000000001
394362,540,"Barre, VT",msa,VT,,,,,,,,,,,,,,,,,,,,,,,,,,,,,,,,,,,,,,,,,,,,,,,,,,,,,,,,,,,,,,,,,,,,,,,,,,,,,,,,,,,,,,,,,,,,,,,,,,,,,,,,,,,,,,,,,,,,,,,,,,,,,,,,,,,,,,,,,,2800.0
394490,543,"Columbus, MS",msa,MS,,,,,,,,,,,,,,,,,,,,,,,,,,,,,,,,,,,,,,,,,,,,,,,,,,,,,,,,,,,,,,,,,,,,,,,,,,,,,,,,,,,,,,,,,,,,,,,,,,,,,,,,,,,,,,,,,,,,,,,,1736.3847087050428,1749.4337662389598,1735.527422339774,1724.6689555674463,1760.0802904277796,1785.8807608982966,1768.542069328749,1784.7936411526089,1808.2832102885766,1813.0721835961588,1807.125119712885,1806.6871584482299,1798.5619629760351,1792.6883299518515,1816.301247809185,1862.8002129264619,1865.2016031812677,1844.3022088015784,1863.3333333333333
394336,546,"Ardmore, OK",msa,OK,,,,,,,,,,,,,,,,,,,,,,,,,,,,,,,,,,,,,,,,,,,,,,,,,,,,,,,,,,,,,,,,,,,,,,,,,,,,,,,,,,,,,,,,,,,,,,,,,,,,,,,,,,,,,,,,,,,,,,,,,,1198.444404813823,1207.5718090428377,1210.7366328398018,1213.6052125347517,1205.7868657848262,1208.341287017987,1205.2457490863044,1227.27652727762,1230.011511127256,1240.9535385776223,1231.1990459486308,1241.5012980782178,1252.1639971245131,1252.8183949654176,1268.4271597226955,1286.0172213265446,1302.9166666666667
394456,549,"Charleston, IL",msa,IL,,,,,,,,,,,,,,,,,,,,,,,,,,,,,,,,,,,,,,,,,,,,,,,,,,,,,,,,,,,,,,,,,,,,,,,,,,,,,,,,,,,,,,,,,,,,,,,,,,,,,,,,,,,,,,,,,,,,,,,,,,,,,,,,,,,,,,,,,,1135.0
394592,550,"Fernley, NV",msa,NV,,,,,,,,,,,,,,,,,,,,,,,,,,,,,,,,,,,,,,,,,,,,,,,,,,,,,,,,,,,,,,,,,,,,,,,,,,,,,,,,,,,,,,,,,,,,,,,,,,,,,,,,,,,,,,,,,,,,,,,,,,,,,,,,,,,,,,,,,2266.5539972691636,2280.357142857143
394444,551,"Carson City, NV",msa,NV,,,,,,,,,,,,,,,,,,,,,,,,,,,,,,,,,,,,,,,,,,,,,,,,,,,,,,,,,,,,,,,,,,,,,,,,,,,,,,,,,,,,,,,,,,,,,,,,,,,,,,1964.6503427769026,1974.658840938723,2004.2290263951227,2063.8937633082664,2033.7783033523099,2052.814378353587,2028.9361120450133,2085.5049330810452,2124.2572602185164,2120.56122425623,2075.6103794849164,2081.90505055002,2103.7783601295323,2136.7304005720584,2154.7720845168224,2150.7450231313082,2162.0679210968046,2145.7452079032664,2184.9717953022227,2184.7141915251063,2191.388702397519,2207.520417593944,2221.0608948181593,2247.2398717013625,2226.400965084217,2223.7735617827575,2221.3992431942493,2225.8102071102994,2250.8002003160923,2269.011095424751,2268.8889704536496,2263.3150702424214,2271.1729637219764,2293.3031116212114,2332.785909636051,2338.3207299494434,2369.095238095238
394432,553,"Calhoun, GA",msa,GA,,,,,,,,,,,,,,,,,,,,,,,,,,,,,,,,,,,,,,,,,,,,,,,,,,,,,,,,,,,,,,,,,,,,,,,,,,,,,,,,,,,,,,,,,,,,,,,,,,,,,,,,,,,,,,,,,,,,,,,,,,,,,,1705.4037376989968,1729.2605823401464,1763.764540297286,1767.4684296841638,1752.2908573625002,1744.7146495929055,1676.6658306832026,1642.6939222437077,1626.0046919363454,1683.479636674436,1714.6721249214345,1712.8080549299389,1707.0370370370372
753877,554,"Cullowhee, NC",msa,NC,,,,,,,,,,,,,,,,,,,,,,,,,,,,,,,,,,,,,,,,,,,,,,,,,,,,,,,,,,,,,,,,,,,,,,,,,,,,,,,,,,,,,,,,,,,,,,,,,,,,,,,,,,,,,,,,,,,,,,,,,,,,,,,,,,,,,,,1659.975622870399,1666.6813354191568,1659.7038549506556,1700.0
394737,555,"Kearney, NE",msa,NE,,,,,,,,,,,,,,,,,,,,,,,,,,,,,,,,,,,,,,,,,,,,,,,,,,,,,,,,,,,,,,,,,,,,,,,,,,,,,,,,,,,,,,,,,,,,,,,,,,,,,,,,,,,,,,,,,,,,,,,,,,,,,,,,,,,,,,,,,,1650.0
394582,556,"Fairmont, WV",msa,WV,,,,,,,,,,,,,,,,,,,,,,,,,,,,,,,,,,,,,,,,,,,,,,,,,,,,,,,,,,,,,,,,,,,,,,,,,,,,,,,,,,,,,,,,,,,,,,,,,,,,,,,,,,,,,,,,,,,,,,,,,,,,,,,,,,,,,,,1390.3038478030035,1391.7702899642493,1375.1143066003042,1380.111111111111
394940,557,"Ontario, OR",msa,OR,,,,,,,,,,,,,,,,,,,,,,,,,,,,,,,,,,,,,,,,,,,,,,,,,,,,,,,,,,,,,,,,,,,,,,,,,,,,,,,,,,,,,,,,,,,,,,,,,,,,,,,,,,,,,,,,,,,,,,,,,,,,,,,,,,,,,,1988.6719438044531,1998.6954230820631,1991.6093605040792,2000.7934140314792,2000.0
394621,558,"Gaffney, SC",msa,SC,,,,,,,,,,,,,,,,,,,,,,,,,,,,,,,,,,,,,,,,,,,,,,,,,,,,,,,,,,,,,,,,,,,,,,,,,,,,,,,,,,,,,,,,,,,,,,,,,,,,,,,,,,,,,,,,,,,,,,,,,,,,,,,,,,,,,,,1412.580573654512,1383.3741181679673,1394.9604384244678,1405.0
394411,561,"Branson, MO",msa,MO,,,,,,,,,,,,,,,,,,,,,,,,,,,,,,,,,,,,,,,,,,,,,,,,,,,,,,,,,,,,,,,,,,,,,,,,,,,,,,,,,,,,,,,,,,,,,,,,,,,,,,1456.82420241318,1474.2271966286232,1493.4434835963966,1499.0340550323124,1483.4857418226263,1491.2966442089128,1505.0984938447289,1530.8246980542272,1548.423891374543,1561.9705109047545,1534.6807413668935,1509.0443014536952,1513.2895750998123,1528.0309923789196,1528.9596210619081,1505.7232335407964,1511.614837212646,1511.1138852969707,1531.172342090734,1525.8998727266319,1561.549280692377,1569.405791259043,1591.013116699674,1567.0660080580953,1589.4135742349836,1594.5230889311517,1601.087569578744,1610.9585095291989,1627.4667568327025,1647.235707786303,1653.6207380886344,1671.4879308885456,1674.0722927354245,1683.8968761432277,1692.181056329208,1719.5184506349947,1718.4444444444443
394446,562,"Cedar City, UT",msa,UT,,,,,,,,,,,,,,,,,,,,,,,,,,,,,,,,,,,,,,,,,,,,,,,,,,,,,,,,,,,,,,,,,,,,,,,,,,,,,,,,,,,,,,,,,,,,,,,,,,,1460.099879632593,1485.4116649366542,1492.610643746726,1477.9832121757422,1494.2916488180806,1487.7696489656407,1521.4511425180171,1517.3502510402056,,1518.8709590645833,1520.990126595703,1527.2752697026779,1531.641015925675,1542.1192519598226,1533.3508768061943,1537.7955903892366,1540.693871997348,1538.1270614838395,1544.7844612989645,1541.6569046294346,1557.2118451810647,1551.4855895510127,1554.016465806932,1549.948212933827,1549.8690397492842,1552.3296572762183,1560.8848016321758,1567.0398762706845,1567.6199080013148,1578.6391707318187,1570.039052478247,1575.8098566575648,1564.9976127400319,1583.0094520725643,1598.3034079998433,1609.8542571760809,1614.4243919684557,1614.610880267327,1624.0768802391397,1633.3910256410256
394951,564,"Oxford, MS",msa,MS,,,,,,,,,,,,,,,,,,,,,,,,,,,,,,,,,,,,,,,,,,,,,,,,,,,,,,,,,,,,,,,,,,,,,,,,,,,,,,,,,,,,,,,,,,,,,,,,,,,,,,,,,1759.1051262517133,1768.2013556930485,1768.3556510651013,1746.074677804779,1756.3630330568706,1800.894747631903,1863.1602280590096,1881.9019771506435,1907.2228065846857,1910.8762331459234,1971.4193751362895,2026.7652891547684,2075.179675538862,2090.3953199346147,2076.253903526397,2081.148636621105,2084.0096364529627,2092.5229490576244,2112.3842621297003,2132.9838040536115,2130.881995967656,2121.7928731122647,2101.205790544054,2095.491390931797,2097.556754198292,2125.5449049205768,2169.8585946038766,2217.794818915704,2238.80391426086,2243.442129948843,2221.409958514745,2223.2482882986624,2236.83488100288,2276.9688644688645
394556,566,"Edwards, CO",msa,CO,,,,,,,,,,,,,,,,,,,,,,,,,,,,,,,,,,,,,,,,,,,,,,,,,,,,,,,,,,,,,,,,,,,,,,,,,,,,,,,,,,,,,,,,,,,,,,,,,,,,,,,,,,,,,,,,,,,,,,,,,,,,,,,,,,,,,4830.10944165895,4877.266963296855,4882.421211967152,5075.414199598874,5122.515082678688,5165.277777777778
394547,567,"Durango, CO",msa,CO,,,,,,,,,,,,,,,,,,,,,,,,,,,,,,,,,,,,,,,,,,,,,,,,,,,,,,,,,,,,,,,,,,,,,,,,,,,,,,,,,,,,,,,,,,,,,,,,,,,,,,,,,,,,,,,,,,,,,,,,,2729.9741361511537,2693.583302549374,2691.9121368091087,2695.801777022391,2725.0539910671364,2670.00428861588,2672.021288000874,2693.3099059410915,2722.6696079368076,2737.2787161133783,2704.996961692967,2651.4305853902447,2628.06393926714,2682.4400547822415,2713.7645779124696,2742.846468554638,2732.843226844484,2777.7777777777774
394750,568,"Kinston, NC",msa,NC,,,,,,,,,,,,,,,,,,,,,,,,,,,,,,,,,,,,,,,,,,,,,,,,,,,,,,,,,,,,,,,,,,,,,,,,,,,,,,,,,,,,,,,,,,,,,,,,,,,,,,,,,,,,,,,,,,,,,,,,,,,,,,,,,,,,,,,1156.4560750183718,1156.6634169202498,1148.9149679864295,1174.1666666666667
753920,569,"Sonora, CA",msa,CA,,,,,,,,,,,,,,,,,,,,,,,,,,,,,,,,,,,,,,,,,,,,,,,,,,,,,,,,,,,,,,,,,,,,,,,,,,,,,,,,,,,,,,,,,,,,,,,,,,,,,,,,,,,,,,,,,,,,,,,,,,,,,,,,,,,,,,,,,1604.9752044813854,1637.5
394566,573,"Elko, NV",msa,NV,,,,,,,,,,,,,,,,,,,,,,,,,,,,,,,,,,,,,,,,,,,,,,,,,,,,,,,,,,,,,,,,,,,,,,,,,,,,,,,,,,,,,,,,,,,,,,,,,,,,,,,,,,,,,,,,,,,,,,,,,,,,,,,,,,,,,,,,,,1906.25
394517,574,"Danville, KY",msa,KY,,,,,,,,,,,,,,,,,,,,,,,,,,,,,,,,,,,,,,,,,,,,,,,,,,,,,,,,,,,,,,,,,,,,,,,,,,,,,,,,,,,,,,,,,,,,,,,,,,,,,,,,,,,,,,,,,,,,,,,,,,,,,,,,,,,,,,,,,,1473.75
395122,576,"St. Marys, GA",msa,GA,,,,,,,,,,,,,,,,,,,,,,,,,,,,,,,,,,,,,,,,,,,,,,,,,,,,,,,,,,,,,,,,,,,,,,,,,,,,,,,,,,,,,,,1454.2133694501927,,,1598.821089568568,1581.1549014725085,1587.2545730469285,1620.1714457628914,1651.8057623385978,1659.1875465891612,1671.386279911291,1701.3283856065996,1710.5858373984836,1719.8120947481052,1709.2076630360978,1735.9782151018665,1721.6651932894038,1722.984671506488,1714.5041879018784,1696.987692952079,1698.6161813649676,1717.5950392196671,1750.1880765308713,1784.763886752397,1763.848472194082,1785.970886497863,1756.390066654503,1772.2207193873062,1775.6607501973976,1802.0759171330665,1810.873397353674,1799.7731032967074,1792.47176337496,1806.4690386477632,1822.0498892351598,1817.6583244266121,1837.3991159437373,1834.3650425248754,1858.638659456365,1827.700927716143,1846.6600984900156,1844.9218806429456,1855.9195716354855,1880.2011960607258,1892.6307382836485,1884.6907486045889,1866.912402192755,1861.0728261246954,1864.891653581656,1865.8129162050193,1872.0071529488741,1892.9846996874394,1889.800505050505
394402,577,"Boone, NC",msa,NC,,,,,,,,,,,,,,,,,,,,,,,,,,,,,,,,,,,,,,,,,,,,,,,,,,,,,,,,,,,,,,,,,,,,,,,,,,,,,,,,,,,,,,,,,,,,,,,,,,,,,,,,,,,,,,,,,,,,,,,,,,,,,,,,,,2220.5029443081658,2185.860923775905,2166.2697281182195,2155.827556696431,2275.0928728286212,2351.447787335674,2505.6781828710264,2547.0266425318514,2637.777777777778
395204,578,"Warrensburg, MO",msa,MO,,,,,,,,,,,,,,,,,,,,,,,,,,,,,,,,,,,,,,,,,,,,,,,,,,,,,,,,,,,,,,,,,,,,,,,,,,,,,,,,,,,,,,,1171.9365984176754,1176.3360715389335,1157.301716712192,1153.0292679085285,1152.0033276743836,1154.8485202191725,1169.2083263513105,1191.6664265758452,1207.161086970741,1209.683306672906,1226.4308993828133,1230.3356612289642,1230.6907431014079,1227.3481810761648,1236.4804937814704,1231.5883627689877,1239.7634143646403,1248.8496244623273,1265.1214558679799,1270.2133967137638,1266.2023238668446,1281.72546110115,1275.4037794553274,1290.1632124022963,1296.350410072247,1312.1541375424115,1319.6574946934154,1324.9000314779043,1337.037434682228,1333.8554269705796,1337.1511849121616,1332.4900651681455,1347.9463379253325,1346.687188909908,1348.2185572960589,1351.5011061783305,1367.3188708305208,1368.250399320921,1379.3185927085624,1393.9047997456041,1396.0426966593145,1408.4890097064563,1409.2452537101954,1419.8499460072314,1419.9724897428443,1425.9686795164228,1437.3322550055852,1438.1029574252261,1433.3321720755341,1436.1779537983084,1432.62509200083,1429.1666666666667
394604,580,"Fort Leonard Wood, MO",msa,MO,,,,,,,,,,,,,,,,,,,,,,,,,,,,,,,,,,,,,,,,,,,,,,,,,,,,,,,,,,,,,,,,,,,,,,,,,,,,,,,,,,,,,,,,,,,,,,,,,,,,1322.0622985879788,1284.4695467212755,1285.0393088538426,1256.8385088587158,1292.2291033622994,1299.014354898168,1328.4291369129267,1322.0495602560445,1336.4564604832628,1313.0575017855924,1341.4712087980226,1341.8286206775222,1375.6283182000457,1371.9788544979174,1386.040291391316,1398.5104453038466,1407.8538452334426,1422.4702630271013,1424.735231816113,1436.2335131989062,1438.9931142871603,1418.8926712025443,1416.8306222243789,1445.5913139677807,1476.1634921214245,1499.854832461538,1500.6118573887538,1507.7079418832132,1508.776812800817,1512.5035163923108,1514.8700125562334,1536.4575126719837,1550.0294861426098,1605.2642240329938,1602.211419543143,1600.4713278452416,1575.6708762413186,1586.101144062488,1598.2962962962963
394562,582,"Elizabeth City, NC",msa,NC,,,,,,,,,,,,,,,,,,,,,,,,,,,,,,,,,,,,,,,,,,,,,,,,,,,,,,,,,,,,,,,,,,,,,,,,,,,,,,,,,,,,,,,,,,,,,,,,,,,,,,,,,,,,,,,,,1648.7580235348412,1666.5996022075335,1679.3034236715903,1672.2813091749013,1679.90092093877,1703.8077350419856,1687.1266392550094,1697.5175644021983,1724.2242096620012,1728.8370178553553,1742.2182522503006,1737.6039307777307,1735.5158708249703,1732.8302367460888,1734.0347432757137,1750.9227860184596,1753.2386038884654,1755.2046887915603,1776.1672772152021,1793.1510163099351,1785.972519301883,1801.5307296534102,1801.685356276248,1820.4777546834812,1820.657662489238,1830.8333333333333
394967,583,"Payson, AZ",msa,AZ,,,,,,,,,,,,,,,,,,,,,,,,,,,,,,,,,,,,,,,,,,,,,,,,,,,,,,,,,,,,,,,,,,,,,,,,,,,,,,,,,,,,,,,,,,,,,,,,,,,,,,,,,,,,,,,,,,,,,,,,,,,,,,,,,,,,,,,,2091.198439082153,2003.8284281176032,1907.9166666666667
394344,584,"Athens, TN",msa,TN,,,,,,,,,,,,,,,,,,,,,,,,,,,,,,,,,,,,,,,,,,,,,,,,,,,,,,,,,,,,,,,,,,,,,,,,,,,,,,,,,,,,,,,,,,,,,,,,,,,,,,,,,,,,,,,,,,,,,,,,,,,,,,,,,,,,,,1334.9478124712373,1307.8683822947953,1334.8342745697644,1331.8822737080384,1335.8333333333333
394571,585,"Enterprise, AL",msa,AL,845.8457423779146,857.6654487901443,844.2240406857135,842.8918776347572,836.0614615976843,842.7437875349245,846.6257739972954,842.9899776654887,844.6794531427684,844.5925545335995,848.5612880010123,849.7471443408525,848.4266774767369,849.5154532525315,851.0062508899144,851.9494115566808,849.764342044595,847.8167013725882,848.0200494373877,850.5911189065226,851.2024496369473,854.47378092026,857.0227558984385,860.6282635200141,868.3986974288036,870.6149826233501,875.2739089398453,875.2018616306705,877.1577772366911,874.367921270652,870.9482522670405,870.9805418801033,873.1028060598134,874.1674604819995,874.8853554694944,875.5493983069084,870.4414576326344,868.8780866631693,869.3777485725186,877.9774145505985,881.9493778229551,887.7761510454404,891.221378766313,899.773955333494,897.360198104184,899.7367251943856,894.9231930062518,904.0767146493099,908.90942395717,915.186165334266,917.4455992575191,915.6944529156575,917.1118862336895,919.4038438007857,923.3882959694332,921.4832026287571,927.2630364449891,929.3359624563669,937.1002520253625,933.8306370038471,935.9290432599889,936.1623391333278,939.216341530717,953.3456637538809,961.2413348818322,964.2576584075105,,985.102957526722,995.7343228078092,1002.6742826816384,1005.4258192878705,1027.9262846367212,1063.6123966015484,1083.6301394679047,1076.3500756057094,1065.305263405279,1067.0680710560036,1083.750804407106,1090.9987992626109,1102.6802761121871,1103.3952312062593,1118.6567066615357,1132.5998292008665,1140.8755257086827,1155.8985487710675,1176.4411307403152,1212.3215272368802,1230.4012667717814,1244.2884804713551,1254.0708931537793,1249.7403416966804,1249.2001378298419,1255.8791810491468,1266.673898908318,1280.083542351718,1279.4734561488199,1271.0156330999464,1265.4729944554383,1277.5518944580433,1289.2672683891155,1301.0599505881441,1296.0650831228013,1314.6930460550145,1320.132609596722,1316.9033347100037,1314.9693319968053,1310.7886345456482,1329.6774360871134,1334.926174488187,1342.2419563310827,1322.3942799648464,1324.9408237059001,1328.5606130437368,1348.2861225959023,1349.6505445470432,1353.4665544995366,1362.2682898388275,1362.0358213462118,1369.2407089195037,1374.1356997951991,1383.3622834299292,1387.0376244651527,1379.7023840277243,1379.8527126613903,1377.02979587611,1384.6976281070556,1385.6976150215796,1390.6124544251777,1394.7632676764765,1403.9979996665777,1408.1740386577526,1406.0025895595163,1408.9025530343336,1414.3457830483346,1437.385067106189,1444.7474476320583,1454.5196255880007,1452.067599067599
395073,587,"Scottsboro, AL",msa,AL,,,,,,,,,,,,,,,,,,,,,,,,,,,,,,,,,,,,,,,,,,,,,,,,,,,,,,,,,,,,,,,,,,,,,,,,,,,,,,,,,,,,,,,,,,,,,,,,,,,,,,,,,,,,,,,,,,,,,,,,,,,,,,,,,,,,,,,,,,1400.0
394861,588,"Milledgeville, GA",msa,GA,,,,,,,,,,,,,,,,,,,,,,,,,,,,,,,,,,,,,,,,,,,,,,,,,,,,,,,,,,,,,,,,,,,,,,,,,,,,,,,,,,,,,,,,,,,,,,,,,,,,,,,,,,,,,,,,,,,,,,,,1514.4307334868713,1500.2075261434088,1512.635383233257,1507.828137144358,1557.7433734029335,1556.0249289151861,1551.8089597583432,1537.7414843869415,1570.8815544096926,1610.7119760932756,1605.1795392256597,1597.1460907672815,1595.8373179377566,1633.245652474543,1632.8993819856933,1637.9721375483025,1596.6071614394198,1602.684601614467,1615.0
394742,589,"Kerrville, TX",msa,TX,,,,,,,,,,,,,,,,,,,,,,,,,,,,,,,,,,,,,,,,,,,,,,,,,,,,,,,,,,,,,,,,,,,,,,,,,,,,,,,,,,,,,,,,,,,,,,,,,,,,1782.1370260348747,1774.1173533316335,1784.155151953744,1784.4388775698064,1799.461921542133,1787.0652397033919,1803.8368286399743,1803.0286229495375,1784.1127028701146,1775.230856134094,1805.2105713900976,1833.9125872619984,1851.4161322347213,1825.7556385840064,1816.6262161558702,1792.4806767636821,1796.0243516550884,1796.369485347695,1819.6981109509286,1833.3845548656075,1842.5916832882044,1857.352654799646,1846.2823023989858,1822.011546421844,1795.6521778271997,1808.9473463181876,1825.7910310241086,1846.2332718840757,1840.7399815372637,1857.1718057490348,1840.9245013919228,1842.9474403650909,1846.9922717989307,1847.8639590209411,1847.8432524612654,1857.5300690376253,1880.1175298764417,1895.2967872488705,1897.222222222222
394363,590,"Bartlesville, OK",msa,OK,,,,,,,,,,,,,,,,,,,,,,,,,,,,,,,,,,,,,,,,,,,,,,,,,,,,,,,,,,,,,,,,,,,,,,,,,,,,,,,,,,,,,,,,,,,,,,,,,,1141.0615836096613,1170.3879238222837,1162.3606463522729,1164.8446865299948,1185.810093479714,1195.6075845257835,1194.3895442481405,1186.0467940617357,1198.322223871692,1204.3866833588945,1204.634635796553,1197.804415909965,1197.417670783659,1224.73731285196,1232.5207223145849,1244.6919373236897,1253.788153826558,1267.683149218957,1291.106537276402,1280.8092929401935,1278.6452974228391,1280.5701379703835,1316.2989358414595,1345.948978103639,1337.6278200607405,1309.250096680498,1303.1431248911424,1318.9013454976882,1316.9430258683947,1311.610248466684,1307.3106113609108,1328.1506368089501,1338.5741536992757,1346.885700971926,1335.7468419309416,1323.6891291393842,1338.872737560851,1353.0403297790508,1368.237381164865,1362.3073958385364,1368.4920634920634
394503,592,"Corsicana, TX",msa,TX,,,,,,,,,,,,,,,,,,,,,,,,,,,,,,,,,,,,,,,,,,,,,,,,,,,,,,,,,,,,,,,,,,,,,,,,,,,,,,,,,,,,,,,,,,,,,,,,,,,,,,,,,,,,,,,,,,,,,,,,,,,,,,,,,,,,,,,,,,1724.75
753905,604,"Newport, OR",msa,OR,,,,,,,,,,,,,,,,,,,,,,,,,,,,,,,,,,,,,,,,,,,,,,,,,,,,,,,,,,,,,,,,,,,,,,,,,,,,,,,,,,,,,,,,,,,,,,,,,,,,,,,,,,,,,,,,,,,,,,,,,1965.0672339024363,1973.9281358768278,1994.6679389573762,2010.667402389293,2035.1740508371036,2026.7662227065266,2014.9719409204988,2033.6049970128902,2033.5816030383223,2077.442012907435,2089.3131341815147,2135.8963592067194,2125.6101461583316,2128.5180782058546,2146.9895254995126,2177.910025249307,2196.4629783023424,2235.5
395091,606,"Shelbyville, TN",msa,TN,,,,,,,,,,,,,,,,,,,,,,,,,,,,,,,,,,,,,,,,,,,,,,,,,,,,,,,,,,,,,,,,,,,,,,,,,,,,,,,,,,,,,,,,,,,,,,,,,,,,,,,,,,,,,,,,,,,,,,,,,,,,,,,,,,,,,,,,1598.313343980415,1631.274547868897,1641.5
753911,608,"Ozark, AL",msa,AL,,,,,,,,,,,,,,,,,,,,,,,,,,,,,,,,,,,,,,,,,,,,,,,,,,,,,,,,,,,,,,,,,,,,,,,,,,,,,,,,,,,,,,,,,,,,,,,,,,,,,,,,,,,,,,,,,,,,,,,,,1360.8623698746596,1370.9087905491745,,1366.0955261953022,1338.9197193231917,1334.9462666415677,1332.803234817965,1346.8212812691465,1359.0975312510748,1369.8092885865783,1362.8563120494257,1365.4854852922206,1346.1836112348992,1352.699001466048,1340.287581508787,1359.6046659618426,1382.3647239389256,1398.611111111111
394628,610,"Gardnerville Ranchos, NV",msa,NV,,,,,,,,,,,,,,,,,,,,,,,,,,,,,,,,,,,,,,,,,,,,,,,,,,,,,,,,,,,,,,,,,,,,,,,,,,,,,,,,,,,,,,,,,,,,,,,,,,,,2464.8058373857043,2540.5096763998667,2403.7719901663822,2418.935459767493,2385.0682040942297,2400.416774066939,2414.254225279769,2445.6530845093093,2505.1576221157197,2499.6897085498304,2518.237563714713,2483.783618146497,2457.9918034128114,2437.8430350624517,2473.1982060415457,2460.5914995783005,2453.86862888574,2481.927232293372,2469.455771391202,2483.854587105356,2409.9258878634655,2458.2559364383023,2479.4233032768548,2537.083155543554,2488.269771783854,2486.6499033594737,2507.5833219761785,2529.516509351647,2561.395213881904,2555.332035728621,2579.1030040952533,2585.023319771806,2640.3291947448756,2635.154990439178,2642.8531816284312,2631.417400532599,2714.733304861596,2760.2419210145454,2802.1111111111113
394608,611,"Fort Polk South, LA",msa,LA,,,,,,,,,,,,,,,,,,,,,,,,,,,,,,,,,,,,,,,,,,,,,,,,,,,,,,,,,,,,,,,,,,,,,,,,,,,,,,,,,,,,,,,,,,,,,,,,,,,1351.8915526643978,1364.477350295766,1368.7424155607189,1380.0880565924133,1370.6308281887068,1373.2580069871974,1377.0076725634217,1391.2216034524643,1374.5264957619934,1403.1307309150338,1417.0444366919282,1420.0567048054331,1405.098097767957,1388.6556382895496,1403.563070630516,1410.647137122528,1410.5883644185917,1423.6355292396488,1425.000511434749,1438.5699905251304,1444.960770648234,1445.458064328528,1435.3483452795251,1420.2688691231544,1399.6445483588745,1431.1085731829364,1441.6133566218264,1455.9885752581845,1465.3997448500463,1466.6606519467098,1469.0129435797544,1470.909493064361,1483.5330077433982,1488.1742831797064,1498.9098982837406,1515.8050050299878,1547.3051904602585,1537.7257082131491,1531.7473803997677,1525.0
394437,612,"Ca±on City, CO",msa,CO,,,,,,,,,,,,,,,,,,,,,,,,,,,,,,,,,,,,,,,,,,,,,,,,,,,,,,,,,,,,,,,,,,,,,,,,,,,,,,,,,,,,,,,,,,,,,,,,,,,,,,,,,,,,,,,,,,,,,,,,,,,,,,,,,,,,,,1649.3823949278033,1642.5480211359547,1649.3850135492369,1652.411616236306,1665.0
394478,615,"Clovis, NM",msa,NM,,,,,,,,,,,,,,,,,,,,,,,,,,,,,,,,,,,,,,,,,,,,,,,,,,,,,,,,,,,,,,,,,,,,,,,,,,,,,,,,,,,,,,,,,,1163.7144300287566,1177.3013511235852,1172.7853214227748,1167.767861314032,1166.1334806664015,1159.079496118613,1180.7417131495545,1181.1106330025461,1206.7685002734993,1209.3770776698277,1219.4051837356444,1218.0333796509958,1210.3016498554987,1215.8390855446446,1224.5150079171783,1233.9554102571162,1248.4499521769549,1251.205480968449,1260.754106018116,1264.9973452629597,1265.5895346434681,1265.3820883531973,1264.339143950637,1276.8036175397679,1279.897069602718,1283.364350575523,1280.9824655745658,1276.7262715456525,1278.3531120317678,1276.9864644653658,1284.6421954620255,1285.2876859717587,1291.203441905922,1290.296909776741,1295.801654521887,1298.536110690103,1313.965867797034,1317.337947789559,1326.4165248430656,1336.8370262921983,1339.2319393494206,,1345.6453038444815,1353.907557488926,1354.8305946985893,1365.0808863468746,1369.5191931665788,1371.5589562356627,1369.5925925925924
395043,618,"Ruston, LA",msa,LA,,,,,,,,,,,,,,,,,,,,,,,,,,,,,,,,,,,,,,,,,,,,,,,,,,,,,,,,,,,,,,,,,,,,,,,,,,,,,,,,,,,,,1256.4387631843808,1257.7374983875955,1271.3717460978087,1276.2372550314697,1270.7026541796758,1279.916398455303,1299.948811902491,1305.4347623593676,1303.6439657781168,1295.8850646043556,1291.7912266094766,1306.1388023435204,1329.1403135257094,,1321.8285341610426,1316.8648667992657,1332.1513541562042,1337.2340611132017,1336.7033031130093,1337.1663668059182,1356.595796728452,1365.4444037457058,1363.9232839183155,1357.429346430749,1361.5717302254482,1365.6897479427562,1374.355258145849,1368.129083827334,1367.348435850966,1357.7144462840995,1368.8411358760136,1374.5349260440755,1387.5900951135604,1386.7927187129114,1380.0545815838836,1370.6757273518688,1364.4129547183388,1378.1346556368828,1393.506939063161,1416.5353477019446,1426.1146744751632,1426.7984390783893,1424.6985372199572,1429.0484101589807,1419.7459588482102,1427.1882530939815,1442.7461656587575,1459.8148447195113,1467.6171879167377,1463.148610483488,1457.2231834525262,1451.349026268349,1449.3238940470708,1459.8412698412696
395008,620,"Pullman, WA",msa,WA,,,,,,,,,,,,,,,,,,,,,,,,,,,,,,,,,,,,,,,,,,,,,,,,,,,,,,,,,,,,,,,,,,,,,,,,,,,,,,,,,,,,,,,,,,,,,,,,,,,,,,,,,,,,,,,,,,,,,,,,,,,,,,,,,,,1801.6613676105412,1812.2083123216603,1897.179988585132,1915.012595010411,1934.0996954052346,1949.2875488888433,2052.7503147514826,2081.1111111111113
394527,622,"Del Rio, TX",msa,TX,,,,,,,,,,,,,,,,,,,,,,,,,,,,,,,,,,,,,,,,,,,,,,,,,,,,,,,,,,,,,,,,,,,,,,,,,,,,,,,,,,,,,,,,,,,,,,,,,,,,,,,,,,,,,,,,,,,,,,,,,,,,,,,,,,,,,1908.9178228134333,1856.078105792899,1872.8099195050258,1887.6734335947253,1855.9697718101274,1778.3333333333333
394391,623,"Blackfoot, ID",msa,ID,,,,,,,,,,,,,,,,,,,,,,,,,,,,,,,,,,,,,,,,,,,,,,,,,,,,,,,,,,,,,,,,,,,,,,,,,,,,,,,,,,,,,,,,,,,,,,,,,,,,,,,,,,,,,,,,,,,,,,,,,,,,,,,,,,,,,,,,,,1450.0
395144,626,"Tahlequah, OK",msa,OK,,,,,,,,,,,,,,,,,,,,,,,,,,,,,,,,,,,,,,,,,,,,,,,,,,,,,,,,,,,,,,,,,,,,,,,,,,,,,,,,,,,,,,,,,,,,,,,,,,,,,,,,,,,,,,,,,,,,,,,,,,,,,,,,,,,,1551.335933369206,1566.0032064389986,1604.199490263044,1590.855843303668,1639.3372075955363,1682.6574815693978,1733.3333333333333
394876,628,"Montrose, CO",msa,CO,,,,,,,,,,,,,,,,,,,,,,,,,,,,,,,,,,,,,,,,,,,,,,,,,,,,,,,,,,,,,,,,,,,,,,,,,,,,,,,,,,,,,,,,,,,,,,,,,,,,,,,,,,,,,,,,,,,,,,,,,,,,,,,,,,,,,2104.156915247898,2126.1724568364893,2139.6286221184346,2174.746289787553,2206.087795221027,2241.6666666666665
394379,637,"Bemidji, MN",msa,MN,,,,,,,,,,,,,,,,,,,,,,,,,,,,,,,,,,,,,,,,,,,,,,,,,,,,,,,,,,,,,,,,,,,,,,,,,,,,,,,,,,,,,,,,,,,,,,,,,,,,,,,,,,,,,,,,,,,,,,,,,,,,,,,,,,,,,,,1901.9565395367317,1907.4098708509305,1817.4951336985037,1819.4444444444443
394426,640,"Burley, ID",msa,ID,,,,,,,,,,,,,,,,,,,,,,,,,,,,,,,,,,,,,,,,,,,,,,,,,,,,,,,,,,,,,,,,,,,,,,,,,,,,,,,,,,,,,,,,,,,,,,,,,,,,,,,,,,,,,,,,,,,,,,,,,,,,,,,,,,,,,,,,,,1648.75
394548,641,"Durant, OK",msa,OK,,,,,,,,,,,,,,,,,,,,,,,,,,,,,,,,,,,,,,,,,,,,,,,,,,,,,,,,,,,,,,,,,,,,,,,,,,,,,,,,,,,,,,,,,,,,,,,,,,,,,,,,,,,,,,,,1505.5927117005492,1507.4542848728513,1511.9894382364769,1508.0031799185251,1495.6090760052798,1503.2652264585872,1525.0552578852562,1533.9280436753527,1534.1039535257135,1514.8545206176275,1533.6028274082798,1544.0326914934349,1548.80526206268,1535.9360441452027,1544.3233902114637,1553.6759212713873,1579.6962546215086,1569.776319221878,1554.2250952933912,1558.3217786861583,,1591.749327165359,1575.3616453364655,1578.3538267681345,1580.2231411131293,1595.1260443289839,1599.7777777777776
395155,646,"Thomasville, GA",msa,GA,,,,,,,,,,,,,,,,,,,,,,,,,,,,,,,,,,,,,,,,,,,,,,,,,,,,,,,,,,,,,,,,,,,,,,,,,,,,,,,,,,,,,,,,,,,,,,,,,,,,,,,,,,,,,,,,,,,,,,1642.9524309824421,1644.2489923539001,1664.6734047537013,1622.715780836767,1635.009070482937,,1671.7395744805378,1673.1248176319898,1677.8197187505352,1703.3744131868334,1720.5236811065754,1731.8186705873732,1726.3953619088666,1734.4463504111156,1749.0203917659421,1791.6777170328014,1806.9968608736463,1809.1750950046433,1786.915744996223,1784.3083109408199,1791.6666666666667
394961,647,"Paragould, AR",msa,AR,,,,,,,,,,,,,,,,,,,,,,,,,,,,,,,,,,,,,,,,,,,,,,,,,,,,,,,,,,,,,,,,,,,,,,,,,,,,,,,,,,,,,,,,,,,,,,,,,,,,,,,,,,,,,,,,,,,,,,,,,,,,,,,,,,,,,,,,,1337.4879461910361,1323.3333333333335
394616,657,"Freeport, IL",msa,IL,,,,,,,,,,,,,,,,,,,,,,,,,,,,,,,,,,,,,,,,,,,,,,,,,,,,,,,,,,,,,,,,,,,,,,,,,,,,,,,,,,,,,,,,,,,,,,,,,,,,,,,,,,,,,,,,,,,,,,,,,,,,,,,,,,,,,,,,,1179.5264480649298,1275.0
395037,659,"Rolla, MO",msa,MO,,,,,,,,,,,,,,,,,,,,,,,,,,,,,,,,,,,,,,,,,,,,,,,,,,,,,,,,,,,,,,,,,,,,,,,,,,,,,,,,,,,,,,,,,,,,,,,,,,,,,,,,,,,,,,,,,,,,,,,,,,,,,,,,,,,,1120.334155277655,1137.8901270645783,1135.0340101056731,1151.4622606970684,1163.7548903317422,1170.4196371748928,1160.4444444444443
753904,661,"Marion, NC",msa,NC,,,,,,,,,,,,,,,,,,,,,,,,,,,,,,,,,,,,,,,,,,,,,,,,,,,,,,,,,,,,,,,,,,,,,,,,,,,,,,,,,,,,,,,,,,,,,,,,,,,,,,,,,,,,,,,,,,,,,,,,,,,,,,,,,,,,,,,,,,2225.0
394567,663,"Ellensburg, WA",msa,WA,,,,,,,,,,,,,,,,,,,,,,,,,,,,,,,,,,,,,,,,,,,,,,,,,,,,,,,,,,,,,,,,,,,,,,,,,,,,,,,,,,,,,,,2015.9938516641344,2051.615573012326,2083.806091596564,2079.056510680239,2050.243664124425,2060.559151996553,2079.589203063843,2121.349275872741,2109.967448493457,2163.8474530316635,2150.3825545497552,2205.914953152082,2157.5378375276537,2194.0680051790555,2203.695258608305,2233.9450098582724,2223.3754182801736,2217.926449448073,2197.7997234034974,2169.8763542556294,2159.4731875782195,2150.494955835054,2226.238266126954,2248.22940073288,2285.442029554367,2256.7514307652355,2248.453062951007,2254.894515932102,2255.0961192120444,2244.0964673139224,2232.772065266992,2231.964913319026,2293.5276118917823,2331.524465044898,2356.7810939949086,2360.910500032184,2346.1156326160776,2342.675723488918,2298.16224621187,2308.601853182913,2330.9158946612993,2352.42306500025,2378.8272963230347,2396.2642431470617,2364.193822129191,2338.4680268501706,2294.5217854603247,2281.7285927842854,2293.62411067572,2312.3717890028875,2357.6356393629744,2351.0
394785,671,"Lewisburg, PA",msa,PA,,,,,,,,,,,,,,,,,,,,,,,,,,,,,,,,,,,,,,,,,,,,,,,,,,,,,,,,,,,,,,,,,,,,,,,,,,,,,,,,,,,,,,,,,,,,,,,,,,,,,,,,,,,,,,,,,,,,,,,,,,,,,,,,,,,,,1395.3728779248934,1406.1283471176066,1431.123534457442,1481.4158282261153,1479.0768690165612,1484.5833333333333
394545,673,"Duncan, OK",msa,OK,,,,,,,,,,,,,,,,,,,,,,,,,,,,,,,,,,,,,,,,,,,,,,,,,,,,,,,,,,,,,,,,,,,,,,,,,,,,,,,,,,,,,,,,,,,,,,,,,,,,,,,,,,,,,,,,,,,,,,,,,,,,,,,,,,1057.9807870848822,1068.8644106874501,1077.574743929222,1066.0359084352333,1065.4135909013103,1061.4034656553677,1081.926241224612,1094.803557902491,1091.6666666666667
395081,674,"Sedalia, MO",msa,MO,,,,,,,,,,,,,,,,,,,,,,,,,,,,,,,,,,,,,,,,,,,,,,,,,,,,,,,,,,,,,,,,,,,,,,,,,,,,,,,,,,,,,,,,,,,,,,,,,,,,,,,,,,,,,,,,,,,,,,,,,,,,,,,,,,,,,,,,,,1199.5
394677,676,"Henderson, NC",msa,NC,,,,,,,,,,,,,,,,,,,,,,,,,,,,,,,,,,,,,,,,,,,,,,,,,,,,,,,,,,,,,,,,,,,,,,,,,,,,,,,,,,,,,,,,,,,,,,,,,,,,,,,,,,,,,,,,,,,,,,,,,,,,1014.4686500114294,1009.805794417451,1028.1911616895152,1039.9310329122238,1056.4805811925448,1078.568215737986,1079.0894602098463,1074.2179585425677,1048.8756538625044,1046.6770257352255,1041.7254468287142,1065.09898867871,1054.530285311043,1060.4759820111813,1030.9722222222222
395129,680,"Stephenville, TX",msa,TX,,,,,,,,,,,,,,,,,,,,,,,,,,,,,,,,,,,,,,,,,,,,,,,,,,,,,,,,,,,,,,,,,,,,,,,,,,,,,,,,,,,,,,,,,,,,,,,,,,,,,,,,,,,,,,,,,,,,,,,,,,,,,,,,,,,,1681.3420229733188,1672.6021033605816,1691.6721338554637,1708.1661533433262,1713.5444097169823,1717.4827432544828,1717.013888888889
394558,685,"El Campo, TX",msa,TX,,,,,,,,,,,,,,,,,,,,,,,,,,,,,,,,,,,,,,,,,,,,,,,,,,,,,,,,,,,,,,,,,,,,,,,,,,,,,,,,,,,,,,,,,,,,,,,,,,,,,,,,,,,,,,,,,,,,,,,,,,,,,,,,,,,,,,,,1613.3914311782708,,1575.0
394624,687,"Gainesville, TX",msa,TX,,,,,,,,,,,,,,,,,,,,,,,,,,,,,,,,,,,,,,,,,,,,,,,,,,,,,,,,,,,,,,,,,,,,,,,,,,,,,,,,,,,,,,,,,,,,,,,,,,,,,,,,,,,,,,,,,,,,,,,,,,,,,,,,,,,,,,,1745.6823249259783,1757.9020479264632,1763.3742426192537,1775.3333333333333
394341,691,"Astoria, OR",msa,OR,,,,,,,,,,,,,,,,,,,,,,,,,,,,,,,,,,,,,,,,,,,,,,,,,,,,,,,,,,,,,,,,,,,,,,,,,,,,,,,,,,,,,,,,,,,,,,,,,,,,,,,,,,,,,,,,,,,,,,,,,,,,,,2125.949970598944,2101.3333911236355,2139.738061623597,2106.2505781600485,2113.848148131675,2128.7803394694797,,2156.4345917715145,2158.495241129268,2229.4327457839095,2251.8325623104297,2306.168715352754,2319.444444444445
394354,698,"Austin, MN",msa,MN,,,,,,,,,,,,,,,,,,,,,,,,,,,,,,,,,,,,,,,,,,,,,,,,,,,,,,,,,,,,,,,,,,,,,,,,,,,,,,,,,,,,,,,,,,,,,,,,,,,,,,,,,,,,,,,,,,,,,,,,,,,,,,,,,,,,,,,,,,1095.0
394934,701,"Okeechobee, FL",msa,FL,,,,,,,,,,,,,,,,,,,,,,,,,,,,,,,,,,,,,,,,,,,,,,,,,,,,,,,,,,,,,,,,,,,,,,,,,,,,,,,,,,,,,,,,,,,,,,,,,,,,,,,,,,,,,,,,,,,,,,,,,,,,,,,,,,,,,,,,,,2000.0
394881,703,"Moscow, ID",msa,ID,,,,,,,,,,,,,,,,,,,,,,,,,,,,,,,,,,,,,,,,,,,,,,,,,,,,,,,,,,,,,,,,,,,,,,,,,,,,,,,,,,,,,,,,,,,,,,,,,,,,,,,,,,,,,,,,,,,,,,,,,,,,,,,,,,,,,,2188.6234120324493,2220.751682206058,2186.6042756746588,2231.7598030861145,2179.1666666666665
394476,704,"Clewiston, FL",msa,FL,,,,,,,,,,,,,,,,,,,,,,,,,,,,,,,,,,,,,,,,,,,,,,,,,,,,,,,,,,,,,,,,,,,,,,,,,,,,,,,,,,,,,,,,,,,,,,,,,,,,,,,,,,,,,,,,,,,,,,,,,,,,,,,,,,,,,,,,,,2061.25
395026,705,"Riverton, WY",msa,WY,,,,,,,,,,,,,,,,,,,,,,,,,,,,,,,,,,,,,,,,,,,,,,,,,,,,,,,,,,,,,,,,,,,,,,,,,,,,,,,,,,,,,,,,,,,,,,,,,,,,,,,,,,,,,,,,,,,,,,,,,,,,,,,,,,,,,1219.1864307946364,1240.896637240427,1240.7092884465549,1248.8259681544837,,1233.3333333333333
394981,708,"Pittsburg, KS",msa,KS,,,,,,,,,,,,,,,,,,,,,,,,,,,,,,,,,,,,,,,,,,,,,,,,,,,,,,,,,,,,,,,,,,,,,,,,,,,,,,,,,,,,,,,,,,,,,,,,,,,,,,,,,,,,,,,,,,,,,,,,,961.7200206659954,945.0739431212336,947.9398287324241,960.5774323499088,977.0519505527122,988.2115257154038,1002.3608456195111,,1012.84825943239,,1036.8349817627604,1060.9952680367344,1072.1777877864868,1082.36273851938,1072.5927615982166,1055.5031016517544,1044.4135098967784,1043.1666666666667
395227,715,"Williston, ND",msa,ND,,,,,,,,,,,,,,,,,,,,,,,,,,,,,,,,,,,,,,,,,,,,,,,,,,,,,,,,,,,,,,,,,,,,,,,,,,,,,,,,,,,,,,,,,,,,,,,,,,,,,,,,,,,,,,,,,,,,,,,,,,,,,,,,,,,,,,,,,2086.703939699478,2045.0
395046,718,"Safford, AZ",msa,AZ,,,,,,,,,,,,,,,,,,,,,,,,,,,,,,,,,,,,,,,,,,,,,,,,,,,,,,,,,,,,,,,,,,,,,,,,,,,,,,,,,,,,,,,,,,,,,,,,,,,,,,,,,,,,,,,,,,,,,,,,,,,,,,,,,,,,,,,,,1862.4268732029514,1812.5
394300,720,"Ada, OK",msa,OK,,,,,,,,,,,,,,,,,,,,,,,,,,,,,,,,,,,,,,,,,,,,,,,,,,,,,,,,,,,,,,,,,,,,,,,,,,,,,,,,,,,,,,,,,,,,,997.0327313111054,1008.1921990291739,,1017.2172309826709,1015.161177492041,1051.9641538014587,1034.1559222582891,1034.8289131978597,1032.034719894467,1051.6928919956138,1071.7840609977857,1082.0214889085319,1061.760337897987,1059.3038977165224,1071.0599549386288,1090.9960840823524,1079.7379714102117,1091.1885684192296,1112.6838674444757,1134.5443719317266,1121.2784141869738,1124.0383663382881,1124.020946882328,1134.797125315164,1135.4198116020696,1148.038056719329,1143.8773362517163,1141.115279974388,1138.7672395310105,1140.7298008977953,1140.2489558546158,1147.6673770056245,1145.6498698131304,1149.409017059802,1147.847465982088,1146.4122817242285,1167.3926478443311,1166.2977051132796,1176.930571685892,1172.8050892464769,1189.7062114378748,1185.303426181027,1189.0279312491746,1184.039209335565,1203.9751608028125,1207.986111111111
394914,726,"Newberry, SC",msa,SC,,,,,,,,,,,,,,,,,,,,,,,,,,,,,,,,,,,,,,,,,,,,,,,,,,,,,,,,,,,,,,,,,,,,,,,,,,,,,,,,,,,,,,,,,,,,,,,,,,,,,,,,,,,,,,,,,,,,,,,,,,,,,,,,,,,,,,,,,1411.9708533232304,1483.3333333333335
394554,729,"Easton, MD",msa,MD,,,,,,,,,,,,,,,,,,,,,,,,,,,,,,,,,,,,,,,,,,,,,,,,,,,,,,,,,,,,,,,,,,,,,,,,,,,,,,,,,,,,,,,,,,,,,,,,,,,,,,,,,,,,,,,,,,,,,,,,,,,,,,,,,,,,,,2570.465898461792,2549.0832130277468,2470.023754872324,2517.387179300577,2513.3333333333335
394771,733,"Laramie, WY",msa,WY,,,,,,,,,,,,,,,,,,,,,,,,,,,,,,,,,,,,,,,,,,,,,,,,,,,,,,,,,,,,,,,,,,,,,,,,,,,,,,,,,,,,,,,,,,,,,,,,,,,,,,,,,,,,,,,,,,,,,,,1778.3200250197137,1772.0841664963486,1765.359269188447,1765.6696788442628,1765.061379425353,1769.5235806241067,1792.5944875031576,1800.1244199968617,1815.205914356519,1811.6709769965987,1820.152256719961,1798.314616467213,1828.8918954395028,1813.5788702493833,1825.1087897222294,1803.8832120395762,1823.3860167996409,1824.9464769158612,1821.9146921307934,1821.0
394894,734,"Murray, KY",msa,KY,,,,,,,,,,,,,,,,,,,,,,,,,,,,,,,,,,,,,,,,,,,,,,,,,,,,,,,,,,,,,,,,,,,,,,,,,,,,,,,,,,,,,,,,,,,,,,,,,,,,,,,,,,,,,,,,,,,,,,,,,,,,,,,,,,,1347.6597212273273,1349.7736007424874,,1365.9305964046152,1358.3601474989875,1391.1282918452296,1404.3851749478981,1421.6666666666667
394617,735,"Fremont, NE",msa,NE,,,,,,,,,,,,,,,,,,,,,,,,,,,,,,,,,,,,,,,,,,,,,,,,,,,,,,,,,,,,,,,,,,,,,,,,,,,,,,,,,,,,,,,,,,,,,,,,,,,,,,,,,,,,,,,,,,,,,1482.2548624292097,1517.4044446070714,1501.9853104357342,1533.9048402643643,1518.288871523067,1563.4653702830403,1561.0919193174132,1557.9575863445161,1560.6591133500656,1564.8709875569823,1581.6387789136124,1576.5390800276157,1583.9117038968438,1567.163542570018,1575.6444438326005,1566.564577395036,1582.225352753754,1561.631979293976,1559.2677341013248,1558.28192377048,1563.0340790951655,1555.8333333333333
394603,737,"Fort Dodge, IA",msa,IA,,,,,,,,,,,,,,,,,,,,,,,,,,,,,,,,,,,,,,,,,,,,,,,,,,,,,,,,,,,,,,,,,,,,,,,,,,,,,,,,,,,,,,,,,,,,,,,,,,,,,,,,,,,,,,,,,,,,,,,,,,,,,,,,877.336514754991,862.9268258457398,862.490507432503,843.832945004895,862.1593301754467,867.7876262215925,883.6840163715842,864.3555143116625,867.08327123276,863.2047295740645,887.5
395137,745,"Sulphur Springs, TX",msa,TX,,,,,,,,,,,,,,,,,,,,,,,,,,,,,,,,,,,,,,,,,,,,,,,,,,,,,,,,,,,,,,,,,,,,,,,,,,,,,,,,,,,,,,,,,,,,,,,,,,,,,,,,,,,,,,,,,,,,,,,,,,,,,,,,,,,,,,,,,,1412.5
394522,749,"DeRidder, LA",msa,LA,,,,,,,,,,,,,,,,,,,,,,,,,,,,,,,,,,,,,,,,,,,,,,,,,,,,,,,,,,,,,,,,,,,,,,,,,,,,,,,,,,,,,,,,,,,,,,,,,,,,,,,,,,,,,,,,,,,,,,,,,,,,,,,,,,,,,,,,1367.2377425809448,1393.5569543824706,1393.611111111111
394920,752,"North Platte, NE",msa,NE,,,,,,,,,,,,,,,,,,,,,,,,,,,,,,,,,,,,,,,,,,,,,,,,,,,,,,,,,,,,,,,,,,,,,,,,,,,,,,,,,,,,,,,,,,,,,,,,,,,,,,,,,,,,,,,,,,,,,,,,,,,,,,,,,,,,,,,,,,1325.0
395191,758,"Vidalia, GA",msa,GA,,,,,,,,,,,,,,,,,,,,,,,,,,,,,,,,,,,,,,,,,,,,,,,,,,,,,,,,,,,,,,,,,,,,,,,,,,,,,,,,,,,,,,,,,,,,,,,,,,,,,,,,,,,,,,,,,,,,,,,,,,,,,,,,,,,,,,,,,1313.4778463504754,1346.875
394413,759,"Brenham, TX",msa,TX,,,,,,,,,,,,,,,,,,,,,,,,,,,,,,,,,,,,,,,,,,,,,,,,,,,,,,,,,,,,,,,,,,,,,,,,,,,,,,,,,,,,,,,,,,,,,,,,,,,,,,,,,,,,,,,,,,,,,,,,,,,,,,,,,,,,,,,,1862.566428929478,1879.2204026958389,1868.0555555555557
786252,761,"Bonham, TX",msa,TX,,,,,,,,,,,,,,,,,,,,,,,,,,,,,,,,,,,,,,,,,,,,,,,,,,,,,,,,,,,,,,,,,,,,,,,,,,,,,,,,,,,,,,,,,,,,,,,,,,,,,,,,,,,,,,,,,,,,,,,,,,,,,,,,,,1616.2685104889804,1622.9988136977956,1615.4955034354227,1607.122901597358,1584.080425860588,1586.6114095408134,1578.7363311066617,1577.120069193893,1570.4166666666667
394430,764,"Butte, MT",msa,MT,,,,,,,,,,,,,,,,,,,,,,,,,,,,,,,,,,,,,,,,,,,,,,,,,,,,,,,,,,,,,,,,,,,,,,,,,,,,,,,,,,,,,,,,,,,,,,,,,,,,,,,,,,,,,,,,,,,,,,,,,,,,,,,,,,,,,,1595.2561781512677,1606.1646727300003,1595.2311756221488,1599.6424650256952,1591.6666666666667
394569,767,"Emporia, KS",msa,KS,,,,,,,,,,,,,,,,,,,,,,,,,,,,,,,,,,,,,,,,,,,,,,,,,,,,,,,,,,,,,,,,,,,,,,,,,,,,,,,,,,,,,,,,,,,,,,,,,,,,,,,,,,,,,,,,,,,,,,,,,,,,,,,,,,,,,,,1094.11659491646,1126.9296271520693,1128.1331835144188,1183.3333333333333
394713,768,"Jackson, WY",msa,WY,,,,,,,,,,,,,,,,,,,,,,,,,,,,,,,,,,,,,,,,,,,,,,,,,,,,,,,,,,,,,,,,,,,,,,,,,,,,,,,,,,,,,,,,,,,,,,,,,,,,,,,,,,,,,,,,,,,,,,,,,,,,,,,,,,,,,,,3756.0685347605313,3723.6918065064815,3867.829250896195,3937.5
394385,770,"Big Spring, TX",msa,TX,,,,,,,,,,,,,,,,,,,,,,,,,,,,,,,,,,,,,,,,,,,,,,,,,,,,,,,,,,,,,,,,,,,,,,,,,,,,,,,,,,,,,,,,,,,,,,,,,,,,,,,,,,,,,,,,,,,,,,,,,,,,,,,,,,,,,,,,,,1425.0
394535,775,"Dixon, IL",msa,IL,,,,,,,,,,,,,,,,,,,,,,,,,,,,,,,,,,,,,,,,,,,,,,,,,,,,,,,,,,,,,,,,,,,,,,,,,,,,,,,,,,,,,,,,,,,,,,,,,,,,,,,,,,,,,,,,,,,,,,,,,,,,,,,,,,,,,,,,,1202.7932967366812,1237.5
394777,776,"Laurinburg, NC",msa,NC,,,,,,,,,,,,,,,,,,,,,,,,,,,,,,,,,,,,,,,,,,,,,,,,,,,,,,,,,,,,,,,,,,,,,,,,,,,,,,,,,,,,,,,,,,,,,,,,,,,,,,,,,,,,,,,,,,,,,,,,,,,,,,,,,,,,,,,,,,995.0
395149,777,"Taos, NM",msa,NM,,,,,,,,,,,,,,,,,,,,,,,,,,,,,,,,,,,,,,,,,,,,,,,,,,,,,,,,,,,,,,,,,,,,,,,,,,,,,,,,,,,,,,,,,,,,,,,,,,,,,,,,,,,,,,,,,,,,,,,,,,,,,,,,,,,,,,,,2367.951397705518,,2300.0
394419,778,"Brookings, SD",msa,SD,,,,,,,,,,,,,,,,,,,,,,,,,,,,,,,,,,,,,,,,,,,,,,,,,,,,,,,,,,,,,,,,,,,,,,,,,,,,,,,,,,,,,,,,,,,,,,,,,,,,,,,,,,,,,,,,,,,,,,,,,,,,,,,,,,,,,,,,,,1550.0
394533,785,"Dickinson, ND",msa,ND,,,,,,,,,,,,,,,,,,,,,,,,,,,,,,,,,,,,,,,,,,,,,,,,,,,,,,,,,,,,,,,,,,,,,,,,,,,,,,,,,,,,,,,,,,,,,,,,,,,,,,,,,,,,,,,,,,,,,,,,,,,,,,,,,,,,,,1933.713650189793,1919.069159174966,1846.0490430798184,1886.0176854640135,1871.8333333333333
394414,792,"Brevard, NC",msa,NC,,,,,,,,,,,,,,,,,,,,,,,,,,,,,,,,,,,,,,,,,,,,,,,,,,,,,,,,,,,,,,,,,,,,,,,,,,,,,,,,,,,,,,,,,,,,,,,,,,,,,,,,,,,,,,,,,,,,,,,,,,,,,,,,,,,,,2131.359439930202,2120.1560044109833,2131.269335689541,,2221.872770843102,2179.1666666666665
394835,794,"Martin, TN",msa,TN,,,,,,,,,,,,,,,,,,,,,,,,,,,,,,,,,,,,,,,,,,,,,,,,,,,,,,,,,,,,,,,,,,,,,,,,,,,,,,,,,,,,,,,,,,,,,,,,,,,,,,,,,,,,,,,,,,,,,,,,,,,,,,,,,,,,,,,,,,1199.1666666666667
394433,799,"Cambridge, MD",msa,MD,,,,,,,,,,,,,,,,,,,,,,,,,,,,,,,,,,,,,,,,,,,,,,,,,,,,,,,,,,,,,,,,,,,,,,,,,,,,,,,,,,,,,,,,,,,,,,,,,,,,,,,,,,,,,,,,,,,,,,,,,,,,,,,,,,,,,,,,,,2000.0
394749,809,"Kingsville, TX",msa,TX,,,,,,,,,,,,,,,,,,,,,,,,,,,,,,,,,,,,,,,,,,,,,,,,,,,,,,,,,,,,,,,,,,,,,,,,,,,,,,,,,,,,,,,,,,,,,,,,,,,,,,,,,,,,,,,,,,,,,,,,,,,,,,,,,,,,,,,,1547.9683210765231,1559.8115979165768,1574.6666666666667
753871,811,"Breckenridge, CO",msa,CO,,,,,,,,,,,,,,,,,,,,,,,,,,,,,,,,,,,,,,,,,,,,,,,,,,,,,,,,,,,,,,,,,,,,,,,,,,,,,,,,,,,,,,,,,,,,,,,,,,,,,,,,,,,,,,,,,,,,,,,,,3895.0149482075994,3992.811369070439,4084.905447387348,4009.868037126945,4154.231944244389,4144.793488349756,4113.032629119253,4093.145096352229,4074.182492388973,4151.826275282183,4279.703946809712,4304.432904225033,4256.301204825949,4217.068999243217,4226.786959699156,4387.323688329451,4324.924703784536,4347.037037037037
394725,819,"Jesup, GA",msa,GA,,,,,,,,,,,,,,,,,,,,,,,,,,,,,,,,,,,,,,,,,,,,,,,,,,,,,,,,,,,,,,,,,,,,,,,,,,,,,,,,,,,,,,,,,,,,,,,,,,,,,,,,,,,,,,,,,,,,,,,,,,,,,,,,,,,,,,,,,,1350.0
753926,831,"Weatherford, OK",msa,OK,,,,,,,,,,,,,,,,,,,,,,,,,,,,,,,,,,,,,,,,,,,,,,,,,,,,,,,,,,,,,,,,,,,,,,,,,,,,,,,,,,,,,,,,,,,,,,,,,,,,,,,,,,,,,,,,,,,,,,,,,,,,,,,,,,,,,,,,,,1150.0
394892,832,"Mountain Home, ID",msa,ID,,,,,,,,,,,,,,,,,,,,,,,,,,,,,,,,,,,,,,,,,,,,,,,,,,,,,,,,,,,,,,,,,,,,,,,,,,,,,,,,,,,,,,,,,,,,,,,,,,,,,,,,,,,,,,,,,,,,,,,,,1797.1819478240338,1765.4826673019265,1768.1418538441224,1761.383121928835,1776.704028672202,1784.1462438954525,1776.6514798755454,1789.1280149607446,1790.396181881521,,1795.4758433897584,1790.022491501602,1810.3414444987225,1824.4441648445895,1848.620647737614,1867.126229387527,1899.8800340010878,1930.138888888889
394812,838,"Macomb, IL",msa,IL,,,,,,,,,,,,,,,,,,,,,,,,,,,,,,,,,,,,,,,,,,,,,,,,,,,,,,,,,,,,,,,,,,,,,,,,,,,,,,,,,,,,,,,,,,,,,,,,,,,,,,,,,,,,,,,,,,,,,,,,,,,,,,,,,,,,,,,,,,987.5
394615,847,"Fredericksburg, TX",msa,TX,,,,,,,,,,,,,,,,,,,,,,,,,,,,,,,,,,,,,,,,,,,,,,,,,,,,,,,,,,,,,,,,,,,,,,,,,,,,,,,,,,,,,,,,,,,,,,,,,,,,,,,,,,,,,,,,,,,,,,,,,,,,,,,,,,,,,2485.1048774963033,2479.4277368646394,2471.7362452271036,2459.720258298121,2464.2660712821576,2465.777777777778
753923,849,"The Dalles, OR",msa,OR,,,,,,,,,,,,,,,,,,,,,,,,,,,,,,,,,,,,,,,,,,,,,,,,,,,,,,,,,,,,,,,,,,,,,,,,,,,,,,,,,,,,,,,,,,,,,,,,,,,,,,,,,,,,,,,,,,,,,,,,,,,,,,,,,,,,,,,,,1641.1923912362975,1681.25
394758,852,"La Grande, OR",msa,OR,,,,,,,,,,,,,,,,,,,,,,,,,,,,,,,,,,,,,,,,,,,,,,,,,,,,,,,,,,,,,,,,,,,,,,,,,,,,,,,,,,,,,,,,,,,,,,,,,,,,,,,,,,,,,,,,,,,,,,,,,,,,,,,,,,,,,,,,,1847.816835325371,1825.0
753909,854,"Ottawa, KS",msa,KS,,,,,,,,,,,,,,,,,,,,,,,,,,,,,,,,,,,,,,,,,,,,,,,,,,,,,,,,,,,,,,,,,,,,,,,,,,,,,,,,,,,,,,,,,,,,,,,,,,,,,,,,,,,,,,,,,,,,,,,,,,,,,,,,,,,,,,,,,,1490.0
395110,858,"Spearfish, SD",msa,SD,,,,,,,,,,,,,,,,,,,,,,,,,,,,,,,,,,,,,,,,,,,,,,,,,,,,,,,,,,,,,,,,,,,,,,,,,,,,,,,,,,,,,,,,,,,,,,,,,,,,,,,,,,,,,,,,,,,,,,,,,,,,,,,,,,,,,,,,,,1650.0
394322,864,"Altus, OK",msa,OK,,,,,,,,,,,,,,,,,,,,,,,,,,,,,,,,,,,,,,,,,,,,,,,,,,,,,,,,,,,,,,,,,,,,,,,,,,,,,,,,,,,,,,,,,,,,,,,,,,,,,,,,,,,,,,,,,,,,,,,,,,,,,,,,,,,,,,,,1148.5643759445861,1186.9983763352975,1205.5555555555557
753921,867,"Steamboat Springs, CO",msa,CO,,,,,,,,,,,,,,,,,,,,,,,,,,,,,,,,,,,,,,,,,,,,,,,,,,,,,,,,,,,,,,,,,,,,,,,,,,,,,,,,,,,,,,,,,,,,,,,,,,,,,,,,,,,,,,,,,,,,,,,,,,,,,,,,,,,,,,,4383.555767552904,4379.458631413572,4385.619082807974,4457.61111111111
395236,871,"Woodward, OK",msa,OK,,,,,,,,,,,,,,,,,,,,,,,,,,,,,,,,,,,,,,,,,,,,,,,,,,,,,,,,,,,,,,,,,,,,,,,,,,,,,,,,,,,,,,,,,,,,,,,,,,,,,,,,,,,,,,,,,,,,,,,,,,,,,,,,,,,,,,,,,1576.1642730562883,1650.0
845169,874,"Rockport, TX",msa,TX,,,,,,,,,,,,,,,,,,,,,,,,,,,,,,,,,,,,,,,,,,,,,,,,,,,,,,,,,,,,,,,,,,,,,,,,,,,,,,,,,,,,,,,,,,,,,,,,,,,,,,,,,,,,,,,,,,,,,,,,,,,,,,,,,,,,,,,1864.8769688546552,1892.7967421521412,1986.3773397498844,2043.0555555555554
394687,875,"Hood River, OR",msa,OR,,,,,,,,,,,,,,,,,,,,,,,,,,,,,,,,,,,,,,,,,,,,,,,,,,,,,,,,,,,,,,,,,,,,,,,,,,,,,,,,,,,,,,,,,,,,,,,,,,,,,,,,,,,,,,,,,,,,,,,,,,,,,,,,,,,,,,,,5133.708674773591,5404.4273092695075,5764.444444444445
786263,913,"Ruidoso, NM",msa,NM,,,,,,,,,,,,,,,,,,,,,,,,,,,,,,,,,,,,,,,,,,,,,,,,,,,,,,,,,,,,,,,,,,,,,,,,,,,,,,,,,,,,,,,,,,,,,,,,,,,,,,,,,,,,,,,,,,,,,,,,,,,,,,,,,,,,,,,,,,2200.0
394996,915,"Portales, NM",msa,NM,,,,,,,,,,,,,,,,,,,,,,,,,,,,,,,,,,,,,,,,,,,,,,,,,,,,,,,,,,,,,,,,,,,,,,,,,,,,,,,,,,,,,,,,,,,,,,,,,,,,,919.3857372910945,927.0951726983194,924.8566786388261,906.1220258331734,920.4493389299901,911.011850920454,939.5822960651788,927.5879771072196,936.3695683783752,939.913628822732,950.0905825054778,958.3404134702456,962.3397209661201,969.7374294901684,974.5607952390565,977.1631533196052,973.4652176330517,982.1429126742509,984.0421935000329,998.0146267890588,997.5818639033756,976.4479328194909,972.365319044745,977.9589122649576,994.0993109492623,1000.7862418225293,1003.9885734016184,1016.725186675746,1022.5391775642997,1029.5614939581878,1022.7518825936705,1027.3205259901135,1033.1775920821283,1054.4313278628515,1056.6930121473283,1052.5807990862877,1043.1676093214717,1039.7222222222224
394805,916,"Los Alamos, NM",msa,NM,,,,,,,,,,,,,,,,,,,,,,,,,,,,,,,,,,,,,,,,,,,,,,,,,,,,,,,,,,,,,,,,,,,,,,,,,,,,,,,,,,,,,,,,,,,,,,,,,,,,,,,,,,,,,,,,,,,,,,,,,,,,,,,,,,,,,,,,,2990.32208273124,3000.0
786253,921,"Brownsville, TN",msa,TN,,,,,,,,,,,,,,,,,,,,,,,,,,,,,,,,,,,,,,,,,,,,,,,,,,,,,,,,,,,,,,,,,,,,,,,,,,,,,,,,,,,,,,,,,,,,,,,,,,,,,,,,,,,,,,,,,,,,,,,,,,,,,,,,,,,,,,,774.9200513886186,,908.2043624982743,970.8333333333334
