RegionID,SizeRank,RegionName,RegionType,StateName,2018-03-31,2018-04-30,2018-05-31,2018-06-30,2018-07-31,2018-08-31,2018-09-30,2018-10-31,2018-11-30,2018-12-31,2019-01-31,2019-02-28,2019-03-31,2019-04-30,2019-05-31,2019-06-30,2019-07-31,2019-08-31,2019-09-30,2019-10-31,2019-11-30,2019-12-31,2020-01-31,2020-02-29,2020-03-31,2020-04-30,2020-05-31,2020-06-30,2020-07-31,2020-08-31,2020-09-30,2020-10-31,2020-11-30,2020-12-31,2021-01-31,2021-02-28,2021-03-31,2021-04-30,2021-05-31,2021-06-30,2021-07-31,2021-08-31,2021-09-30,2021-10-31,2021-11-30,2021-12-31,2022-01-31,2022-02-28,2022-03-31,2022-04-30,2022-05-31,2022-06-30,2022-07-31,2022-08-31,2022-09-30,2022-10-31,2022-11-30,2022-12-31,2023-01-31,2023-02-28,2023-03-31,2023-04-30,2023-05-31,2023-06-30,2023-07-31,2023-08-31,2023-09-30,2023-10-31,2023-11-30,2023-12-31,2024-01-31,2024-02-29,2024-03-31,2024-04-30,2024-05-31,2024-06-30,2024-07-31,2024-08-31,2024-09-30,2024-10-31,2024-11-30,2024-12-31,2025-01-31,2025-02-28,2025-03-31,2025-04-30,2025-05-31,2025-06-30,2025-07-31,2025-08-31,2025-09-30,2025-10-31,2025-11-30,2025-12-31,2026-01-31,2026-02-28,2026-03-31,2026-04-30,2026-05-31
102001,0,United States,country,,0.9843410113551715,0.987094408255642,0.9899562265233278,0.9918138734609471,0.9920907795907796,0.9907023129849217,0.9884973537884371,0.9863994516905349,0.9848309718611855,0.9832965210764861,0.9819312197111847,0.9816852560230668,0.9828477966820984,0.9853103729433594,0.9877216809328008,0.98949810027226,0.9900897099457916,0.989422426138031,0.9880907759827874,0.9867584537330488,0.9858063178606864,0.9848401944514703,0.9835552722768703,0.9834526923927855,0.9852446139260892,0.9888071972489989,0.9906486555565005,0.9917565652250886,0.9930159789839971,0.9962522249386896,0.9987654320987654,1.0,1.0,1.0,1.0,1.0,1.0,1.0,1.0010416666666666,1.0042162698412698,1.0064571661998132,1.0055266476936444,1.0023520445190413,1.0001111481604978,1.0,1.0,1.0,1.0,1.0011534025374855,1.00559784698193,1.0103213812970175,1.0113976331630996,1.006953188718655,1.0022296544035674,1.0,0.9979919678714859,0.9945093808068094,0.9897304082859013,0.9861643044054968,0.9852551479479951,0.9882323186671013,0.99380645467602,0.9981981981981982,1.0,1.0,1.0,1.0,1.0,0.9977843426883308,0.9941479790519673,0.9897912617051192,0.98882473922363,0.9915674478108425,0.9959241651576907,0.9991063449508489,1.0,1.0,0.9994999166527755,0.9976237440448955,0.9951268651435222,0.9924986898880356,0.990375803450985,0.9880417644779621,0.9872484544532223,0.988438524734108,0.9927291940941876,0.9966507627216386,0.9994597514856833,0.9980554011487864,0.9949300205746866,0.9911421417868079,0.9890340557342728,0.9879281246017434,0.9867805440122493,0.9851835114018739,0.9846529183465981,0.9861688274715082,0.9898255205710834,0.9945874253329882
394913,1,"New York, NY",msa,NY,0.9776475611236455,0.9780416323353087,0.9795768601212703,0.9814793024458761,0.9829681232302674,0.9838474308749809,0.9828943282651831,0.9813133686362782,0.9796825509480193,0.978505291005291,0.9773096145325963,0.9760491103309157,0.975264961342608,0.975979320465478,0.9778467340975975,0.980105772881151,0.9815195106273239,0.9819790694508533,0.981100235844603,0.9799438011113373,0.978773813188632,0.9785676205473947,0.9781043116635716,0.9773213009603103,0.9774659925862824,0.9796150603922396,0.9816707322559601,0.98259656700901,0.9838433732133213,0.9875224946198303,0.9927432956879666,0.9969791893428832,0.9992737835875091,1.0,0.9984991718840925,0.9962354480583993,0.9937225630713261,0.9952233911872336,0.9974871150129269,1.0,1.0001449905756126,1.0001523308045996,1.0001523308045996,1.000007340228987,1.0,1.0,1.0,1.0,1.0,1.0003588087549335,1.0032993368180108,1.0081025238440435,1.0114067187521136,1.008911228517252,1.0041080414912191,1.0004450378282155,1.0,0.9993372118119647,0.9957681387163627,0.9915128195674265,0.99038073596059,0.993949809056192,0.9982051282051282,1.0010258982252478,1.0042316736209698,1.006258016072844,1.005974508344998,1.0027692885057575,1.000742946053883,1.0000005555564815,1.0,1.0,1.0,1.0000396872643569,1.0015699530411981,1.0057960597989501,1.0095442513224722,1.0105638232832297,1.0064481332074593,1.0026602544195804,1.0001104166819819,1.0,1.0,1.0,1.0,1.0000000793651171,1.000821369148534,1.0030555067714115,1.0047301342739663,1.004067928163051,1.0018337905401733,1.0001590836725016,1.0,1.0,1.0,1.0,1.0,1.0,1.0005136106831023
753899,2,"Los Angeles, CA",msa,CA,0.9991808396791791,1.0,1.0,1.0,1.0,1.0,0.9989442006269593,0.9968618692559369,0.9942051511506854,0.9923287239420476,0.9906382948299933,0.9903380236879326,0.9905987748401198,0.9925697335213949,0.9942700047925911,0.996036589047153,0.99629329855002,0.9961249987578341,0.9952586039246661,0.994927523615721,0.9952410185978052,0.9951683329746972,0.9949507032375187,0.9960622260237356,0.9979061976549414,1.0,1.0,0.9997153430116709,0.9997153430116709,0.9997153430116709,1.0,1.0000053419660873,1.0000879962013556,1.0001441149322405,1.0001798488009461,1.000524068595569,1.0046346165313507,1.011537163215988,1.0196572977331055,1.025298589591441,1.0282840450861952,1.0272712946208316,1.023177621810115,1.0188224496588536,1.017053599687342,1.0173999200336623,1.0177507434234168,1.0225116511027574,1.0315338310301099,1.0421282758187302,1.0451040697338978,1.0383546170792726,1.0235021097046413,1.01,1.0016666666666667,0.9985337117303063,0.9962609844575789,0.9925383216503719,0.9896619332520832,0.9895346589888095,0.9932573217960163,0.997599998463999,1.0005807200929153,1.002805414197476,1.0051626043300923,1.0069958863233877,1.0050094576465136,1.00266863499596,1.0002546329097493,1.0000163674820628,1.0,1.0,1.0000744451232986,1.0013090130245332,1.003323130098891,1.0042319691447175,1.0030617044213235,1.0010475873469653,1.0000643031778405,1.0,1.0,1.0,1.0,1.0,1.0,1.0,1.0,1.0,1.0,0.999165623696287,0.9972929054141378,0.9955983607546868,0.9956481925166276,0.9951228292640047,0.9938810562325093,0.9939984893666763,0.9963965709014485,0.999332888592395,1.0
394463,3,"Chicago, IL",msa,IL,0.9732281483522329,0.9759426241719115,0.978905955824659,0.9805485314141217,0.9808854359353805,0.9801572002518318,0.9787542007356249,0.9772757221595688,0.9755169487672685,0.9738705867435479,0.9722104307980732,0.972097859161134,0.9738607713014046,0.9765178096757045,0.978996442154337,0.9801209365646528,0.9802419287001639,0.9795343948800473,0.9785580394309673,0.9776420911551051,0.9765891293427903,0.975027983912368,0.9733670592296465,0.9726882537502105,0.9745683354108982,0.9775058123812017,0.9789479624959182,0.9794218974557007,0.9804192445125296,0.9825356466289317,0.9843204390761003,0.9850971349697851,0.9856242910706446,0.9854717206623501,0.9848788730815506,0.9842076038095143,0.9863115784704762,0.9916663308131803,0.9971014492753624,1.0000512899420424,1.0000512899420424,1.0000512899420424,1.0,1.0,0.998062015503876,0.9959133898833678,0.9922300362000142,0.994168020696138,0.9963166463166463,1.0001961938395134,1.0019979956413152,1.0035376415227624,1.0033414476832492,1.0015396458814472,0.997948717948718,0.9944837144837145,0.9900589357226526,0.986429802856671,0.9836700887878482,0.9833329627870055,0.989013377704269,0.9952380952380953,1.0,1.000095265313899,1.0000988367817991,1.0000988367817991,1.0000035714679,1.0,1.0,0.9970418533813666,0.9934949994408119,0.9919681929140053,0.9949263395326388,0.9984731934731935,1.0000666800026672,1.0001742415816712,1.0001742415816712,1.0001075615790038,1.0,1.0,0.9983307815583057,0.994694417921942,0.9908482640757882,0.9912581720235121,0.9948945356598756,0.9987406895060295,1.0,1.0,1.0,1.0,1.0,1.0,0.9989657335281822,0.9957974827361195,0.9913213705592673,0.9890139494788714,0.9921822002709341,0.9966583124477862,1.0
394514,4,"Dallas, TX",msa,TX,0.9923297044759192,0.9964140588978578,0.9989379456835078,1.0,0.9995203836930456,0.9967820481549768,0.9934762539994022,0.990109716460203,0.9886709425580044,0.9870885837136484,0.9856668340787409,0.9855886243700721,0.9871322957646514,0.9896369851236306,0.9912388648016548,0.9915530433767028,0.9912949767888456,0.9902450788120122,0.9889085696152408,0.9877501220075207,0.987390127523082,0.9870621040694051,0.9864799276251596,0.9864024728078616,0.9880601027179218,0.9909172455750648,0.9926070519323903,0.9941152057153136,0.9954865275773918,0.9979375079695486,0.9994665599573164,1.0,1.0,1.0,1.0,1.0,1.0014614288218926,1.008617086784002,1.0191232949979467,1.0297754835528294,1.0329291039412354,1.029756229060624,1.0213344063724281,1.0133725458622882,1.0083979324466705,1.0074880644002067,1.008097682566093,1.0134909006328734,1.0255457692429837,1.0405236656877832,1.0494023193338786,1.0448219343380634,1.0293715734987676,1.0127409818681758,1.0016512382784322,0.9963888888888889,0.9921997805705166,0.988024766658441,0.9849028394214695,0.9846176748091929,0.9886882289942706,0.9945879340090199,0.9990622069396687,1.0,1.0,0.9994425863991081,0.9970267772938994,0.9936035795262287,0.9898319887981163,0.9874521144500875,0.9858410704287994,0.9861853630394984,0.9894355461482434,0.9933159416126686,0.9967788049226115,0.9961020830448818,0.9941445219055597,0.9903773120950019,0.9881839264952902,0.9866273335780846,0.9856825493051476,0.9846973840390666,0.9835174312037536,0.9836828136537399,0.9848641774590544,0.987340013874368,0.9888963486593308,0.989153667039071,0.9877171201637265,0.9858598261079895,0.9836680708571036,0.9824161284729028,0.9818331668331668,0.9815969857407799,0.9814270622063704,0.9815314899423772,0.9834472442579614,0.9858898950650982,0.9879831549147641
394692,5,"Houston, TX",msa,TX,0.9771284477277072,0.9791979229679142,0.9807245703215721,0.9819964349376114,0.9818842014920447,0.9816296519768888,0.9805675604736207,0.9795744538022806,0.9786432325664484,0.9781574583268453,0.9775419212583681,0.9776349538290473,0.978337954092328,0.9800311572774354,0.9815782511455944,0.9826829796065218,0.9833249998030054,0.9826021362517108,0.9816668847421713,0.9803974173434375,0.9803162748572318,0.9799975837364876,0.9794669341880264,0.9791837501699027,0.9802521019519448,0.9823702736353339,0.9834295873533542,0.9840293348281017,0.9844627042755555,0.9856157165088496,0.9863794572446519,0.9868867155104031,0.9872834755655301,0.9873334466697109,0.9870449119078589,0.9876425159811225,0.9907350541411395,0.9952111663179917,0.9986979166666666,1.0,1.0,1.0,1.0,1.0,1.0,1.0,1.0,1.0,1.0,1.0005128205128206,1.0024933291701925,1.0024945654385202,1.0019817449256996,1.0000012362683277,0.9962933525540089,0.9916529563438452,0.9859181893187556,0.9832145803544904,0.9808268641148548,0.9804004306006192,0.981785561382735,0.9859927079903671,0.9895557801849965,0.9919115671357824,,,0.9884100502911126,0.9854692538368259,0.9835084695231004,0.9817661138429088,0.9801509265218519,0.9800808985106474,0.9815134053976998,0.984149067668317,0.9859726910050259,0.9871537321860671,0.9867795164726282,0.985574940754967,0.9837878389678653,0.9826165263835125,0.9819974787644649,0.9814404255095068,0.9801393119487806,0.9798416929011617,0.9806674942462089,0.9828662534979147,0.9845252653241161,0.9846674057805087,0.9839207462000393,0.981845067707171,0.9800873778138879,0.9781150415721845,0.9771899580597787,0.9765652369531299,0.97560419148231,0.9757885342539749,0.9779555096892558,0.9808831458426347,0.9831425481020369
395209,6,"Washington, DC",msa,VA,0.9977441540747845,1.0,1.0,1.0,1.0,1.0,1.0,1.0,0.9990283933222649,0.9969771112709829,0.9946465990345663,0.9956182057123014,0.9976694877635834,1.0,1.0,1.0,1.0,1.0,1.0,1.0,1.0,1.0,0.9990136836699032,0.9990136836699032,0.9990136836699032,1.0,1.0,1.0,1.0,1.0,1.0,1.0,1.0,1.0,1.0,1.0000540341768402,1.0037993525289002,1.009751733481281,1.0174505388867485,1.0199945287107894,1.0173754810917417,1.009703997599228,1.003414689423127,1.0000813560897939,1.0,1.0,1.0,1.002199634732573,1.0091440791770176,1.0179160090015789,1.0231237816764132,1.019013142866241,1.0102412130416798,1.0028338056342723,1.0,1.0,1.0,1.0,1.0,1.0,1.0,1.00010104071941,1.0026510390056436,1.004106643081335,1.0040796929005633,1.0015296946143295,1.0000740905386383,1.0,1.0,1.0,1.0,1.0,1.0001389467833819,1.0025899271755387,1.005513903783726,1.005712730671451,1.0032617502792942,1.000337773671107,1.0,1.0,1.0,1.0,1.0,1.0,1.0,1.0,1.0,1.0,1.0,1.0,1.0,1.0,1.0,1.0,1.0,1.0,1.0,1.0,1.0
394974,7,"Philadelphia, PA",msa,PA,0.9810287321373211,0.9833833017695048,0.9867166351028382,0.9886600512520394,0.9895739029434322,0.9883538304394981,0.9864269058234978,0.9846686715204033,0.9829327691815699,0.9818038354862417,0.9805438555974592,0.9798798503068363,0.9807822367876655,0.9834470287114975,0.9872257390036178,0.9902693802352106,0.9914904792840953,0.9903846914120997,0.9876686146705382,0.9859436326320213,0.9854416229134358,0.9851116679089658,0.9829160119332285,0.9823283717659792,0.9841674847198679,0.989331032806394,0.9918209767250333,0.9936304513481864,0.9954113477061047,0.9982914447198988,1.0,1.0,1.0,1.0,1.0,1.0,1.0,1.0,1.0001333866880084,1.003023584240529,1.0057502486767953,1.0057280101492847,1.0028378125967643,1.0001111481604978,1.0,1.0,1.0,1.0,1.0,1.0047619047619047,1.0111067977915804,1.0169375215137682,1.0132999237767917,1.0069550307471158,1.001124307024928,1.0,1.0,1.0,0.9968297042923909,0.9968297042923909,0.9968297042923909,1.0,1.0,1.0001333866880084,1.0003603930947196,1.0004141652085015,1.0002807785204928,1.0000537721137819,1.0,1.0,1.0,1.0,1.0,1.0,1.0000740905386383,1.000178289767564,1.000178289767564,1.0001041992289257,1.0,1.0,1.0,1.0,1.0,1.0,1.0,1.0,1.0,1.0,1.0,1.0,1.0,1.0,1.0,1.0,0.9979328165374678,0.9979328165374678,0.9979328165374678,1.0,1.0
394856,8,"Miami, FL",msa,FL,0.9635184058473217,0.9648479616129811,0.9655242524180273,0.9659611068362924,0.9662804602800744,0.9669726934241974,0.9676635595440514,0.9676527093170741,0.9669111446155539,0.9658369320478347,0.9646652939811143,0.9645023094200224,0.9644488014496226,0.9653542568182184,0.9660300203084367,0.9667715850099569,0.9677754039047487,0.9681185799768451,0.9674866782255794,0.9676117468389855,0.9674973565392829,0.9677087621050497,0.966400428454944,0.9660420055158759,0.9667101925695792,0.9685219586461943,0.9679780581022938,0.9678933988627186,0.9679976803059285,0.9700850743417365,0.9710824047460616,0.9713371322650995,0.9718743499736301,0.9717757822112986,0.9717548966640973,0.9712321773851825,0.9723270827479208,0.9741585845794226,0.9773018664919785,0.9811359502687558,0.9852197714257477,0.9879259049990757,0.9886717455039524,0.9878357875948237,0.9869258811485851,0.9873196201441307,0.9875973979219085,0.9906764315372744,0.9942987567987568,0.9984654234654234,1.0,1.0,1.0,0.9956432826531519,0.98944779063079,0.9822014138191957,0.9775491221570348,0.9744112808460635,0.9710756470756471,0.9703759182205784,0.9705907105204772,0.9720541800690531,0.9730251560634602,0.9737779957226903,0.9753777397636437,0.9761789936968063,0.9774018379281536,0.9763736263736263,0.9752781891079764,0.9724707974946146,0.9700141381523267,0.9689483382594163,0.9690946654470078,0.9697499560644317,0.9698226385028583,0.9695319894737606,0.9699753738206282,0.9702680763799462,0.970053368627156,0.9693099181201185,0.968289590045399,0.9671046155223513,0.9650142054512091,0.9638621317184902,0.9641519027993364,0.9653352007469654,0.965191769880643,0.9642592567238651,0.963696762763563,0.9633992765223015,0.9631272000126608,0.962899570516173,0.9630658931972946,0.9632425487542896,0.9618425232992814,0.9612013668099926,0.9614360756165059,0.9629691917730057,0.9643743999713147
394347,9,"Atlanta, GA",msa,GA,0.9852047644071201,0.989147100914137,0.9925733262730133,0.9942624417463893,0.9938262780788785,0.991456691104124,0.9895913253553571,0.9877196943467436,0.9865891384461828,0.9853825019454284,0.9844563187463917,0.98462834147657,0.9858349779773241,0.987879778366799,0.9898993689892522,0.9906762835286528,0.9909951888196966,0.9899329146671958,0.9887857232616839,0.9868613728273417,0.9860109112778307,0.9856079210906415,0.9848526998979731,0.9850040370973391,0.986432233333419,0.9907819649897075,0.9933419610770825,0.9942445343279004,0.9942618870303838,0.994988489734474,0.9973525559283273,0.9987658183903646,1.0,1.0,1.0,1.0,1.0,1.0014347202295553,1.0050189496202362,1.009404914532517,1.0122345866270555,1.0113900832637717,1.0071894064745226,1.0030101689747122,1.000376263053135,1.0002862402440027,1.0002010854197192,1.001757775704589,1.006790715518895,1.0143759451596386,1.0207134347689486,1.0207134347689486,1.0132234704421041,1.0052234704421041,1.000095265313899,0.997403271702337,0.99388744053537,0.989533304105762,0.9874351967226737,0.9880774646712499,0.9924316011008582,0.9971264367816092,1.0,1.0,1.0,1.0,1.0,1.0,0.9983789184442388,0.995474052794275,0.9917600323671628,0.9917955181461519,0.9947003837961154,0.9984144042232277,1.0,1.0,1.0,0.9977011494252874,0.9950884233502469,0.9918626168986341,0.9909486160677243,0.9897646565834458,0.9886614587060542,0.9883301599410638,0.9895627429362802,0.9930875891795731,0.9966317393501859,0.9966937568433961,0.9945000312629663,0.990374515573505,0.988432156199953,0.9870924299400078,0.9869813488928724,0.9864691638453712,0.9848277005278105,0.9847811431425435,0.9865170855545786,0.990361006568197,0.9923464516175007
394404,10,"Boston, MA",msa,MA,0.9927779027404817,0.9962973406763688,0.9997303774566818,1.0001808627502295,1.000232152692272,1.0001408034641728,0.9987085452258038,0.9986572552837613,0.9965128664345833,0.994006496447204,0.989384000299284,0.9867129525806955,0.987729206094512,0.9923517022424319,0.9971671388101983,1.0,1.0,1.0,0.9992938537354871,0.9978090727406839,0.9955363337286022,0.9927091931789276,0.9898080092614502,0.9887477449408584,0.9922810317550459,0.9966669966673267,1.0,1.0,1.0000005555564815,1.00006173401161,1.001400422097286,1.002172391506878,1.0042364787099567,1.0029471833683394,1.0021746584022662,1.0000493927440588,1.0047235343150875,1.0136884894903118,1.026294860780104,1.036657533361568,1.0398877001375635,1.035916021504008,1.0274964812741227,1.0198119592326913,1.0153746538900388,1.0110389895543743,1.0072774533149984,1.0073422088886999,1.0162932578397488,1.0314895244654643,1.0454515363767418,1.0517502830734253,1.0467339145259316,1.0315678637029035,1.0140896856983368,1.003160723949703,1.0001026199741678,1.0,0.9975470345165404,0.9975470345165404,0.9975470345165404,1.0030864197530864,1.0112998051316342,1.0207720649421888,1.0242232907707796,1.0220307045164796,1.0150615736170636,1.0108526154773805,1.0051351223889233,1.0026319934777843,1.0003033060357902,1.0,1.0010134311074823,1.006616958099446,1.013634501959095,1.0192877375182794,1.0180602124897724,1.011118482605343,1.0044518159386764,1.000120564727318,1.0000447507520984,1.0000447507520984,1.0,1.0,1.0000666800026672,1.0043820813768922,1.009050615457191,1.0116294381000264,1.0083169495176463,1.0036484154373475,1.001002912791845,1.0,1.0,0.9995311767463666,0.9968645100796999,0.9968645100796999,0.9973333333333333,1.0004171881518564,1.0023466929115716
394976,11,"Phoenix, AZ",msa,AZ,0.9858897263924892,0.9880389303564581,0.9896802742348637,0.9898866967547327,0.9899949482228934,0.9897058618635918,0.9898261947198893,0.989758737397186,0.9897111234197872,0.9891973538131572,0.9880994373057864,0.9880901759416717,0.9887704480505154,0.9896672835833661,0.9907347460056819,0.9914134305483439,0.9922221827987247,0.992283706116062,0.9927154043188459,0.9928972496167437,0.9932663650744161,0.9928772515076613,0.9917549610118863,0.9918783100350846,0.9945584014006114,0.9979084851527052,1.0,1.0,1.0,1.0,1.0,1.0,1.0,1.0,1.0,1.0,1.0012226297654774,1.005757172310156,1.0121051016669347,1.0187289552046763,1.0194854179510031,1.0156765514191586,1.0084589989335497,1.0031679936425444,1.0006289308176102,1.0,1.0,1.0000757747973024,1.0039141130226354,1.0095999694547604,1.0137863375447433,1.0099479993194105,1.0042621428872853,0.9965724078834618,0.9923443734919132,0.9869396246001904,0.983819921872865,0.980355648572106,0.9785140206522346,0.9789996073067303,0.9817381026275221,0.9850629108116654,0.9886156584275566,0.9926157273560584,0.9959817404279537,0.9972189756940969,0.9963863668684434,0.9949796942337539,0.9923754505488395,0.989820698150659,0.9872200037034823,0.9876049720170773,0.9888596569308387,0.9903922765379575,0.9908802742136076,0.9909971319770875,0.9911225693574268,0.9905892467122209,0.9903105481415894,0.989889957124782,0.9895047141455399,0.9883085302613338,0.9868720821661999,0.9866693766708798,0.9872244691532169,0.9882410555630617,0.988306466908755,0.9876504940089431,0.9864575407560648,0.9854106413157829,0.9848926750384616,0.984980855840823,0.98503458162349,0.9847311464657716,0.983522614690838,0.9834571595177883,0.9843805376739078,0.9860745412059404,0.9869367136647466
395057,12,"San Francisco, CA",msa,CA,1.0352056128171243,1.0458627872267545,1.0497625473747794,1.0487134450466955,1.0434753498086002,1.0334890835740695,1.022867580656769,1.0155964086760305,1.0091835604009842,1.0044785579067934,1.0003211584589604,1.0004392549176677,1.00220378051836,1.0055408216752009,1.011274406263706,1.0144850050411234,1.0160862354892206,1.0114268764383632,1.0069286237817605,1.004347080348346,1.004079240152124,1.003602368430617,1.001245640259093,1.0039996001399512,1.011472288034077,1.0177517383603718,1.0138632863809187,1.0063938036458169,1.0014073453029715,1.0048628836859044,1.0108676892077881,1.0185837062333476,1.024026028698926,1.0246186780840245,1.022256482087366,1.0253858037146675,1.0407287173163724,1.0615246818507653,1.0811125168580171,1.0894719734933358,1.0901416457457895,1.0799208564463132,1.0671616857924056,1.055236592902778,1.0506200000957056,1.0497919713217057,1.049327884852388,1.061678867397246,1.0812052873566484,1.1037157272018034,1.105446872418712,1.0871182148402458,1.0524946128580883,1.021523701559308,1.0036101083032491,1.0,0.9988479262672811,0.9951370042999245,0.9911316638459858,0.9922837375787047,0.9988366167685755,1.0082186027189728,1.017227611727982,1.0244648552070352,1.0263193538673498,1.023232610222894,1.0191102365353668,1.0169917884239967,1.0137899583290872,1.0078331313150468,1.0027204352696433,1.0059802996535876,1.0168483919104105,1.0286478019399092,1.0338406866438634,1.030513818812758,1.0233034784536807,1.014713411951672,1.0092972634215225,1.0089447585947073,1.0073566656147959,1.005231589719228,1.0009950248756219,1.005838198498749,1.0125431793416608,1.0186206702952114,1.0164944242834704,1.0101820622077355,1.0041045712541852,1.000392618767177,1.0,1.0007260109491725,1.0007781024217983,1.0007781024217983,1.0000520914726259,1.005420054200542,1.0130500017446529,1.0209359586751956,1.0221920849031807
395025,13,"Riverside, CA",msa,CA,0.9968254461481713,0.9988411574049114,1.0,1.0,1.0,1.0,1.0,0.9978504183725416,0.9961711572474367,0.9934463413766835,0.9920871510743173,0.9909144920707614,0.992007828199475,0.9944707804423444,0.9963223671265237,0.9972423628842705,0.997530984741506,0.9976979324523544,0.9968969812716361,0.9964207532610843,0.9959154509090414,0.9959626846088511,0.9950039994172514,0.9942914054516453,0.9957566069168468,0.997948717948718,1.0,1.0,1.0,1.0,1.0,1.0000641148938898,1.0002123289149363,1.0002906132790832,1.000316612830539,1.0003511816847814,1.0041264618678407,1.0108210081894569,1.0194701841373532,1.024876513281308,1.027615662038156,1.0266643202505172,1.0224457215677076,1.0163569494251874,1.0113748831142784,1.0088588406311796,1.0082249236980694,1.0099468350196366,1.0148049398777412,1.0203660223920454,1.0224122270125073,1.0182968434853592,1.0099351738911981,1.0032685072245315,1.0000005333683224,1.0,0.998513337259264,0.9958678346137614,0.992706612274457,0.9914824809585546,0.9941279836040572,0.9972892059433618,1.0,1.0,1.0,1.0,1.0,1.0,1.0,1.0,1.0,1.0,1.0,1.0,1.0,1.0,1.0,1.0,1.0,1.0,1.0,1.0,1.0,1.0,1.0,1.0,1.0,1.0,1.0,1.0,1.0,0.9992498124531132,0.9992498124531132,0.9987619132968475,0.9968454341770675,0.9955185794346133,0.9960064785908792,0.9986731452575458,1.0
394532,14,"Detroit, MI",msa,MI,0.9787241448000573,0.9830778754847321,0.9893232638232451,0.9946966193911532,0.9961961925065879,0.9939236793169378,0.9887954741887327,0.9842927635356803,0.9812522431828049,0.9783684033575227,0.9759329435285075,0.9746404438372561,0.9761056441998447,0.980348853863836,0.9846378781258811,0.9877359651884072,0.9884608530686688,0.9871229719396455,0.984331144144153,0.9817225220100635,0.9797999480803371,0.9783284511419912,0.9774672080617114,0.9769981802621214,0.9794397451531371,0.9827838778761827,0.9845696691356581,0.986812886258669,0.9910931761381311,0.9968261818711368,0.9998534821193209,0.999806156470497,0.999806156470497,0.9977939488498443,0.9951402708481014,0.9951402708481014,0.9971524784687541,1.0014556040756915,1.005960108580196,1.0122625762942976,1.0155695574470387,1.011273516565632,1.0049710488515304,1.0002084636230977,1.0,1.0,1.0,1.0,1.0011038616883237,1.0076829376970757,1.0150903451044833,1.0195782904089996,1.0131659644419349,1.0057585570345275,1.0001667500416875,0.9993348590887482,0.9951663685608628,0.9894500405714827,0.984014919948311,0.9833319853700714,0.9890483133594515,0.9951485748938751,1.0001667500416875,1.0003891205108892,1.0004909387058254,1.0003241886641379,1.0001018181949364,1.0,1.0,0.9994359842075579,0.9952109452927257,0.9952109452927257,0.9957749610851678,1.0,1.000098068059233,1.000247967096435,1.000247967096435,1.000149899037202,1.0,1.0,1.0,0.9978037779875569,0.9943761858710188,0.9919475277046557,0.9941437497170987,0.9975713418336368,1.0,1.0,1.0,1.0,1.0,1.0,0.9973333333333333,0.9941075268817204,0.9880458186923526,0.9870494816960157,0.9890748079555518,0.9951365161449196,0.9987995198079233
395078,15,"Seattle, WA",msa,WA,1.011237368643673,1.0194318867692258,1.0233587141195053,1.0197326759033194,1.0115381577777667,1.0039980009995002,1.0,0.9997493309595633,0.9989799632345955,0.9961590831518391,0.993511201467638,0.9942805691926059,0.9971014492753624,1.0,1.0,1.0,1.0,1.0,1.0,1.0,1.0,1.0,1.0,1.0,1.0039449375684903,1.0073119409354936,1.0073119409354936,1.0033670033670035,1.0002401687825917,1.0010994610356705,1.0039217578920283,1.0061815891094366,1.008560799074661,1.0087447230118263,1.0103212794551037,1.0201147727340514,1.0384494721347977,1.0602628833290606,1.0728995290093366,1.0726334478112916,1.0627705708277075,1.0466257391739904,1.0316115062383717,1.0209177489177488,1.0163690637720488,1.0163690637720488,1.0195613607752512,1.0380604148008976,1.0664920801194737,1.0877835420790558,1.0828934405601103,1.0519380863401364,1.0221209940440186,1.0035369171592083,1.0,0.9995255867781055,0.996575734270731,0.9921367714904902,0.9877062755081348,0.9906561280155094,0.9950950907957502,1.0,1.0004639847831795,1.000492625397469,1.000492625397469,1.0000286406142898,1.0,1.0,1.0,1.0,1.0,1.0,1.0001813051905588,1.0024463908916925,1.0029600015747948,1.002778696384236,1.0005136106831023,1.0,1.0,1.0,1.0,1.0,1.0,1.0,1.0,1.0,1.0,1.0,1.0,1.0,0.998939393939394,0.998939393939394,0.9974327545114061,0.9956482877209044,0.9928853116009123,0.9943919510289,0.9972370238800079,1.0,1.0
394865,16,"Minneapolis, MN",msa,MN,0.9987744993787427,1.0,1.0000813206473123,1.0002382789897257,1.0002382789897257,1.0001569583424135,1.0,1.0,1.0,0.9968807142088846,0.9941627157783811,0.9941627157783809,0.9972820015694964,1.0,1.0,1.0,1.0,1.0,1.0,1.0,1.0,1.0,0.9983312447786132,0.9983312447786132,0.9983312447786132,1.0000877423883479,1.0000877423883479,1.0000877423883479,1.0000629049506198,1.0002296549923073,1.0020363397258212,1.003742503292586,1.0041204112119084,1.0023137264783946,1.00054465796101,1.0002084636230977,1.007286353831564,1.0177030204982307,1.0303977826815844,1.0368459254544042,1.0380424587417447,1.0324767591407438,1.0237126309213627,1.0131781796189196,1.005840653413469,1.0010787486515642,1.0,1.0020010005002502,1.011091926120115,1.0244252594534482,1.0359492052192611,1.037274946266063,1.029232618223735,1.0157076719576719,1.0052910052910053,1.0,1.0,0.9982582816072053,0.9963259144574468,0.9963259144574468,0.9980676328502415,1.0001852881230313,1.0046910103903108,1.0091354548347553,1.0120356648703783,1.0075940574969888,1.0031496130525441,1.0000641148938898,1.0,1.0,0.9993907253930687,0.9993907253930687,0.9993907253930687,1.0,1.0,1.0,1.0,1.0,1.0,1.0,1.0,1.0,0.9983818770226538,0.9983818770226538,0.9983818770226538,1.0,1.0000469549701836,1.0000469549701836,1.0000469549701836,1.0,1.0,1.0,1.0,1.0,0.9976533840991673,0.9976533840991673,0.9976533840991673,1.0,1.0
395056,17,"San Diego, CA",msa,CA,0.9910144087282527,0.9944258819510466,0.9953404028143851,0.9961628097994737,0.9941250739504172,0.9926827591314847,0.9904387076504163,0.9880348766163657,0.9864198766132053,0.9840154434395414,0.9826756847300023,0.9820591900902782,0.9844998968557972,0.9871554598993453,0.9893338040466014,0.9903760740188122,0.9910688758934505,0.9905594096305596,0.9904560772524295,0.9902785379001973,0.990616403991488,0.9904113628064914,0.9896587776827298,0.9903293361692133,0.9935039393438162,0.9974959553118802,0.9987995198079233,0.9987995198079233,0.9987995198079233,1.0,1.0,1.0,1.0,1.0,1.0000277800927855,1.001596624684886,1.00724634219901,1.0147091988103445,1.0227955266320372,1.028070710517172,1.0289134071463855,1.0245918389996924,1.0173914486283153,1.0122377655334558,1.0100787644409588,1.0108997079585313,1.0145341401273775,1.0224072767077386,1.0342821834102314,1.0441347676695782,1.0444842273852082,1.031823753084929,1.0151570864182624,1.0037598869476685,0.9982817869415808,0.9952634953673417,0.9913419267398907,0.9897100560462162,0.9893950142871218,0.9933165829145728,0.9966666666666667,1.000010303431545,1.0011251306333289,1.0034829279378097,1.0053293569854038,1.0042658197256624,1.0019080224211816,1.0000512899420424,1.0,1.0,1.0,1.0,1.0000169213327241,1.0002640179475004,1.0005369280468492,1.0005200067141249,1.0002729100993486,1.0,1.0,0.9995472689403476,0.9995472689403476,0.9983515856927777,0.99880431675243,0.99880431675243,1.0,1.0,1.0,1.0,0.9981290705986585,0.9953365209968229,0.9930679823757007,0.9929912198245217,0.9936311941432484,0.9940478809125187,0.9931954956314607,0.9953480709145696,0.9971999227664213,1.0,1.0
395148,18,"Tampa, FL",msa,FL,0.9750370812409986,0.9759275982348834,0.9778708207396646,0.9798722350009786,0.9805039525884917,0.979691480092427,0.9783147869377617,0.9773991728151445,0.9770764647676407,0.9764323423843878,0.975222979826753,0.9741822382810472,0.9737811575608263,0.975636275798489,0.9779528148698096,0.9791430998025993,0.9795049878751291,0.9784823063582951,0.978669160238273,0.9784788352426244,0.9787293273863046,0.9783862777874269,0.9773108702079543,0.9770439899947886,0.9784019052311735,0.9810880529162374,0.982466725764679,0.9832363265342797,0.9841374000915893,0.9860632123989473,0.987156941295118,0.9880367976905539,0.9891767569791988,0.9891849250556611,0.9886812620519981,0.9887054760929342,0.9928945844113063,0.997061251077973,1.0,1.0002154170461497,1.0002237505878215,1.0002237505878215,1.0000083335416718,1.0,1.0,1.0,1.0,1.0,1.0021672084687838,1.0072107272918303,1.011655171736275,1.0108217411934663,1.00577822237042,0.9992106356754444,0.9935348403813998,0.9876656443561062,0.9829803942209207,0.9796401478995791,0.9781019365174654,0.9774887844712873,0.9788817399845978,0.981279619584955,0.9845985999142851,0.9867373635763735,0.9880717317348126,0.987412391075472,0.9869333059598547,0.9848941798941798,0.9831609932637758,0.980383215485998,0.9786900937928763,0.9777781399185003,0.9783828262374724,0.9797296275842736,0.9810760667903525,0.9818181818181818,0.9814096016343208,0.9808048477001535,0.9798724467677525,0.9797511323538188,0.9784164923485922,0.9779818807270774,0.9759087433330236,0.9755743680725418,0.9759792158847652,0.9774963487570067,0.9791545199163917,0.9788722948859695,0.9782522667642293,0.9764407931467748,0.9755645429127867,0.975200994913927,0.9751927808288051,0.9742554858620792,0.9732946580719831,0.9731589709282878,0.9748701045543151,0.9765536062378167,0.9781676413255361
394530,19,"Denver, CO",msa,CO,1.0000574811749152,1.000912182029616,1.0010061238465175,1.0009486426716023,1.0000939418169015,1.0,1.0,0.9980630461546717,0.9953910354666288,0.992355673429799,0.9907838553453029,0.9929835969238754,0.9960189589607052,0.9995277308905298,1.0,1.0,1.0,1.0,0.9982905982905983,0.9966724753132521,0.9945473994176842,0.9939559653618945,0.992895826532607,0.9950209024281746,0.9973217381933663,1.0,1.0,1.0,1.0,1.0,1.0,1.0,1.0,1.0,1.0,1.0055921890287216,1.0161185048181953,1.031092134719594,1.0429620710117677,1.0494425579433824,1.0471673407403965,1.0352762460601694,1.021080875713688,1.0111835834634546,1.0077512169916638,1.006955921844462,1.0075105806704565,1.019554315299362,1.037361750036127,1.055863894259221,1.0564400929745998,1.0425194637707331,1.0206615402734653,1.0059029427603028,0.9982547993019196,0.9959575579226093,0.9929912954463246,0.9913948085921911,0.9897237960032474,0.9926900584795323,0.996031746031746,1.0,1.0,1.0,1.0,1.0,1.0,1.0,0.9993128234728235,0.9971100093049438,0.9949170268488036,0.9956042033759799,0.9978070175438596,1.0,1.0,1.0,1.0,1.0,1.0,0.9991447505568173,0.9980449977226451,0.9955246472597108,0.9939289163107367,0.995028669144909,0.9975490196078431,1.0,1.0,1.0,0.9978902953586498,0.9956680712845726,0.99310396872047,0.9925200596749978,0.9914749636183822,0.9906026400656462,0.9893746851250178,0.9915491090808471,0.9949855351976856,0.9989071038251366,1.0
394358,20,"Baltimore, MD",msa,MD,0.9894457670610293,0.9940638202099604,0.9980216038511213,1.0,1.0,0.9974160206718347,0.9949650402796778,0.9922983736130111,0.9926322725811637,0.9906239441661856,0.9888750030109185,0.9875262839420769,0.9893671368289523,0.9937827446508862,0.9973815440797407,1.0,1.0,0.9984597353969243,0.9978144353323944,0.9966139551403176,0.9959755705059203,0.993777942354388,0.9912649297989993,0.9901432490034687,0.9929861772195313,0.9966996699669967,1.0,1.0,1.0,1.0,1.0,1.0,1.0,1.0,1.0,1.0,1.0,1.0,1.0001449905756126,1.0019227683533904,1.0021080564764218,1.0019637751221764,1.0001859973443985,1.0000007092213672,1.0,1.0,1.0,1.0,1.0016260162601627,1.0072945724455578,1.0138330588830538,1.0173352477510962,1.0117606333826024,1.0052221469451066,1.0000939418169015,1.0,1.0,1.0,1.0,1.0,1.0,1.0001025956704626,1.0019207774886445,1.0057967464808926,1.0058052989709279,1.004347129981211,1.000471160988963,1.000360012828465,1.0,1.0,1.0,1.0,1.0,1.000069466455786,1.0005603844724773,1.00070537504809,1.0006359085923038,1.0001449905756126,1.0,1.0,1.0,1.0,1.0,1.0,1.0,1.0,1.0,1.0,1.0,1.0,1.0,1.0,1.0,1.0,1.0,1.0,1.0,1.0,1.0
395121,21,"St. Louis, MO",msa,MO,0.9802651084631936,0.983728667292919,0.9879531084841416,0.9899592041524469,0.9905376730879137,0.9890887657727037,0.986632179670205,0.9840547484378029,0.9820944445907068,0.9802793962100256,0.9785891629990676,0.9777862725936081,0.9792342973865785,0.9831544684466854,0.9876825644641434,0.9909155645464717,0.9919920841095315,0.9911327632502106,0.9887709811782837,0.9872434001949465,0.9857833547836816,0.984924651312188,0.9824093659597728,0.9815785490801755,0.983043131511233,0.9884017963089905,0.9918066132011053,0.9960316521159372,0.9976905311778291,1.0,1.0,1.0,1.0,1.0,0.9984581737788512,0.9984581737788512,0.9984581737788512,1.0005128205128206,1.003994716351761,1.011018426770162,1.0157511951939175,1.0134227018924626,1.0064819077994762,1.0012363188629003,1.0000829163254146,1.0,1.0,1.000123502531802,1.005437663207013,1.0148873574816097,1.0255331112084027,1.0309107744325627,1.0253598489678153,1.0146766400028477,1.0039848161034766,1.000086047293627,1.0,0.9998636363636364,0.9958693343693344,0.9958693343693343,0.9960056980056979,1.0,1.0016136486424914,1.0054598024886452,1.0099346642943834,1.0094804359417473,1.0056342820955935,1.001159420289855,1.0,1.0,0.9970355731225297,0.9970355731225297,0.9970355731225297,1.0,1.0001551109042965,1.0005533143848513,1.0007085093017951,1.0005533983974988,1.000155194916944,1.0,1.0,0.9989996665555184,0.9963320217494577,0.9950115614871905,0.996011894931672,0.9986795397377327,1.0,1.0,1.0,1.0,1.0,1.0,1.0,0.9971014492753624,0.9935678803707687,0.9932764413908051,0.9961749921154427,0.9997085610200364,1.0
394943,22,"Orlando, FL",msa,FL,0.9795634476975081,0.9814774474846297,0.9823416752342845,0.9836172167006841,0.9841115172008194,0.9841782261861214,0.9833592429002959,0.982377146381357,0.9814892071600845,0.9802439490453496,0.9784419515862627,0.9782935660212105,0.9775714252447173,0.9804654408016361,0.9814358115976217,0.9832417797471216,0.9823114815884066,0.9827049636348698,0.9825155096637858,0.9817585148848261,0.9806642698855147,0.9795942325848775,0.9792489578612891,0.9791023219178078,0.9802271617659203,0.982593953022016,0.9840707668611998,0.9847621385426155,0.9849154480612894,0.9861604090391477,0.9867710412230556,0.9868752799660548,0.986273084241908,0.9862411557617037,0.9854882168711955,0.9852209717698477,0.9868744109232868,0.992193559859457,0.9970238095238096,1.0,1.0,1.0,1.0,1.0,1.0,1.0,1.0,1.0,1.0011272560605498,1.0047147721480656,1.008160365123502,1.0072168957856225,1.0036293796981064,1.0001837867226702,0.9959349593495935,0.9906016260162601,0.9841086892785222,0.98089003474707,0.9794379127815325,0.9792280834151753,0.9815774583996614,0.984237398009071,0.9869636812698864,0.9880830198872346,0.9886997636468712,0.9887079925218969,0.9879567640562593,0.9860891919000624,0.9840058986799857,0.9822876403403714,0.980689590563189,0.9807887567991388,0.9810126191238092,0.9831759346110743,0.9839549203040628,0.9847477435508681,0.9840943410524899,0.9832809902096035,0.9819913959742239,0.9807892101818743,0.9802400085717347,0.9798013195697308,0.9788922286606399,0.9783002937734775,0.9788043585482376,0.9803804274682874,0.9813733407427147,0.9818042060926416,0.9807055263550611,0.979665022751317,0.9781331442510867,0.9774795746598789,0.9766948485838013,0.9762371189266058,0.9753616059307099,0.975609722673474,0.9767876145237201,0.9787474323737362,0.9801702064598464
394458,23,"Charlotte, NC",msa,NC,0.9866397492009509,0.9886240217988421,0.9903529583874092,0.9907763910488621,0.9905939202527726,0.9892177514562005,0.9878863004237032,0.9862091426962066,0.9852072981039374,0.9840820258938591,0.9835273698139791,0.9836096908984316,0.9843879503817696,0.9867028934551548,0.9883369814342071,0.9894207524245872,0.9890196581347311,0.9880497575374236,0.9871013165274434,0.9860028626663455,0.9848564067830475,0.9839474698166096,0.982704444288457,0.9835960368115382,0.9850693902103833,0.9881282528915992,0.9894930775411495,0.9902867283348002,0.9908807499081793,0.9942152330632902,0.9973898362378933,1.0,1.0,1.0,1.0,1.0,1.001038062283737,1.0053994330002478,1.0108081715485213,1.0171775166721917,1.019959003098538,1.0209677805940547,1.0176007772270512,1.0129008173603637,1.006936837044082,1.0036561286408794,1.0012875705849498,1.0029091497183378,1.008994340796153,1.0194262097898574,1.0283142189662902,1.0289381983919792,1.01958539271552,1.008622268678191,0.9983985816008465,0.99332361043591,0.9882731053854048,0.9854723707664884,0.9831717171717171,0.9824418754014129,0.9857655901707347,0.991987812392957,0.9977681592137663,1.0,1.0,1.0,1.0,1.0,0.9976113234734196,0.9943900349580135,0.9908387037999297,0.9932273803265099,0.9964486688419161,1.0,1.0,1.0,1.0,0.9977011494252874,0.9947877970019127,0.9913602048853746,0.9899553517563836,0.9882710030303329,0.986698595146871,0.986739295187571,0.9882726449580382,0.9932726449580382,0.9950994404647483,0.9960684257967586,0.9932021712004003,0.9908586510390346,0.9879788927078726,0.9864295394822974,0.985806595008142,0.9855733860529182,0.9835787374645957,0.982731692742286,0.9844312541457948,0.987666907381448,0.9910082223101613
395055,24,"San Antonio, TX",msa,TX,0.987584015668598,0.9899740693596485,0.9908626525968467,0.9921579679741312,0.991462223210962,0.9907152577581142,0.9892533970095002,0.9880165130510777,0.9867418855530197,0.9855838735306798,0.9854305670967708,0.9861975590502553,0.9875728778652445,0.9888974491345887,0.9915965495003848,0.9932548409576714,0.9943163712952018,0.9929485816689644,0.9913715910246861,0.9902520819347705,0.9897366059002085,0.9885254013991572,0.9878890928005576,0.986626916976336,0.988583159670566,0.9900533578175014,0.9932195013993493,0.9945351685880635,0.9966949909044794,0.9984043926138811,0.9995957197523134,1.0,1.0,1.0,1.0,1.0,1.0,1.0001626809825932,1.0042443136356543,1.0105935199848606,1.0175230375838276,1.0170489085382701,1.0106997021890638,1.0036075036075036,1.0,1.0,1.0,1.0,1.0034010203401225,1.0098845095576807,1.0159451156182866,1.0161129746500415,1.0096294854324832,1.0035688793718773,0.9993291249681077,0.996697945382592,0.9921421367265557,0.9882153106090227,0.9851232197542866,0.9846236809664592,0.985819982220009,0.9890922722681038,0.993002144339688,0.9942384797166409,0.9944632663093288,0.9915243872596694,0.9892301429714573,0.9863637441783336,0.984244795730303,0.9826862414950955,0.9814895259115873,0.9821372732260013,0.983529073379569,0.9857533409052631,0.9872719875796192,0.9873422181728356,0.986356753772737,0.9854169229757043,0.9846829740187948,0.9840191933550142,0.9827934848647718,0.9825277105616842,0.982116407637858,0.9819085993960761,0.9821502066757087,0.983796652157697,0.9857629026431969,0.9861383083379082,0.9854264985833904,0.9837354774556887,0.9825011805307274,0.981327737603289,0.9807960979890805,0.9803022708285866,0.9792592592592593,0.9792592592592593,0.9804314204314205,0.9829488230564271,0.9850339844927062
394998,25,"Portland, OR",msa,OR,1.0,1.0,1.0,1.0,1.0,1.0,1.0,1.0,0.9991645781119466,0.9971101997417787,0.9943134811736806,0.9938427918360517,0.9958971702062196,0.9986938887743176,1.0,1.0,1.0,1.0,1.0,1.0,1.0,0.9990243308099197,0.9979462315571418,0.9979462315571418,0.9989219007472222,1.0,1.0,1.0,1.0,1.0000387641973874,1.0002993844736447,1.0003871268619926,1.0010442568886833,1.000850316615093,1.0008181390431035,1.0046334618695576,1.012913156410448,1.0246222974764427,1.0339041838741865,1.0388490263175554,1.037390474761975,1.0304702235473762,1.020879679410059,1.0134322203574306,1.0079540682632235,1.0049551497995795,1.0026529375527027,1.0079255840826193,1.0199802260146946,1.0328917564554405,1.0387244097860537,1.0313686026678368,1.0179005891998234,1.0054005891998232,1.0,1.0,0.999913307325531,0.9967848600264757,0.9932619740995076,0.9933486667739766,0.9964771140730319,1.0,1.0,1.0,1.0,1.0,1.0,1.0,0.9986831275720164,0.9972175277087582,0.9952703441166214,0.9965872165446048,0.9980528164078629,1.0,1.0,1.0,1.0,1.0,1.0,1.0,1.0,1.0,0.9986928104575163,0.9986928104575163,0.9986928104575163,1.0,1.0,1.0,1.0,1.0,1.0,1.0,0.9995722701739965,0.9969161855179118,0.9946173349431993,0.9950450647692026,0.9977011494252874,1.0,1.0
395045,26,"Sacramento, CA",msa,CA,1.0,1.0,1.0,1.0,1.0,1.0,1.0,0.9981429897864439,0.995420313784888,0.9925186055975873,0.9911156321110619,0.9919308212265902,0.9948325294138908,0.9980925131139724,1.0,1.0,1.0,1.0,1.0,1.0,1.0,0.9987040713397325,0.9975844721091893,0.9975844721091893,0.9988804007694568,1.0,1.0,1.0,1.0,1.0,1.0004504504504503,1.0016788259238867,1.0040914552328792,1.0048357479126555,1.004767656136334,1.0075088847599234,1.0160393300069288,1.0273221587529269,1.0358295030061373,1.040034900393571,1.0384522724951537,1.0325818326911085,1.0237794520546475,1.016252721677145,1.011034802946032,1.0070033857445009,1.0056765557051375,1.0104664046963838,1.0198959325591834,1.0281424982976004,1.028531743640216,1.0203611404538047,1.0101076505875586,1.0023557126030624,0.9980793965183118,0.995472640777387,0.9919967239156433,0.9905756398451177,0.9877811610181412,0.9882094230067718,0.9915511105589857,0.9969523451268869,1.0001293379182317,1.0006351548125159,1.0007007112913657,1.000571373373134,1.0000655564788496,1.0,1.0,0.9981083151072259,0.9981083151072259,0.9981083151072259,1.0,1.0000026389167826,1.0000493121176974,1.0000493121176974,1.0000466732009148,1.0,1.0,1.0,1.0,1.0,0.998158379373849,0.998158379373849,0.998158379373849,1.0,1.0,1.0,0.9978284242990125,0.9957352329215151,0.9931536080164278,0.9941983829757236,0.9940278505275278,0.9935313684683981,0.991809166361087,0.9940728901867802,0.9971509971509972,1.0,1.0
394982,27,"Pittsburgh, PA",msa,PA,0.968364194174587,0.9726942576653174,0.9772623004892841,0.9811306688583645,0.9825918511588799,0.9816953933725939,0.9796591342983095,0.9776231299568297,0.9750921012029833,0.9722430983539804,0.9698601914489847,0.9699781981770198,0.9723398715913247,0.975863261044655,0.979958182393502,0.9830475843331848,0.9846119700091341,0.98329181538565,0.981466649986686,0.9793783588136017,0.9778232155411022,0.9756201120927139,0.9734552248706828,0.9731051661859391,0.9755990969293741,0.9793332100307258,0.9810493520179072,0.9834558883477472,0.9893666958193128,0.9960668633235005,0.9975980784627702,0.9954896490940669,0.9928122297392282,0.9903386059852083,0.9872377528928835,0.9849194585663174,0.989795003857567,0.9950042863185952,1.0,1.0014960461637104,1.0014960461637104,1.0014960461637104,1.0,1.0,0.998745808657171,0.998745808657171,0.9951642352349159,0.9942740377285668,0.9942740377285668,0.9979266769685524,1.001407298823556,1.0016296692927578,1.0015586034750275,1.0002223704692017,0.9987012987012988,0.9943304682435118,0.9881576287373389,0.9819107347286534,0.9768811704440038,0.9744054138081033,0.9762180033824844,0.985618398124921,0.9942669942669943,1.0,1.0,1.0,1.0,0.9957377920280625,0.9906208083552802,0.9841165885443784,0.9799957413990866,0.977738193236663,0.9803380694653295,0.9887211245825588,0.9960956564177647,1.0,1.0,0.9969696969696971,0.9930603029257737,0.9884323641762135,0.9859071116509609,0.9832883473996025,0.9805088787417554,0.9784670316999083,0.9801415350459327,0.9875489424533401,0.9951463450507427,1.0,1.0,0.9966714302727165,0.9920542783532696,0.9862063251368953,0.9828682281975123,0.9813528332968579,0.9789341198465654,0.9781007865132322,0.979025,0.9862528567676389,0.9937528567676388
394466,28,"Cincinnati, OH",msa,OH,0.975016645794096,0.9799935873178001,0.9848063317108156,0.9878685679109817,0.9885231436875085,0.9875298558584472,0.9850421856161043,0.9821573131997224,0.979123487136199,0.9773746735533506,0.975430632022924,0.9753348818949159,0.9773158804799169,0.9815545516721064,0.9861975837993106,0.9878480875366985,0.9882324724635083,0.986778110243289,0.9854032606452939,0.9834537193608902,0.9815917733130339,0.9802178379103178,0.9784552579826004,0.9789385699657657,0.9818146354770511,0.9877446645107902,0.9918224978838346,0.9955858988567771,0.9975346577018258,0.9996790465510038,1.0,1.0,1.0,1.0,0.9983277591973244,0.9983277591973244,0.9983277591973244,1.0000016339869282,1.0007535136861763,1.005515418448081,1.0090498731132127,1.0082992754701776,1.0035373707082729,1.000001282056213,1.0,1.0,1.0,1.0,1.0001333866880084,1.0065436430982648,1.0148769764315981,1.0197455758793466,1.0135471475793265,1.005213814245993,1.0002118281102363,1.0,0.998782247244952,0.99431097315675,0.9888348669620598,0.9867203616525916,0.9911916357407936,0.9966677419354838,1.000392618767177,1.0007847756299222,1.0007847756299222,1.000392156862745,1.0,1.0,1.0,0.9973237010280633,0.9923485766499539,0.9917312926993366,0.9944075916712732,0.9993827160493827,1.0,1.0,1.0,1.0,1.0,0.9985392983461209,0.9958454207951005,0.9917927358913518,0.9882377142747906,0.9878031189483288,0.9901420077938085,0.9951577310642489,0.998286203941731,1.0,1.0,0.9993333333333334,0.9968823529411764,0.9928662886841484,0.9894785066183661,0.9872713180190207,0.9857318267204933,0.9854832451499118,0.9882935926930294,0.993849148248585,0.9981521785516153
394355,29,"Austin, TX",msa,TX,0.9878140125837841,0.9917822646314857,0.9948899353662751,0.9956518401281799,0.9943611279257466,0.9919196428571428,0.9894119372058374,0.9871685981203133,0.9859781219298371,0.9848265331812769,0.9838398682490667,0.9846960811795831,0.987123496524759,0.9918295740504989,0.9947312498176304,0.9955707972707882,0.994801329892947,0.9930806814397254,0.991941348829181,0.9901607910377312,0.9893766836253853,0.9889136879323542,0.9879238058792446,0.9896242595450547,0.9935236813549242,0.9981916817359856,0.9990110190124454,0.9990110190124454,0.9990110190124454,1.0,1.0,1.0,1.0,1.0,1.0043446466210695,1.0206048092226954,1.0457937260992696,1.0747824128115337,1.090884709756833,1.094953107208841,1.0825284836400135,1.0611340736877473,1.0336008972901993,1.013388316186223,1.0024202665915638,1.0006961286605294,1.000001257866382,1.0064579864572292,1.0238330889542322,1.0430768453328645,1.0506552044613153,1.037637400439258,1.0183923861942439,1.0014074459675708,0.9911504424778762,0.9840582438963158,0.9786747630703571,0.9730802152115432,0.9703810131971052,0.9708724857126837,0.9754531583393332,0.9804826541734268,0.9834290988808124,0.9852402745053791,0.9847665771730431,0.9838040487505625,0.9815379395372533,0.9801722213674414,0.9773908167437008,0.9749843817273449,0.9713479522504288,0.9732581462628785,0.9779553908526961,0.9838433237438483,0.9862183424583808,0.9849499135593401,0.9833694116545241,0.9797395161480044,0.9788127002749879,0.975734010020612,0.9760677687326961,0.9741174707394998,0.9751999048632355,0.9745981150715254,0.9769795434149696,0.9791490487381381,0.9813405056932861,0.9818027390503353,0.9801469944131235,0.977997249862628,0.976107529917908,0.9749784464631763,0.9745307884162694,0.973851342174218,0.9735130030219512,0.974833884441443,0.976375228547761,0.9791948592934698,0.9807215267650097
394775,30,"Las Vegas, NV",msa,NV,0.9888432631483909,0.9944183996153552,0.9978835978835979,1.0,1.0,1.0,0.9976699155295646,0.9943695854965613,0.990150176213861,0.9877633916548086,0.9861617609034982,0.9855758352837762,0.9861120993839254,0.9869979959112108,0.9877629267732292,0.9886703473642641,0.9883296942744443,0.9880410939858439,0.9870407740506434,0.9871239871239871,0.9870085470085471,0.9863800904977377,0.9856784703931325,0.985220954053263,0.9877840183829054,0.9894104466359147,0.9900172701292328,0.9886524628802006,0.9886678256719673,0.9896955413159217,0.9910797321173349,0.9918196495514411,0.9928045332891978,0.9920347633403009,0.992465432551234,0.9947479704605183,0.9978372533117059,1.0,1.0002780094523214,1.0033369520283515,1.0057179044093039,1.0055633974887845,1.0025044549127544,1.000123502531802,1.0,1.0,1.0,1.0000038760140622,1.0018818102863627,1.005219609384999,1.0080642222884004,1.0061862880161,1.0028484889174634,0.9965635738831615,0.9919973638374994,0.9861567297115087,0.9829264891616804,0.9815987895806234,0.9804073883508563,0.9805547806411056,0.9809185147448624,0.9834662451678851,0.9871781909391014,0.9904833493733185,0.9930469469058946,0.9944453098624725,0.993939125936741,0.9936772488558288,0.9925076611321216,0.9907645892159493,0.9887806716138523,0.9879641632577875,0.9898905621215747,0.9934793465322483,0.9968744082606434,0.9994222823275049,0.9981724144843418,0.9964133995327148,0.9938688702706283,0.9933391462386639,0.9916782047131041,0.9904761754743046,0.988674087739258,0.9886752407976416,0.9896895588613691,0.9912914113870048,0.9922581904520545,0.9916063361345598,0.9906150828951121,0.989404465861348,0.9882840561114966,0.987328349603473,0.986370231383192,0.9864311684826279,0.9859438815256792,0.9861201966890337,0.987153355527156,0.9887975761836626,0.9900368924229789
394735,31,"Kansas City, MO",msa,MO,0.9934451238908893,0.9973301277758932,1.0,1.0,1.0,0.999202097316918,0.9977978835583179,0.9963003819339424,0.9933799435519094,0.990339712866065,0.9870391329556684,0.9871745726143154,0.9895225810000596,0.9943206625348316,0.9979035639412999,1.0,1.0,1.0,0.9982997445063665,0.9965533925685857,0.9936294159603986,0.9919283109098144,0.9889963002744957,0.989651381215849,0.9930527417600666,0.997731104333166,1.0,1.0,1.0,1.0,1.0,1.0,1.0,1.0,1.0,1.0,1.0030864197530864,1.0107396742806307,1.0225043801629834,1.0299999709919077,1.030680049797697,1.024229504590555,1.0136474940085443,1.005314160675211,1.0,1.0,1.0,1.0003118871700247,1.010131530229301,1.0234648635626342,1.0370418652814986,1.0378645050923152,1.030090942455323,1.016202053566434,1.0055597706963413,1.0,1.0,0.9996325718702092,0.9977647918601639,0.9977647918601639,0.9981322199899548,1.0011163381123058,1.004368370632631,1.0090632063133822,1.0080194331180763,1.0047674005977512,1.000072564917,1.0,1.0,1.0,1.0,1.0,1.0,1.0,1.0,1.0,1.0,1.0,1.0,1.0,1.0,1.0,1.0,1.0,1.0,1.0,1.0,1.0,1.0,1.0,1.0,1.0,1.0,0.9996493430290077,0.9964244800891926,0.9964244800891926,0.9967751370601848,1.0,1.0
394492,32,"Columbus, OH",msa,OH,0.9909995023581152,0.9957081545064378,1.0,1.0,1.0,1.0,0.9974958246324735,0.9938857163292245,0.9899081079952761,0.9870592024416304,0.9855213055968743,0.9855541407552805,0.9878291147122354,0.9929771198602406,0.996921893035783,1.0,1.0,1.0,1.0,0.9973639119546593,0.9940305786213259,0.9898546014630654,0.9879736280182291,0.9887252438064918,0.9929012209647525,0.9974182824549295,1.0,1.0,1.0,1.000001510808062,1.000001510808062,1.000001510808062,1.0,1.0,1.0,1.0,1.0046281956473793,1.0137297546272839,1.0277633797488623,1.0357432908014934,1.0376863093332322,1.0308494544415994,1.0226857921860335,1.0146588072669827,1.009110926446259,1.0047276044113271,1.0017100118187345,1.0047704719218797,1.0147152353275526,1.031116582647712,1.0422989341359332,1.0448795282740695,1.0363643266235358,1.020577652092496,1.0079911721391746,1.000105026469549,1.0,0.9980897803247374,0.9953936045785986,0.9953936045785986,0.9973038242538612,1.0004790486604656,1.0053933994341548,1.0097318146421352,1.0133178066320763,1.0084129799400274,1.004074564732047,1.0000095240816405,1.0,1.0,0.997372941295342,0.997372941295342,0.997372941295342,1.0000537721137819,1.0000577072055457,1.0000677075055546,1.000013935391773,1.000010000300009,1.0,1.0,1.0,0.9986403649848231,0.9959683435658137,0.9959683435658137,0.9973279785809906,1.0,1.0,1.0,1.0,1.0,0.9985978767848457,0.9962181063809038,0.9927266854576108,0.9893652020149483,0.9876528511154871,0.9882239549757846,0.9929875616336014,0.9970796829370046,1.0
394705,34,"Indianapolis, IN",msa,IN,0.9822581062529859,0.9880748473638447,0.9943202162640247,0.9969970767881673,0.9963179627185328,0.9922212985129452,0.9886600104546841,0.9859643858554624,0.9838952013130949,0.9811634706588669,0.9789884566446924,0.9783272550660347,0.9805034301647071,0.9849201235872934,0.9900377722045044,0.9930740958785167,0.9932225328137099,0.9911005168985906,0.9881615114576517,0.9866248612156117,0.9852479455067994,0.9841501957587292,0.9816990365701096,0.981496333867407,0.9837930616787,0.9894296561845689,0.992935930315843,0.9956872530671657,0.9971428571428572,0.9990476190476191,1.0,1.0,1.0,1.0,0.9989875245821042,0.9989875245821042,0.9989875245821042,1.0003705762460626,1.0050002058756922,1.0108384043744412,1.0147413324018828,1.0116620903691524,1.0059332467401545,1.0017550077805495,1.00020462018365,1.000095265313899,1.0,1.0,1.0019070684369344,1.0086266875080099,1.0167257823150608,1.0211006228681374,1.0145612814246086,1.0064621866175576,1.0001802776275464,0.9994204789976049,0.9956109551880811,0.9901373026439515,0.9840988431208032,0.9825320228443054,0.9862267108431153,0.9928446913686587,0.9982210354546804,1.0,1.0,1.0,0.9984029823881091,0.9964297905802572,0.9927058899798761,0.9888975021863619,0.9849092915490282,0.983938356468658,0.9876750092666375,0.9936364117118229,0.998331247392574,1.0,1.0,0.9986772486772487,0.9958432068334545,0.9921395031297507,0.9899679815802388,0.9885826141413325,0.9871482127069312,0.9860345628184902,0.9878696134936561,0.9917480458276052,0.9963559685883094,0.998740327195844,0.9988545246277205,0.9951508209240169,0.991066466502078,0.9870439832180268,0.9863032424772861,0.9847378793851006,0.9837262009471107,0.9826235672859825,0.9845695810964031,0.9888106707046903,0.9943577488102627
394475,35,"Cleveland, OH",msa,OH,0.9694887152195415,0.974894984568861,0.9805856195580803,0.984599268175943,0.9859925080744808,0.9846680950123714,0.9821315996234973,0.9798163930030928,0.9783737347909347,0.9769714398409987,0.9735867700140289,0.9718509227812059,0.9717796660213635,0.9760987122064383,0.9806669432810601,0.9849946506382459,0.9872382403818358,0.9861465403533413,0.9839069132807762,0.980773835514681,0.9793479036053722,0.9768500355932836,0.9744932245330681,0.9736839963973551,0.9757662525197537,0.981130962519169,0.9861537565957029,0.9926336498680491,0.9969254953616113,1.0,1.0,1.0,1.0,1.0,0.9980632666236282,0.9965549709976855,0.9965549709976855,0.9991969682068458,1.0045812328250365,1.0124727522203905,1.0184341550542688,1.0187248527286874,1.0108333333333333,1.0041666666666667,1.0,1.0,1.0,1.0,1.0015873015873016,1.0082539682539682,1.0172345127795366,1.0251710207160445,1.023594752504705,1.014614207979137,1.0050903984553274,1.0,0.9981238273921201,0.993073322341615,0.9851777075101115,0.9816047575373066,0.9860247928610747,0.9939204076925782,0.9995548183962945,1.0011244415621847,1.001219706876084,1.0010344187530527,1.000095265313899,1.0,1.0,0.9972319688109161,0.990989771557483,0.9879604694484868,0.9907285006375705,0.9969706978910038,1.0,1.0001667500416875,1.0001667500416875,1.0001667500416875,1.0,1.0,1.0,0.9961317860477524,0.9916873416033081,0.98921933517804,0.9930875491302875,0.9975319935747319,1.0,1.0,1.0,1.0,1.0,1.0,1.0,0.9962461737472971,0.9916152573945909,0.9878143270577642,0.991568153310467,0.9961990696631732,1.0
395059,36,"San Jose, CA",msa,CA,1.0680192894159009,1.0877931780884436,1.0910912939812996,1.084253060931875,1.0611728702164962,1.0388106587023562,1.0195509771761142,1.0080245367214478,0.9997930527342302,0.9968780403657457,0.9925399845583657,0.9942096870477403,0.9959002096203063,1.0000137123562054,1.0002852032666307,1.0002852032666307,1.000271490910425,0.9985001874765654,0.9964908225172584,0.9937681465157024,0.9932765374705096,0.9923360499224421,0.9917649342094981,0.9941401417271433,0.9991605542695788,1.0045507820427788,1.0041669960937611,1.001002937281004,0.998906501222304,0.998906501222304,1.0,1.0000303057853743,1.0000303057853743,1.0000303057853743,1.0008236223041822,1.011494213483248,1.0173939184979972,1.0225227983197518,1.0221086173970964,1.0247559209293555,1.0276431754385114,1.0240585640017061,1.0206409746466167,1.0179225313114684,1.0154624051593302,1.0273207827717217,1.0424115906838987,1.0507355305520443,1.0573723490273668,1.0523832521027858,1.0531986607611838,1.0330828174113755,1.0151847512477883,0.9982883324394566,0.9912711357639217,0.988031498804684,0.9849074496578153,0.9800300040838584,0.9794241781872818,0.9814611141075664,0.9898469844272336,0.9953674891590948,1.005050505050505,1.0168199089224652,1.0298213535274214,1.035896222888555,1.0344360973671103,1.0298131680161415,1.0225433072201886,1.0139887675588717,1.0073044387513925,1.0167356723000087,1.0342117028415794,1.0568379741919236,1.0643854457798352,1.062288632935359,1.0463016793052582,1.0328251769526073,1.0211777765690773,1.0225243629164658,1.0210663515316527,1.0174477246718834,1.0102760145496423,1.0212446593445543,1.0350843274811183,1.045269094186556,1.0335487495248998,1.0197604174133388,1.0071674474604395,1.0020194423124344,1.000365149512967,1.0026809994169266,1.0033063902862198,1.003041417917691,1.0007065700549502,1.0096833739730369,1.0201000406397034,1.0276218689727992,1.0225520186435981
394902,37,"Nashville, TN",msa,TN,0.9894780095692708,0.9924926538762254,0.9956569050839549,0.9960177047396485,0.9945025401903251,0.9917930349595495,0.9895501319636799,0.9864017074170484,0.9870325609624307,0.9862613955903221,0.9859574729263162,0.9862305690561538,0.9872324066965449,0.9918215121358864,0.9926156997076195,0.9954768985706456,0.9937207918965062,0.9934285895342051,0.9910236027775854,0.9893208939182357,0.9888557567813662,0.9870129141419878,0.9879354492804754,0.989820435833236,0.9924394660100591,0.9936598014341218,0.9921590830050867,0.993463297784718,0.99587213893052,0.9989232449564543,1.0,1.0,1.0,1.0,1.0,1.0,1.0,1.0019107798873577,1.0068859042654672,1.0136886253539024,1.0187526289416733,1.0168356085390988,1.01021316507821,1.0034661682585901,1.0011834933685075,1.0010032157409612,1.0007754290854525,1.002756767133807,1.0104825052943276,1.0215936164054389,1.0285432641957044,1.0256760570440433,1.0145649459329322,1.0048585310088596,0.9964827699398486,0.9921537656108442,0.9863417509378891,0.983192314331374,0.9801039214924754,0.979954533720245,0.9831124284570872,0.9873583668791394,0.9915328112841113,0.9929903011626537,0.9932632091838668,0.9920131511852776,0.9896368557539538,0.9877161293701576,0.9855431834535716,0.9839736761742021,0.9828405723302548,0.9836060898411992,0.9860253971843987,0.9893847739562219,0.9915113376059644,0.9926351897075887,0.9915977574948739,0.9892476379085147,0.9878841163700288,0.9873397671669507,0.9871478500490526,0.9859647533082558,0.9840789328440005,0.9841777999931294,0.9850939891676246,0.9877181691113922,0.9891565466557876,0.9898044749608879,0.9885788964157216,0.986400652401687,0.9843565067111274,0.983572251508733,0.9839757579574364,0.9834683058127386,0.9815071582697305,0.9802083428467698,0.9816144112013219,0.9852346887894949,0.9878315814049633
395194,38,"Virginia Beach, VA",msa,VA,0.9866163770038692,0.987659460904096,0.9899808181597797,0.9907578383884883,0.9908918788020132,0.9919633872826813,0.9909155441926097,0.9886087283143837,0.9853360735881961,0.9843450399697026,0.9849254181758745,0.9856698492417707,0.9865133286410487,0.9885300753368176,0.9904889482210505,0.9942195200314531,0.9950503863037214,0.9973109227021889,0.9960098835340849,0.9960054907343857,0.9937817860423688,0.9908198824018518,0.9859157463149201,0.9821092374985376,0.9821650274786734,0.9833842837890338,0.9829940839719201,0.9835399588556871,0.9849005676081708,0.9869746084829986,0.991178818890818,0.9956536275493146,1.0,1.0,1.0,1.0,1.0,1.0022843085573714,1.0067287530018156,1.0121137826194786,1.0142274688878292,1.0122705866324395,1.0070789464826562,1.0026809516569342,1.0001933894678794,1.0,1.0,1.0015839147418095,1.0077567542479824,1.0163589047856167,1.0231083233771405,1.0229960899315738,1.0170979892381762,1.0087646559048429,1.0027040498442368,1.0,1.0,1.0,1.0,1.0,1.0,1.0,1.000262553033549,1.0020495437411974,1.0021857104768925,1.0019231574433436,1.0001361667356952,1.0,1.0,1.0,1.0,1.0,1.0,1.0,1.0,1.0,1.0,1.0,1.0,1.0,1.0,1.0,1.0,1.0,1.0,1.0,1.0,1.0,1.0,1.0,1.0,1.0,1.0,1.0,1.0,1.0,1.0,1.0,1.0
395005,39,"Providence, RI",msa,RI,0.9826070933268661,0.9863803469362075,0.9912821492168762,0.9960874841192985,0.9988501782223755,0.9969176574196389,0.9930576520558597,0.9881010225639143,0.9864963299373931,0.9844039543487914,0.9825521914550205,0.9811831116024532,0.9811234685067379,0.9842156887343304,0.9880489641160919,0.9940609881641881,0.996719333973653,0.9968040463208364,0.9934700182535862,0.9902422527620116,0.9879615427403552,0.9864470859591205,0.9865134637802319,0.9860026215615654,0.9888061166349992,0.9930253306541209,0.9979550102249489,1.0,1.0,1.0002021427127552,1.0027025973408694,1.0064324650964906,1.0125135358879553,1.0121636188942498,1.0094977503524891,1.0033661209016267,1.0038822499338849,1.0092285071302807,1.0171760178839742,1.0262740570996602,1.0310124526507403,1.0320838001306365,1.026179185238407,1.0186342628808,1.0119598496385545,1.008428047356231,1.0051579847528351,1.0045190087906108,1.009625664320729,1.0192287633547226,1.0292176348035076,1.0344304578717651,1.0322636996074461,1.0226045254983676,1.010042250198689,1.002272242428681,1.0000854920064974,1.0,1.0,1.0,1.0,1.0003588087549335,1.0055118854448395,1.0128323174228058,1.0202915612620442,1.0214725125088828,1.0182148834377012,1.0139030811463219,1.007659818668987,1.0035970157622023,1.0000907654594096,1.0,1.0007891713140713,1.0049365243270012,1.010703537014429,1.0155247397777543,1.0167914453301887,1.0135984735888948,1.0079880995114985,1.002574040946134,1.0000512899420424,1.0000512899420424,1.0000512899420424,1.0,1.0000554115214737,1.0011702387232575,1.00317047404506,1.0064531714061078,1.0054124347429623,1.0034121994211598,1.0000740905386383,1.0,1.0,1.0,1.0,1.0,1.0,1.0001667500416875,1.0015176948826643
394714,40,"Jacksonville, FL",msa,FL,0.9770253278113902,0.9794563342955445,0.9818314763986723,0.9825568418712759,0.9822864058011423,0.981375868389074,0.9803570949611736,0.9793701040546026,0.9785789052903603,0.9771130660699116,0.9764041343638395,0.9764243455709538,0.9779894179894179,0.9795086321519598,0.9813251392316248,0.9820756148247479,0.9823200690925411,0.9819854898581665,0.9816516809317101,0.9811243529336954,0.9802414401100962,0.9794989765542321,0.9787715254438979,0.9790568358260169,0.9806729552958594,0.9827068306525603,0.9844811241874503,0.984570875830916,0.9852628751742002,0.9863079599392037,0.9873946356392439,0.9880177736954195,0.9882692334405503,0.988763279303409,0.9892046541050149,0.990837613648791,0.9945434845284478,0.9981807155852032,1.0,1.0,1.0,1.0,1.0,1.0,1.0,1.0,1.0,1.0,1.0000467573759761,1.0004917952041914,1.0010989597457822,1.001052202369806,1.0006071645415908,0.9984459984459985,0.9936150805716023,0.987308774265296,0.9809654334737946,0.9768478054868933,0.9747028481888783,0.9754871826211599,0.9780313776845139,0.9819164312431731,0.9842056808490592,0.9866884630195517,0.9866035102745162,0.9854748876294704,0.9838409007013658,0.9825396825396825,0.9822355394837127,0.9803735820283036,0.9776491325647237,0.9757244105063659,0.9773065061063505,0.9800392918902023,0.9821689138986178,0.9822239844887887,0.981121261334693,0.9793750843095763,0.9777480237229782,0.9769720372696699,0.9760548591169566,0.9748113329442519,0.9741287285886395,0.9754966686968675,0.9772583523545612,0.9788762816484639,0.9791897322322639,0.9784093656355082,0.9760375356774714,0.9743986759227008,0.9731197465805773,0.9731197465805773,0.9727831858704343,0.9731725131725132,0.9732351113111838,0.9742119918061367,0.9749804479836078,0.9771543383018981,0.9785523675675485
394862,41,"Milwaukee, WI",msa,WI,,,,,,,,,,,,,,0.9901048242697211,0.9936018365792484,0.9934793713252041,0.9987615509193103,1.0,1.0,0.9970357195790722,0.9927517181550153,0.9885998363026957,0.9873593900308584,0.9850470681557534,0.9891989500080731,0.9914023424780228,0.99962722917695,0.99962722917695,1.0020136162616777,1.0007530434380645,1.0008279666417808,1.0007097939506717,1.0003418033745195,1.0002668801708035,0.9938085118658876,0.9938085118658876,0.9998954683876268,1.0142920847268673,1.0213060321130707,1.02979102458951,1.03175764892732,1.030927768474547,1.019848216669553,1.0100301118724009,1.0038460449389708,1.0003536477457862,1.0,1.001070851070851,1.0110368381976242,1.0246675693004743,1.0404195545479549,1.0461077125273273,1.045020221401138,1.0326636365767994,1.0170094914706536,1.0044662514939926,1.0,0.9980099502487563,0.9980099502487563,0.9980099502487563,1.0000392156862745,1.0044996999113585,1.0171730043383163,1.0284815377822776,1.033015644306919,1.0271450609683965,1.0197188804656119,1.010746002851311,1.003943281762876,0.9961001445079739,0.996078431372549,0.996078431372549,1.0,1.0062554225940052,1.0133030653249602,1.0207862097274203,1.019096997179077,1.0150856109224924,1.0076024665200325,1.0030362564743704,1.0,1.0,1.0,1.0,1.0002064777827235,1.004114183714156,1.00812219974622,1.0136115148437554,1.0143451591232935,1.0104054911111835,1.0047109103565446,1.000069560145574,1.0000012121256199,1.0,0.9946666666666667,0.9946666666666667,0.9953033311193686,1.0007954702332322,1.006777621846452
394935,42,"Oklahoma City, OK",msa,OK,0.9821238443634338,0.988265740225553,0.9890233766134416,0.9864928886823999,0.9889176270218769,0.9893669386878541,0.9890419175674027,0.986925470501521,0.9858700982294831,0.9851264541405387,0.9839733366049156,0.9838283262055983,0.9849202002813433,0.9869802203604768,0.9904577744240806,0.9926790889932278,0.9938474966299796,0.9919812286255172,0.9898279911405762,0.9878339064911227,0.9873601274638372,0.9869262679008403,0.9861326850995716,0.9864961574791811,0.9895022728717627,0.9949094658229737,0.9975199910212225,0.9989159891598915,0.9989159891598915,1.0,1.0,1.0,1.0,1.0,1.0,1.0,1.0,1.0,1.0,1.000498243603024,1.0006866494001256,1.00080573955137,1.000307495948346,1.0001190901512444,1.0,1.0,1.0,1.0,1.000392618767177,1.0044742514202383,1.0103566043614147,1.0144084300386822,1.0103858048795729,1.0045034519383962,1.0000590074939517,1.0,0.998095238095238,0.994625165855816,0.9912867777581363,0.9901885366598951,0.9936586088993172,0.9969969969969971,1.0,1.0,1.0,1.0,1.0,0.9977011494252874,0.9943571840652247,0.9900569579162947,0.9882560181113136,0.9889279727833337,0.9911705073573674,0.995270297737061,0.9979423084251039,1.0,1.0,0.9970247255565815,0.9955920608001345,0.9915638266514185,0.9918670904067941,0.9896765667574442,0.9893757965771558,0.9874310020943767,0.9874699611094929,0.9901272418078477,0.9924609419558386,0.9960451713465196,0.9942269765427573,0.9930378593433661,0.9894900257955325,0.9886509399009399,0.9878857979073438,0.9870965656655977,0.9862973648663967,0.986027524156149,0.9870312566123953,0.989614932478514,0.9923631224529531
395012,43,"Raleigh, NC",msa,NC,0.9942767405936008,0.9977959927140255,1.0,1.0,1.0,1.0,1.0,0.9979919678714859,0.9954971442415124,0.9933184950040396,0.9915151883998238,0.991747299156152,0.9929597648187456,0.9967711035514754,0.9990338164251208,1.0,0.9984375,0.9967700723876476,0.9946224517252763,0.9935567173738042,0.9922858557184057,0.9909247044509525,0.9900441668725999,0.9911765347574075,0.994685306687232,0.9981940786170567,1.0,1.0,1.0,1.0,1.0,1.0,1.0,1.0,1.0,1.0019607843137255,1.0093681917211328,1.0205423277300516,1.033778322218768,1.0456016840421298,1.055932924377297,1.0592546640933735,1.0549326805629093,1.046940817732337,1.0395334103249294,1.035735735735736,1.0312312312312313,1.0334534534534534,1.0438918057938231,1.0594076373959052,1.0691362339169546,1.0616712775077273,1.0429185508396646,1.019856620985282,1.0057721139430285,0.9965240831382564,0.9917786345768748,0.9863141537025578,0.9827725267046524,0.9838816116296704,0.9872245874013817,0.9942421312610309,0.9978784948973946,1.0,1.0,1.0,1.0,0.9996782086621198,0.9975276710277111,0.9935770417846594,0.9896032218612373,0.9906784906784415,0.9946291199214933,0.9989247311827958,1.0,1.0,0.9982084001509889,0.9959430279827042,0.9923684937049592,0.9906513216241456,0.9888944897702263,0.9887560589801531,0.9875224601026744,0.9885848053825228,0.9895766820149671,0.9943190528222702,0.9954730849924441,0.9954544474004211,0.9919009212715525,0.9891716004514439,0.9873680487482007,0.9863553648314073,0.9857282703357919,0.9845713269696326,0.9825286756215358,0.9824006177798831,0.9844297491128776,0.9876716071396334,0.9900960434450624
394849,44,"Memphis, TN",msa,TN,0.9789579024330989,0.9869131396172776,0.9922894837032992,0.9974176888315043,0.9970887918486172,0.9947108020501969,0.992322888748762,0.99047219213824,0.991034640905433,0.9875426888148073,0.9825006720080848,0.9796205466235012,0.982079887869065,0.9906259478024723,0.9953216142182834,0.9987421383647798,1.0,0.9984982242516489,0.9964901921231348,0.9936772526013345,0.9912318523153422,0.9921283616576391,0.9888233923918978,0.9904684329971708,0.9902688242019276,0.9963867329894693,0.9986888684185398,1.0,1.0,1.0,1.0,1.0,1.0,1.0,1.0,1.0,1.0,1.0,1.0042424242424242,1.010156380273371,1.010156380273371,1.005913956030947,1.0,1.0011822557020296,1.0011822557020296,1.0011826029604245,1.000000347258395,1.000461302033256,1.0059715074832978,1.0124794439912341,1.01780511426315,1.0149192334707238,1.0084112969627872,1.0026246719160106,1.0,1.0,1.0,0.9961538461538462,0.9930430488988803,0.9913295773120776,0.9940546867421679,0.9971654839971338,0.9988789555839365,1.0,0.9999666666666668,0.9999666666666668,0.9974645815957742,0.9923729259847396,0.9874495919247149,0.9838788025016801,0.9829927871931524,0.982561368910473,0.9837779752957821,0.9862374828464961,0.9897289420637714,0.991067180269135,0.9929943288478663,0.9900556942846771,0.9892595335089075,0.9859495614349854,0.9852044110180311,0.9842658826939971,0.9831485788330765,0.9834459876264797,0.9841604089542574,0.9862904643850996,0.9873734670306021,0.988611434672879,0.9879001541786074,0.9866904767592527,0.9841553893812759,0.9824790274529228,0.981568130126829,0.9806645656908483,0.9801313642530042,0.9798826579527011,0.9825926271208184,0.9854983480364717,0.9888596925742869
395022,45,"Richmond, VA",msa,VA,0.9960751464651127,0.9999605252769811,1.0,1.0,1.0,1.0,0.9985051445450482,0.9952811276655691,0.9928916414051151,0.9914366443526923,0.9908914527659493,0.9888891878807291,0.9918390403881037,0.9956082488543258,1.0,1.0,1.0,0.9997315759637188,0.9997315759637188,0.9997315759637188,0.9993815708101422,0.998048841111042,0.995352658338231,0.9947758934663161,0.9961086231654162,0.9988048059382274,1.0,1.0,1.0,1.0,1.0,1.0000555648163583,1.0000555648163583,1.0000555648163583,1.0,1.000098068059233,1.0032131617338444,1.0118040067139702,1.0236551611521156,1.0310641895990005,1.031605764710199,1.0256089231652015,1.0176822036411077,1.0107485522393174,1.0079130095087785,1.0060744776702466,1.0040146557640948,1.0085498091565084,1.018939210415475,1.0353461573518998,1.0451195772602777,1.0463215584226306,1.0369428433108199,1.0196126971020851,1.007262443921895,1.000095265313899,1.0,1.0,1.0,1.0,1.0,1.0006153846153847,1.0058766233506038,1.0105714590313548,1.0136537164114845,1.0096745668171427,1.0049797311363917,1.0013087579410478,1.0000266688001707,1.0000266688001707,1.0,1.0,1.0,1.0001041992289257,1.0020012181991154,1.0022021424506724,1.0020981515553407,1.000201132585151,1.0000002083335937,1.0,1.0,1.0,1.0,1.0,1.0,1.0,1.0,1.0,1.0,1.0,1.0,1.0,1.0,1.0,0.9992560508263727,0.9992560508263727,0.9992560508263727,1.0,1.0000085472277067
394807,46,"Louisville, KY",msa,KY,0.9856571382142035,0.9891214356400111,0.9919153717068708,0.9923072086114099,0.9913370836797748,0.9901982017506087,0.9893761076408434,0.9886705530328498,0.987305380394831,0.9841868575135716,0.9826227255734407,0.9810960394764902,0.9825019178224329,0.9856871010875808,0.9897470895455953,0.9919323258932579,0.9918559900153952,0.9902877934792791,0.9890998614573094,0.9877179245693878,0.9867921810323533,0.984450145820099,0.9822756455873479,0.9823621328456325,0.9843387949443825,0.9895591163165856,0.9907554182009634,0.9932934892153411,0.9942608143722714,0.9980155077389797,0.9992978760751273,1.0,1.0,1.0,0.9981874206996556,0.9981874206996556,0.9981874206996556,1.0,1.0,1.0,1.0,1.0,1.0,1.0,1.0,1.0,1.0,1.0,1.0,1.0,1.000117000117,1.000117000117,1.000117000117,1.0,1.0,1.0,0.9986308518533914,0.9944458610745576,0.9894206085493051,0.9876049910437797,0.9917899818226137,0.9968152343478662,1.0,1.0,1.0,1.0,1.0,0.9985185185185186,0.9963365136410959,0.9929000875242574,0.9899906177759136,0.9884532434049073,0.9918896695217457,0.9962806207515711,1.0,1.0,1.0,1.0,1.0,1.0,0.9995114205447662,0.9960570963752358,0.9920570963752358,0.989595823323095,0.9930501474926254,0.9970501474926253,1.0,1.0,1.0,1.0,0.9978219318131307,0.9945739871678138,0.9908448454578748,0.9885775973987215,0.9870067255641266,0.9862007198817756,0.9876227630728209,0.9924415795527327,0.9969767269450229
394910,47,"New Orleans, LA",msa,LA,0.9763001529009318,0.97898315896121,0.9790578136831213,0.9806640143034898,0.9795977407550103,0.9781977761971511,0.9775159508078762,0.9757484876239907,0.9760246166844037,0.9730851490421984,0.9721353222390438,0.9714364095738185,0.9747380500449573,0.9769762339220259,0.9794251788450351,0.9802487767670897,0.9816221209141562,0.9814012639454454,0.9807858964673652,0.9793044149858837,0.9791689807273207,0.9782570327867507,0.9762600514794245,0.9750241538577981,0.976389853114832,0.9793426289263398,0.9806405240844328,0.9815884847032795,0.9821336481447543,0.9834859556015402,0.9840139594466097,0.9853905049763328,0.9858300646264953,0.9874452274767688,0.9870490230344124,0.9879980235420408,0.9900360342682558,0.99496214264264,0.9989069158181825,1.0,1.0,1.0,0.997944339025933,0.997944339025933,0.9952776723592663,0.9933674236643849,0.991265149702568,0.9923431901012857,0.9963090997702341,0.998411373732051,1.0,1.0,1.0,0.995438596491228,0.9891133947028883,0.9816646051311938,0.9792330016469587,0.9783118266237042,0.9769333217110665,0.9751278790916703,0.9752377574100751,0.9773301932187057,0.9798687239455507,0.980944616378134,0.981199291895301,0.979707272796363,0.9768789899680802,0.9740405444183992,0.9707240184752278,0.9694965461839259,0.9661797958307697,0.9684299176067617,0.9694538397279957,0.9746404292176729,0.9755222634328405,0.9771715788350915,0.9768684304222899,0.975943316000243,0.9731835966060117,0.9724913682313393,0.9719320061569284,0.9725111444557787,0.9712465729508694,0.9716537254389195,0.97336440304721,0.9747808489877596,0.9759515436777737,0.9756152150210299,0.9764444047446137,0.9758362783951943,0.9754896456570524,0.9741223385002714,0.9737399983548182,0.9738802681574077,0.9731551087255502,0.9721180975626932,0.9732707385731728,0.9761596406950886,0.9794943078953021
395053,48,"Salt Lake City, UT",msa,UT,0.9987694847802379,0.9990124113306807,1.0,1.0,1.0,1.0,1.0,1.0,0.9977382277345845,0.9944590501088347,0.990671171320956,0.989783687876313,0.9930628655020629,0.9968507442899416,1.0,1.0,1.0,1.0,0.999748427672956,0.9984357880455658,0.9984357880455658,0.9975980357538733,0.9989106753812637,0.9989106753812637,1.0,1.0,1.0,1.0,1.0,1.0,1.0005351473922903,1.0005351473922903,1.0016482274486955,1.0011130800564052,1.0011944491324998,1.0036762177764185,1.0137772278774284,1.0276812251067893,1.038270773569586,1.0420593757386014,1.0383832877836616,1.030151271572922,1.0190627797510756,1.0092751498095325,1.0033839473122803,1.0006689028358555,1.000480921427217,1.0081716809565846,1.0201217254184682,1.0328096743786885,1.0335865210423798,1.0234213079988257,1.0103996920382718,1.0018709073900842,0.997890647362512,0.9949666707543249,0.9910451021268739,0.9886559147081583,0.9876396018566197,0.9889921274525998,0.9934906675088037,0.9974309569685292,1.0,1.0,1.0,1.0,1.0,0.9983617391304348,0.9966418337769891,0.9938407133288099,0.992320857710772,0.9940407630642177,0.996841883512397,1.0,1.0,1.0,1.0,0.9988888888888888,0.9988888888888888,0.9988888888888888,0.999298245614035,0.9982843848058703,0.9975099644002415,0.9982117187862064,0.9992255795943712,1.0,1.0,1.0,0.999616316777607,0.9985395051834042,0.9962246903685893,0.9951691573935545,0.9947621768176907,0.9944049809444627,0.992607951187198,0.991395087452982,0.9940670981410248,0.9973033440957173,1.0
394669,49,"Hartford, CT",msa,CT,0.9787597330633205,0.980884536611233,0.983649733244112,0.9841742520471631,0.9862940215094685,0.98627358334797,0.9853141532374902,0.983897472474296,0.9821478952306552,0.9814177885774232,0.9800440523809915,0.9800341130506638,0.9795820932552267,0.9820796918503459,0.984099504957109,0.9881942324377923,0.9889952119975675,0.9890584401394351,0.9863801362943562,0.9837415092863666,0.9823645580642141,0.9819050722276529,0.9807804194854994,0.9803214258769898,0.9809357720731967,0.9846361838240453,0.9876179320053735,0.9897084281273641,0.9931063847698042,0.9966442362575915,1.0,1.0,1.0,1.0,1.0,1.0,1.0001802776275464,1.0053333543174523,1.0148201062166555,1.0261340814626723,1.0316193026451068,1.0289359661312456,1.021643393929951,1.011285463520554,1.0056191718810314,1.0029180907736561,1.002776670094095,1.004521390728679,1.0128136477003393,1.0286953198807325,1.0443566904084232,1.0512742560079695,1.0482073371852745,1.0370715296845876,1.0254893126766924,1.0177038817663817,1.012791776570627,1.008618681280053,1.0035837987372924,1.0012309818963228,1.0080066587799286,1.0174624001798096,1.033027692981406,1.0449047493974237,1.052683690781812,1.0536687025781848,1.0493990692655117,1.045374605340229,1.0390620698482813,1.0299863754440954,1.0206437112950761,1.0150736678008931,1.0194991951326682,1.0309051864137466,1.042908647364423,1.0488873587789622,1.0511078677387837,1.0477315638180709,1.0413591405198541,1.0288599040091835,1.0220095084289993,1.0167864026317306,1.0117562655627588,1.0098928274455456,1.0115562962518718,1.0254286780033788,1.0356752035685308,1.0467825585084736,1.0453907250499346,1.0402390467996332,1.0294357749548284,1.0233087715058529,1.0186434665658206,1.013999393072495,1.0076959941903159,1.0036577447021935,1.008661849909102,1.019095646470066,1.033613922920946
394425,50,"Buffalo, NY",msa,NY,0.982020126077546,0.982815509533509,0.9893514572459273,0.9952706799714056,1.0002530683930193,1.0002530683930193,1.0001755309812184,1.0,0.9956534749831238,0.9903712953890178,0.985463783120237,0.9842820696727967,0.983473646096415,0.9833785858964489,0.9889068243607654,0.9951335942669485,1.0002009042251754,1.0002009042251754,1.0000647374894802,1.0,0.9976342129208371,0.9943404052792033,0.9897179091312837,0.9848639454453464,0.9856234060148178,0.9902459021627378,0.9975637209870709,1.000098068059233,1.000098068059233,1.004105722350526,1.011991679281069,1.0187493552027156,1.0240933271267865,1.022668160738464,1.0201615475825088,1.012280480758892,1.0117378364198892,1.0180109293765243,1.0413931459956,1.066353675204486,1.0883367231855716,1.0881481367417967,1.078491233188408,1.0628257836954345,1.0520488923746083,1.0425132640885149,1.034212413639464,1.0286658658994094,1.0243544979835024,1.0371469275554481,1.0621637052999284,1.0936072514292037,1.1046668125577304,1.0912489687240519,1.0666138418298523,1.042710361566617,1.0286721934845293,1.0190135410881853,1.0105771187295849,1.0045775343354697,1.0001720819912687,1.0065366061950345,1.0228402986919252,1.0395629627511191,1.0553676689295513,1.0590639764326608,1.0606155499644319,1.0578258642063763,1.0485785523784192,1.0382843194432605,1.0227053475263002,1.0119526593542572,1.0041031256386248,1.0094179402666479,1.0240348927816585,1.0448401576231146,1.0571936973891591,1.0604187936916423,1.0548466924645006,1.0444415855635893,1.0367517120358856,1.0269375435155477,1.0193101654090706,1.0091579901192806,1.0036747220569169,1.0096014096688946,1.0296021163383877,1.0534237780215194,1.0636451635208344,1.059557965111788,1.0480119595516626,1.0376730833033645,1.0293475171445674,1.0207577162933996,1.0116009898529834,1.0041083130652328,1.0025302695244385,1.0076171233379092,1.0228318474131264
394388,51,"Birmingham, AL",msa,AL,0.982181642102329,0.9842009224225993,0.9867781551202843,0.9879705553159207,0.9881764143358559,0.98767246444696,0.9864502799438802,0.9848399014477321,0.9835399142316065,0.983165831812617,0.9832899356841494,0.9840623008243305,0.9849520921909983,0.986697692595512,0.9884960854943126,0.9903818557080482,0.9907659954207272,0.9905003956681945,0.9881719169976774,0.9867936819711555,0.9847735093017717,0.9841012859203125,0.9837360515647281,0.9852593398623598,0.9884877467699326,0.992792856788176,0.9964375916021536,0.9988988060404705,0.9985458716346335,0.9986271328080449,0.9986271328080449,1.0,1.0,1.0,1.0,1.0,1.0,1.0,1.001282297877797,1.004030218147956,1.008204338601146,1.008090503011373,1.005342582741214,1.0012897185024048,1.000121256214381,1.000121256214381,1.0,1.0010342853223988,1.0050869702261476,1.0104203035594808,1.0161095969189275,1.0182195711228574,1.013371137316428,1.0066475586345824,1.000484899526904,1.0,1.0,0.995368208510183,0.9900401884116778,0.9860719344434239,0.9907037259332406,0.996031746031746,1.0,1.0,1.0,1.0,0.9978632478632479,0.9970058600381551,0.9952462566445757,0.9936803515242149,0.9899355039778416,0.9876305550223892,0.9895042227961914,0.9941064581676576,0.9981710105166895,1.0,1.0,0.9967609793274269,0.9938381629484612,0.9896602754559417,0.988531156433193,0.9878634400943453,0.9864206740668114,0.9855477236153827,0.9859743041779927,0.9915949576980462,0.9968360478447966,0.9988066825775657,0.9975456485296464,0.9949001458841437,0.9914254629255169,0.9873424541354173,0.9856428295307648,0.9842179093935798,0.9835499281835024,0.9844251450937739,0.9874964763108198,0.993508500358916,0.9969784106987997
395031,52,"Rochester, NY",msa,NY,0.983428584661015,0.9882008148392017,0.9948034831285127,1.0,1.0,1.0,1.0,0.9959183673469387,0.9920180856586344,0.9869675806081294,0.9840316694015415,0.981068542150553,0.9848685261506204,0.9918860700102695,0.9987494789495623,1.0,1.0,1.0,1.0,1.0,1.0,0.9968317492079373,0.9929781703543584,0.9909077769796172,0.9940760277716799,0.997996286627926,1.000275143625765,1.0002751436257649,1.005499468914103,1.0109407228051295,1.018194503684424,1.0197969829386713,1.0189125739782758,1.0145182945485816,1.00835102641582,1.0037466483350832,1.0111964252359984,1.0281211931411585,1.0598168781260682,1.0864828672378115,1.0970046725098952,1.091266204933358,1.0744929576731193,1.0615211979902968,1.0492919389978212,1.04155952047295,1.0394454805583395,1.034508671711578,1.0500426991065464,1.0714614600727377,1.109257318820747,1.1328318267771136,1.131806134508763,1.1102544237918768,1.076876767319532,1.0587813240140047,1.0457964048165334,1.0379404570465791,1.0278931763817172,1.0223115127518232,1.0296808488830087,1.0568375963668275,1.0959209568534125,1.13279865578848,1.152499343097165,1.1516236108764306,1.1336135515398083,1.1093470854873255,1.0854907762662667,1.0632416077532898,1.0562942685841914,1.0563681302263894,1.0810487945583296,1.112730836920222,1.1480862673976038,1.1706846374704085,1.1750813641012199,1.1590304533600435,1.13736264699145,1.1071136379977855,1.0906914127288483,1.0708185396345034,1.064139997153602,1.0510439829136673,1.064471696503689,1.0929157291002347,1.1365755414948335,1.1546552699886508,1.1580053537407444,1.1411899446073148,1.1208618075788312,1.09576424992208,1.0833597888285167,1.070721999505137,1.0561563582240554,1.0408023963086956,1.0518176982547294,1.0817709810601408,1.1253787431325348
394640,53,"Grand Rapids, MI",msa,MI,0.9879303559824878,0.9939625600313633,0.9982456140350878,1.0001333866880084,1.0001333866880084,1.0001333866880084,1.0,0.9974485165385314,0.9947494612078972,0.9940083087157717,0.9938130784240524,0.9925151252704046,0.990582637773619,0.993329351526807,0.9973263600110891,1.0,1.0,1.0,1.0,0.9983206951204856,0.9972523111332268,0.993464432345348,0.9901404517653675,0.9888152787607313,0.9926031575486101,0.9976064430081051,1.0,1.0,1.0,1.0001333866880084,1.0002247530706332,1.0002247530706332,1.0000913663826247,1.0,1.0,1.0,1.007027697395618,1.0187293897437129,1.0326495061520575,1.0408756554030434,1.0415806416476736,1.035970774546808,1.0253510742416676,1.015040831707643,1.0084016351314713,1.004067783838749,1.0021380978217365,1.0086741157974994,1.0241773704691568,1.0427036440134847,1.052589695325713,1.049756502169361,1.0366833546232916,1.0186647953523866,1.0056944387883402,1.0000745627483942,1.0,0.9988505747126437,0.9952294578839798,0.9952294578839798,0.996378883171336,1.004521072796935,1.012192037759033,1.0192095816186821,1.0180891889577746,1.0127749521672003,1.0057574083075511,1.0023567281715238,1.0,1.0,1.0,1.0,1.0000740905386383,1.0018012062553912,1.0041651707361676,1.0058637256772687,1.0041413719333059,1.0017774074525294,1.00000476197279,1.0,1.0,0.9973502230980417,0.9934286544705907,0.9934286544705907,0.996078431372549,1.0,1.0000926183199037,1.0001671251910809,1.0001671251910809,1.0000745068711772,1.0,1.0,0.997828447339848,0.9949548841214572,0.9897680523230026,0.9919396049831546,0.9948131682015454,1.0,1.0001111481604978
395167,54,"Tucson, AZ",msa,AZ,0.9835067244557041,0.9853465012087055,0.9869907685632252,0.9888108270721344,0.9887445997671013,0.9888011864381214,0.9885977723567098,0.9896752134341509,0.9887581791780948,0.9888277309569745,0.9876915068833587,0.9883867491870854,0.9880570849429043,0.9886960229373375,0.9904705546205728,0.9918535807882467,0.9926704110269736,0.99318706825471,0.9926472366018264,0.9925012551263052,0.9939137912323274,0.9935345850662939,0.99243898146023,0.9903834503922292,0.9938922223220539,0.9977772262070577,0.9987473023137049,0.9987473023137049,0.9987473023137049,1.0,1.0,1.0,1.0,1.0,1.0,1.0,1.0,1.0001737015806844,1.0032040046109874,1.0074684163222074,1.0103716378184462,1.0081982328172778,1.0039338211060576,1.0008568980291346,1.0,1.0,1.0,1.0,1.0,1.0023391812865496,1.0060466298878306,1.0066477118353359,1.0043085305487862,1.0006010819475055,0.9977777777777778,0.9962237762237761,0.9921289486375694,0.9896260849491387,0.9862049621250307,0.9863782210837867,0.9901269497960085,0.9951020741741178,0.9990236428015687,1.0,1.0,1.0,1.0,1.0,0.9986205216901558,0.9954459185155526,0.9917339476160819,0.9900126507321275,0.9918485658210546,0.9936688232305958,0.99626378153011,0.9955191362824527,0.9947441831057158,0.9923514492753623,0.9914130049698503,0.990334353284457,0.9890437956907223,0.9876796084172872,0.986782910003873,0.9870194491522848,0.987506645254716,0.9884096061014045,0.9890288419380315,0.9884831663034367,0.9871164600048626,0.9860053488937516,0.9854751590484284,0.9863990068977534,0.9861767846755312,0.9866315930169013,0.985349026510619,0.985849026510619,0.9860330119605228,0.9879145914283719,0.9879786939924743
753924,55,"Urban Honolulu, HI",msa,HI,,,,,,,,,,,,,,,,,,,,,,,,,,,,,,,,,,,0.9931930814283755,0.9931930814283755,1.0,1.0,1.0,1.0007593014426728,1.0015762508457404,1.0020273108367193,1.0021345049011068,1.0018233723923233,1.0016289200482524,1.0007804262186921,1.000274609324408,1.0000180016775,1.0031449339860554,1.0037520985276462,1.0059743207498684,1.0037022802228246,1.0030951156812338,1.0008728934590116,1.0,1.0,1.0,1.0,1.0,0.9960451977401129,0.9934810951760104,0.9934810951760104,0.9974358974358974,1.0,1.0,1.0,1.0,0.9977324263038548,0.9926266640864952,0.9897367711972599,0.9888297417188019,0.9915046298408144,0.991189098165402,0.9923434993198031,0.9947743734151501,0.9979797979797981,0.9995548915958018,0.9969093889502991,0.9937962023814754,0.9942413107856737,0.9941833221049919,0.9943466561664409,0.9907806759986301,0.9892820229952816,0.9888901879504424,0.9889637350565536,0.9899138468657612,0.9903819711995844,0.9910493426126928,0.9902438160893116,0.989340200742388,0.9882203510931267,0.9881626837993848,0.9866488570736937,0.9848134215507369,0.983925520933839,0.9860499651102148,0.9884115085122206,0.9915098735618052
395169,56,"Tulsa, OK",msa,OK,0.9811517469309382,0.9827334506368685,0.9846322725356905,0.9845450650079367,0.9845411339488161,0.9846709807601047,0.9835847798563856,0.9819570621491422,0.9790902419972057,0.9776775452450384,0.9761324917029821,0.9772918817217547,0.9791094460506554,0.9831929641123412,0.986622451142691,0.9883155017710404,0.9896329559837881,0.9892926508596291,0.9881758332659971,0.9861350315223092,0.9851236993166385,0.9856207067269199,0.9839599076224582,0.9837545118303517,0.9848943016058896,0.9900373831940179,0.9925376760325646,0.9958721591876755,0.9976669582968795,1.0,1.0,1.0,1.0,1.0,0.9991431019708655,0.9991431019708655,0.9991431019708655,1.0,1.0,1.0,1.0,1.0,1.0,1.0,1.0,1.0,1.0,1.0,1.0,1.0008708405903384,1.0031646116341093,1.0059995864647757,1.0051287458744376,1.0028349748306666,1.0,1.0,1.0,0.994811225519887,0.9900425083048178,0.9846166756699155,0.9898054501500285,0.9945741673650977,1.0,1.0,1.0,1.0,1.0,0.9975322197185991,0.9935161554615709,0.990107839169819,0.9879786448217468,0.988185185269251,0.9883261814303101,0.992092119403333,0.993935272532655,0.9952701804154015,0.9942111827075907,0.9930525533877926,0.9911424745498753,0.9894295167801982,0.9869873387234804,0.9862610825104615,0.9844440730832895,0.9854886324142257,0.9882505403590232,0.9929809250311381,0.9975035437569199,0.9975304946650715,0.9962146794843457,0.9934927972658807,0.9913273018902692,0.9893661656217404,0.987759043511201,0.9874318910886863,0.9868786334785388,0.9866324744088502,0.9875633231006958,0.9889009692559351,0.9906715710265367
394619,57,"Fresno, CA",msa,CA,0.9998923689592077,0.9998923689592077,1.0,1.0,1.0,1.0,1.0,1.0,1.0,0.9958185003107872,0.9928280015143623,0.9882897038390822,0.9888337316306351,0.9918242304270599,0.99636252810234,1.0,0.9977740678909294,0.9977740678909294,0.9977740678909294,1.0,0.9988505747126437,0.9988505747126437,0.9967607105538141,0.9950877807713473,0.9950877807713473,0.9971776449301769,0.9991879300765055,0.9991879300765055,0.9991879300765055,1.0,1.0000012043054762,1.0000012043054762,1.0000012043054762,1.0,1.0,1.0,1.0036363636363637,1.0080848196270846,1.0135818007931656,1.0167366282094943,1.0193153643972028,1.0171713339964266,1.015456285075714,1.012648502179985,1.012132430847304,1.0099233742043614,1.0061754891825425,1.0077830541943629,1.0119945021643788,1.0200607364412553,1.0226116789275816,1.0181998121351958,1.0097486561781943,1.0027532692474235,1.0000866025807569,1.0,0.9974670514877856,0.9948752305700294,0.9899536069844382,0.9924865554966527,0.9950783764144088,1.0,1.0,1.0000740905386383,1.0000770971124822,1.0000770971124822,1.0000030065738439,1.0,1.0,1.0,1.0,1.0,1.0,1.0,1.0,1.0,1.0,1.0,1.0,1.0,1.0,1.0,1.0,1.0,1.0,1.0,1.0,1.0,1.0,1.0,1.0,1.0,1.0,1.0,1.0,1.0,1.0,1.0,1.0
395238,58,"Worcester, MA",msa,MA,0.9857513203431644,0.9884047757352442,0.9935395723867503,0.9977379782109698,1.0,0.9987863161240012,0.9966533700123522,0.9940226922625935,0.990465937497186,0.9876478883577486,0.9843343502867484,0.9853499634858734,0.9889367022567414,0.9939002374851693,0.9976550629274507,0.9990193194076689,1.0,1.0,1.0,0.9987744993787427,0.996423607932865,0.9955784886788468,0.9929541735117198,0.9899548769194073,0.9900205729466135,0.9939060790829609,0.9992562671211509,1.000035690347963,1.0,1.000123502531802,1.0029604613935756,1.006294870342699,1.0105070755033962,1.0097844534717437,1.0065526401930829,1.0036783613224765,1.0093159624768513,1.0203244779174998,1.0364161472174258,1.0468976436357726,1.0513767329700958,1.0456289452769552,1.0336941399960091,1.023017141790081,1.0141200479492325,1.012601645013648,1.0106199826948177,1.0128217556336372,1.0187318831951822,1.0295940767174585,1.0464250154608519,1.053717274550913,1.0522979310017302,1.0352155337405478,1.0173520490683199,1.0050292545083852,1.0002313405814194,1.000112212415729,1.0000606170818938,1.0,1.0022222222222223,1.0076992696093998,1.0181159362760663,1.0273092391679994,1.0318358968567758,1.028666069628919,1.026039882131877,1.0218922679702849,1.0186614927885032,1.0099749699905087,1.0041188790761468,1.0001028148191187,1.002849002849003,1.008517559034398,1.0158379910123643,1.019488523910808,1.0193755232809683,1.016009499304863,1.0118909159383689,1.0063829862341256,1.002429295572043,1.0000483431910905,1.0000007173397785,1.0,1.0001111481604978,1.002932423487856,1.0074072852935945,1.0099663641023888,1.0095696197384951,1.0051426280893583,1.002472401120066,1.0000478701566016,1.0,1.0,0.9985125916807714,0.9985125916807714,0.9985125916807714,1.000640446729584,1.0032690958965078
394938,59,"Omaha, NE",msa,NE,1.0,0.9995759117896522,0.9995759117896522,0.9995759117896522,0.9978990901571546,0.9961942949902091,0.9939978939124569,0.9924102558474827,0.9896706065699838,0.9894650861105062,0.9854644230682453,0.9856894582299893,0.9856068005934508,0.9892556075031272,0.9934750167858276,0.9959595959595959,1.0,1.0,1.0,0.9984516851416414,0.9939774122109927,0.9871276802408021,0.9820089480018463,0.9795069003496172,0.9833936693568449,0.9875481536400889,0.9940479433675938,0.9970109063305568,0.9995234691446271,1.0,1.0,1.0,1.0,1.0,1.0,1.0,1.003831417624521,1.0102830305277468,1.0183151590418031,1.0223453766374078,1.0207246816085782,1.0137367731160927,1.005875137895967,1.0010442200215708,1.0,1.0,1.0,1.0000891733596173,1.007664930935375,1.018397024471634,1.0289684294986225,1.028951586996231,1.0211632164036948,1.010502638017089,1.002943722943723,1.0,1.0,1.0,1.0,1.0,1.0,1.0002879364993487,1.0009106603317692,1.0009106603317692,1.0006227238324206,1.0,1.0,1.0,1.0,1.0,0.9976689976689976,0.9973200793158923,0.9973200793158923,0.9996510816468946,1.0,1.0,1.0,1.0,1.0,1.0,0.9979397949337829,0.9966934575632921,0.9922415809375025,0.9930672181024849,0.9943135554729757,0.9987654320987654,1.0,1.0,1.0,1.0,1.0,0.9989517819706499,0.9955631606045005,0.9927643575768644,0.9899975940261901,0.9900528820590061,0.9928516850866421,0.9966666666666667,1.0
394415,60,"Bridgeport, CT",msa,CT,0.9691911589863248,0.9695414077425436,0.9721701921280269,0.9743031724163469,0.9760600351614451,0.975797602877992,0.9745991216189686,0.9730136866756197,0.9723768991118957,0.9716273284228673,0.9704827231030323,0.9677596818366715,0.9675633311949166,0.9693001103322895,0.9734232938878161,0.9756246570608994,0.9765123186793162,0.9757301189526113,0.972939637594577,0.9714164127025162,0.9709595007358683,0.9715629859411002,0.970516534445465,0.9683350686542241,0.9696507957985491,0.9723716713288422,0.9751917067241699,0.9769220424076162,0.9795041929664347,0.9846489657598633,0.9881265162842174,0.9899918195930043,0.9910825247672106,0.9934312414310749,0.993517111670843,0.9918179689364415,0.9926514320657356,0.9959156455780612,1.0000889125989152,1.0037121010047123,1.006697175631578,1.0066603545052888,1.0030371660994917,1.0000520914726259,1.0,1.0,1.0,1.0,1.0026160742467647,1.0127999440546094,1.0261947247510432,1.0372460764723879,1.0368661282331706,1.0257542572886882,1.0120868313205789,1.0022829097519514,1.0,1.0,1.0,0.9968253968253968,0.9968253968253968,1.000678961372603,1.0079413277726263,1.0191280046031226,1.023475474656836,1.0302758001069143,1.0252619627825912,1.0228580296309469,1.0131418803194292,1.0089076150595229,1.0031105136102474,1.0019879642793579,1.0042582494738548,1.0092333738519643,1.0152445898794789,1.0208046129738595,1.0234620818662306,1.0221134305175792,1.0133561817710037,1.0058347366610212,1.0015108300670332,1.0009813396101088,1.000870191449611,1.0004821433316444,1.0007423904974015,1.0077599343570507,1.0151948785949692,1.0236421288661557,1.02152654579082,1.018029589867558,1.008891239041012,1.0040633687953366,1.0001253804806807,1.0000740905386383,1.000067353674143,1.000067353674143,1.0034927329480519,1.0061851705861102,1.0139487287620763
394653,61,"Greenville, SC",msa,SC,0.9833449427858647,0.9864451738408208,0.9880336414777018,0.9898978844466283,0.9892265659631869,0.9886762182325485,0.9858011343318326,0.9848803640535427,0.983697495688257,0.9832768163235929,0.9816740037864201,0.9810173318222338,0.9824488521186875,0.9844001268797986,0.9864270949737787,0.9872998902898559,0.9877237716614723,0.98658892289267,0.9859771056240089,0.9852093438628099,0.984836632171545,0.9832322054122592,0.9816791419229216,0.9811758215980522,0.9825936499654535,0.9851756362635801,0.9872467367314198,0.9874546374816268,0.9884775499713608,0.9893977144921666,0.9903599548908514,0.9911888596720645,0.9921505497764761,0.9934747430465953,0.9932314149137135,0.9928656494880066,0.9948014399179691,0.9975829525230111,1.0,1.000894527120436,1.0022563919388972,1.0022563919388972,1.0013618648184612,1.0,1.0,1.0,1.0,1.0,1.00295902285264,1.00713074206579,1.0122274363593977,1.0096830946948276,1.0055795792229851,1.0004828849293774,1.0000682037413078,1.0,0.9982219152147773,0.9932681028432615,0.9866500452349586,0.982592712609201,0.9837351862479871,0.9873869813800052,0.9912893209603837,0.9951006596931137,0.9980669221693983,0.9979691846426354,0.9949896353369203,0.991121421384673,0.9882751590073902,0.985921374979772,0.984706074044583,0.9850988468464946,0.986826934295235,0.988928101071013,0.9908780589315862,0.9912429866309983,0.9911003347426569,0.9893337617202179,0.9886443526747009,0.986761005429292,0.9859969904589577,0.985078232841171,0.9839743370786156,0.9835383553240807,0.9841674308898652,0.9860217741931215,0.9879056710141533,0.9879359719784815,0.9879891449904247,0.986739984940201,0.985638087967568,0.9843470903276149,0.9838799370429435,0.9828721803357564,0.9812279617880173,0.9800888032119656,0.9813370601596528,0.9840910381278292,0.9865952760689604
394312,62,"Albuquerque, NM",msa,NM,0.9827013780453097,0.9849471953979693,0.9868948698165738,0.9877302306656706,0.9876172736954976,0.9865181183096364,0.985669445623358,0.9845813381207041,0.9835499689923201,0.9820894356868198,0.9823560669325307,0.982474000962716,0.9840702788506639,0.9866502077256748,0.9906638509036035,0.9936674800154061,0.992999060610187,0.9918436738782636,0.9907308443245876,0.9902393718344659,0.9890502655820684,0.9879202044165464,0.9871108699444515,0.987408710599701,0.991376964567955,0.996078431372549,0.9996655518394649,0.9996655518394649,0.9996655518394649,1.0,1.0,1.0,1.0,1.0,1.0,1.0,1.0,1.0004171881518564,1.00227938554478,1.0067847127898333,1.0100989198734864,1.0082367224805628,1.0037313952355096,1.0,1.0,1.0,1.0,1.0010209047721104,1.0070188937112758,1.0148620309661778,1.0211138534667945,1.020580345401946,1.0127446767848765,1.0054719495121491,1.0000074686378324,1.0,1.0,1.0,0.9985250737463126,0.997175457594631,0.9971754575946311,0.9986503838483184,1.0,1.0,1.0,1.0,1.0,1.0,1.0,0.9994242947610824,0.9965752919120795,0.9965752919120795,0.9971509971509972,1.0,1.0,1.0,1.0,1.0,1.0,0.9973153153153153,0.9948822252909845,0.9918827111380483,0.9907319917446104,0.9913385977506763,0.9920909208923767,0.9959263249704993,0.9970156295015845,0.9983802079797225,0.9983802079797225,0.9957756999146881,0.9938727971274518,0.9904627151459412,0.9894753983691508,0.9886245500531216,0.9874123457252514,0.9882930741921866,0.9910892824191905,0.9957115687285713,0.9991598445906402
394357,63,"Bakersfield, CA",msa,CA,0.9950569488156621,0.9976112272320096,0.9996640442901029,0.9972272096100978,0.9972272096100978,0.9975631653199949,0.9988884772137828,0.9988884772137828,0.9963016964364514,0.9950539434138049,0.9912660646259263,0.9908225423729548,0.9903017211680241,0.9928797334949134,0.9959100365252165,0.9987901335390106,0.9991655615786086,0.9991655615786086,0.9991655615786086,0.9984202211690363,0.9945253298791871,0.9918756547798243,0.9934554336107878,0.9973503249006371,1.0,1.0,1.0,1.0,1.0,1.0,1.0,1.0,1.0,1.0,1.0000009009033357,1.0000009009033357,1.0000009009033357,1.000928505106778,1.0037296255549573,1.007486239311571,1.0124319742687151,1.0136958944709422,1.0132679945413607,1.0076089470748133,1.0035650590418161,1.000310435753422,1.0000952431560475,1.0001841486550644,1.0020148200211882,1.0064592644656327,1.009534727445675,1.0077449477186755,1.003300503274231,1.0001149821777624,1.0,1.0,1.0,0.9963532799718618,0.9939884572562558,0.9939884572562558,0.997635177284394,1.0,1.0,1.0,1.0,1.0,1.0,1.0,1.0,1.0,1.0,1.0,1.0,1.0,1.0,1.0,1.0,1.0,1.0,1.0,1.0,1.0,1.0,1.0,1.0,1.0,1.0,1.0,1.0,1.0,1.0,1.0,1.0,1.0,1.0,1.0,1.0,1.0,1.0
394308,64,"Albany, NY",msa,NY,0.9805516229147662,0.9855519110383345,0.99024587967339,0.9920723010971289,0.9951875658946365,0.9955068581614263,0.992589346952041,0.9879213465709799,0.9841556688736012,0.982202386785198,0.9777673081836621,0.976491501314556,0.9767476809253557,0.9796765449299878,0.9847944781455503,0.9884086010257285,0.9920279375072539,0.9918799543824037,0.990907306979929,0.9871777170910919,0.9837323992843329,0.9810934523146088,0.9799503020853635,0.9800118892682815,0.9809150745715023,0.9840051568594035,0.9896996412452778,0.9936602329068475,0.9979977692334682,0.9981940786170567,1.0,1.0,1.0,1.0,1.0,0.9959473150962513,0.9959473150962513,0.9984290895649964,1.009227616618314,1.0167895397207778,1.023094508910883,1.023891457593922,1.0175521642569356,1.00896229647115,1.001419505638542,1.0001968758730646,1.0,1.0,1.0000893097428878,1.0067559764095544,1.0187431564606348,1.0335792198520755,1.0357272133570625,1.0304066999726489,1.0155695731427936,1.0067549129711395,1.000088246304473,1.0,0.9979481918440626,0.9979481918440626,0.9979481918440626,1.0001869772612797,1.0050455082701395,1.0143480350960308,1.0238073600855546,1.0276998235078805,1.0249382739809503,1.0201939325144602,1.0114446047582748,1.0049036274593137,1.000001666675,1.0,1.0000574811749152,1.0013646758436525,1.0087720832510598,1.017247365608908,1.0236709576614078,1.0217383526922685,1.0133205713372677,1.0057287313994128,1.0002539289611445,1.0001389467833819,1.0,1.0,1.0,1.001338688085676,1.0063320561542084,1.0137394635616157,1.0171908571890984,1.016893256316333,1.0112202280697906,1.0073717203944665,1.0026759531986993,1.0009415740378342,1.0,0.997787932163253,0.997787932163253,1.0009625353378562,1.0088817851828533
394753,65,"Knoxville, TN",msa,TN,0.9789092633096347,0.9816776590204692,0.9844683307094848,0.9857765880051951,0.9861395054256735,0.9853226216051185,0.9838138617453729,0.9817542411491669,0.9801530416325406,0.9801706952744559,0.9792471417005846,0.979800178622042,0.9807486355031707,0.9838349519445043,0.9869619062909708,0.9892892013272974,0.9900093866718215,0.9887500385942788,0.9880543953036577,0.9874532983986676,0.9863933409582776,0.9838851276506603,0.983132217006205,0.9825526648414576,0.9844536090472893,0.9875129613362162,0.9914811601966388,0.9954785716110989,0.9973943437002813,0.9994519568690056,1.0,1.0,1.0,1.0,1.0,1.0,1.0,1.0001111481604978,1.003413364455665,1.0064534742918916,1.01060315364663,1.0073009373514628,1.0042608275152365,1.0,1.0,1.0,1.0,1.0000667066960218,1.0030199314268975,1.0109097540226024,1.0167954282789613,1.0180088702147525,1.0101190476190476,1.0041666666666667,1.0,0.9966307991494707,0.9935935933787797,0.9888699304486588,0.9869308422015971,0.9872798759292772,0.9914238287144709,0.9967321178120617,0.9994202898550725,1.0,1.0,1.0,0.9969969969969971,0.9960164855975476,0.992286152800483,0.9907494400058123,0.9863632251083029,0.9851766313115492,0.9853844558150109,0.9894107179992239,0.9943276445930421,0.9966296678286778,0.9942664282377202,0.990071526656565,0.9865053379466368,0.9856707439750604,0.9847374404280105,0.9840428940555178,0.9821295788275722,0.9813482997345094,0.9822554949574956,0.9848052777044959,0.9872052511515657,0.9886988440342507,0.9877521893419913,0.9856775478601619,0.9835553388473915,0.9829393428215596,0.9830681247082288,0.9834407949893559,0.9821927599656087,0.9824629451497818,0.982783050005065,0.9849099208880124,0.9860790418161695
394367,66,"Baton Rouge, LA",msa,LA,,,,,,,,,,,,0.9706494237047872,0.9845365947348155,0.9839896250245176,0.9872775959869718,0.982665498714796,0.9849498572189579,0.9857961989704941,0.9863597071100473,0.9861547204002031,0.987347902898716,0.9870747919841044,0.9859811415675743,0.984326366844885,0.985721163460168,0.9867918368433332,0.9866613333052466,0.9862734562795602,0.9869055023701576,0.9890718377488342,0.9905527367855101,0.991380978135866,0.9903833861166023,0.9896034651142376,0.990374238476142,0.9907777772003388,0.9923468368206804,0.9945095835089747,0.9980276134122287,1.0,1.0,1.0,1.0,1.0,1.0,1.0,1.0,1.0,1.0,1.0,1.0,1.0,1.0,1.0,1.0,1.0,0.9968253968253968,0.9939163442433466,0.9892621213279997,0.9883963204621988,0.9874332815720015,0.9918026042024479,0.9939627702065655,0.9950271471639462,0.9924134967242088,0.9908395033269891,0.9886720934637468,0.9872787986948222,0.9850989034179684,0.9845166197711807,0.9833936622914455,0.9834619262930856,0.9856848511628719,0.989404738881932,0.9920841678293298,0.9910619336375929,0.9893204227749917,0.9883790177084747,0.9884492944040492,0.9879174665526337,0.9879843541914863,0.9876410659819732,0.9860137963690921,0.984328487693679,0.9855522012598691,0.9897555905519612,0.9921437464408251,0.9919461581318182,0.9891182069507757,0.9879027286050617,0.9874983000801514,0.9872130583051835,0.9870105284495806,0.9864523505324326,0.9874489058476611,0.9882245339694515,0.9897734341850358,0.9892226661960511,0.9904849753991449
394843,67,"McAllen, TX",msa,TX,,,,,,,,,,,,,,,,,,,0.9787293305903728,0.9754415082323286,0.9762378817334166,0.9742626212071719,0.9790610919348498,0.9810309872180832,0.9814983319845473,0.9814669735557421,0.9805001342206197,0.9824522442418884,0.9820583906863943,0.9833494203080821,0.9827422662719746,0.9836892456314303,0.9856570555055159,0.9844187618701369,0.9841314847369316,0.981146522908167,0.9820075999029033,0.9855813135549996,0.9897156965538243,0.9944144018728083,0.9969850959602118,0.9993795563828137,0.9987990857556075,0.9972193069246438,0.9972193069246438,0.9956418056101501,0.9941191313386608,0.990075013691602,0.9910623791279504,0.9941648322304036,0.9982089498774623,1.0,1.0,0.9966490526448862,0.9914807834141169,0.9849448357016987,0.9777513457854546,0.9761168939277884,0.9745742773831786,0.9763737611702465,0.9733632842030335,0.9724810159698175,0.9766227948509328,0.9810833255238386,0.9842636847548455,0.9827460147937792,0.9824424651311762,0.9810272040631371,0.9795983138025788,0.9778271566414278,0.9762838148138978,0.9747889122716819,0.9743922979581909,0.9769061335923409,0.9781233241581777,0.9796842646614635,0.9774544664723042,0.9802228007293404,0.9796831276576065,0.9805624087916646,0.9760977118119976,0.9745554932532648,0.9750765771076821,0.9751722006246816,0.9765041160840724,0.9742737387376318,0.9762945173370344,0.9769126206562065,0.9767335726047159,0.975061861983589,0.9735437557083978,0.9736163204361349,0.9732004889697198,0.9712709283259361,0.9714522572455828,0.9707010447548493,0.974070530481092,0.9756002444015204,0.9774711970069688
394908,68,"New Haven, CT",msa,CT,0.9683145026476847,0.9724433349701399,0.9743460790470942,0.9755306371174823,0.9780492608043375,0.9783085654186281,0.9785466415852014,0.975924325008998,0.9756918900843781,0.9728876971333063,0.972796379924108,0.9706547673607648,0.9730525882144908,0.9744862904827875,0.9783683330202226,0.9813910657386108,0.9832615481894771,0.983140448732223,0.9811793234579489,0.9794753455509038,0.9770197144557494,0.976560216541337,0.9758391289716143,0.9771595536590013,0.9806287266086643,0.9835291472935213,0.9872649827698642,0.9856578946598171,0.9870713349863549,0.9907600140938798,0.9964243146603099,1.0,1.0,1.0,1.0,1.0,1.0,1.0002470966147763,1.0058746707968593,1.0153243650714563,1.0211449874258514,1.0205209872251835,1.011534658420038,1.005586029602111,1.0006680039008078,1.0002046384313565,1.0001710402866093,1.0000854920064974,1.0026173470516233,1.0120556645689354,1.024010709865083,1.0347659720932096,1.033178670505908,1.0261750305157757,1.013189865507425,1.005253357570917,1.0003019522649017,1.0,1.0,1.0,1.0001282544568424,1.0063639771215334,1.012653285297634,1.0227557922991979,1.0288440514956887,1.0304146933017244,1.0273758510352373,1.0196089437544715,1.0129881511453211,1.0059153221046466,1.0013582475242309,1.0001190901512444,1.00139470013947,1.0085978408125702,1.0175264122411416,1.0272439713647579,1.0286755233478944,1.0249412606591293,1.0150994472248691,1.0064647545686325,1.0021058677168797,1.0008354218880535,1.0008354218880535,1.0000017543951987,1.0000419198769837,1.0053329251679888,1.0126904593886359,1.0198966707184451,1.0197338705556451,1.0132100038278529,1.0068325528901976,1.0020751301127524,1.0012405415601158,1.0003716156861768,1.0000008333354167,1.0,1.0,1.0006184291898579,1.0031681987299186
394561,69,"El Paso, TX",msa,TX,,,,,,,,,,,,,,,,,,,,,,,,,,,,,,,,1.0001802776275464,1.0,1.0,1.0,1.0,1.0,1.0,1.0029640663379111,1.0096341330385783,1.0132837680750746,1.0158652907031074,1.01325344905293,1.0114217273971535,1.0066261065134017,1.0025678814629122,1.0020600117503147,1.0052048682494665,1.0118715349161331,1.0181389709782527,1.0221181621449398,1.023891666418444,1.022899552541861,1.0150872766221928,1.0066471056820216,1.0000617398283633,1.0,1.0,1.0,1.0,1.0,1.0,1.0,1.0,1.0,1.0,1.0,1.0,1.0,1.0,1.0,1.0,1.0,1.0,1.0,1.0,1.0,1.0,1.0,1.0,1.0,1.0,1.0,0.9999490145565618,0.9999490145565618,0.9999490145565618,1.0,1.0,1.0,1.0,1.0,1.0,1.0,1.0,1.0,1.0,1.0,1.0,1.0
394318,70,"Allentown, PA",msa,PA,0.9764878612592222,0.9780266608620792,0.9770177623905943,0.9802893749656834,0.9807073276316401,0.9829781118748665,0.9827382363992637,0.9790157551328446,0.9762574589247667,0.973743690569956,0.972404719463543,0.9716143409024077,0.9704042041107869,0.9706180407154511,0.9740779794986839,0.9800301504037211,0.9839908020443416,0.984613859537538,0.9824335014549822,0.9782590132096974,0.9798860584451546,0.9801891431032423,0.981338635041702,0.978151781355141,0.977361420104596,0.9853028372570455,0.9936710380938655,0.995809495158948,0.9954858705634787,0.9954858705634787,0.9996763754045307,1.0,1.0,1.0,1.0,1.0,1.0,1.0001058537101726,1.0050978509923236,1.0101842683501674,1.0154076221352675,1.012217426654918,1.007404366790386,1.002250690276332,1.0005822751625384,1.0003972106498324,1.0002571482080198,1.0002905115616987,1.0038175221963967,1.0113181538859888,1.0209293790686838,1.0269195370712256,1.023963257954377,1.0141878468522825,1.004582385234437,1.000002564122288,1.0,1.0,1.0,1.0,1.0,1.0002021427127552,1.003793292898724,1.0112385688036578,1.015287488856594,1.0172518942261803,1.0111011167031239,1.0089731961879636,1.003512905946307,1.00221840756443,1.000095265313899,1.0,1.0001626111610673,1.0026161502326112,1.0057727943368873,1.0107632598657261,1.0096909362637956,1.0066454403200173,1.0014923636301112,1.0001111481604978,1.0,1.0,1.0,1.0,1.0,1.0000014492816636,1.0001867374046949,1.0030228815872915,1.0031166976195272,1.0029314094964958,1.000095265313899,1.0,1.0,1.0,1.0,1.0,1.0,1.0,1.0001111481604978
394952,71,"Oxnard, CA",msa,CA,0.9911600340670441,0.9949977340493907,0.995952380952381,0.9964672364672365,0.9936472321287683,0.992640967412037,0.9909019656730353,0.990282051973948,0.9897465005550669,0.9875989262801771,0.9868502478265047,0.9856574079257981,0.9879040117114822,0.9890061884496237,0.9908678286129268,0.9917505907815984,0.9926853017993787,0.992393711866905,0.991936922541442,0.9910829179822261,0.9912970643669704,0.9910310622719675,0.9904331719628859,0.9908405161887056,0.9923963268248421,0.9959999304284458,0.9952625804075911,0.9942622907207869,0.9934161159615685,0.9966013430821111,0.9991538252407818,1.0,1.00000038759735,1.0000006419835277,1.0000357333966587,1.0005918288265767,1.0046578683548038,1.0109083811671393,1.0184699970069326,1.0239617709239768,1.0275771567975198,1.025975348657276,1.0205847912446029,1.0137990659431007,1.0103346146811667,1.0102239160855697,1.0100504639638137,1.0143916674042848,1.0213426413341031,1.0316378924369314,1.0361359120555511,1.0289153989328415,1.0156783351542613,1.0037872726302874,0.9980039920159681,0.9950177095196633,0.9905842378026716,0.9884560961268397,0.9866663690517021,0.9910998407686936,0.9952239904285576,1.0,1.0000537721137819,1.000320652284585,1.0033174381739192,1.0036167833111493,1.0033505281416482,1.0003537422523143,1.000000625001302,1.0,1.0,1.0,1.0000297645741256,1.0000297645741256,1.0000297645741256,1.0,1.0,1.0,1.0,1.0,1.0,0.999583749479687,0.9973578173706162,0.9973578173706162,0.9977740678909294,1.0,1.0,0.9988639179581021,0.9968437159379002,0.9926735741530796,0.9903657870599026,0.988487220270255,0.9901158274530797,0.9898514147587353,0.9890990207778874,0.9892764891860298,0.9913764075253001,0.9960275703159978,0.9983916365098512
394486,72,"Columbia, SC",msa,SC,0.9749951839332148,0.9765946284514823,0.9793314976053399,0.982231732276833,0.9839965879421669,0.9860486375876891,0.9824317698576605,0.9831578422474007,0.9761323221931785,0.9766863739610687,0.9725911004021274,0.9697551685786979,0.9699584206112183,0.9739535132414782,0.9813061217705572,0.9823357703193722,0.982140000674482,0.982640784988435,0.9845598705901738,0.9825605994048562,0.9822327011648134,0.9835242536738328,0.9834538599255214,0.9827615529500248,0.9785503230499253,0.9808197253062381,0.9815936284766953,0.9867572509737248,0.9885708513563811,0.9881369288052423,0.9903150294068791,0.9932112524250534,0.9992406985573273,1.0,0.994103244837758,0.9932458570126652,0.9932458570126652,1.0011628141951092,1.0031402278669523,1.0037130753338908,1.0046458532478006,1.003716412497296,1.0031435650303575,1.000697170709214,0.9989845155977478,0.9989845155977478,0.9985061833610578,1.0000282533762785,1.0012236201191937,1.006097499375109,1.006097499375109,1.0049021326321939,1.0002151925973746,1.0002151925973746,0.9969513037084857,0.9906193883277217,0.9866173873272214,0.9854754473323065,0.9855944065698995,0.9895964075703998,0.9856689031208702,0.9916666666666667,0.9916666666666667,1.0,1.0,1.0,1.0,1.0,0.9973544973544973,0.9930066712675408,0.9883930611175984,0.9874187929759485,0.9904023625826867,0.9924050066751877,0.9960247774623404,0.9968889505953342,0.9972106010808274,0.9931418151513788,0.9899479621097172,0.9872862824305791,0.9865203598446852,0.9850860911053659,0.9845468902780209,0.985190652291306,0.9887659577790758,0.9915885980055564,0.9934329964033779,0.9943772486138599,0.9940145014355076,0.9926495080636775,0.9891386866548033,0.9877008110975248,0.9862040192402577,0.9860372171348066,0.9854970484769793,0.9870016781066088,0.9878115892672427,0.9900413869155412,0.9923386208583448
753906,73,"North Port, FL",msa,FL,0.9670096864077729,0.9677707006252451,0.9681821690513339,0.9687336065634279,0.9686605683785677,0.9682819678274418,0.9684510596726655,0.9687839323304147,0.9693024259985034,0.9677548464511682,0.9668257722880053,0.9656737325078039,0.9660767340458051,0.9667395212906023,0.9682834660201992,0.9688488511822487,0.9699070522404498,0.9696586121098942,0.9705726191375162,0.9705066015651035,0.9716735681481593,0.9708742025585716,0.9702110473429881,0.9702729594081658,0.9706718778527051,0.971915851155502,0.9715931159516612,0.9716684150481788,0.9718657372580797,0.9735155606742548,0.9753527030005275,0.9770691719764485,0.9785298247024984,0.9792146106706641,0.9793653840494067,0.9804498193128023,0.983736801910977,0.9906812463554214,0.9963328796774515,1.0,1.0,1.0,1.0,1.0,1.0,1.0,1.0,1.0000214438884918,1.003313807411403,1.0068256626206036,1.007169996536642,1.0038776330137311,1.0003657778045305,0.9953379953379953,0.9887257912699727,0.9803924579366393,0.9762049050765201,0.9737775611219438,0.9732220055663884,0.9736202994841908,0.9743953846968724,0.9757654765932801,0.9764819335677671,0.9766361469619813,0.9759244912795655,0.9753092640017895,0.9745699558953688,0.9739115196813769,0.9730365157654157,0.9721773354234621,0.9701278247729151,0.9688452033991197,0.96881650164599,0.9691063048640318,0.9694271774823603,0.9676703642260045,0.9668903891188271,0.9660967835410027,0.9662926930303509,0.9662517304087431,0.9658488869671237,0.9650304539017981,0.9637588372282763,0.9639637415516846,0.9643846115684767,0.9650547841292361,0.963486194464819,0.9619341236591928,0.9603069095421057,0.9599802146177726,0.9596894152590968,0.9603885360442325,0.9604871639330682,0.9615565517550676,0.9617870467422819,0.9616257457189121,0.9612746216734505,0.9616234265715602,0.9626452424472909
845158,74,"Dayton, OH",msa,OH,0.9804755037330374,0.9844418473494096,0.989290398771756,0.9944872924401356,0.9940517837212587,0.9920560241318114,0.9883280306913029,0.9865002353605853,0.9842174679242536,0.9812714799312547,0.9769248387812723,0.976246967927963,0.9768721969455934,0.9845466159480735,0.9915641598077226,0.9969939273382981,0.9991452991452991,0.9973365009415627,0.995114336642632,0.9925657222556188,0.9888252166670167,0.9867738766924433,0.9835596763994444,0.984942313525116,0.989112664247191,0.9948754789272031,0.9980001533046128,0.9989580077107428,0.9989580077107428,1.0,1.0,1.0,1.0,1.0,1.0,1.0,1.0,1.0000701016473887,1.0003153800383624,1.0014531309998669,1.0015585603336967,1.0013132819427228,1.0001755309812184,1.0,1.0,1.0,1.0,1.0,1.0,1.0013688276788713,1.0019202031403325,1.0023128219075095,1.0009453014233067,1.0003939259618457,1.0000013071946687,0.9975980784627702,0.9975980784627702,0.9937639255345813,0.990883667477705,0.9868676032206768,0.9907017561488657,0.9959839357429718,1.0,1.0009523809523808,1.0009523809523808,1.0009523809523808,1.0,1.0,1.0,1.0,0.9965435469127742,0.9965435469127742,0.9965435469127742,1.0,1.0,1.0,1.0,1.0,1.0,0.9981397832925807,0.99770074537923,0.9948510499285832,0.9908165127754812,0.9881108966007814,0.9909605920514283,0.9968553459119497,1.0,1.0,1.0,0.9986896805372686,0.9986896805372686,0.9953554922838702,0.9923339204523897,0.988494688431448,0.9855120393176048,0.9846619597113001,0.9873603006722892,0.9936771380395305,0.9988591089400475
394457,75,"Charleston, SC",msa,SC,0.9821386840098861,0.9849737628878098,0.987293038438628,0.9869752793293162,0.9872824451826784,0.98665067009509,0.985686057329382,0.9844195716497048,0.9836211511299221,0.9831399242105067,0.9827940088382805,0.9819558003174035,0.9828471240418323,0.9840150007815233,0.9860800598840993,0.9865848127502552,0.987230284596255,0.9869945201875542,0.9869265708649464,0.9860237500476231,0.9851879184480192,0.9841418816876967,0.9834974504421723,0.9839296531557843,0.9853787006365776,0.9871484132024322,0.9879911515227975,0.9882875274001984,0.9892145435046228,0.9900794098383351,0.9910345196759666,0.991129935717311,0.9919208967145496,0.9912155432795465,0.9915860727741044,0.9930764923618227,0.9966471753097199,0.9991301826616411,1.0,1.0000499186911604,1.0000896927454868,1.0000896927454868,1.0000397740543263,1.0,1.0,1.0,1.0,1.0,1.000928505106778,1.003983784060945,1.007695736547953,1.0078162871266292,1.0047610081724623,1.0010490556854543,0.9992411656628897,0.996237918909643,0.9925342152059393,0.9879167054570281,0.9865909478812704,0.9862045180910467,0.9891956504895308,0.9935246548185352,0.9976147883124628,1.0,1.0,1.0,0.9980155917788802,0.9952517050380898,0.9920465768329616,0.9897205601427981,0.9872848182856312,0.987565482262441,0.9888456041434214,0.9912343381014638,0.9916833121337039,0.9924876830549362,0.9917104859880163,0.9902738218318229,0.9880640801007022,0.9869573361267858,0.9861998212861912,0.9858973998882874,0.9854803869481201,0.9854820557599252,0.9858341860857397,0.9871443603144531,0.9882662614047342,0.9876955968250694,0.9854366651566684,0.9833637093863917,0.9811997786826062,0.9791714059767815,0.9763784438704564,0.9729726882767137,0.9748447358262132,0.9769674448174944,0.9801467210317382,0.980798434857365,0.9818467639326424
394648,76,"Greensboro, NC",msa,NC,0.9763902579894248,0.9797173374140652,0.9843890860015253,0.986725947632679,0.9868420916512619,0.984699336150491,0.9834179417512751,0.9827449033733187,0.9843578693685003,0.9832370426594382,0.9818343789616927,0.9803108418226886,0.981600449414081,0.9852995705710289,0.9876891983912675,0.9904883351753472,0.9905826173530871,0.9917712122640011,0.9898393306336271,0.9882323713458486,0.9860838497091778,0.9857493216327143,0.9846760356983081,0.9856869305477881,0.9890485647863937,0.9927201511196522,0.9935369246697449,0.9937011246537016,0.9957539870455472,0.9987468617016543,1.0,1.0,1.0,1.0,1.0,1.0,1.0001151191558713,1.0051465656967518,1.0125040413638557,1.01966018201017,1.0218751122808838,1.0208668429629861,1.0183817495958785,1.0135773752262869,1.008558959259007,1.004020229361226,1.0045371681447341,1.0085494948116567,1.0163020582743596,1.026474430180162,1.0336559029412193,1.0367670140523304,1.0298427016566536,1.0173181118467474,1.006207000735636,1.0,1.0,0.9961344537815126,0.9909261204481793,0.9871545699213579,0.9910201161398451,0.9962284494731785,1.0,1.0,1.0,1.0,1.0,1.0,0.9990188162361547,0.9943856116029502,0.9883975876508545,0.9849779850475923,0.9863594066381042,0.9923474305902,0.996458613713751,0.9997103967564437,0.9974246824707294,0.9942866935977476,0.9907648682009222,0.9904864799225339,0.9893787147639888,0.987715354975629,0.984511346199307,0.9837659421432902,0.9843849172828133,0.9871562784701036,0.9924370398012038,0.9970032498468658,0.9966655168448891,0.9927757018095633,0.9880467094487048,0.9864429209988774,0.9855708312722985,0.984049823633157,0.9820436507936509,0.9810654268375177,0.9812271467766349,0.9842500225936283,0.9879821191831523
395134,77,"Stockton, CA",msa,CA,1.0,1.0,1.0,1.0,1.0,1.0,1.0,1.0,0.9981823866898418,0.9960484596818538,0.9935168141122336,0.9942059283431436,0.9963398553511315,0.9988715009207517,1.0,1.0,1.0,1.0,1.0,1.0,0.9995822890559732,0.9987974683316163,0.9969341752061872,0.9962980853470468,0.9970829060714038,0.9989461991968329,1.0,1.0,1.0,1.0001551109042965,1.0015836823328679,1.0061588633216454,1.0108188623144072,1.0132137180669272,1.0133251217295853,1.0161676694901842,1.0238384951826562,1.0340772836655494,1.0421029251241996,1.0465540025467641,1.043688280249554,1.037823362763184,1.0281405478874521,1.0205557588560723,1.011545476962038,1.0092913752416857,1.0087380820633982,1.0144790427470778,1.0212398853056288,1.0276548551397164,1.0289759392706486,1.0211052337366915,1.010768695275153,1.0028985507246377,0.9975124378109452,0.994404434702942,0.9898465479836512,0.9875031922983099,0.9849717005414904,0.9863549840861783,0.9911859019605744,0.9968253968253968,1.0,1.0000238112246114,1.0005802942518789,1.0005802942518789,1.0005564830272677,1.0,1.0,1.0,1.0,1.0,1.0,1.0000450511330359,1.000114151938606,1.0001141519386063,1.0000691008055702,1.0,1.0,1.0,1.0,1.0,0.9984126984126984,0.9984126984126984,0.9984126984126984,1.0,1.0,1.0,1.0,0.9966666666666667,0.9961669039437256,0.993918319001491,0.9972516523348243,0.9974950311907561,0.9962076050749197,0.993063573985553,0.9933199578525622,0.9968559689106332,1.0
394440,78,"Cape Coral, FL",msa,FL,0.9636685877943569,0.9659370315207974,0.9675753934265371,0.9676374666729678,0.9668653550572309,0.9663873295527866,0.9663355185217471,0.9664430334201608,0.9667684662293752,0.967230737728949,0.9660983357342351,0.9651574007726612,0.9645859097083135,0.9654412803363686,0.9671446227765532,0.9678723272121198,0.9679348479906578,0.9683580571004132,0.9681498061997282,0.9682568018894355,0.9681531776895304,0.9688099125866464,0.9680893683645091,0.967463501358787,0.967458444532704,0.9691492118280842,0.9681655333829248,0.9682426680000855,0.9688448467401173,0.9716510257865631,0.9733299616232446,0.9742146355460495,0.9749783868988021,0.975384928064456,0.9753795250845808,0.975797524123183,0.9786854175541921,0.9860369324952073,0.9937490147574182,0.9987995198079233,1.0,1.0,1.0,1.0,1.0,1.0,1.0,1.0,1.0,1.0,1.0,1.0,0.9954595271645529,0.9877966919155109,0.9790247620909495,0.974636663497825,0.973966977915565,0.9722402200760846,0.9700109950527418,0.9673398479947474,0.9675145011942089,0.9692954227237734,0.9702774946809934,0.9704903056875356,0.9680089083665891,0.9672430177830235,0.9662431301299509,0.9675193917912365,0.9677047578827934,0.9687656177376232,0.9671417087273596,0.9666327180403335,0.9658802686214459,0.9667867531854716,0.9667867531854716,0.9655995085513664,0.9654571060174683,0.9645514124061191,0.9653462756557234,0.9651602062411261,0.9646439535874797,0.9631808077990479,0.9621109128128881,0.9617256505877335,0.9621887564846152,0.9613730449340055,0.9614708517147541,0.9591224890637317,0.9578893627143062,0.9563717628305842,0.9566751244044779,0.9584515956552252,0.9589915965221323,0.9595330894134942,0.9571675653550189,0.9571655475266985,0.958043664843172,0.9603863152728862,0.9612259090422185
394399,79,"Boise City, ID",msa,ID,,,,,,,,,,,,,,,,,,,,,,,,,,,,,,,,,,,,,1.0388742703221168,1.0359306131094375,1.0256834290158785,1.0212415557646282,1.01252958003976,1.0065166015316933,1.0008574646819335,1.0,1.0,1.0,1.0,1.0,1.0,1.0000833541718763,1.0000833541718763,1.0000833541718763,1.0,0.996115692065378,0.991390538497887,0.9856277238178749,0.9829148095302748,0.980973296431099,0.9796984162137758,0.9820093674917197,0.9860830299778286,0.9931207248751638,0.9974069958194423,1.0,1.0,1.0,0.9974757160468061,0.9953187798963722,0.9925730264579494,0.9913031824297297,0.9897002013849351,0.9924459548233578,0.9962400828047716,1.0,1.0,1.0,0.9994732470713662,0.9994732470713662,0.9985245264197404,0.9990512793483742,0.9971615155688466,0.9954074604697766,0.9920160711497786,0.9939058349293063,0.9966086106800023,1.0,1.0,1.0,1.0,0.9985168705969597,0.9962566384228401,0.994587885815414,0.9940319851726627,0.9940650348070997,0.9933357058797535,0.9953747359255454,0.9976019184652278,1.0,1.0
394484,80,"Colorado Springs, CO",msa,CO,0.9988066825775657,1.0,1.0,1.0,1.0,1.0,1.0,1.0,0.9984920871478248,0.9984920871478248,0.9984920871478248,1.0,1.0,1.0,1.0,1.0,1.0,1.0,1.0,1.0,1.0,1.0,1.0,1.0,1.0,1.0,1.0,1.0,1.0,1.0,1.0,1.0,1.0,1.0,1.002283105022831,1.0077656513148296,1.0158957326156428,1.0279976899915921,1.0358484770329268,1.040179454922145,1.036232102961075,1.0281071029610749,1.0193497474747475,1.0112108876117496,1.0067601300359919,1.0030568707773255,1.0022518886530032,1.0091571481444694,1.0202678148105433,1.0318541151365246,1.0341415286437015,1.0250092707528142,1.011929101976443,1.001978853220224,1.0,1.0,0.9973819433739273,0.9973819433739273,0.9937455797375637,0.9941612554112554,0.9941612554112554,0.9977976190476191,1.0,1.0,1.0,1.0,1.0,1.0,0.9999611763792385,0.9999611763792385,0.9999611763792385,1.0,1.0,1.0,1.0,1.0,1.0,1.0,1.0,1.0,0.9975124378109452,0.9959478278419353,0.99338978991881,0.9958773521078648,0.9974419620768747,1.0,1.0,1.0,1.0,0.9982616599283265,0.9962126641223005,0.9957869480794258,0.9959640235693623,0.9946713318231746,0.9922900303221897,0.9938512949039264,0.9971929824561404,1.0,1.0
394798,81,"Little Rock, AR",msa,AR,0.9788427874071068,0.9786301304738144,0.9830903273021452,0.9842909524915102,0.9834056921783046,0.9809688827106481,0.9806227957262997,0.9799556430255393,0.978212714695324,0.978627297284344,0.9815314576444424,0.9866208888225833,0.9828428080974049,0.9807869284825214,0.9785039834571342,0.9828681377612716,0.9832043829505901,0.9834444882866658,0.982975461854212,0.9835741554463331,0.9814960050897135,0.9799679985425939,0.9772375765861275,0.9783857947983104,0.9792219151996481,0.980635845736752,0.9830775234903268,0.9886060215995198,0.989212293082618,0.9935626861433811,0.992528735632184,0.9948190558087261,0.9923169707378335,0.9942326795500942,0.9960792022310709,0.9967051146940835,0.9943435390716383,0.9957622517696749,0.9976384243775548,1.0001422853911086,1.0001422853911086,1.0001422853911086,1.0,1.0,1.0,1.0,1.0,1.0,1.0,1.0,1.0021855656305416,1.0023880733652286,1.0024781878105742,1.0002926221800326,1.0000901144453456,1.0,1.0,0.9973883520501436,0.9925724491587088,0.9908809530500412,0.9934926009998976,0.9983085038913323,1.0,1.0,1.0,1.0,1.0,0.9995440036479707,0.995499886000912,0.9941356295206938,0.9902271604940585,0.9934840009860971,0.9906705134480852,0.9946070798109176,0.9953943569659375,0.9995721009841677,1.0,0.9987272727272728,0.9956960511449751,0.9930263333722825,0.9912772830061641,0.990899413679371,0.9890825710142718,0.9873032696322254,0.9857740889363781,0.986636673147454,0.9881002417255722,0.9901341633956197,0.9917217965431263,0.9905220304852614,0.9891442077809814,0.9866760463556864,0.9854661964195434,0.985250617934276,0.9845467891054472,0.9858526719940354,0.9849786391207349,0.9878721576392535,0.9919048700037445
394766,82,"Lakeland, FL",msa,FL,0.9799260891468977,0.9830208658937453,0.9844756865846375,0.983911285661215,0.9824937974213142,0.9804172456197652,0.9826890785175681,0.9826820877593505,0.9846960284754616,0.9845655162476724,0.9862939113094007,0.9862717176804168,0.9846537207462701,0.9852776944736922,0.9883558788181048,0.9893000954326289,0.9880700610991462,0.9864345534897175,0.9863841451824285,0.985147761952245,0.9851719317605826,0.9839701610476537,0.9834404167448385,0.9810387580296364,0.9820876737982555,0.9858022437627126,0.9901614262846422,0.9912544521691228,0.9909724200335163,0.9908457372320084,0.9918150043714883,0.993961878314785,0.9941229580195133,0.9934582225672987,0.9902010386600351,0.9888387763547298,0.9917065474049848,0.9962009521236047,0.9998389694041867,1.0,1.0000877423883479,1.0000877423883479,1.0000877423883479,1.0,1.0,1.0,1.0,1.0,1.0000005555574074,1.001160063522723,1.0032433968560563,1.003242841298649,1.0020833333333334,1.0,0.996032936626996,0.9915884921825516,0.9866720713369271,0.9842946950321582,0.9817335112804484,0.9809597438561166,0.9826596676353545,0.9843753898078763,0.9859503517403839,0.9869729647087689,0.9887540988025766,0.989025283404715,0.9873561810438599,0.9862987429280223,0.9855269487324136,0.9851978431401501,0.9845281208280628,0.982971117252809,0.9836632140222082,0.9841372416180528,0.98590514413429,0.9862003074829163,0.9857271951636264,0.9852546857128631,0.9847593313499013,0.9851398651036539,0.9837280033682522,0.9825931604797559,0.9805345609569978,0.9805639502475403,0.9817212360468822,0.9836776894051368,0.9843470875635756,0.9843470875635756,0.983409807428802,0.98331467719707,0.9828659764551086,0.9827223900538646,0.9820536913872138,0.9816821113629696,0.9796874788768766,0.9790038524263954,0.9790376395177046,0.9816143976624027,0.9828044205220117
394304,83,"Akron, OH",msa,OH,0.9740445267978233,0.977732135741849,0.9802918931154676,0.9839588560645689,0.9849767740747826,0.9858898828139419,0.9845574777109284,0.9826548342258254,0.979937726873855,0.9760601155013032,0.9721133115544993,0.971076401076401,0.9726865057278072,0.9772641457593431,0.9821042638893166,0.9875554813891384,0.9893568858062413,0.9883254971730707,0.9854417977525198,0.9848029313043334,0.984529555342884,0.983719268021822,0.9785085261263785,0.9756727908806687,0.9762865794521772,0.9807453971794594,0.9861638634529015,0.9894099501862863,0.994717706650006,0.9976905311778291,1.0,1.0,1.0,1.0,0.9985168705969597,0.9941016659185969,0.9941016659185969,0.9956793316798378,1.0050828340576994,1.0103598789125805,1.0176663059362048,1.0155046114563933,1.0102275666015121,1.0028266032196875,1.0,1.0,1.0,1.0,1.0001852881230313,1.006164220303779,1.0154234795630384,1.0251764630449454,1.0235109820268846,1.0142517227676253,1.0043134511626872,1.0,0.9964912280701754,0.9908415105560512,0.9834138919415295,0.9812348638951862,0.9848350424648333,0.992262661079355,0.9986321243138733,1.0021754897563744,1.0032012902892251,1.0025672596878243,1.0010734331898004,1.0000476326569496,1.0,1.0,0.9961592884576511,0.9936424454321185,0.9936424454321185,0.9974831569744674,1.0,1.0,1.0001111481604978,1.0001111481604978,1.0001111481604978,1.0,1.0,0.9976056097143834,0.9919645840733579,0.987957071614329,0.9903514618999455,0.995992487540971,1.0,1.0,1.0,1.0,1.0,1.0,1.0,1.0,0.9958730158730159,0.9909109278297107,0.9909109278297107,0.9950379119566947,1.0
394531,84,"Des Moines, IA",msa,IA,0.9841111878345865,0.986682482832249,0.989976951777757,0.9912276743228237,0.9919191337022742,0.9904222140072557,0.9892815876751634,0.986520726910418,0.9860936810519814,0.984840293518106,0.9836853230999761,0.981725992687663,0.9811440101875698,0.98287716388508,0.985623694807429,0.9886627685451012,0.9892131264359616,0.9887509015315431,0.9875046168125236,0.9870591241500497,0.9857885220668913,0.9847067644578685,0.9827218904573023,0.9815760136668699,0.9824225745134307,0.9855943329197553,0.9885841813413935,0.9896929097982277,0.9902380877078155,0.9915536839994398,0.9923971881490438,0.9928590593769145,0.9922586932812273,0.9914175717859001,0.9913014504996612,0.991945939666189,0.9952792729995225,0.9978136200716845,1.0,1.0000636485422805,1.0000636485422805,1.0000636485422805,1.0,1.0,1.0,0.9974842767295597,0.9958166836222779,0.9958166836222779,0.9983324068927182,1.0,1.0,1.0,1.0,1.0,0.9980946028115839,0.9949019053971885,0.9912489373606587,0.9875754363231177,0.9847075276769073,0.9837093329227392,0.9862570095663986,0.9923176156270047,0.9969687784177023,1.0,1.0,1.0,0.9978041282389108,0.9942953563090863,0.9907652219930831,0.988425736479089,0.9863003816985536,0.9843751456451987,0.9852741392839185,0.9881675252535375,0.9908217751747164,0.9920771864301275,0.9921004556009377,0.9916323452798862,0.9898466309941719,0.9881303111649435,0.9871665200863194,0.9859665408934234,0.9842274927864098,0.9829474838341916,0.9846835268505648,0.9874550058125199,0.9897160040922675,0.9899157564153468,0.9903443612314602,0.9898888458566549,0.9892546557263587,0.9868952310250063,0.9854970167027771,0.9843474489194488,0.9835257831950593,0.982429995024822,0.9827426426742433,0.9851824395833139,0.9878061609898561
395115,85,"Springfield, MA",msa,MA,0.9803068514708917,0.9877150449726179,0.9919863523040494,0.9971537707772793,0.9962854502508013,0.9979333442386867,0.992867678197411,0.9888466373946706,0.9847518465588992,0.9840921004562473,0.9842482623231552,0.9822730813589189,0.9811285945316223,0.9843854695678349,0.9897071669892338,0.9965770659604583,0.9969982956717329,0.9971580695115522,0.9955304095501886,0.9946871038487243,0.9917107973281437,0.9885497078199066,0.9852750820773936,0.9856292678447929,0.9859637783661723,0.9915849522129214,0.994513657962894,0.998967896911115,0.998967896911115,1.0001151191558713,1.0002702300601678,1.000391526401691,1.0015482680391852,1.0015166596666907,1.0013953633251673,1.000123502531802,1.00269334359369,1.0089454660027883,1.0177233988950463,1.0299547410558048,1.0363255298607752,1.0402350248808585,1.0338591009149323,1.0268045326828912,1.0198565218469893,1.016185087422173,1.0148678072058364,1.0116396111346255,1.0141696911783271,1.0213349277231367,1.0344152093489742,1.043144456801321,1.0473131772628606,1.0385243957202297,1.0250246854673946,1.012357548146376,1.0056500923718394,1.0030131477649205,1.000095265313899,1.0,1.0,1.000347092706633,1.0070425007080075,1.0160112909267978,1.0234314867870262,1.0286495276556222,1.0265637266207064,1.0242949227397566,1.015723161422,1.008840172238126,1.0033416875522139,1.0000915038511236,1.000215176155167,1.0071581884601095,1.0148186225934823,1.0243695325233877,1.0247092896830907,1.0221494596944407,1.014512844750968,1.0106307554223495,1.0054386474265034,1.0034006801360273,1.0,1.0,1.0,1.0052367688022283,1.0094878315679197,1.0162172765164372,1.017426030511338,1.0135805141501093,1.0078343533707166,1.0013906824357275,1.0009851360312647,1.00000185186214,1.0,1.0,1.0,1.0013486079677485,1.0084348939202288
845159,86,"Poughkeepsie, NY",msa,NY,,,,,,,,,,,,,,,,,,,,,,,,,,,,,,,,,,,,,0.9681862393330474,0.9777530276731579,0.9742346563572607,0.985688911830655,0.9904761904761905,0.9939313693037626,0.9922605255276556,0.9858237508600629,0.9873540838810202,0.9880245942126455,0.9883491258722739,0.9833636140237445,0.9717901727697401,0.9703266582019469,0.9782781406817312,0.9908519153802172,0.9984276729559749,1.0,0.9979166666666667,0.9934722222222222,0.9793029562625634,0.9701503345397168,0.9640572306314867,0.9663544469892292,0.9775904020454091,0.9881279503980837,1.0,1.0006967755402467,1.0022654029912272,1.0044048980703886,1.0041151229371421,1.0025464954861618,1.0004070004070005,1.0,1.0,1.0,1.0,1.0,1.0,1.0006410256410256,1.001895374688848,1.001990640002747,1.0013496143617215,1.000095265313899,1.0,1.0,1.0,1.0,1.0,1.0,1.0,1.000743031653997,1.0013221579963438,1.0013221579963438,1.000579126342347,1.0,1.0,1.0,1.0,1.0,0.9993826017163672,0.9993826017163672,0.9993826017163672
394931,87,"Ogden, UT",msa,UT,0.9980879541108987,1.0,1.0,1.0000687426960886,1.0000687426960886,1.0000687426960886,1.00000185186214,1.00000185186214,1.00000185186214,1.0,0.9987413778154118,0.9980229870108142,0.9980229870108142,0.9992816091954023,1.0,1.0,1.0,1.0,1.0,0.9993510101010101,0.9993510101010101,0.9969455714664545,0.9975945613654443,0.9975945613654443,1.0,1.0001333866880084,1.0001333866880084,1.0001333866880084,1.0,1.0,1.0021993052652225,1.0055537356449693,1.0095617516770334,1.011261081889394,1.013139030703245,1.0127684805699382,1.018984327697668,1.0261141490005405,1.0371286977537981,1.0403561617462458,1.0387466494218183,1.0307808039273685,1.0216055239962747,1.0132922230025747,1.0090274647438704,1.0049683596562078,1.0034703761819765,1.0060614966114365,1.016665970319137,1.0266640775545364,1.0287941713318989,1.0181818683166068,1.0072423573770959,1.0000997322714125,1.0,0.9975131294408403,0.993069123515499,0.9893899642341544,0.9884562831583205,0.9906205144033103,0.9942996736846551,0.9977202253196488,1.0,1.0,1.0,1.0,1.0,0.9991301641777318,0.9986797137272814,0.9971923054080527,0.9980621412303209,0.9985125916807714,1.0,1.0,1.0,1.0,1.0,1.0,1.0,1.0,0.9993512772608127,0.9993512772608127,0.9989982945569652,0.9996470172961525,0.9996470172961525,1.0,1.0,1.0,1.0,0.9997016775204713,0.9992312641500375,0.9985107244002615,0.9981554521085482,0.9963855105297185,0.9950198408721841,0.9956734356434259,0.9979137905926896,1.0,1.0
394816,88,"Madison, WI",msa,WI,0.9907369581998529,0.9967018961316066,1.0003265696981274,1.0003914601607204,1.0001690896915185,1.0000648904625928,0.997319034852547,0.9936477978704535,0.9895844659382691,0.9864683296364469,0.9842705523461645,0.9832513952588954,0.986351360182948,0.9922203744553236,0.9974002622310599,1.0002049603352867,1.0002049603352867,1.0001075615790038,1.0,0.9956427015250545,0.9908179534052873,0.9853978992047452,0.9849498627772685,0.987521749763396,0.992941803963938,0.9977471388663602,1.0,1.0,1.0005659309564232,1.0006611962703225,1.0007396461016553,1.0002374313485674,1.000142166034668,1.0001786983810976,1.0001149821777624,1.0024864065145047,1.011445498410816,1.025959982277911,1.0372871880781551,1.046751182019869,1.046236698152774,1.0406681493166008,1.0261323683219679,1.0123416504763256,1.0042115691755125,1.0003204303148554,1.000206413474397,1.0078596680019412,1.0288011514203907,1.046816046372177,1.0664164606077355,1.0652791214501633,1.0599894740049907,1.0380268105328934,1.0182449047995266,1.0054243919790138,1.0001333866880084,0.9980363279332352,0.996845851742759,0.9968711080947315,1.0040671593550943,1.0149837355484919,1.0275074988043624,1.0341202476970386,1.0357350416234035,1.0312181505296165,1.0241332902787745,1.0145941981512903,1.006562069637234,1.0018018018018018,1.0,1.006540977298961,1.014477485235469,1.02386058327186,1.0296097952847407,1.0328303305095432,1.0275732345549862,1.015283045243144,1.0041260020818337,1.0,1.0,0.9966659862556985,0.9966659862556985,0.9966659862556985,1.005050505050505,1.0107415619610742,1.0164457477086437,1.0148060357226716,1.0091149788121025,1.0034107930645326,1.0,1.0,0.9979294689050787,0.9947738441341686,0.990136162974748,0.9922066940696695,0.9953623188405798,1.0035698924731182,1.0036674994683015
395235,89,"Winston, NC",msa,NC,0.9760844072246474,0.981072423969632,0.984977938223374,0.9869735226377904,0.9873476582234586,0.9853882098047265,0.9847998868594914,0.9833085500696912,0.9825971228897727,0.9808019196727686,0.9789925230402211,0.9772996672565878,0.9796011522066898,0.9836453933601638,0.9882159809928677,0.9894268709769416,0.9899375138277616,0.9896032954286698,0.9886400961083662,0.9858712193485705,0.9842126764613655,0.9817369786294314,0.9805712187368374,0.9799893010805576,0.9843946759429217,0.9885041845524237,0.9928718036289484,0.9924531439318208,0.9938092600840182,0.9956854326918982,0.9984709480122325,1.0,1.0,1.0,1.0,1.0,1.0001554475018197,1.0051868940427002,1.0113258268580199,1.0178396614276004,1.0183795237683892,1.018419044172871,1.0156408126851282,1.011489593507809,1.0054699460685377,1.0025665387455334,1.001241714355083,1.0027579504505992,1.0097068151264539,1.0188246355773647,1.0273170578161503,1.0288302441542394,1.024166636173108,1.014081496912149,1.004631802637552,1.0000823248538735,1.0,0.9985758274356696,0.9944098449025773,0.9908979251566463,0.9923220977209765,0.9964880802540691,1.0,1.0,1.0,1.0,1.0,1.0,0.999015750531898,0.9938677453838928,0.9902445569780958,0.9879183531753469,0.991323928917868,0.9949471173236653,0.9982575705945159,1.0,0.9993221550975373,0.9977873123672881,0.9943855976253673,0.9919815738926001,0.9893497499561826,0.9885186604652993,0.9852214260029794,0.9839828649269936,0.9831944254363524,0.987713409486283,0.9909712897735942,0.9925557421138196,0.9905954218109133,0.9879218120472698,0.9868532761854364,0.9852092346616447,0.9837408837045292,0.9824557213900106,0.9804014052718464,0.9811260504242675,0.9823143046123732,0.9868100732417354,0.9898544298972536
394528,90,"Deltona, FL",msa,FL,0.9706407706819132,0.9735405821941648,0.9799343653964119,0.9823129478129999,0.9819383273672534,0.9795222134501741,0.9748234307303457,0.9713600073911618,0.9675465259141888,0.9657139022971634,0.9656341499258357,0.9662967278201728,0.9696544811779262,0.9706506603517554,0.9716155155108289,0.9713129665357135,0.9721924272690664,0.9731806584469925,0.9729195618371677,0.9730419777754568,0.9741131293677513,0.9750294462621705,0.9753894123389557,0.9750082538078599,0.9765359243787226,0.9792476432727337,0.9778569302645163,0.9774421441050493,0.9760478262990668,0.9790917425505302,0.9802316408719954,0.9834633258855369,0.984815014029678,0.9844331719670473,0.9829709691102315,0.9825891560235004,0.9851347748130216,0.9872757778904475,0.9927857961053838,0.9965635738831615,1.0,1.0,0.999428462564298,0.999428462564298,0.9963703585887629,0.9938168960244648,0.9899270809891391,0.9929851849646741,0.9961101849646742,1.0,1.0,1.0,0.9980720996484704,0.993283610793033,0.9866169441263662,0.9820279692555133,0.9800803895255251,0.9783600290029361,0.9755528949013095,0.9722555186706815,0.9725976905328498,0.9741697618723629,0.9769774395947165,0.9781672221347151,0.9786612323280902,0.9780171848292866,0.9771203196318793,0.9760028265475794,0.9749236921911341,0.9733235927674805,0.9725511596977586,0.9734840765825794,0.9750029394379608,0.9760207120822907,0.9753787354884103,0.9746159215024964,0.9740879941453008,0.9747343494893982,0.9739783006199305,0.9733540859608724,0.9711331040632215,0.9713666004379365,0.969945540924178,0.9695961655537294,0.9695822864958398,0.9711154465201788,0.9725582697488485,0.97214981255736,0.9716580996150541,0.9699047672395964,0.9699023589055039,0.969783430956363,0.9706277817362542,0.9695890567711488,0.9686316668849981,0.9679271476618624,0.9687052366752456,0.9702326106274625,0.9718667577660707
395143,91,"Syracuse, NY",msa,NY,0.9764925537257226,0.9793987502735377,0.9860466460575456,0.9911170978104616,0.9942613081973191,0.9969244400161438,0.990694642528458,0.9860094915762696,0.9812664392219727,0.9789455104555828,0.9760424096641206,0.9739571325171578,0.9743777774704204,0.9779514735047531,0.9844246754974809,0.992554756798294,0.9979296066252589,1.0,0.9981049838923631,0.9941811071020944,0.9903057474347531,0.987150258491885,0.9837270112739426,0.9820754031501652,0.9808219852300807,0.9854750792029122,0.9910020469940309,0.9956024756092529,0.9982965056446322,0.9985805640406508,1.0031134970553222,1.0036080568970631,1.0050334002104462,1.0023707115928302,1.0018761517510892,1.0001667500416875,1.0,1.0031372549019608,1.0134180520034102,1.0255251888913466,1.036203365138877,1.0381298860532424,1.034327769927858,1.0241224470816157,1.0130489159138734,1.004858877329084,1.0014580511801927,1.00032426433212,1.0061534616279488,1.0207121119630427,1.037163868299192,1.0536791062149715,1.0555778403921867,1.0525981395448996,1.0378307427799194,1.0247165531254454,1.0123994900195405,1.0048927575181814,1.0013402805059888,1.0001852881230313,1.0001449905756126,1.0108330333277837,1.024818399633239,1.0432701342558184,1.0544211719634176,1.062895223047333,1.0600275156716688,1.0515422323924353,1.036156146490445,1.0237604620012506,1.0106028586602271,1.0037204984923778,1.0014022476681848,1.0099760762973238,1.0213035051588102,1.0370717948848593,1.048666188279015,1.052932374913225,1.0518152040119892,1.0422669140095548,1.0318213998690975,1.016632070256651,1.0059297952766408,1.0005907226018707,1.0018454526119653,1.0122020632958526,1.0264838355294381,1.0427702518158544,1.0456909206283957,1.0429266470900476,1.0329591419655657,1.0241638483013986,1.0126463496061613,1.0048023144953484,1.0002064777827235,1.0002064777827235,1.0001482140210465,1.0003286235731712,1.0080823647532906
395006,92,"Provo, UT",msa,UT,0.994904637596314,0.9977690970689687,1.0,1.0,1.0,1.0,1.0,0.9997499583263877,0.9986154932295754,0.9974460700055167,0.9972094936742627,0.9956065403672006,0.9967759635912593,0.9972625815961255,1.0,1.0,0.9988937544151089,0.9982052462938165,0.9982052462938165,0.9982925565737117,0.9975083106449304,0.9944259680645694,0.9936880674621699,0.9951608215122435,0.9982431640926045,1.0,1.0,1.0,1.0,1.0,1.0,1.0013338183581908,1.0014110756868173,1.0014628497138856,1.000208893668017,1.0063673590040814,1.0155179496738052,1.0273570554260354,1.0341083457483573,1.0366706869339186,1.0331594493866978,1.0248672720804362,1.0148536396674166,1.0065082422696012,1.0018134065888502,1.0000623331195166,1.000000710679798,1.005250054511819,1.0122793657014961,1.0213946676745151,1.0217018970854568,1.0147033078978946,1.0055872952450777,0.9994350565320977,0.9986634108451223,0.9957617026578216,0.9925369287773136,0.9874201202058273,0.9878979870713,0.9887867348357803,0.994644467092127,0.9970683084139549,1.0,1.0,1.0,1.0,1.0,1.0,0.9989324793167867,0.9982611882002059,0.9953092993080114,0.9962125354504,0.9968838265669809,0.9998357154591754,1.0,1.0,0.9994443415447304,0.9994443415447304,0.9994443415447304,1.0,1.0,1.0,0.9975786924939468,0.9968379517532061,0.9967308050693958,0.9991521125754491,0.9998928533161898,0.9992498124531132,0.9983895973993498,0.9967229307326831,0.996523961237223,0.9949533021956394,0.9957352771143334,0.9935090655882005,0.9931619689911382,0.9940466607391109,0.9972220293075909,1.0,1.0
395160,93,"Toledo, OH",msa,OH,0.9671448928305401,0.9705814336947675,0.9758509580663827,0.9783947797977591,0.9803836785005178,0.978836723079802,0.9776133135199179,0.9738147378860602,0.9714994748979996,0.9708904051594139,0.969056800827723,0.9683797858235058,0.9664072225456758,0.9721449115597292,0.9777521526208658,0.9843857310947121,0.987566724043767,0.9871285419775467,0.9833882195542406,0.9782362455929695,0.9757917798439734,0.9733932002881097,0.971933546496428,0.9715928758234037,0.9747392232114906,0.9790571752834465,0.9808943258311452,0.9839684571950741,0.9895886584161483,0.9966931966211651,0.9982018519580459,0.9983958007555634,0.9983958007555634,0.9959839357429718,0.991360341878317,0.9877036920775973,0.9917197563346255,0.9963433501992803,1.0002151925973746,1.0021982465003854,1.0035262677487253,1.0033988175396986,1.0014157636366878,1.0000877423883479,1.0,1.0,0.9967028288620977,0.9967028288620977,0.9967028288620977,1.0022237046920168,1.0070917375137212,1.0119226553881173,1.0099395987780637,1.0051741616268222,1.000343243752426,0.9979582068212847,0.997855611150822,0.9950404393140202,0.9899384513516041,0.9828401367001914,0.9844085385709361,0.9916549153825303,0.9987532300339431,1.0001308205724255,1.0001308205724255,1.0001673044343837,1.0000364838619582,1.0000364838619582,1.0,0.998234255444379,0.9918240473955316,0.9870621426336269,0.9870662161184036,0.9934764241672509,0.9982633308042962,1.001405264124968,1.0014052641249682,1.0013802622498276,1.0,1.0,1.0,1.0,0.9934313660117645,0.9925181240026321,0.9925181240026321,0.9990867579908675,1.0,1.0,1.0,1.0,1.0,1.0,1.0,0.9972773239984442,0.9911628159384108,0.9880718772691414,0.990794553270697,0.9969090613307304,1.0
395224,94,"Wichita, KS",msa,KS,0.9791775752820714,0.9834696009444764,0.9852323601295252,0.990045031466717,0.9905307619314444,0.9908043309550134,0.9894358371467086,0.9879660765150714,0.9873042980741668,0.9854167467324482,0.984365695681397,0.9841439049573241,0.9857056872737552,0.9888281528049799,0.991525286154316,0.9923514351092844,0.9940430711926354,0.9932753824291524,0.9923298427865186,0.9883764610467473,0.9897357164911265,0.9898346866814629,0.9898733773542885,0.9870128740404184,0.9878190563979455,0.9924752014058713,0.9971014492753624,1.0,1.0,1.0,1.0,1.0,1.0,1.0,1.0,1.0,1.0,1.0,1.0018353475337833,1.0021889952795695,1.0038069290027662,1.0019715814689831,1.001617933723197,1.0,1.0,1.0,1.0,1.0,1.0003350083752094,1.0057994892495261,1.0128916878310867,1.0174520955662467,1.012115869148772,1.0050236705672118,1.0001282544568424,1.0,1.0,1.0,1.0,1.0,1.0,1.0,1.0,1.0,1.0,1.0,1.0,1.0,1.0,1.0,1.0,1.0,1.0,1.0,1.0,1.0,1.0,1.0,1.0,1.0,0.9967948717948718,0.9964557737955501,0.9945406222803985,0.9977457504855267,0.9980848484848485,1.0,1.0,1.0,1.0,1.0,1.0,1.0,0.9991638795986622,0.99865026891556,0.9964044060313991,0.9948595740517847,0.9953731847348868,0.9976190476190476,1.0
394549,95,"Durham, NC",msa,NC,0.9939364210220628,0.9958920187793426,1.0000740905386383,1.0000740905386383,1.0000740905386383,1.0,1.0,0.9974842767295597,0.994817610062893,0.9902978360515936,0.9891098556183303,0.9883176904553735,0.9928374644666729,0.9965411681703765,1.0,1.0,1.0,0.999213834700111,0.9961885831103104,0.9932126038594439,0.9904609625994,0.9898630257834035,0.987275711936158,0.9875877120444779,0.991210900450275,0.996774193548387,1.0,1.0,1.0,1.0,1.0,1.0000667869044708,1.0000667869044708,1.0000667869044708,1.0,1.0021164021164022,1.0071616668889327,1.019485144379655,1.03420375909827,1.049029378002593,1.0577567068236446,1.0575664843893275,1.0498168128336858,1.0382800430758419,1.030644257684151,1.0265875616919713,1.0211552337730203,1.0195811690019296,1.025716370606703,1.0454441857812478,1.0655697629585994,1.0692793695413962,1.0531971822155026,1.0256392878700646,1.0077299635534624,0.9971560122334214,0.993820051830256,0.9907712713424511,0.9882166516109606,0.9874341312857573,0.9904829117735622,0.9958841463414635,1.0006922697116394,1.0006922697116394,1.0006925261220931,1.0000002564104538,1.0000002564104538,1.0,1.0,0.9966583124477862,0.9917460317460317,0.9885070110734585,0.9918486986256725,0.9967609793274269,1.0,1.0,1.0,1.0,0.9987079522167241,0.9961862668404606,0.994170006677859,0.9914276798807465,0.9892005767883028,0.9875131332472007,0.9884441418691264,0.9931929303378336,0.9968966340415374,0.9988305602660833,0.9951720236807174,0.9912446710287423,0.9882988844252103,0.9871265031361801,0.9858650813080422,0.9839127038971641,0.9821708518185087,0.9829778392915728,0.9849811768304626,0.9888854999655349,0.990077421282718
394352,96,"Augusta, GA",msa,GA,,,,,,,,,0.9780671250197326,0.9839361777505721,0.9837615734297808,0.9775540105120085,0.9725720773593437,0.9770025690800642,0.980631850911184,0.988761932211997,0.9937002038169354,0.9982433895850579,0.9949091785968184,0.9906942957930198,0.989373983131039,0.9887843173290096,0.989698178666878,0.9901881909857456,0.993104973037552,0.996405994503482,0.9989929052615375,1.0,1.0,1.0,1.0,1.0,1.0,1.0,1.0,1.0,1.0,1.0,1.0,1.0001389467833819,1.0001389467833819,1.0001389467833819,1.0,1.0,1.0,1.0,1.0,1.0,1.0,1.0035373972204304,1.005836247795143,1.0095873872068801,1.0060499899864495,1.0037511394117369,1.0,1.0,1.0,1.0,1.0,1.0,1.0,1.0,1.0,1.0,1.0,1.0,1.0,1.0,0.9967767033455597,0.9899683109598434,0.986909168156175,0.9896038582044895,0.9942258053121504,0.9951885120571186,0.9957171186632445,0.9979035639412999,1.0,1.0,0.9982069212838444,0.9959118824629468,0.9923914081253519,0.9918656462617975,0.9914985020926431,0.9924449738562355,0.993429146434611,0.9960913294246628,0.9986653319986654,1.0,0.9977011494252874,0.995857715081853,0.9913734101491176,0.9909536202436171,0.98899818339945,0.9884199059025797,0.9856740655084758,0.9856634128865535,0.9873071918973558,0.9907282157737197,0.9913555597900853
394957,97,"Palm Bay, FL",msa,FL,0.9721686756155261,0.9737629098413896,0.9753430604600016,0.9761229921491276,0.9761977624810502,0.9757015645973341,0.9751312468651782,0.9746098999727364,0.9740743141183241,0.9718307099222717,0.9705633035710363,0.9694664187240019,0.9703569654389327,0.9720634227502734,0.9741451297500133,0.975864103995395,0.9766582224745323,0.9760477218640317,0.9763053873311387,0.9760427779470356,0.9773104416350814,0.977714754303545,0.9764453779068559,0.9760336675438114,0.9760781562933801,0.9789475283680028,0.9789952720678116,0.9791447615055161,0.9784229170667188,0.9802858817681082,0.9816792051681366,0.9825896545628906,0.98322800506588,0.9829540164917865,0.9832813331157494,0.9828574667248495,0.9861301998156322,0.9918773262524138,0.9974431889611336,1.0,1.0,1.0,1.0,1.0,1.0,1.0,1.0,1.0,1.0,1.0003827018752391,1.0012395999043737,1.0012395999043737,1.0008568980291346,0.99646783625731,0.991003355382993,0.9843366887163262,0.9806224756474222,0.9784241212726968,0.9759215742688997,0.9759884639010066,0.977254710663908,0.9803622159445444,0.982589731996755,0.9833683429548058,0.9835820981282591,0.9827847871074127,0.982426028605575,0.981278949858141,0.9793741844123242,0.9768520862804592,0.975075188419706,0.9748099356775218,0.9749754365059812,0.9766551677489822,0.977771746996671,0.9789296074011068,0.9781978174626796,0.9776398655753001,0.9767861414239057,0.9764800486430801,0.975377012975653,0.9746763951208021,0.9732826668978056,0.972900751680088,0.9731917480498303,0.9745854762728269,0.97567916214929,0.9763054807146908,0.975996743450103,0.9749767516100377,0.9729341791462697,0.9725007814439559,0.9738239216968226,0.9741551846367812,0.9731423712773788,0.9717455369881142,0.9724974166873624,0.9746901386221717,0.9756127290932044
394711,98,"Jackson, MS",msa,MS,0.9765494565424101,0.976989604597303,0.9780034294820957,0.9774279253443133,0.9778310210285807,0.9776129857163398,0.9765331712326425,0.9763909458690408,0.9748368292825474,0.9762780114532714,0.9737508911376894,0.9733531067750075,0.9723984894988701,0.9756999132654744,0.9782603655659422,0.9809189851264328,0.9818510729462813,0.9813188311881801,0.9808433971886865,0.9784255341892094,0.9780396819706092,0.9769785005177711,0.9774604238930017,0.9767286308879033,0.9771712419551304,0.9774471994046889,0.9793277919442686,0.9799385781690898,0.9826136791275509,0.9839866820090301,0.9847179141481038,0.9850806155421226,0.9867117407667089,0.9881873561936331,0.9881146423155674,0.986204964028251,0.9875969533944234,0.9924750021749112,0.9974259974259975,1.0,1.0,1.0,1.0,1.0,1.0,1.0,1.0,1.0,1.0,1.0,1.0,1.0,1.0,1.0,0.9972883597883598,0.9930992514699876,0.9865951864293372,0.983171857315824,0.9790127247278159,0.9813501231017995,0.9822461656131729,0.9853359975893482,0.9859101571993046,0.9883349314897103,0.9905527854363054,0.9890675960025769,0.9859699704450051,0.9815829068140935,0.9795042944533083,0.9770921874246548,0.9774387142488203,0.9773486462884503,0.9788157024258023,0.9812671645865287,0.9826718560844457,0.984419383264927,0.9834831501858368,0.9826414184140867,0.9820609124866234,0.9810254549312903,0.9830140363359664,0.9819848622412376,0.9811787750978828,0.9788560669189849,0.9794091999849882,0.9811471059750203,0.9843442104841441,0.9845278567318608,0.9849772475258435,0.9834051895688428,0.9826498625428899,0.9804625657588754,0.9795705946811246,0.980729323649436,0.9791096498131123,0.9798385626428332,0.9793429201399687,0.9830144716379263,0.9835195221429768
394666,99,"Harrisburg, PA",msa,PA,0.983205565897537,0.9858286462823989,0.9925356630094556,0.9964572316369066,1.0,1.0,0.9964950980392157,0.9922253947340405,0.9893729388291584,0.9882402239212272,0.9865796084717696,0.9823275261716349,0.9869651430403503,0.9928954617949833,1.0,1.0,1.0,1.0,1.0,0.9997552618697992,0.9997552618697992,0.9997552618697992,0.9983328946213916,0.994669890958388,0.994669890958388,0.9963369963369964,1.0,1.0,1.0,1.0,1.0,1.0,1.0,1.0,1.0,1.0,1.0,1.0024146257330113,1.0040514159105873,1.009166719893816,1.0107543811819595,1.009284341046071,1.0041690370628424,1.0001667500416875,1.0,1.0,1.0,1.0,1.0015158405335758,1.0092430482771824,1.0198044712899674,1.0284730156598776,1.024168121400186,1.0150291199742119,1.004844735070726,1.0014224215868108,1.0,1.0,1.0,1.0,1.0,1.0001333866880084,1.0002445348485065,1.0026116534196277,1.004548231751423,1.0045760303743072,1.002208911803186,1.0001389467833819,1.0,1.0,1.0,1.0,1.0,1.00007170000717,1.0006602815257104,1.0006602815257104,1.0005885815185402,1.0,1.0,1.0,1.0,1.0,1.0,1.0,1.0,1.0,1.0,1.0001111481604978,1.0001111481604978,1.0001111481604978,1.0,1.0,1.0,1.0,1.0,0.9994101365338542,0.9994101365338542,0.9994101365338542,1.0
395113,100,"Spokane, WA",msa,WA,0.9981087407589709,1.0,1.0,1.0,1.0,1.0,1.0,1.0,1.0,0.9993055555555556,0.9993055555555556,0.9993055555555556,1.0,1.0,1.0,1.0,1.0,1.0,1.0,1.0,1.0,1.0,1.0,1.0,1.0,1.0001111481604978,1.0001111481604978,1.0001146570062982,1.0000035088458004,1.0000035088458004,1.0007593014426728,1.003006560239409,1.003006560239409,1.0023247962085373,1.0000775374118012,1.003695328431167,1.0120352994368742,1.0248558122573872,1.038363403501018,1.048417884661027,1.0489307051738475,1.0406942117997395,1.0278815317864554,1.0153826802565302,1.0064937913676413,1.0008344818034083,1.0,1.0000775374118012,1.009754932272797,1.0238984129056394,1.034948847168092,1.0304120932161518,1.0162686125833094,1.0051406409090555,1.0,1.0,0.9969381872381113,0.9921062544650021,0.9909366638217273,0.9921606739092089,0.9969926066823179,0.998162197325593,1.0,1.0,1.0,1.0,1.0,1.0,0.998334162502073,0.9951569414083646,0.9947865710379942,0.9964524085359213,0.9996296296296295,1.0,1.0,1.0,1.0,1.0,1.0,1.0,0.9974148381159068,0.9965394003970474,0.9953077619789682,0.9978929238630615,0.998768361581921,1.0,1.0,1.0,1.0,0.9986590909090909,0.9986590909090909,0.9980793807641634,0.9976357496089937,0.9950716470448913,0.9926647371819222,0.9944492774280009,0.9970133799921035,1.0,1.0
395075,101,"Scranton, PA",msa,PA,,,,,,,,0.9390383309556326,0.938752783237339,0.92511801147473,0.935665630793884,0.9420228330235162,0.9509584193796599,0.9544483012980073,0.9555934233592184,0.9675586623021016,0.9707929452914444,0.9688207287336615,0.9659804177579385,0.9619288836781702,0.9633303443797444,0.9612311560887471,0.9582042741215565,0.9638593416172109,0.9679953003607645,0.9720125020511071,0.9587877588112615,0.9559677004123834,0.9623504555099961,0.9765643805651393,0.9817769138403064,0.986804101692979,0.9927985435956105,0.991428222512838,0.9881654359167181,0.9870916572339118,0.9953287626996548,0.9985915492957748,1.0,1.0,1.0,0.99442119944212,0.9901880112466676,0.983521344580001,0.9891001451378809,0.9882826994532731,0.9882771960708725,0.9827138700943762,0.9866864081457228,0.9933585781947901,0.9989219041712863,1.0,1.0,1.0,0.9939091293372332,0.9870604314909684,0.9823655958102172,0.9790190055933602,0.9764968868398927,0.9730616412198309,0.9734671568972968,0.9746768474113746,0.9828069287121877,0.9918388739143457,0.9932605374052339,0.9932605374052339,0.9909394966226547,0.9947988622036266,0.9947988622036266,0.9883752757444689,0.9827354361840278,0.9734779773462935,0.9738730737919513,0.9792886844354184,0.9885461432731527,0.9950386638556757,0.9981429897864439,0.9981429897864439,0.9991236819044261,0.9940475397724464,0.9853042202865169,0.9767492723060691,0.9703196615616106,0.9711264731110321,0.9737169431671533,0.9852226960435916,0.9931592039800995,0.9967124612803969,0.9967124612803969,0.9967124612803969,0.9976463665784054,0.9922001067140062,0.985701695422503,0.9834256992144678,0.9822005236949853,0.9817399927457092,0.9784435847659237,0.9851150201498057,0.9920739623905851
394460,102,"Chattanooga, TN",msa,TN,0.9813008139396205,0.9839141242272903,0.9870876761217628,0.986374935777434,0.9888389061208555,0.9883645478985618,0.9884298926530217,0.9857781344742742,0.9838974360023043,0.9829908306725268,0.9810579835780602,0.9814513954650602,0.982730115734879,0.9842720443818891,0.9862459700524973,0.9865264655542232,0.9872884247884248,0.986913221006895,0.9864118872925004,0.9863945143170912,0.9846428593532991,0.9827708839727087,0.9833473381436608,0.9841526706344806,0.9870942688329903,0.988950685718268,0.9926889300440515,0.9962873076071933,0.9983763140308772,1.0,1.0,1.0,1.0,1.0,1.0,1.0,1.0,1.0001361099768613,1.0001361099768613,1.0027149378428326,1.0036936550677549,1.0036936550677549,1.0011148272017838,1.0,1.0,1.0,1.0,1.0,1.000534651770044,1.000534651770044,1.0039888832035502,1.004406884572498,1.004406884572498,1.000952653138992,0.9987288122147473,0.9953569432359419,0.9900652750627247,0.9841507928810659,0.9809785871371627,0.9862702553103798,0.9934559252772912,1.0,1.0,1.0,1.0,1.0,1.0,0.9969156024738078,0.9945059639195911,0.990882775513794,0.9882446069725924,0.9877043930194347,0.9890340662286646,0.9947566322960583,0.9966355125871486,0.9982247219872038,0.9959426185019332,0.9939418459186543,0.9911327507986266,0.988774483054199,0.9866297437640387,0.9845314724022391,0.9818950377886705,0.9820280069909576,0.9852655426115889,0.9901487818424725,0.9937655648751598,0.9915328358511468,0.9911038218183691,0.9868249549546281,0.9865685033833387,0.9845271735888647,0.9859279076229989,0.9845007298140476,0.9820170570620386,0.9801313921513787,0.9814082932870037,0.9844119849581819,0.986992830903514
394871,103,"Modesto, CA",msa,CA,0.9971469098277609,1.0,1.0,1.0,1.0,1.0,1.0,0.9991664351208668,0.9977644277134207,0.9945592995082925,0.9924842777480096,0.9938862851554559,0.9957594080325628,0.9986679946719788,0.9986679946719788,1.0,1.0,1.0,1.0,1.0,1.0,1.0,0.998661849324234,0.998661849324234,0.998661849324234,1.0,1.0,1.0,1.0,1.0000877423883479,1.0003690808303578,1.002132574142011,1.0038790822122259,1.0036735185675185,1.0020292676106473,1.0035563616898997,1.0091303044067217,1.0181434821432636,1.0245150162641583,1.0306310196296053,1.0321161072282454,1.029731257961653,1.0229172456666775,1.015585803762779,1.0097800618640471,1.0080554347600084,1.0048792090781336,1.0071419391322831,1.011451884360532,1.0191733228482616,1.0204834097062083,1.014370884421904,1.0065396058299834,1.0014245014245013,0.9981481481481481,0.9981481481481481,0.9956013873924067,0.9974532392442584,0.9960708809042181,0.9986176416599596,0.9986176416599596,1.0,1.0,1.0000666800026672,1.0000666800026672,1.0000666800026672,1.0,1.0,1.0,1.0,1.0,1.0,1.000070190215484,1.0001231086681484,1.0001231086681484,1.0000529184526645,1.0,1.0,1.0,1.0,1.0,1.0,1.0,1.0,1.0,1.0,1.0,1.0,1.0,1.0,0.9978035200264781,0.9978035200264781,0.9978035200264781,1.0,1.0,1.0,1.0,1.0,1.0
394768,104,"Lancaster, PA",msa,PA,0.9886052934082308,0.9905991187375216,0.9951653287831838,0.9978586723768736,1.0,1.0,1.0,0.9965250299084611,0.9958939694278852,0.9925308010647168,0.9918756782223056,0.9874562336523764,0.9864168862922743,0.9905469792262246,0.9955974842767296,1.0,1.0,1.0,1.0,1.0,1.0,0.9981807155852032,0.9945510859555734,0.9945510859555734,0.9963703703703702,1.0,1.0,1.0,1.0,1.0,1.0,1.0,1.0,1.0,1.0,1.0,1.0,1.0,1.0,1.0,1.0,1.0,1.0,1.0,1.0,1.0,1.0,1.0,1.0,1.0000901144453456,1.0091863484807522,1.0093825423202658,1.0094454161344226,1.000349182099016,1.0001529882595026,1.0,1.0,1.0,1.0,1.0,1.0,1.0,1.0,1.0001449905756126,1.0002329768215026,1.0003020776270728,1.0002448294398079,1.0001568431939178,1.0000877423883479,1.0,1.0,1.0,1.0,1.0,1.0,1.0,1.0001635962397475,1.0001635962397475,1.0001635962397475,1.0,1.0,1.0,1.0,1.0,1.0,1.0,1.00010104071941,1.0002068944295825,1.0002716869062258,1.000170646186816,1.0000647924766435,1.0,1.0,1.0,1.0,1.0,1.0,1.0005823868302925,1.0033797209572388
394997,105,"Portland, ME",msa,ME,0.9863847543934664,0.9896395031572259,0.9913798639470919,0.9929407246769676,0.9947335255738691,0.9908119569464181,0.989233480620498,0.9884031552191789,0.9852821210593463,0.9830723171464905,0.9795895456030782,0.9796387335701392,0.9802428751294266,0.9848839039190773,0.9918773187393001,0.9975124378109452,1.0,1.0,1.0,0.9957805907172995,0.9938758288125377,0.9920467283484412,0.9934668794494471,0.9930653578772394,0.9948944583413358,0.9976937165230303,1.0,1.0,1.0,1.0033277709488977,1.0033277709488977,1.0033277709488977,1.0,1.0,1.0,1.0,1.0,1.0052262468770146,1.007115055407317,1.025540516043833,1.0365047453572946,1.0469872254861257,1.0336321330778728,1.0224544716017039,1.013786886646274,1.0141150576368105,1.0138812154434111,1.0204772177165318,1.0354950924860076,1.0500154488438935,1.063127114104528,1.0630773925286245,1.0563645436031524,1.039457392176596,1.0191967942041773,1.0067437009388642,1.0002394811279625,1.0001333866880084,1.0,1.0,1.003058103975535,1.0093577071501383,1.0189795038539584,1.0293125210061471,1.0325367273553534,1.0303223380589406,1.0197117956582618,1.011509422909808,1.0041020155024007,1.0013214367753558,0.9959700633275763,0.9959700633275763,0.9959700633275763,1.0008621553884711,1.005045140241368,1.0079063705704094,1.0094315485152716,1.0052485636623747,1.0023873333333333,1.0,1.0,0.9985991809935503,0.9945477968054487,0.9945477968054487,0.9959486158118986,1.0,1.0,1.0,1.0,1.0,1.0,1.0,0.9966978193562331,0.9935724976376842,0.9904003606531564,0.9897894019671174,0.9929147236856662,0.9960868606701941,1.0
395245,106,"Youngstown, OH",msa,OH,0.9594250135098564,0.9603870356245805,0.9616252131568715,0.9619822151671661,0.9666310393579364,0.9668780116141108,0.965056398446281,0.9621836314583921,0.9670744595499139,0.9646095803101519,0.9597795726639436,0.9592190093684357,0.9607504674715738,0.9659463391473005,0.9660487752667044,0.9686865896255217,0.9713803428198907,0.9700785237372852,0.9687989883955127,0.9664232105880286,0.9667928138474394,0.964819053252989,0.9642900576343728,0.9628148873135726,0.9645181948992332,0.9701803048856674,0.9742877842379954,0.9803117493796076,0.9848266323543157,0.9903643842455313,0.996105124986272,0.9940072622439174,0.9930540865925715,0.9901804167088795,0.9873143864957076,0.9863858404978751,0.9862014064060322,0.9924940979062079,0.9969418960244649,1.0,1.0,1.0,1.0,1.0,1.0,1.0,1.0,0.9960919507565666,0.9960919507565666,0.9960919507565666,1.00015503875969,1.00015503875969,1.00015503875969,1.0,0.9995301652266182,0.9978163691683491,0.991056040168831,0.9820879109973562,0.9721540039481917,0.9678032218365987,0.9704867680380268,0.9801736868317347,0.9912847979428457,0.9980392156862745,1.0,1.0,0.9960079840319361,0.9909318418999565,0.9814080323761468,0.9764814307299409,0.9722301305447877,0.9748810878349202,0.9785913721158567,0.9854341799358014,0.9923070321694784,0.9975153655028116,1.0,0.9965240831382564,0.9923987102309656,0.9849913028235582,0.9830209598209025,0.9785914831111372,0.9744602582902573,0.9708274001261222,0.9742918512878509,0.9801566219100732,0.9877925730187833,0.9928829714741106,0.9964404309637734,0.9917392046424305,0.9859579857901727,0.9814333726507357,0.9785337023731314,0.9772973773657401,0.9745144831976696,0.9745266015142834,0.9733733933312445,0.9787183135999163,0.983500987207906
394770,107,"Lansing, MI",msa,MI,0.9863228128210296,0.993595540093757,0.9986824769433466,1.0,1.0,1.0,0.9989468141126908,0.9974460637375033,0.9934148559042901,0.9896627068891769,0.9823915274398032,0.9810943057982454,0.981577473335022,0.9903494031595835,0.9956778326343544,1.0,1.0,1.0,1.0,0.9990897154349766,0.9944522843379842,0.9896835023030396,0.9838936193638754,0.9831334161419086,0.9866046764433642,0.9933048439475519,0.9960347445063403,0.9973322662398293,0.9973322662398293,1.0001119423425484,1.0001119423425484,1.0001119423425484,1.0,1.0,1.0,0.998588485387547,0.998588485387547,1.0024522015800303,1.0138049307050143,1.0255864567944453,1.029934362874515,1.0230846195385617,1.011490488316028,1.003278866043475,1.0001873948668976,1.0,1.0,1.0,1.0027226326049041,1.0118550526962282,1.0229661638073395,1.0322367087226358,1.02754972116923,1.0164408180503328,1.0044476405301321,1.0000022079922142,1.0,0.9967369412446571,0.9920078905568012,0.9920078905568012,0.9952709493121441,1.000095265313899,1.0003859230579548,1.006558762564128,1.011982261047138,1.0149174097546954,1.008877956936531,1.0033591931396215,1.0001333866880084,1.0,1.0,1.0,1.0,1.0,1.0011114940086014,1.0066289625610894,1.0094243144009862,1.0083128203923846,1.0027953518398967,1.0,1.0,0.9977156148367708,0.9977156148367708,0.9960473463654042,0.9983317315286334,0.9983317315286334,1.0002084636230977,1.000286001034899,1.000286001034899,1.0000775374118012,1.0,1.0,0.9973529019341107,0.9966860870863669,0.9921198770407047,0.9923851720817041,0.993051986929448,0.9976181969751101,1.0001282544568424
394590,108,"Fayetteville, AR",msa,AR,,,,,,,,,,,,,,,,,,,,,,,,,,,,,,,,,,,,,,,,,,,,,,,,,,,,,,,,,,,,,,,,,,,,,,,,,,,,,,,,,,,,,,,,,,,,,,,,,0.9911503861715399,0.9926861127390033,0.9961262016731268
394589,109,"Fayetteville, NC",msa,NC,0.9864779793584971,0.98744852264042,0.9890001795029844,0.9897495761959254,0.9906782577202039,0.9907315999479748,0.9892507479269556,0.9885908393600701,0.9885171219829821,0.9874789297648466,0.9862947855862686,0.9861039526988065,0.9875104170956424,0.988737772915945,0.9900660379999416,0.9936425389967836,0.9956830966383811,0.9948866594057999,0.9917713946082921,0.9914469748628386,0.9911192618434926,0.991133751447202,0.9901177758399394,0.9913661917056835,0.9921641459438112,0.9951814557738891,0.9976971790443293,1.0,1.0,1.0,1.0,1.0,1.0,1.0,1.0,1.0,1.0002470966147763,1.00059505901626,1.0050395034607045,1.0109652463521008,1.0173519642200046,1.0178077653881508,1.0163519070140532,1.0134486443691872,1.0097663052740422,1.0054665122938233,1.0037016789320108,1.0059359512487471,1.013094520672648,1.0218322581386314,1.0294911904155601,1.0315372295436227,1.0276464880618448,1.0186859145851421,1.0092091084569346,1.002295528210021,1.0001449905756126,1.0,1.0,1.0,1.0,1.0001418984670216,1.0002561786644482,1.0003895653524566,1.0003618612442338,1.0002475810468072,1.0001141943587986,1.0,1.0,1.0,1.0,1.0,1.0,1.0,1.0,1.0,1.0,1.0,1.0,1.0,1.0,1.0,0.9987886440008985,0.9987886440008985,0.9987886440008985,1.0,1.0,1.0,1.0,1.0,1.0,0.99812734082397,0.99812734082397,0.99812734082397,0.9996567112941984,0.9996567112941984,0.9996567112941984,1.0,1.0
394792,110,"Lexington, KY",msa,KY,0.9778684278218296,0.9813879158169053,0.9842819548218499,0.9875043600239746,0.9881251328139151,0.9867663568718976,0.9829207228978672,0.9819711428650076,0.9806664123123663,0.9793888630997379,0.9770554351102528,0.9761475634502922,0.9778170288916459,0.9814400469539094,0.984778845882094,0.9869277113659422,0.9867736802847779,0.9852867332084453,0.9838749372378771,0.9827812891639688,0.9814334916623251,0.980846348478349,0.9801365600174955,0.9797935362631005,0.9802896047658382,0.9836775932952553,0.9866456260776562,0.9903050483214498,0.9938255226590448,0.995451346794339,0.9960913978430045,0.9951001187562113,0.9952388309827939,0.9940949132458904,0.9907373021021314,0.989891293845162,0.9922912938451619,0.9966401840757141,1.0001258336479175,1.0019970511460667,1.0019970511460665,1.0018712174981492,1.0,1.0,1.0,1.0,1.0,1.0,1.0000956846050015,1.0033319305596942,1.0096015230361832,1.01036543728505,1.0071291913303573,1.0008595988538682,1.0,0.9971076059030889,0.9933736532917993,0.9867069866251326,0.9833100725459429,0.981876066500902,0.9865012467024407,0.9927905548785412,0.997958513534872,1.0,1.0,1.0,1.0,0.9954942777327206,0.9906040847923809,0.9835941267211021,0.9833232872008759,0.9849346612802693,0.9917540887237498,0.9965306505112554,0.9998094693722015,1.0,1.0,0.9966965639900924,0.9922337697919739,0.9874980976164641,0.9878852993892212,0.9868219844393223,0.9857478977388118,0.9811624270430229,0.9858740970502288,0.9886195142073767,0.9948440799321423,0.9933975926740963,0.9924936804247149,0.9889186079731512,0.9866443869797186,0.9847009202664344,0.9844538768269168,0.9826221446199409,0.9819979175890605,0.981510406146493,0.9835899959745982,0.9868250420441146,0.991846836834525
394971,111,"Pensacola, FL",msa,FL,,,,,,,,,,,,,0.9912108416957253,0.9908313361956669,0.9900934666756077,0.9932568384485528,0.9942966483118921,0.9952833669049884,0.9974747474747474,0.9957505632473213,0.9921791346758925,0.9866331874834563,0.9877490390713,0.9871407393250692,0.9876389114697304,0.9865248775869467,0.990704605904606,0.995085566104637,0.9993331851522561,0.9993331851522561,1.0,1.0,1.0,1.0,0.9984999999999999,0.9984999999999999,0.9984999999999999,1.0,1.0020964360587001,1.0020964360587001,1.003948287910552,1.0018518518518518,1.0018518518518518,1.0,1.0,1.0,1.0,1.0,1.0,1.0,1.0004964931709117,1.0012802769546953,1.0012802769546953,1.0007837837837839,1.0,0.9954523161648482,0.991124482469789,0.9855642934233614,0.9825729357937852,0.9822327691077831,0.9836038498358385,0.9860371290832068,0.9879951023639971,0.9910726878961523,0.9938795995387992,0.9924229599724036,0.9885888843412122,0.9853719497349379,0.9834825013421549,0.9832313405003043,0.981967464664342,0.9834725485731918,0.9836355707270008,0.9848390043002047,0.9863012323620013,0.9869343827225522,0.9875723385613592,0.9850201160091366,0.98386050983992,0.9835851016060762,0.9826901795346835,0.9818053249589761,0.9812040694192423,0.9829781123697559,0.9837047859682437,0.9841379520901165,0.984567965557809,0.9843179287455456,0.9846491929516836,0.9826618269832422,0.9813214545853374,0.9788723669280183,0.9789035142062602,0.9791245644135799,0.9795400303150861,0.9794374762261439,0.9805728281679474,0.983104602925707,0.984084543929705
395068,112,"Santa Rosa, CA",msa,CA,1.0,1.0,1.0,1.0,1.0,1.0,0.9976030494895981,0.9938910970025899,0.9898256689308901,0.9877253913415794,0.9863868387780825,0.9871941214863739,0.9896551195914253,0.9934869803201977,0.9967451256836061,0.9968496559744185,0.9964402986681496,0.9952270745249893,0.9943231687066652,0.9932634869672433,0.9920015886170969,0.9915661094582848,0.9887592873312029,0.9912344098245099,0.9945054945054945,0.9981325863678805,0.9936544777765671,0.9908852788600916,0.9917794564824788,0.9950628219435651,0.9978320208600406,0.998805256869773,1.0,1.0,1.0,1.0,1.000017763608921,1.003588451290204,1.0087082093367548,1.0149156862484905,1.015300418726074,1.0136996670492744,1.0083202901858694,1.0052549456834337,1.0017359393136822,1.0008900756564307,1.0002502085210105,1.010572789166172,1.0252169031405163,1.0425105542686284,1.0446579976042827,1.0349755435307049,1.0179881669088497,1.0055181429280344,1.0005564830272677,1.0,0.998288403936671,0.9948637062366136,0.9903308278819146,0.9920424239452436,0.9954671216453012,1.0,1.002469135802469,1.0050774194415844,1.0056339024688523,1.003164766666383,1.0005564830272677,1.0,1.0,1.0,0.9974358974358974,0.9974358974358974,0.9974358974358974,1.0,1.0018013068757148,1.0018013068757148,1.0018013068757148,1.0,1.0,1.0,1.0,0.9980389442598745,0.9980389442598745,0.9980389442598745,1.0,1.0,1.0,1.0,0.9978835509348608,0.9965269617875739,0.9927604834448244,0.9930147351170401,0.9901400125576977,0.9911170906215072,0.9870969350732545,0.9896188450704818,0.9924082453494218,0.9982905982905983,1.0
395019,113,"Reno, NV",msa,NV,0.993217378049914,0.9959688299604559,0.9993021632937893,0.9993021632937893,1.0,0.9968253128070618,0.9934897594715085,0.9895436709808504,0.9886021515630846,0.9871369559126547,0.9853850387053069,0.9853345786493444,0.986202190958828,0.9893658495846717,0.9917603643526042,0.992874501088702,0.9922316897720211,0.9912905049384984,0.9914548898655084,0.9903042145592923,0.9895504225353261,0.9883062687388682,0.9880159793605289,0.9882316123148618,0.9912991259293662,0.995029381259586,0.9956088663734333,0.99428262426565,0.9951704920088288,0.9978425026968716,1.0,1.0,1.0,1.0,1.0,1.0,1.0060754761070219,1.0146593252081122,1.0242001719582614,1.0262547771520525,1.0244739962173581,1.0187117669377581,1.0111545061876206,1.0043514380212244,1.0005728205506754,1.0,1.0,1.0,1.0029498525073748,1.0041264023292686,1.0041853872029518,1.001235534695577,0.9974665279699311,0.9931978224686168,0.9896463175386739,0.9858895680932197,0.9822453559767417,0.9787863381014223,0.9784555177305219,0.9799951298745958,0.9833420008409259,0.9900220275610329,0.9963363481610678,1.0,0.9995887178821136,0.9974809190263473,0.9957876000566593,0.9936308291604053,0.9915800582532491,0.9889998729494328,0.9878109991297231,0.9900399612332378,0.9919056235533894,0.9956625503872393,0.9975921580466474,1.0,0.9975713418336368,0.9949549248548603,0.9911078460077816,0.9906073887669976,0.9903327113904791,0.9892901769615171,0.9891348948424721,0.9902716032328547,0.9936657374656459,0.9936348701943302,0.9934604504288903,0.9943649312355333,0.9948719539881794,0.993384241596131,0.9893963313480859,0.9881635654180627,0.9877860456000839,0.9880497783243555,0.9888283432407395,0.990658709114354,0.9949738848747343,0.9980363279332352,1.0
394698,114,"Huntsville, AL",msa,AL,0.984761053009476,0.9870676412400137,0.9898381844731867,0.9916313215900409,0.9901057785349973,0.98652683996847,0.9850153962768262,0.9866349911862037,0.9887064920457216,0.9876228973775429,0.9885906478483651,0.9869712146499846,0.9918959745282905,0.9938644752334373,0.9989926803616425,1.0,1.0,0.9973066564063101,0.9973066564063101,0.9946391005543594,0.9973324441480494,0.9973324441480494,0.9981287878787879,0.9981287878787879,0.9981287878787879,1.0,1.0,1.0,1.0,1.0,1.0,1.0,1.0,1.0,1.0,1.0,1.0005257623554153,1.004875809579636,1.013294602309334,1.0219659659947646,1.0248622955821383,1.0219314211562573,1.015719369742277,1.010659372858998,1.005171454555181,1.0023619109095334,1.000322275186129,1.0042175613967401,1.009790865780771,1.0180600265110604,1.020287065571711,1.0187710770983427,1.0115288810833303,1.0054065558120688,1.0011737089201878,1.0,1.0,0.9981735159817351,0.9944100751215202,0.9904495821285183,0.9922760661467832,0.9960395070069983,1.0,1.0,0.9992509363295881,0.9992509363295881,0.9992509363295881,0.9968586968586969,0.9913759980118034,0.9862477928835983,0.9845370976251139,0.9859354420500686,0.9881263038198776,0.9895338577752207,0.9905039015877763,0.9934412449461724,0.9933722884740773,0.9936449441373753,0.9910827136704019,0.9899264387972981,0.9880061889814787,0.9860923072716,0.9850134280311312,0.9859216394846513,0.9863885878585252,0.988556298272009,0.9911079082470602,0.9930559446699577,0.9930885787029046,0.9897616883473322,0.9874938113984087,0.9879722643870862,0.9884860117385434,0.9883705716231033,0.9857260435038212,0.9863870384077638,0.9869385388132788,0.9910210689129144,0.9934259824030836
394995,115,"Port St. Lucie, FL",msa,FL,0.9684158461714206,0.9680382868574485,0.9674713488224799,0.9685530071722063,0.9694422289594321,0.9708677415520225,0.9689501400344893,0.9706707841358414,0.9702865118993863,0.9715534186854992,0.9687702273314446,0.9675873483989749,0.9674293345816061,0.9690690824115089,0.9693003750207684,0.969206655705002,0.969416864079276,0.9705347577420462,0.9699834619222026,0.9690950900409229,0.969933674206025,0.9688869523485696,0.966268412558872,0.965671339285911,0.9682670678428206,0.9708728631315426,0.9707862174182851,0.9699396476345926,0.973062166584823,0.9749985361111938,0.9776413799600677,0.9771863012575087,0.9765772629605133,0.9755850240372398,0.9765963536089409,0.9779858988783938,0.9835622736410331,0.9900982213534514,0.9971767284319585,1.0,1.0,1.0,1.0,1.0,1.0,1.0,1.0,1.0,1.0,1.0,1.0,1.0,1.0,0.9972773239984442,0.9914634147243273,0.9854985024436256,0.9807972734711651,0.9788325349034315,0.9746169206799028,0.9723971846912289,0.9723720421205932,0.9738945599668151,0.9756950636746033,0.9763389495524831,0.9790445772581108,0.9797184268164356,0.9803527639760711,0.9793670983664912,0.9781204717637162,0.9767870250877225,0.9748866878112995,0.9749401590070209,0.9747346569289531,0.9750260322203285,0.9750437388020451,0.9746516435329883,0.9750036988850436,0.9750227547014516,0.9752381082542151,0.9750901530773911,0.9738920242590878,0.9726543962104331,0.97061668174484,0.9712057833648694,0.9690941785912885,0.9693077716537859,0.968141469456556,0.9689558914602886,0.9688665109787514,0.9678832662965569,0.9686258901443315,0.968488833437119,0.9699112524715313,0.9689556862985739,0.9685391571912568,0.9666479185816712,0.9672563067333119,0.968083663915363,0.9701129287499314
394761,116,"Lafayette, LA",msa,LA,0.9731410754103336,0.9751947081275714,0.9787771936990429,0.9783699530821094,0.9763244872648493,0.974871014705898,0.9756871316070916,0.9752088107256099,0.9774143727771035,0.9764910255333353,0.9780432618414396,0.9756247192268498,0.9767393051324431,0.978010601508816,0.9810370084745045,0.9812890238542339,0.9805144284491963,0.9807173317236432,0.9804423143866411,0.9801587477699244,0.977808060694012,0.9783353765129469,0.9760567977396694,0.9764990696204888,0.9773578822496671,0.9832865134416856,0.9850981975149384,0.9850277738652528,0.9841252587666607,0.9843581790075903,0.9857106539393273,0.9872419626192839,0.9882441849767564,0.9887298104623818,0.987819938652545,0.9858535329824333,0.9835064424451588,0.987451215620701,0.9928120296218456,0.998946998946999,0.998946998946999,1.0,0.9993197278911564,0.9993197278911564,0.9993197278911564,1.0,1.0,1.0,0.9992240328123269,0.9992240328123269,0.9992240328123269,1.0,1.0,0.997888184950539,0.9949825245731806,0.9906033129154274,0.9896924833221318,0.9858978069991536,0.9828696112494995,0.981970687264805,0.9826104179045356,0.9842374784911337,0.9851560441155817,0.9868306852639069,0.9883099568158991,0.9876679929620317,0.9858102441178342,0.9840507133260453,0.9799437421984196,0.9801268498942918,0.9823863128223973,0.9819652466230514,0.9817233316752542,0.9786986233267115,0.9826522182278531,0.9833991836807009,0.9856588251160819,0.9844594226778822,0.9862872952826823,0.9865581595258216,0.9867138133519848,0.9833949885238592,0.980247314383362,0.9796032992823184,0.9802950988000787,0.9838393499332492,0.985754506960966,0.9875430051764246,0.9880716759470584,0.9857760058191793,0.9859512646350161,0.9861162344691037,0.9882991185318737,0.9915357796501176,0.9911065248090981,0.9908253619299902,0.9898464860867183,0.9916986265764275,0.9926635388571291
394898,117,"Myrtle Beach, SC",msa,SC,0.9663238523195111,0.9670114065164664,0.9681393690692653,0.9686451496630107,0.968897381443688,0.9694632151788726,0.9696716788019702,0.9705504056767916,0.9705165171640656,0.969620123584745,0.9671176320634808,0.9668458055021013,0.967443297529317,0.9693217850166906,0.9697373826409145,0.971193030710317,0.9714373226510243,0.9715956650496326,0.9714636382013341,0.9704205459888872,0.9697107151824013,0.9688991974344012,0.9691255698169705,0.9680432239811353,0.9678580484429048,0.9692393996079618,0.9692381210114008,0.9694248121604226,0.9698832803384061,0.9733769956170587,0.9760661892663111,0.9774860563108437,0.9784976316519209,0.9784721932373518,0.9783112040247305,0.9778287292127538,0.9789019259613694,0.9822451901539523,0.9896525975613598,0.9959156455780612,1.0,1.0,1.0,1.0,1.0,1.0,0.9973279893119572,0.9973279893119572,0.9973279893119572,1.0,1.0,1.0,1.0,0.9962966625522544,0.9911684574240492,0.9841631819977211,0.9805964271937837,0.9779726943374927,0.9766319881895043,0.9736966903916455,0.9739871577487635,0.97540972824742,0.9790791705845435,0.9801712144603293,0.9809036510468943,0.979851647506151,0.9781799422521509,0.9766671108311621,0.9758693178495229,0.9746736988660375,0.9729596773807438,0.9723364126065356,0.973343596734201,0.974427048869097,0.9754463698005701,0.9754238736462284,0.9754017029457075,0.9744279152759687,0.9733350615621935,0.9728580037734216,0.9722976699968866,0.9720820317706478,0.9707235309918151,0.9700674856934836,0.9712947073159185,0.9721300866983268,0.9734603839983439,0.9728557572896163,0.9730805064565476,0.9729426029364161,0.9719303142222581,0.9711501869398989,0.9705381441721244,0.9702637128365316,0.9699279527952726,0.9686313036144197,0.9693717965975104,0.9704504462299322,0.9723316738476807
395116,118,"Springfield, MO",msa,MO,0.9826515774016764,0.9863825811326802,0.9892823748552294,0.9922443108900931,0.9923080191573271,0.9915192747662606,0.9872104513634522,0.9857637811869405,0.9851634772479693,0.984577060038209,0.9803620068707987,0.9798833364500279,0.9815450224769924,0.9859767680947279,0.9895084928599758,0.9923423184319171,0.9930857095440703,0.9927748402514301,0.9911072629042809,0.9900886998096388,0.9887827112309484,0.9870763667847129,0.9859224221861723,0.985540222401784,0.9884906544491124,0.9915546964199352,0.9955749134849058,0.9967033125428558,0.9992376596150181,0.9992376596150181,1.0,1.0,1.0,1.0,0.9993558941870905,0.9993558941870905,0.9993558941870905,1.0,1.0009838095238095,1.0012618189761309,1.0012618189761309,1.0002780094523214,1.0,1.0,1.0,1.0,1.0,1.0,1.0,1.0008916973845883,1.00163408788199,1.00163408788199,1.0007423904974015,1.0,0.9980928237838231,0.9943651408330677,0.9886762570046755,0.9842941250447517,0.9809427067335804,0.9802475341097963,0.9824524878639581,0.987030807631668,0.9934148640838442,0.997499218505783,1.0,1.0,0.9990476190476191,0.9980268928515773,0.9940108285945491,0.9896083708372526,0.982082088486286,0.9809442312184679,0.9823775013006942,0.9903568924218478,0.995510813946694,0.9966751859726761,0.9972428033985311,0.9934434702202726,0.9918147019094609,0.9866464326786916,0.9851279987815186,0.9845573342018538,0.982619983550692,0.9822758765979988,0.9831264576778845,0.987042840573011,0.989790516728933,0.9938965651409927,0.9933067646708672,0.9930177581844034,0.9884581229552216,0.9875557479391811,0.9862996434907126,0.9871088567920457,0.9860572635320107,0.9847362255183364,0.9848167064306176,0.989552940932248,0.9936042523078307
395195,119,"Visalia, CA",msa,CA,0.9965355951996804,0.9965355951996804,0.9993464052287582,0.9986922314802106,0.9986922314802106,0.9993458262514524,0.9937369519832986,0.9903483306171491,0.9841767028209967,0.9899311038387154,0.9899523782660894,0.9938512787895144,0.9917859232144947,0.9947816610860089,0.9952939121610415,0.9978679147350439,0.9982395238023051,0.9991664351208668,0.9962829287771529,0.9962829287771529,0.9952597810977369,0.9981432874414509,0.9981432874414509,0.9980160487194675,0.9980160487194675,0.9980160487194675,1.0,1.0,1.0,1.0,1.0,1.0,1.0,1.0,1.0,1.0,1.0000522401753262,1.0001633886422219,1.0055397327282434,1.0097227285771129,1.0173072281680386,1.0159794670779685,1.0165228052605848,1.0106494756285982,1.0067120407931447,1.0020345073057424,1.0002758374221883,1.0001654537894378,1.001741826719852,1.007039246154091,1.0111662313328713,1.0095646316582667,1.0042035636817475,1.0000758139752197,1.0,1.0,0.9975737579187216,0.9975737579187216,0.9944301421631164,0.9968563842443948,0.9968563842443948,1.0,1.0,1.0,1.0,1.0,1.0,0.998015607580825,0.998015607580825,0.9951014083317918,0.9970858007509668,0.9970858007509668,1.0,1.0,1.0,1.0,1.0,1.0,1.0,1.0,0.9993331851522561,0.9946540407672293,0.9946540407672293,0.9953208556149732,1.0,1.0,1.0,1.0,1.0,1.0,1.0,1.0,1.0,1.0,0.9962859795728877,0.9962859795728877,0.9962859795728877,1.0,1.0
394746,120,"Killeen, TX",msa,TX,0.98779471427033,0.989624904227881,0.9912738941531002,0.9951448350998273,0.9960088327331688,0.996342056946924,0.9937670947262925,0.990991356033441,0.988235509827497,0.9858940512025041,0.9858001021289632,0.9873892819863942,0.9901786897660813,0.9944053007038218,0.9975950933672987,0.9997221064332361,1.0,0.999983092645059,0.999983092645059,0.9983386597665461,0.99700143634843,0.9961605966005241,0.994823999668739,0.9941767962189809,0.9950176359668866,0.9979986657771848,1.0,1.0,1.0,1.0,1.0,1.0,1.0,1.0,1.0,1.0,1.0,1.001839422196195,1.0065629565112826,1.0146930378120957,1.0225965292612533,1.024675716034601,1.021345551797856,1.0158824816827425,1.0106483880452874,1.0059874177646013,1.0018266643856066,1.0004782410048474,1.0052347103318346,1.0140645691295391,1.0209884381929129,1.0217427395966678,1.0128969973849173,1.0057529242513228,1.0001032067371984,1.0,1.0,1.0,0.9963065228136557,0.9941337130318809,0.9941337130318809,0.9978271902182252,1.0,1.0,1.0,1.0,1.0,0.9992717265705772,0.9960450700543121,0.9899176190739198,0.9906458925033427,0.9924284209413768,0.9969371739544929,0.9962386469759564,0.9976827750541872,0.9992648867632622,0.9967546513521963,0.993549523147068,0.9905770302872409,0.9932183662760835,0.9964234944812117,0.9980720293815531,0.9959806991155403,0.9945774932724407,0.9947870127198529,0.9964930859950728,0.9955253016010732,0.9966763263713481,0.9961549029308974,0.9956273424433587,0.9923870446351858,0.9916130894516856,0.9905194810636823,0.9894862745983509,0.9894492536124302,0.9918307684673682,0.992668888280935,0.9933886482415836,0.99354657644882
394338,121,"Asheville, NC",msa,NC,0.9718105905014051,0.9742316658138376,0.9786737308627623,0.9783191209336842,0.9793476882273117,0.9765422777858744,0.9759472200986181,0.9735826895125056,0.973635963120613,0.9717047609111694,0.968686494013118,0.9678267750455608,0.968761398346779,0.9712271152679218,0.972749146223479,0.9742576191395335,0.9768505962712853,0.9776291565730343,0.9779578194341312,0.9772632810315693,0.9757918041626997,0.9737893010337887,0.972880693640827,0.9722373662801346,0.9730322788397533,0.9748502474064903,0.9763269958965504,0.9786117013512846,0.9786393546890424,0.9799071620787254,0.9799647989663335,0.9805596669884243,0.9825474779550626,0.9830683837938051,0.9833662305812156,0.9860629889672586,0.9913429489293818,0.9972253018705582,0.9991341991341991,1.0,1.0,1.0,1.0,1.0,1.0,1.0,1.0,1.0,1.0,1.0026685540526372,1.0068352207193039,1.0079094301858287,1.0052408761331915,0.9989882687072424,0.9939458052724636,0.989153140133893,0.9845724142265088,0.9818740015280961,0.9763417280566501,0.9716447583596803,0.9723227581608535,0.98264769677087,0.9940113331345065,1.0,1.0,1.0,1.0,1.0,0.9963189964157705,0.9885670584312743,0.977658508371781,0.9777638240779969,0.9808209263817419,0.9917294764412353,0.9953051643192489,1.0,0.9957264957264957,0.99002849002849,0.9836776835768771,0.9834466833458769,0.9810824149265626,0.9808786139061368,0.9786949326079991,0.9805986231995302,0.9742491656309183,0.9753083015436701,0.9746641639810237,0.9790767489965986,0.977290151871287,0.9754911526156537,0.974127560176961,0.9720193976683537,0.9718821218226971,0.9715666412445262,0.9697910157400872,0.9652677120181951,0.9682103739036715,0.9715207057484457,0.9784219773030068
395244,122,"York, PA",msa,PA,0.9932609262350729,0.9974656529278377,1.0,1.0,1.0,1.0,1.0,0.9993470027993631,0.9993470027993631,0.9992351459760968,0.9982212913043035,0.9945937578275877,0.993062004433107,0.9947288563055373,0.9983563897822533,1.0,1.0,1.0,1.0,1.0,1.0,1.0,1.0,1.0,1.0,1.0,1.0,1.0,1.0,1.0,1.0,1.0,1.0,1.0,1.0,1.0,1.0,1.0,1.0,1.0,1.0,1.0,1.0,1.0,1.0,1.0,1.0,1.0,1.0,1.001111111111111,1.003871615494235,1.0082575804065157,1.0071464692954046,1.0043859649122806,1.0,1.0,1.0,1.0,1.0,1.0,1.0,1.0000815147091493,1.0000874673026943,1.0002157217595367,1.0001342070503874,1.0001282544568424,1.0,1.0,1.0,1.0,1.0,1.0,1.0,1.0,1.0,1.0,1.0,1.0,1.0,1.0,1.0,1.0,1.0,1.0,1.0,1.0,1.0,1.0,1.0,1.0,1.0,1.0,1.0,1.0,1.0,1.0,1.0,1.0,1.0
395183,123,"Vallejo, CA",msa,CA,1.0,1.0,1.0,1.0,1.0000038776217979,1.0000038776217979,1.0000038776217979,1.0,0.9995626184575012,0.9974462388703639,0.9948202860910369,0.9907531631290313,0.9928695427161686,0.9954954954954954,1.0,1.0,1.0,1.0,1.0,1.0,1.0,1.0,0.9989996665555184,0.9989996665555184,0.9989996665555184,1.0,1.0,1.0,1.0,1.0,1.0000095838844067,1.0019731720723855,1.0049022874795324,1.0061748734209848,1.0055184747754897,1.0065576133365968,1.0150264805028746,1.0242403356853733,1.0358853680722613,1.0435140267569818,1.0444872349055627,1.0374764571529296,1.0267641081440984,1.019436521937202,1.013949278132201,1.010121035419647,1.0092932669165864,1.0126511538468812,1.018420044378736,1.0274271453012276,1.0288438161691298,1.025145001848715,1.012799002762617,1.004909180166912,1.0,1.0,1.0,0.9962921719046441,0.9928876209232301,0.9928876209232301,0.996595449018586,1.0,1.0033670033670035,1.0056988013977264,1.0067104351862948,1.004002479687451,1.0016706816567282,1.0006590478681596,1.0000420929100031,1.0000420929100031,1.0000420929100031,1.0,1.0,1.0,1.0,1.0,1.0,1.0,1.0,1.0,1.0,1.0,1.0,1.0,1.0,1.0,1.0,1.0,1.0,1.0,1.0,1.0,1.0,1.0,1.0,1.0,1.0,1.0,1.0000005965473995
753917,124,"Santa Maria, CA",msa,CA,0.989783630329829,0.9933719385962659,0.9927458338321458,0.9910817485426824,0.9893390313634174,0.9879591166944898,0.9870002511642809,0.9852822496905853,0.9857348173451146,0.983325224301308,0.9836537683167395,0.9838086109373355,0.987225020197183,0.9879598631690877,0.9882293275792828,0.9882291012778076,0.9891483078573916,0.9891178682260985,0.9883890560893107,0.9870390527079622,0.9862875609122939,0.986457425021007,0.9869265664291659,0.988666048604836,0.9906904645750183,0.9949256242421282,0.9935234152324101,0.9909295917745191,0.9884233261103587,0.9914877837230408,0.9960539937687031,0.9985602594328634,1.0,1.0,1.0,1.0,1.0010292243048016,1.0068843860921666,1.011461433049278,1.0192476357417217,1.0217527323074667,1.0242962906018018,1.0197766112729496,1.017555275725429,1.0141733147786645,1.013325430122993,1.0078972393714192,1.0090662485799928,1.0140387944901927,1.0216788295212538,1.0272773842219427,1.0229469548491235,1.0145961877640468,1.0040899795501022,1.0,0.997245179063361,0.9942749420505708,0.9915607393788833,0.9900404954927048,0.993010732505495,0.9957249351771823,1.0,1.0,1.0,1.0009832841691249,1.0009832841691249,1.0009832841691249,1.0,1.0,0.9993736941923181,0.9993736941923181,0.9993736941923181,1.0,1.0,1.0,1.0,1.0,0.9998653742595583,0.9979578873735306,0.9979578873735307,0.9950007803316933,0.9955919898725227,0.9912684585369652,0.9943601913192444,0.9942006896306829,0.99852422096624,0.99852422096624,1.0,1.0,0.9993650793650793,0.9993650793650793,0.996741423451101,0.9954126720192567,0.9912368671011444,0.9917407561894738,0.9915257790187658,0.9954454296966407,0.997286955008656,0.9994656042461288
395050,125,"Salinas, CA",msa,CA,0.9854204228656244,0.9891471445562406,0.9923717274154319,0.9918475627742648,0.9904434223275868,0.9905168361259941,0.9905628658335672,0.9895948802710174,0.9880009188611037,0.985625946971013,0.9850542259073616,0.9816483807708926,0.9824912107557938,0.9853119812750569,0.989395163777241,0.9915149393411938,0.9891110813096399,0.987380496077653,0.9856027182998752,0.9867197507044939,0.9877534986689195,0.9849150299480978,0.9819511333649489,0.9818077093464669,0.9841433220170029,0.9878541913819249,0.9874479317974787,0.9875508898275921,0.9881085854718892,0.9905241853836954,0.993564287884397,0.9934308903296459,0.9955676424663981,0.9973718824303132,1.0001412081569834,1.0001412081569834,1.0001993697282667,1.0000581615712834,1.0028592820194626,1.0033027721126215,1.00890501300898,1.0094539763128945,1.0089881707967836,1.003385929900425,1.0000358461483314,1.0,1.0013468013468014,1.001953965888392,1.0057131822515055,1.0069333275505983,1.0072270639099081,1.0034678475467949,1.000900900900901,0.9973700591347651,0.9949286734847894,0.9908302439895346,0.9884518376093604,0.9857286009223444,0.9866512750414992,0.9905808767403714,0.9935451212903145,0.9961003250845749,0.9971790706311116,0.9993794484181602,1.0,1.0,1.0,0.998212689901698,0.9964564552687509,0.994436253248549,0.9933745604978482,0.9934552363385044,0.9954754383587066,0.9983244412077094,1.0,1.0,0.9969207082371055,0.9957565638832057,0.9940510493863323,0.9940322122801071,0.9920189706726097,0.9919603199310205,0.9920767638184554,0.9916636329967238,0.9916235582712708,0.9946052432529559,0.9953351426157727,0.991347239863703,0.9859111143386227,0.9826131482331458,0.9884052909491307,0.9874362923749315,0.988802157485711,0.9825381753828029,0.9847504273646819,0.9842502957365676,0.9878687751939733,0.9920616473113738,0.9945650970755574
395048,126,"Salem, OR",msa,OR,1.0,1.0,1.0,1.0,1.0,1.0,1.0,1.0,1.0,1.0,1.0,1.0,1.0,1.0,1.0,1.0,1.0,1.0,1.0,1.0,1.0,1.0,1.0,1.0,1.0,1.0,1.0,1.0,1.0,1.0,1.0014384726036354,1.0014384726036354,1.0025878978909917,1.0012416227329994,1.0073022287936053,1.0109156742573084,1.0171243254664828,1.0193312625943027,1.026553410569835,1.0311162813944197,1.031981158297318,1.0276668561191042,1.0198674186753782,1.0120887022877576,1.0044179857393796,1.0013537037037037,1.0011148272017838,1.002311067987166,1.0092854399898752,1.0165306788909396,1.0214284899140933,1.0187831222403885,1.0104230561375402,1.0043290043290043,1.0,1.0,1.0,1.0,1.0,1.0,1.0,1.0,1.0,1.0,1.0,1.0,1.0,1.0,1.0,1.0,0.9996969084663568,0.9996969084663568,0.9996969084663568,1.0,1.0,1.0,1.0,1.0,1.0,1.0,1.0,1.0,1.0,1.0,1.0,1.0,1.0,1.0,1.0,1.0,1.0,1.0,1.0,1.0,0.9989281886387996,0.9989281886387996,0.9989281886387996,1.0,1.0
394870,127,"Mobile, AL",msa,AL,,,,,,,,,,,,,,,,,,,,,,,,,,,,,,,0.9924401207532574,0.9976589083596661,0.9960846749455851,0.9966174683392647,0.9959517629389092,0.9989689977959916,0.9989689977959916,1.0,1.000081653205361,1.0002208418371714,1.0003189098964045,1.0002372566910436,1.000354675706141,1.000256607646908,0.9998528840042363,0.9995962763573285,0.9995962763573285,1.0,1.0,1.0000024691540925,1.0000024691540925,1.0000024691540925,1.0,1.0,1.0,1.0,0.994966436567434,0.9944902460912436,0.9909441468004635,0.9913794015649534,0.9918555920411438,0.9954016913319239,1.0,1.0,1.0,0.9975622273543752,0.9975622273543752,0.9912754656193782,0.9859306380861316,0.9815450843333521,0.9811651794016826,0.9833136528701942,0.9825140214377882,0.9880212678145998,0.9898457463187599,0.9898225981706116,0.9853323009463425,0.9839450763063994,0.9883078427229615,0.9873553003944043,0.9862707662053714,0.9840155579283442,0.9847698645546514,0.9856845452928683,0.9833919302379165,0.9878894267946995,0.9913550536071062,0.9942810998790786,0.9930972094665075,0.9884600988922752,0.9865544736873924,0.9828612306482128,0.9854193412045099,0.9841974692532128,0.9839448295162526,0.9841688783461079,0.9853695183376825,0.9872475128145185,0.9866669314324317
395015,128,"Reading, PA",msa,PA,0.9931478592967516,0.9915344569977904,0.9977526430921887,0.9967199310343721,0.9983333333333334,0.9983333333333334,1.0,0.9974656529278377,0.9973867014040735,0.9930147906673299,0.9955491377394919,0.9939919670590945,0.9955310166060364,0.9955310166060364,0.9971671388101983,1.0,1.0,0.9992085428237999,0.9992085428237999,0.9992085428237999,1.0,1.0,0.9977514150577654,0.9930902461800315,0.9911654214501024,0.9934140063923372,0.9980751752700711,1.0,1.0,1.0,1.0,1.0,1.0,1.0,1.0,1.0,1.0,1.0,1.0,1.0000717664945629,1.0027220186959822,1.0027220186959822,1.0026502522014191,1.0,1.0,1.0,1.0,1.0,1.0013333333333334,1.0029688620494432,1.0071402689512257,1.0143539441649008,1.015436478211331,1.0112650713095486,1.00271806276254,1.0,1.0,1.0,1.0,1.0,1.0,1.0000629049506198,1.005739233453035,1.0088490895009137,1.0089195712383023,1.0034550708461232,1.0005536784213425,1.0004202917333338,1.0002084636230977,1.0,1.0,1.0,1.0,1.0,1.0,1.0009523809523808,1.0010418944745114,1.0010418944745114,1.0000895135221304,1.0,1.0,1.0,1.0,1.0,1.0,1.0,1.000095265313899,1.0023654157983353,1.0024378953228699,1.002425984180847,1.0001558336964107,1.0000833541718763,1.0,1.0,1.0,1.0,1.0,1.0001905850962454,1.0002659340967548
394502,129,"Corpus Christi, TX",msa,TX,0.9750004467739828,0.9780476339512694,0.9814540642847641,0.9828704194597853,0.9831950987926494,0.981221919892406,0.9804277983125127,0.9766701429197421,0.9757610520106511,0.9751221077371075,0.9742586749628573,0.976009516713699,0.9779242186817668,0.9807632586178904,0.981661847940917,0.9805873489102751,0.9814951359684039,0.9802260151743672,0.979529974120814,0.9780715686748697,0.9785502837574391,0.9782658907387383,0.976766778104122,0.9757410414855451,0.97731204881332,0.9803210782766613,0.9823771144365504,0.9823053956859248,0.9829910418505877,0.9833123038283472,0.9830173703490267,0.9828513863848047,0.9837297104408104,0.986511686213411,0.9857208707283043,0.9874168211770096,0.9879095082938445,0.9940550761216554,0.9967550632203199,1.0,1.0,1.0,1.0,1.0,1.0,1.0,0.997610513739546,0.9933495755163436,0.9933495755163436,0.9957390617767977,1.0,1.0,0.9993824301374093,0.9962078269628062,0.991130122700612,0.9871340824132604,0.983364241143419,0.9803774292765809,0.9758987616012398,0.9747875368259873,0.9761853862883528,0.9812905373480364,0.9840552012767282,0.9871500365716988,0.985550396795476,0.9848403109790071,0.9807864476369899,0.979212211714195,0.9779669260100748,0.9759989152988583,0.9737132241062559,0.9739522343026922,0.9755714580689299,0.9793267901025847,0.979914403631323,0.9801668775680076,0.9787660406100122,0.9791341696381388,0.9789768250915346,0.9777011153678726,0.9774658511454773,0.9774667346194402,0.9759391766338473,0.9740674570126672,0.9748731921921995,0.9765885921761978,0.9791188917429666,0.9801310192974775,0.9809036781968868,0.9768701507831943,0.976122364458084,0.9745207628564824,0.9778843217187626,0.9774835044390741,0.9782404504323292,0.9771047405881079,0.9751815301621884,0.9778547926200624,0.9788761048883288
394421,130,"Brownsville, TX",msa,TX,,,,,,,,,,,,,,,,,,,,,,,,0.9689432889824995,0.9669194492300056,0.9659374119605949,0.9640868243258235,0.9653411396057133,0.9683474308503796,0.9683269593116078,0.9698313400559769,0.9708640302842907,0.9724758196541265,0.9761198628063199,0.9799576445887802,0.9833033267920483,0.9789708240993704,0.9857816386383043,0.9871089527154746,0.9952390340162877,0.9952390340162877,1.0000011111148148,1.0000011111148148,1.0000011111148148,1.0,1.0,0.9954648526077098,0.9907185948494037,0.9907185948494037,0.9948092977972496,0.9995555555555556,0.9995555555555556,1.0,0.9949306132496384,0.9868984847355823,0.9776161397221051,0.9774771931391334,0.9764758979856195,0.9734125639867509,0.969871904322625,0.9709688200536871,0.9766478323993661,0.973582251082251,0.9711828417060975,0.972781232185957,0.9770654545718392,0.9781091857682803,0.9764974352349803,0.9776175307534163,0.9759337754512885,0.9722890355175148,0.968318669090401,0.9690905288760961,0.9710819621966434,0.9714291402179601,0.9715997770345597,0.9670270133496465,0.9620942917208035,0.9660761124785638,0.9657769273839651,0.9684895156490074,0.9666980024523988,0.9682467472425073,0.9685985516606479,0.9666034364559869,0.9647560647524264,0.9671340289903303,0.9654211263343818,0.9690704620732697,0.9654873226464673,0.9669629110113492,0.9644839054688285,0.9625310151021754,0.9611616605366392,0.9624752029366966,0.9665774433973632,0.9703585169334024,0.9709979305259046,0.9693724334660736
394820,131,"Manchester, NH",msa,NH,0.9944903110215426,0.9978186470745224,1.0000251691610453,1.0000561699606227,1.0000941140792843,1.0000689449182392,1.0000379441186615,0.9956753116811337,0.9956753116811337,0.9956753116811337,0.9965573162554779,0.9961868635622869,0.9961868635622869,0.9996792006776373,1.0001528601080267,1.0002529510998375,1.0002410010677718,1.0001660066927174,1.0000659157009066,1.0000282123621442,1.0000413689356902,1.0000413689356902,1.0000413689356902,1.0000864915827266,1.0001940531617306,1.0008601496000444,1.0008168708804812,1.001529345818108,1.005777674807667,1.0117836465599312,1.0159271532495275,1.015457172266099,1.0134850483810152,1.0116956453523605,1.0139204829793165,1.0184781149052093,1.0256925857318697,1.0362071969664448,1.0451779321630479,1.0555393211588158,1.0535069430043549,1.0495322462543653,1.038074642290301,1.0298473767668783,1.0225359029266818,1.0237452307347283,1.0259225400865406,1.0304407605829766,1.0412211277061245,1.0539049301510912,1.066255858189103,1.0632452737368334,1.0547707559740853,1.0391581077527412,1.0235854423237671,1.0124020102137805,1.0055526772855001,1.0028538361996133,1.0007264246474772,1.0000550886968378,1.003455768832865,1.012464777841874,1.0261553936123902,1.034049988182436,1.0382104813788462,1.0336179562774375,1.0278903605930279,1.0199304635972142,1.014544844895381,1.0115854079185793,1.0064049772692318,1.0078370113366288,1.01011598733688,1.01835340099514,1.0255785958501018,1.0331010833060077,1.0342140044669994,1.028769492962824,1.0180404597307129,1.0128083033641333,1.0058947052845049,1.004265482870139,1.0002096337083326,1.000938498653955,1.0044019872879895,1.0128430030729625,1.017143865861973,1.0189506496762508,1.0128470484570709,1.0078080539389855,1.0025881498310671,1.000189795459719,1.0001323822405046,1.000031675160383,1.0000011111148148,1.0000735906393492,1.0001280443408926,1.002929164789072,1.0068813939581547
394612,132,"Fort Wayne, IN",msa,IN,,,,,,,,,,,,,,,,,,,,,,,,,,,0.9954337899543378,0.9954337899543378,1.0,1.0,1.0,1.0,1.0,1.0,1.0,1.0,1.0,1.0,1.002884053463611,1.0074833405741088,1.0135439466347147,1.0108822636403056,1.0062829765298078,1.0002223704692017,1.0,1.0,1.0,1.0,1.0029493224208996,1.006630021753773,1.0134196484581086,1.0106694943133434,1.0070136136267829,1.000223986922447,1.0000248186463125,1.0,1.0,0.9985981408136023,0.9957246087375079,0.9957246087375079,0.9971264679239056,1.0,1.0,1.0,1.0,1.0,1.0,1.0,0.9985707479752263,0.9959756507647445,0.9909781495153692,0.9892942149713192,0.991889312181801,0.9968868134311762,1.0,1.0,1.0,1.0,1.0,0.9987634295172662,0.9958898662988753,0.9933709746112179,0.9895125840615187,0.9890849867976881,0.9902143462945162,0.9953093073269494,0.9986104678091708,1.0,1.0,1.0,0.9966977673472837,0.9929739968022308,0.9884077867565685,0.9865171403565616,0.9838282829573551,0.9831855548495577,0.9833903734626676,0.9898030014069271,0.9950119395603866
394658,133,"Gulfport, MS",msa,MS,,,,,,,,,,,,,,,,,,,,,,,,,,,,,,,,,,,,,,,,,,,,1.0108418406734232,1.0054100648502533,0.9934187988894739,0.9885361473991529,0.9913012565556558,0.9924506818430122,0.9973333333333333,1.0,0.9999824014923534,0.9991507306673326,0.9955424191082932,0.9882975305846666,0.9817273655761104,0.9786659787874159,0.977245572371455,0.9750358543321481,0.973104534600191,0.9763411681830257,0.9794486570152593,0.9825042225905163,0.9831885776930106,0.9832800147894017,0.9827555152342478,0.981286890401137,0.9806819744857473,0.9762768027552237,0.9741039710057015,0.9717127699547469,0.9726658327547093,0.9723697579165552,0.9732000714546097,0.9766903083915643,0.9776016380341718,0.9789336925951267,0.9768774874921679,0.9756542840645662,0.9754236476398263,0.9761046693889726,0.9770392885354023,0.9772017772158327,0.976945949373798,0.9757610797397837,0.9752631042956876,0.9768653334841236,0.9785511363636363,0.9783728416739829,0.9764109732211507,0.9774289893275295,0.9746384287080992,0.9752332846070159,0.973778205563574,0.9752258702688706,0.9751346918909113,0.976447344899544,0.9774058261230967,0.9782579564489112
395051,134,"Salisbury, MD",msa,DE,0.9679690013747067,0.9667020105496326,0.9704993193118626,0.9726065053511724,0.9749203749578146,0.9750637776312855,0.9740534014080491,0.971843623652056,0.9702338210163934,0.9702419049600645,0.9713225105595101,0.969150016249008,0.9678807638040036,0.9694755959945497,0.9727539796826964,0.9750565991505696,0.9740207486729627,0.9747476379814494,0.9748084409538524,0.9743861838868396,0.9738512813639691,0.9720512774298057,0.9744709536684398,0.9746046348874865,0.9766856030629355,0.97698578350435,0.9775750112710618,0.9774964672367044,0.9774657588501525,0.9794628717195913,0.9836976652370574,0.9904397830195824,0.9961055053991856,1.0,1.0,0.9990951088250702,0.9990951088250702,0.9990951088250702,1.0,1.0,1.0,1.0,1.0,1.0,1.0,1.0,1.0,1.0,1.0,1.0,1.0,1.0,1.0,1.0,0.9972227731490664,0.9972227731490664,0.9924964049898625,0.988179406627265,0.9814161216031104,0.9802945365459402,0.9829447558341299,0.9858766232337635,0.9899701904852254,0.9944141964105667,0.9956056251508304,0.9973600111157427,0.9934727419223511,0.991783726477604,0.987045292779959,0.985265844306225,0.9824583501420397,0.9814492302660445,0.9821314897341503,0.9844080652351573,0.9865751584047717,0.9879356403770756,0.9885882616860121,0.9864681235608996,0.9856322720910017,0.9843837662446707,0.983481653894477,0.9812054130056652,0.9797782313513675,0.9803798511232262,0.9815603641530962,0.9830680671801333,0.9836389160152598,0.9836421921675448,0.9818519220414522,0.9798194777466355,0.9785258228051061,0.9789329790441904,0.9795873493196026,0.9790741687337956,0.9774017777344041,0.975966780395248,0.9775570175642554,0.979805059147408,0.9833200025569879
394596,135,"Flint, MI",msa,MI,0.9795933477920173,0.9872395670130548,0.9957398705953255,1.0,0.9995231282784931,0.9995231282784931,0.9940020792791833,0.9906036022726473,0.9838018916894241,0.9839681883460298,0.9771142344787412,0.9800752335196158,0.9795492053223572,0.9880109342215434,0.9890968248272533,0.9933847914449969,0.9945805537799416,0.9951909858674027,0.9930516806944785,0.9892179242362039,0.9882842061211649,0.9861046045347699,0.9827174741797015,0.978850801785346,0.9826473576626537,0.9909400558371972,0.992417366633714,0.9945325314379442,0.9945325314379442,1.0,1.0,1.0,1.0,1.0,1.0,1.0,1.0,1.0019187092432205,1.006363153687665,1.0129057554889294,1.0124356928712046,1.0081365138451297,1.0020707837653722,1.0006221371398767,1.000476871721507,1.0,1.0,1.0,1.0,1.0002684776389852,1.0008592843165416,1.0014588152232775,1.001190337584292,1.0005995309067357,1.0,0.9982944855031267,0.9943748546033371,0.9902678583125367,0.9852732053052223,0.9842000576801849,0.9870021387904723,0.9937023062946597,0.9986950848194868,1.0,1.0,1.0,1.0,1.0,0.9986666666666667,0.9986666666666667,0.9912879935877078,0.9884627571581185,0.9884627571581185,0.9958414302370774,1.0,1.0,1.0,1.0,1.0,0.9969418960244649,0.9944892761805407,0.9896425323152513,0.9863399724059633,0.9832712295746454,0.9881179734399348,0.9944786373247579,1.0,1.0,1.0,1.0,1.0,1.0,1.0,0.9991042102120037,0.9958104667021385,0.9918104667021387,0.992706256490135,0.996,1.0
394972,136,"Peoria, IL",msa,IL,0.9627992411905826,0.9642911291417132,0.9657566872804274,0.9691231052270739,0.9693443820315807,0.9680751359741689,0.9654558089960622,0.9635793713477624,0.9623270017820525,0.9606113711873691,0.9595380059557731,0.9607456989404035,0.9605853606106938,0.9635944341298116,0.9655447639594367,0.9683459787096753,0.9692558391649477,0.9689388308439374,0.9677754431330564,0.9674917359272918,0.9672905129386832,0.9662962817411093,0.9655173612988164,0.9650116888436874,0.9669548937629542,0.9680920883006889,0.9698709592638427,0.971155191551898,0.9727574809307417,0.9745531356033447,0.9748081317290022,0.9745646906338421,0.9747650003470363,0.9738004135952244,0.9722626162207227,0.9715122455120593,0.9743664711645557,0.9789060069372922,0.9856699618437254,0.9927207291162342,0.9980925131139724,1.0,0.9957875010114532,0.990645657039822,0.9831354060771118,0.9783584146889585,0.9746014822423472,0.9764701968917695,0.9817049939017611,0.9906037703200036,0.9963786933213002,1.0001333866880084,1.0001333866880084,1.0,0.9938867725957193,0.986551809270536,0.9789656374171013,0.9763301910239782,0.972984246471992,0.9712780666456554,0.9719141262211202,0.9825950340982897,0.9918873857780609,1.0,1.0,1.0,1.0,0.993605079131395,0.9875136238576966,0.9827286432750091,0.9814158564359065,0.9807045906211694,0.9805512995989186,0.9871362092861212,0.9939389303745566,0.9989945273256448,1.00011732534615,1.00011732534615,0.9975530735351738,0.992783598177463,0.9876289144540736,0.9819050888762119,0.9771997203117779,0.973225452050248,0.975454094586721,0.9849289385088656,0.9940578904937851,1.0,1.0,1.0,1.0,0.9947588580243861,0.9902742105427477,0.9829937598589987,0.9783470979157941,0.9753901236371041,0.9778500312651731,0.9877378351839915,0.99517945694432
394439,137,"Canton, OH",msa,OH,0.9756760843061789,0.9790162666991308,0.9823598528825485,0.9842154241913416,0.9851169030578347,0.9850043028167154,0.9844355737830429,0.9820836217205938,0.9782758922150494,0.9765690214074357,0.9726176735069633,0.9724650026835789,0.9748623655843881,0.9822156719558937,0.9907472036387092,0.9922753459155406,0.9941174418428856,0.9911214867380912,0.9897385896051593,0.9879222138424234,0.9858385203852208,0.982928354345708,0.9792004434282546,0.9756832742238176,0.9797079113462169,0.9852165480174938,0.9929798589119719,0.9964149783659372,0.9987494789495623,1.0,1.0,1.0,1.0,1.0,0.9986401469996027,0.9986401469996027,0.9986401469996027,1.0002382654276865,1.0060782439231284,1.0157980838316476,1.0208508236949663,1.0158655954903324,1.0061457555818132,1.000965898451306,1.0001111481604978,1.0001111481604978,1.0,1.0,1.0016652301885636,1.005155040056031,1.0091312884786017,1.0133200389163415,1.009830229048874,1.0058539806263036,1.0,1.0,1.0,0.9966642840123897,0.9904427580568571,0.9878039416948031,0.9908204408277634,0.997041966783296,1.0005114024404895,1.0008306192951395,1.000910003275452,1.0000793839803128,1.0000793839803128,1.0,1.0,1.0,0.9975743993955318,0.9975743993955318,0.9975743993955318,1.0,1.0,1.0,1.0,1.0,1.0,1.0,1.0,0.9991124956541452,0.997899028867033,0.9944793486071374,0.9926171335366062,0.9938306003237183,0.997250280583614,1.0,1.0,1.0,1.0,1.0,1.0,0.9960143999919305,0.9941382273840507,0.9913221609841693,0.9942100455312306,0.9960862181391105,0.998902284538992
395070,138,"Savannah, GA",msa,GA,0.9788444954987273,0.9806417188748352,0.9837018718289516,0.9850538927188159,0.9851921909589709,0.9843000274124751,0.9827506935009834,0.9836351156608774,0.984662742340407,0.9839372390892756,0.9844536071469251,0.9823772909566619,0.9836111075551149,0.9829253949656348,0.9857349931066541,0.9871165944735617,0.9895702675898116,0.989308217574624,0.9892963941528023,0.9863338414062285,0.9846289317786442,0.9836469805507142,0.9841824894890783,0.9859251380772894,0.9864163530769942,0.9877949849286338,0.9880209372105391,0.9891837191177261,0.9898266011203791,0.990670295867225,0.9925496115062957,0.9928830274735887,0.9957603532025163,0.995000682948242,0.996225092087161,0.996225092087161,0.9984856284856285,1.0,1.0,1.0,1.0001149821777624,1.0001149821777624,1.000196351253857,1.0000813690760946,1.0000813690760946,1.0,1.0,1.0002038292961164,1.0045897942083972,1.0129231275417305,1.0222567326757523,1.0245374344301383,1.01756984359647,1.0080324091663317,1.001365742499665,1.0,1.0,1.0,1.0,0.9984615384615384,0.9984615384615384,0.9984615384615384,1.0,1.0,1.0,1.0,1.0,1.0,1.0,0.998965160400138,0.9957068511051985,0.9957068511051985,0.9967416907050605,1.0,1.0,1.0,1.0,0.9974392374049293,0.9926773326430246,0.9918210429799771,0.9900634610373108,0.9908939111768106,0.9864380315276886,0.9853800319794042,0.9867744061958762,0.988553006603452,0.9923122406216592,0.9916260243731517,0.9917692358035276,0.989019717493103,0.9874340373909312,0.9855076425897592,0.9851115155621556,0.9848273219323094,0.983714957938766,0.9832387865308282,0.9835962847417771,0.9854117908607679,0.9868050408707315
394327,139,"Anchorage, AK",msa,AK,0.9935920442529165,0.9968104618319211,0.9987179487179487,1.0,1.0,0.999219172763755,0.9962429822875646,0.9931087121443927,0.9922417735572394,0.9924843482346358,0.9920052489107797,0.9903196814008446,0.9906164625196335,0.9942298319866616,0.9975631653199949,1.0,1.0,1.0,0.9995661989866154,0.9989028085710187,0.9982268807675153,0.9970243499486903,0.9954394426874017,0.9948825749389952,0.9965189067712051,0.9987672044480904,1.0,1.0,1.0,1.0,1.0,1.0,1.0,1.0,1.0,1.0,1.0,1.0,1.0,1.0,1.0,1.0,1.0,1.0,1.0,1.0,1.0,1.0,1.0,1.0,1.003921568627451,1.003921568627451,1.003921568627451,1.0,1.0,1.0,1.0,1.0,1.0,1.0,1.0,1.0,1.0,1.0001905850962454,1.0001905850962454,1.0001905850962454,1.0,1.0,1.0,1.0,1.0,1.0,1.0,1.0,1.0,1.0,1.0,1.0,1.0,1.0,1.0,1.0,1.0,1.0,1.0,1.0,1.0,1.0,1.0,1.0,1.0,1.0,1.0,1.0,1.0,1.0,1.0,1.0,1.0
394372,140,"Beaumont, TX",msa,TX,0.9703926477689052,0.9770098789572943,0.9847289896182021,0.9917836633395424,0.9918668907669376,0.9912966710272827,0.9848335689767342,0.9838201918463536,0.9814824320902723,0.9802221709672204,0.9771103807849407,0.9738017366803325,0.9758983192271521,0.9759472934472934,0.9814685583589808,0.9849585868490093,0.9882260640526567,0.9844378529494948,0.9815566839392936,0.9782360887788184,0.982650854387343,0.9838764386701667,0.9822445373681394,0.9770707695102473,0.9765305341292444,0.9865488867214328,0.9874256695131093,0.9869149080449438,0.9830154862350741,0.9832474306508835,0.9834396015734838,0.9824480668206123,0.9841922164861602,0.9821767126101912,0.9807603729955302,0.9805116864881279,0.9823730182523723,0.9835899159744471,0.9901042666422503,0.9949096015446726,0.9982193732193733,0.996598973565899,0.993568670535596,0.9912760352613564,0.9865057766085314,0.9886850158090473,0.9890886916361877,0.9911973610083912,0.9920484248381783,0.994239464486855,0.9936834376262506,0.988583670401766,0.9900622169808151,0.9916639868208229,0.9916157488973023,0.9916157488973023,0.9923273343802294,0.9896938562822443,0.981360522948911,0.9779328024682955,0.9795889304036427,0.9854429955485516,0.9913953765009326,0.9948316923364762,0.9944538176677576,0.9866630552860104,0.9824489701975874,0.9804211078383324,0.9820580240662337,0.9829005425691499,0.9803367582138532,0.9811968723762439,0.9813183249976966,0.9846966256143155,0.9870174023079187,0.9901070384596475,0.9898662045193296,0.9871918855228486,0.9864899061080915,0.9848596744988168,0.9858933386432076,0.9831330573294311,0.9798493939691758,0.979790467755821,0.9808317284005841,0.9850064412150029,0.9896789775783,0.9933670376193265,0.9984175426698316,0.9929712828054323,0.98952861450746,0.984258097136265,0.9828279244105413,0.9808534909557897,0.982071323423236,0.9840354753116044,0.9849935301388625,0.9840891576567691,0.9875415178334078
395096,141,"Shreveport, LA",msa,LA,,,,,,,,,,,,,,,,,,,,,,,,0.9721059671001981,0.976841454289673,0.9862896987037176,0.9873881328280572,0.9884575984774241,0.985452550061182,0.988047219001318,0.9888764258716986,0.9898652658089566,0.9881851324243215,0.989258165041774,0.989296216806356,0.9894071832043831,0.9892533867513952,0.9943323186595953,0.9971199029862059,1.0,1.0,1.0,1.0,1.0,1.0,1.0,1.0,1.0,1.0,1.0,1.0,1.0,1.0,1.0,1.0,0.9984202211690363,0.9941912995952181,0.9898806315911249,0.9877647582481753,0.9864278171132739,0.9894708973369134,0.9923578687641962,0.9972850084947787,0.9964049756128609,0.9972136563594912,0.9978523793376285,0.9961867039453246,0.9928501916024133,0.986314243889995,0.9866187680148458,0.9861724015064645,0.98743982751387,0.9870270308162438,0.9876086291553315,0.9928771508603441,0.9939975990396158,0.9929179752709164,0.9878289167467434,0.9874453238191264,0.9869978578787029,0.9863228329917336,0.9831109578813891,0.9839023202287013,0.9848318926692224,0.9870306908272183,0.9859925743231246,0.9864969562559002,0.9874705641016431,0.988249539524868,0.9882550829941087,0.9864709182311019,0.9873822481037142,0.9873202915074833,0.9874530934616427,0.9874062292188315,0.9862372158281114,0.988431718891149,0.9896284815813118,0.9930472850001152
395164,142,"Trenton, NJ",msa,NJ,0.975262583797559,0.9756409176887364,0.9782794386903233,0.9811473153420839,0.9851116548520977,0.9825715169391555,0.9806282817631925,0.977663127466319,0.9752441280219704,0.9749056676155351,0.9753178451314307,0.9743983942119798,0.9756437376704996,0.9778035188741878,0.9821944559883891,0.9840872334185155,0.982436258477058,0.982030606100881,0.98159864621931,0.9809710657073366,0.9801103140604456,0.9787042365646844,0.9776651504099915,0.9762521517910563,0.9780937287427949,0.9823223930150712,0.9836202810250062,0.9840710768965143,0.983101945219564,0.9876406896157416,0.9922956559615929,0.9973694566996002,1.0,1.0,1.0,1.0,1.0,1.0011583627535792,1.0066366866262484,1.0160753354091596,1.0210401912654015,1.0220525392059845,1.0177941825839751,1.0117543181460305,1.0053502489135349,1.0017248403172865,1.0045654627535974,1.0054339700104717,1.0112663830243085,1.0190033033476713,1.0319129421149105,1.0388113598221347,1.0404961419029304,1.032210291524017,1.0223780293303584,1.0100323503180129,1.0055682792938396,1.0011148272017838,1.0011148272017838,1.0,1.0,1.0048769735596146,1.010277071743218,1.0229352995913192,1.0347249926983713,1.0405103183625686,1.0345867707838545,1.0274666978743079,1.0233534527431951,1.0176159398126066,1.0080698362530067,1.0010071816179593,1.0031350142791606,1.011725374683263,1.0248737453384649,1.0367732924859168,1.0403036540055064,1.0373679814908865,1.0264347998052816,1.0203741937446755,1.01015280485787,1.0060614393960228,1.0000008333354167,1.0000003921573242,1.003201638523427,1.0047841681581595,1.0087667502720106,1.0086310430179584,1.0112995761489172,1.007316601877742,1.0042510627656913,1.0,1.0,1.0,1.0,0.9997727272727271,0.9997727272727271,1.000887788286489,1.0011150610137618
394875,143,"Montgomery, AL",msa,AL,0.9711387117853764,0.9729731308107556,0.9725558145491737,0.9730882166160301,0.9702514332742979,0.9671841991901147,0.9650500334628273,0.9686796107664516,0.9711095967940319,0.9719468231368219,0.9693745985098517,0.9713314116439814,0.9716384637062386,0.9726941028695791,0.9725614064789209,0.9738545625080667,0.9727491539016712,0.9730767072505516,0.9733713180304772,0.9727559435618632,0.9702458505304432,0.9691554770335538,0.9663737183511194,0.9686846452542411,0.9691453989155873,0.9722771946164724,0.9727205291579665,0.9748102194029964,0.9771930286851624,0.9800112776960687,0.9823521778741499,0.9845320891127466,0.9841515916994439,0.9841076397898748,0.9832715482914846,0.9821290535788938,0.984230541013165,0.989717795302253,0.9967793880837359,1.0,1.0,1.0,1.0,1.0,1.0,1.0,1.0,1.0,1.0,1.0,1.0,1.0,1.0,1.0,1.0,1.0,0.9955803135279512,0.9899220502226291,0.98376346669684,0.9881831531688888,0.992819152146982,0.9968812996140709,0.9956467317128362,0.9945062493517711,0.9966026854104714,0.9971394166054952,0.9970705909985228,0.9945362439263605,0.9917136062949763,0.9863418088242893,0.9817076971150897,0.9808161134116391,0.9855978851270603,0.9894069512536611,0.9901028371365829,0.989185837908814,0.9880609256308398,0.9877531266540099,0.9865165995542017,0.9876711545818447,0.9848924046283628,0.9840195757900979,0.9814821427655401,0.9819095290835791,0.9818635726732343,0.9834462654572117,0.9860039667945785,0.989081298850452,0.9885448523570063,0.9858265380776178,0.9849746992266087,0.9842400803101716,0.9833682141507726,0.9798388219702258,0.9774578695892734,0.9793270828055013,0.9826480208178429,0.9867404870190405,0.9872771638577773
394520,144,"Davenport, IA",msa,IL,0.9687116783153865,0.9718147814184896,0.9756339209390111,0.979374354666938,0.9811571902100104,0.9793293182904179,0.9793380970361687,0.9779963967074922,0.979726933617841,0.9778020218246669,0.9754606760116878,0.9722332464347522,0.9736326260051292,0.9777054272007407,0.9818768904846481,0.9840756606035934,0.9842769513042136,0.982959147005603,0.9826032183323704,0.9802596450011346,0.9795409318807121,0.9776745505311778,0.9774079185510384,0.9772064064038862,0.9774780869046252,0.9797991081486805,0.9806185511072106,0.9822080526561493,0.9836381874672404,0.984959359102945,0.9864402529771942,0.9875664255767794,0.9865372184689857,0.9870923227527134,0.9852193594649591,0.9855063755737382,0.986075200696244,0.9913151673510017,0.9971631205673758,1.0010310710421644,1.0010310710421644,1.0010310710421644,1.0,1.0,0.9956140350877193,0.991308533174163,0.9856189118282731,0.9850111189378072,0.9893166208513637,0.9950062421972534,1.0,1.00271806276254,1.00271806276254,1.00271806276254,1.0,1.0,0.997037037037037,0.9924074074074074,0.9845329034391535,0.9810442534988906,0.9856738831285202,0.9935483870967742,1.0000877423883479,1.0000877423883479,1.0000877423883479,1.0,1.0,1.0,0.9953173490974304,0.9910200892535466,0.9873426736639868,0.9903502826905095,0.9946475425343931,0.9983249581239532,1.0,1.0,1.0,0.9974259974259975,0.996795071176671,0.9920114513445074,0.9914407998304596,0.9890393485018555,0.9876221486413742,0.9847715988924941,0.9835789375555924,0.9888601732807082,0.9948553771176387,0.9990804160324709,1.0,1.0,0.9984492517639761,0.9963527327766343,0.9933224297463313,0.9896648446490218,0.9866150916608234,0.9831094469787081,0.9830836871643239,0.9882299591398641,0.9947659068522826
395146,145,"Tallahassee, FL",msa,FL,0.9816162771619189,0.9870653371641703,0.9886974477436494,0.9902521357787156,0.9879319821598873,0.9869933447738815,0.9854448435559454,0.9830563829660296,0.9813177644416967,0.9812151582831686,0.9802079973293291,0.9802508356233369,0.9797355750986606,0.9844746668640275,0.9897530681769736,0.9928755654617066,0.9921068925603757,0.9878412476050755,0.9847694944979493,0.984355182219622,0.9828712680920297,0.9837568831133616,0.9812140430566559,0.9839706091465553,0.9850062096426845,0.989139850500389,0.9909476583081968,0.9932494368509394,0.9921468253968254,0.9928121578406769,0.9924033013044319,0.9948751900821725,0.993311461916396,0.9954346041669266,0.9954642448221787,0.9980489150539077,0.9980489150539077,0.9990196078431373,1.0,1.0,1.0,1.0,1.0,1.0,1.0,1.0,1.0,1.0,1.0,1.0006301197227474,1.0007972881036216,1.0040425909547581,1.0034124712320107,1.0032453028511366,1.0,1.0,0.9970605160427392,0.9904101835261133,0.9904101835261133,0.9890093897055964,0.9956597222222222,0.9956597222222222,1.0,1.0,1.0,1.0,1.0,0.9964819700967458,0.9932760952886609,0.9920309937363528,0.9912755193661028,0.9908837566339944,0.988620086256478,0.9899262314795371,0.9907105293642854,0.991870512198333,0.9905643669752738,0.9886711728544175,0.9869047356127459,0.9867653119317783,0.9868089824849745,0.9862562084413619,0.9827339972947753,0.9832096256699928,0.9869252450986732,0.9906622313869692,0.9905099335691437,0.986403083650269,0.986371764996032,0.9838384454280679,0.9817855057956862,0.9788465184813236,0.9789363676587056,0.9803403501811028,0.9811161148985379,0.983223099250758,0.9844868427875538,0.9871342184994208,0.9893947782662975
394576,146,"Eugene, OR",msa,OR,0.9975692065697918,0.9995224450811843,1.0,1.0,1.0,1.0,1.0,1.0,0.9975055796245241,0.9945426166615611,0.991671056469217,0.9941654768446931,0.9971284398076561,1.0,1.0,1.0,1.0,1.0,1.0,1.0,1.0,0.999886350721673,0.9991651969426455,0.9991651969426455,0.9992788462209727,1.0,1.0,1.0,1.0,1.0,1.0,1.0,1.0,1.0006155740227762,1.0006155740227762,1.0021036692608716,1.0103050507619404,1.0251308287789154,1.03930365308105,1.044061358190689,1.0395448585242295,1.0296145980097875,1.0199764960253221,1.0096672176748067,1.0039365586490188,1.0,1.0,1.0053741444620414,1.0120491548917452,1.0216333455188884,1.0229414794415634,1.0205659820356316,1.0109817914084884,1.0042995130237722,1.0,1.0,1.0,0.9977777777777778,0.9945794835347074,0.9945794835347074,0.9968017057569297,1.0,1.0,1.0,1.0,1.0,1.0,1.0,0.9983333333333334,0.9980913783369627,0.995217815118572,0.9968844817852386,0.9971264367816092,1.0,1.0,1.0,1.0,1.0,1.0,1.0,0.9992855441771851,0.9965054496539713,0.9928309089715565,0.9935453647943716,0.9963254593175853,1.0,1.0,1.0,1.0,0.9996031746031746,0.9996031746031746,0.9972050930684024,0.9955916999436577,0.9923317162435762,0.99144802744856,0.9934582459701301,0.9967182296702116,1.0,1.0
394901,147,"Naples, FL",msa,FL,0.9566817684025247,0.9571490308759065,0.9602006170390611,0.9588115968010342,0.9591307806020867,0.9589777524863652,0.959867572965391,0.9590222037168369,0.9591419008650073,0.9579792521224219,0.9576881693470903,0.9567647051104545,0.9577029995769034,0.9584164133780279,0.9583196091446436,0.9575862939342697,0.9570128483626438,0.9571996190196316,0.9582903555420309,0.9586636397428273,0.9598902609205099,0.9597196852275461,0.9594911809900696,0.9581463719529529,0.9589582302110468,0.9610214152529553,0.9595704466980987,0.9571109823147866,0.9565095481255662,0.9597991821435993,0.9631112903640676,0.9641846825801061,0.9657586508025161,0.9670248802154773,0.9679847158534626,0.9693034417613546,0.9734695515005328,0.9793799974360335,0.9888139597001845,0.9952210274790919,1.0,1.0,1.0,1.0,1.0,1.0,1.0,1.0,1.0,1.0,1.0,1.0,0.9932268988872762,0.9822526083041838,0.9710481265114667,0.9671403197470209,0.9679696827938814,0.9671621525745865,0.9650867786573981,0.9635064130613017,0.9651421330836496,0.9674045877175138,0.9683509196166197,0.9671370950156698,0.9659723407664732,0.9650793411764543,0.9636634155131151,0.9623512202389487,0.9635346701464659,0.9638266589091589,0.9632887243231104,0.9611190073907334,0.9606110706245126,0.9619543317727635,0.9603903373986423,0.958523398652963,0.9553287658119833,0.9548822980999617,0.954697500711655,0.955863051903307,0.9549241610125786,0.9543248715310299,0.953512582019611,0.953349299850012,0.953380669446599,0.9514184797770872,0.9496838723121397,0.9481748345712178,0.947502248494347,0.9449575936405825,0.9441837805956405,0.9438073596064062,0.9457027448809953,0.9472001635584898,0.9493451657034919,0.9512372484853587,0.9511976602034902,0.9511976602034902,0.9502764144384915
394332,148,"Ann Arbor, MI",msa,MI,0.9931365920269393,0.9985005767012688,1.0001518981780715,1.0001518981780715,1.0001518981780715,0.9991491108130627,0.9975618092257611,0.9923124653937401,0.9878723492896722,0.982752742761615,0.9824465310380802,0.9830987187031921,0.9898056268185509,0.9951387624452809,0.9989950685659772,0.9989950685659772,0.9992174884948027,0.9966666666666667,0.991111111111111,0.9859553223829624,0.982892067230155,0.9809216629876731,0.9782421595594494,0.9788054147122568,0.981663374129233,0.9847367615237007,0.9874877522766731,0.9894923926908011,0.9928018646277241,0.993410490448654,0.993318841308119,0.9927260449036774,0.9935514100147568,0.9936344084341822,0.9928632250902559,0.9921624661461522,0.9948969898579586,0.9981250840303438,1.007140861289466,1.0150297245968252,1.017792646172393,1.0121788179987188,1.0042274416675956,1.0010528384929924,1.0,1.0,1.0,1.0001111481604978,1.0075121115423225,1.021331645191547,1.0371891334816132,1.0386501513229176,1.0288225697707818,1.0128539333202178,1.003991952097089,0.9970104633781763,0.9924771300448431,0.9871223777021388,0.9857835182744829,0.9871168516078161,0.9924716039505203,0.9968,1.006030303030303,1.0136060606060606,1.0202727272727272,1.0142826693941271,1.0067069118183694,1.0000402451517028,1.0,0.9964349376114082,0.992540046321559,0.992540046321559,0.9962440578112434,1.0021675592873056,1.0061836235443335,1.009909408742758,1.007880798556545,1.003147888421381,0.9992831541218639,0.9984498207885304,0.9991666666666666,0.9962814938073782,0.9929423653882776,0.9929423653882776,0.995827538247566,1.0026666666666666,1.0026666666666666,1.0026666666666666,1.0,0.9982222222222222,0.9982222222222222,0.9944972640982691,0.9950627202801908,0.9905068879846325,0.9896760374525492,0.987341340947907,0.9918971732434655,0.9964529818995018,1.0
394927,149,"Ocala, FL",msa,FL,0.9697085224620526,0.9712172144156405,0.9733307944674753,0.9720550645168956,0.9727397955799386,0.9724088127091092,0.9714297302544618,0.9716063355337022,0.9726759732716416,0.9735890401720534,0.9708665384783739,0.9697462685360384,0.9700900009197538,0.9727936609506833,0.9729876347761998,0.9747297509704836,0.97529208222288,0.975557066611208,0.9741029761200052,0.9736027566688511,0.9737759983901141,0.9731252969880931,0.971618409517521,0.9714560864673848,0.9735932782956627,0.9762985650884749,0.9767792075779983,0.9771088330413044,0.9772341700133508,0.9785786284868595,0.9802160015066836,0.980977094851327,0.9821545093908105,0.981211803300431,0.9817716424823923,0.9818457806092944,0.9828350848247348,0.9869845246340626,0.9929168800136542,0.9982078853046595,1.0,1.0,1.0,1.0,1.0,1.0,1.0,1.0,1.0,1.0,1.0,1.0,1.0,0.9997217584863662,0.9947707632352799,0.9897974538101062,0.9836791068375993,0.9808469330063841,0.9769313535426688,0.9770434736435333,0.9783187339134649,0.980103084597337,0.9787772029065099,0.978993429323007,0.9804825881680245,0.982366146006449,0.9825972223417155,0.9811080634966981,0.979224077882323,0.9771139319002411,0.9754914454788469,0.9746551797961382,0.9744934110095554,0.9759061123212097,0.9770287530920928,0.9777732520140651,0.9773768323883195,0.9764335269382224,0.9754255603068387,0.9752852800717986,0.9751836931373514,0.976137480311721,0.9747292442280041,0.9736518457192083,0.9720392889781001,0.9726260999384936,0.9744846976525686,0.9753829097969865,0.9751058043338227,0.9745472269734998,0.9730791679870383,0.9723380432932197,0.97120392417636,0.9710270135130331,0.9703015298610832,0.9708633557220239,0.9699249424413443,0.9713320955401334,0.9724456787044291
394679,150,"Hickory, NC",msa,NC,0.9719360913768886,0.9769626617713638,0.9812288947305602,0.9847121713662049,0.9855053575971655,0.985656695049497,0.9818248203590293,0.9807300266644795,0.9780729806325916,0.9772044987941003,0.9741223542840687,0.9730650403322626,0.9752142884030738,0.9794529820365238,0.9833980259946932,0.9846782211934038,0.9855263751911455,0.9856371075018222,0.9845349598307719,0.983295479794389,0.9802147285315105,0.9801456864516286,0.9766921303898721,0.9762846531513644,0.976973338713786,0.9808626380198545,0.9803477682791955,0.9808240751706915,0.9824819772012979,0.9895273632785498,0.9951026804453469,0.9962221457753385,0.9968951652446797,0.992865228572256,0.9950874507944784,0.9959700633275763,1.0,1.0001389467833819,1.000259198107783,1.0015043834684918,1.0016162518343448,1.0015861149552894,1.0003409295945807,1.0000901144453456,1.0,1.0,1.0,1.0,1.0,1.0001755309812184,1.0025901567142297,1.0026610937930407,1.0024855628118223,1.000070937078811,0.9954337899543378,0.9914257739222737,0.9869515797175926,0.9824572270546233,0.9774332978845296,0.9743005322591426,0.9774736963402008,0.9833005133372305,0.9843715254548803,0.9877245770102913,0.9857754763596981,0.990947167591898,0.9891242161891148,0.989896852006645,0.9850736293768768,0.984831329892034,0.9832041858710845,0.9893916649810707,0.9922653407515831,0.9959987649552065,0.9920307682852177,0.9929489829961512,0.9936445170207051,0.9923447787873227,0.9847858074733772,0.9806860126149962,0.9792333174108404,0.9811223173144262,0.9803210657419393,0.9773643388192962,0.9800065078604646,0.9815934289951275,0.9893900030445734,0.986689565179689,0.9855633121052781,0.9815023405813338,0.9848198974891544,0.9814141763702541,0.9805416577279331,0.9747045169171846,0.9752040734104724,0.9752765735237539,0.9801928627813408,0.9806032560926043,0.9795928911418161
394697,151,"Huntington, WV",msa,OH,,,,,,,,,,,,0.9646643374741201,0.9615933024820729,0.9545933024820729,0.9581931756471634,0.9617419824603527,0.96364154577913,0.9604566248726902,0.9587982974959924,0.957686337809272,0.9577483879457823,0.9576137078111021,0.9559018519733211,0.9574498395894203,0.958097340236921,0.9610727718477076,0.9621155170902739,0.9669920415320156,0.9716395960447408,0.9730020573669736,0.9690204434586965,0.9672882286333273,0.9679162964811413,0.9716192267583167,0.9698471521103427,0.9708926544060373,0.9701063174069011,0.9735683624863812,0.9817975163556177,0.9868457165257691,0.9951892270018444,0.9960391911611423,0.9979820000891486,0.9912705906931755,0.986510560098283,0.9841995556801301,0.98529031155605,0.9844006246368181,0.9779769407937794,0.9816339222470679,0.9868197679138847,0.9975724560859277,0.9995361281526925,0.9939035635141487,0.9874933071038923,0.9808991042053415,0.9784667560430051,0.9744194961133924,0.9751912827091774,0.973219144979048,0.9737468547789413,0.970973282543025,0.9764710779669956,0.9864008845069717,0.9915758204140745,0.9916605836599924,0.9832923828231724,0.9774541761954921,0.9779488129256672,0.9781053366708679,0.9750189169177815,0.9700047204300551,0.9712719530772302,0.978038831531696,0.9823170435370638,0.9872044562935999,0.9869608405487144,0.9856718084024769,0.9812993400818325,0.9786580477413565,0.9765057732685144,0.9756486239007548,0.9744988344078381,0.9718953706948121,0.9712218210661492,0.973448276624839,0.9798908536556515,0.9851299642252523,0.9867366599819118,0.9891256833878844,0.9820319948517661,0.9814046000745632,0.9765149943992221,0.9735041645786003,0.9698132119104873,0.9655226245833827,0.971155362320871,0.9744099476944451,0.9775242034874222
394602,152,"Fort Collins, CO",msa,CO,0.9964769437551695,0.9989583333333334,1.0,1.0,1.0,1.0,0.9990778296472028,0.9960475266168999,0.9921179232546723,0.9892081638753769,0.9900932710154237,0.9913186389677119,0.992756298613673,0.9949014945039294,0.9976057299138686,1.0,1.0,0.9974349108631525,0.9943176355688408,0.9904971962183157,0.9896302762384748,0.9897197742227345,0.989124605751326,0.9894769124540398,0.9917150082689613,0.9961306160908951,0.9979314632084092,0.9970204644314306,0.9970204644314306,0.9982993197278912,1.0,1.0,1.0,1.0,1.0,1.0,1.000312262062045,1.0067463898343059,1.0165906852416087,1.029394365208549,1.0324840469600978,1.0281953071083505,1.0151580874346224,1.005634277910813,1.0000787223552574,1.0,1.0013916527765079,1.0047586561435111,1.0158005277954187,1.0311455556883784,1.040855475398298,1.0377818577146443,1.0214760272289027,1.0083991041519795,0.9985625838513176,0.9981317336675919,0.9947396803413583,0.9926912592619334,0.9867388783095524,0.990130931635786,0.9940476190476191,1.0,1.0,1.0,1.0,1.0,0.9978326831382748,0.9942883450490568,0.9902233043986503,0.9892160180857723,0.9901876048522391,0.9942526455026455,0.9974272486772486,1.0,1.0,1.0,1.0,0.998005698005698,0.9949378549632356,0.9912740868472936,0.9899302867910472,0.9905898530120872,0.9904595831876498,0.9897976852381983,0.9922059620596206,0.996,1.0,1.0,1.0,0.9953051643192489,0.9907021723744848,0.9876440683989496,0.989666893391658,0.9907035357464246,0.9937616397219596,0.9923470517340318,0.993897728165751,0.993897728165751,0.9979843268417216
395033,153,"Rockford, IL",msa,IL,0.966703627424101,0.969678665346445,0.9783178751699616,0.9810689333642785,0.9874937555826285,0.9829075558744776,0.9826290989435602,0.978162444502335,0.9755983419382325,0.9711413058796428,0.9662498642520797,0.9705842295771571,0.975295133219915,0.9809627960669451,0.9854080834686959,0.9909948500105186,0.9935836355705296,0.9919701826569604,0.9849771756639534,0.9809320004083276,0.977789148520856,0.9769390182589609,0.976688733560116,0.9743187977818204,0.9761013289761163,0.9794785680214276,0.9838080618568424,0.9861942069396167,0.9899152826119119,0.995043487740117,0.9987179487179487,1.0,1.0,0.9988230686783742,0.9927776236085388,0.9877692763631298,0.9889462076847556,0.9951107429058356,1.0049365813500586,1.0091309118278027,1.0094568595047737,1.0047227224778357,1.0005283920000918,1.0000833541718763,1.0,1.0,1.0,1.0,1.0,1.002214839424142,1.0033539865910603,1.0081329591119683,1.006057308319637,1.0049181611527185,1.0001391886318105,1.0,1.0,0.9988674971687429,0.9915335190900839,0.9915335190900839,0.992666021921341,1.000253858445517,1.0047751893293706,1.0096602313842478,1.0096629805856387,1.0052866402773974,1.000533406935528,1.0002767992886203,1.0001318087130076,1.0,1.0,1.0,1.0,1.0001528484125348,1.0003911138402213,1.0029552164043238,1.0030494646065653,1.0029302893301235,1.000366186766021,1.0001190901512444,1.0,1.0,0.9971839336001186,0.9971839336001186,0.9971839336001186,1.0022587931590836,1.004198352210986,1.0043636731537433,1.0021683841541822,1.0003777013842359,1.0002123804414786,1.0001488762819561,1.0,1.0,1.0,1.0,1.0,1.0001431466937694,1.0002318227600988
394796,154,"Lincoln, NE",msa,NE,,,,,,,,,,,,,,,,,,,,,,,,,,,0.9964677753776817,0.9988647287826997,0.9988647287826997,0.9989247311827958,1.0005934061203845,1.000593961677792,1.000593961677792,1.0000005555574074,1.0,1.0001505946960059,1.0004810395412438,1.006519686884239,1.0173439146543402,1.0273227481596179,1.0284308473964663,1.0181577793163241,1.0079985517057632,1.0008518051259194,1.0001500507399546,1.0,1.0,1.0001353371023012,1.0052635422305063,1.0144245726604624,1.0233191658099565,1.0238248082028585,1.017295266057737,1.0082653358059417,1.0026314882848346,1.0,1.0,0.9980371595278429,0.9928874832596356,0.9905372147755381,0.9925000552476954,0.9976497315159025,1.0,1.000014935893925,1.000014935893925,1.000014935893925,1.0,0.9978044516536001,0.9941740152603274,0.9898972523806867,0.9856688178577077,0.9853818753336013,0.9896586382132421,0.9960826210826211,1.0,1.0,1.0,1.0,0.9977011494252874,0.9977011494252874,0.9937931762158763,0.9917060618783081,0.9882696357614696,0.9876113989252188,0.9894630167653372,0.9928994428821757,0.9974656529278377,1.0,1.0,0.9974667995131704,0.9932583902842693,0.989648093770747,0.9881358914847084,0.9875550286829581,0.9859396636827688,0.9852146278142305,0.9861279308526338,0.9913535923663455,0.9961240310077519
394622,155,"Gainesville, FL",msa,FL,0.9724984766374066,0.975086860733536,0.9776306004163215,0.978788609002614,0.9778533863647373,0.9783633372991879,0.977713384070016,0.9750189267112003,0.9740860031325367,0.9732421431993495,0.9717316015773229,0.9706518216439483,0.9721532392862094,0.9777016988793931,0.9804817675814723,0.9790219603766586,0.9787438791040403,0.9784927138421372,0.9802067611077554,0.9796827282669126,0.9779047226113496,0.9759017841136711,0.9732205943357072,0.9752526009018133,0.977043909472214,0.981498041239476,0.9820627411322467,0.9825166258929746,0.979726624802118,0.9813021495226707,0.9830156802217087,0.9844651026588562,0.9837666153980819,0.9810703016311472,0.9810878639774767,0.9824770828952398,0.9871424347572108,0.9935351288211377,0.9975097292879015,1.0,1.0,1.0,1.0,0.999164765451359,0.9949997446262548,0.9913961410226513,0.9917661150253866,0.9959311358504906,0.9995347394540942,1.0,1.0000014109408097,1.0000014109408097,1.0000014109408097,0.9956427015250545,0.9926107024039222,0.9870319018460423,0.9842924226734816,0.9783241785447964,0.9750510547713,0.9761980437814723,0.9799486177191206,0.9879806459040088,0.9902267308376388,0.9937080535538754,0.9893709019250171,0.9884855359582994,0.9865764669646723,0.9850664326214216,0.9816555022918428,0.9770689001906893,0.9749640524847251,0.9748339711839121,0.9750668518159656,0.978337791955746,0.9816787986780416,0.9817734278001938,0.9797995719752741,0.9771812391463839,0.9768307533195907,0.9755876501113426,0.9742848799303087,0.9729933296323071,0.9736467622212236,0.9752524016046484,0.9759813881438273,0.9765457167681718,0.9759528894043218,0.9773898009905193,0.9760207652897005,0.9732469266700855,0.9716182963727586,0.9711093065168234,0.974053628984875,0.9737987131791351,0.9707665872999383,0.9670394206388163,0.9677049746001186,0.971468763337828,0.9745927304185669
394405,156,"Boulder, CO",msa,CO,0.9963329258806534,1.0000877423883479,1.0000877423883479,1.0000877423883479,1.0,1.0,0.999229055258467,0.9967409875140483,0.9930280224462299,0.9891309668067015,0.9868136996486979,0.990034601224453,0.9947026016055142,0.9995079365079365,1.0,0.9988573418551295,0.9960404404466788,0.9927071071133454,0.9904484047139982,0.9891355126121244,0.988061309037921,0.9860780541975233,0.9846522921522921,0.986328788951655,0.9904651121529012,0.9960206677084568,0.9987517078166309,1.0,1.0,0.999322148788341,0.999322148788341,0.999322148788341,1.0,1.0,0.9963975872764261,0.9963975872764261,1.004430233324536,1.0202190259764252,1.0390675963059548,1.0430851396517842,1.0381451365350631,1.0194077143660316,1.007357524972092,1.0001111481604978,1.0,1.0,1.0,1.0088353413654618,1.0317617510843244,1.0589698729117354,1.0708686585304006,1.0515440506133398,1.0243359287859286,1.0036018018018018,0.9977477477477477,0.9927304059287088,0.9867183818806126,0.9821000815887527,0.9791908485225184,0.9819561193238614,0.9888266718679736,0.9967532467532467,1.0,1.0,1.0,0.9996798850709329,0.9967474777850903,0.994804756050673,0.988653013752833,0.9845678771790265,0.9821437034138251,0.9886155606407323,0.9956331045003814,1.0,1.0,0.9980462208328681,0.996438083603319,0.993475120640356,0.9910280283477929,0.9908188642759518,0.9891936744173234,0.9854485755417158,0.9812658768431062,0.9847618873413083,0.9909058376203378,0.9969058376203379,0.9966021535479005,0.9947152847152848,0.989080364080364,0.9863599838654865,0.9861838321039688,0.9867682476883844,0.984171835476725,0.9832986045221933,0.982186644586704,0.9839571111365565,0.9847795290829583,0.9878483965955102,0.9916769631219186
394646,157,"Green Bay, WI",msa,WI,0.9821740810302132,0.9886303261532161,0.9950927793004306,0.9972870314525389,1.0,1.0,1.0,1.0,0.9970393449280657,0.9893789535203745,0.9859067312981523,0.9872199275429296,0.9904972470799809,0.9939694693022029,0.9956169281293601,1.0,0.999122532163132,0.999122532163132,0.9974072390393375,0.9974763811209262,0.9961425142408409,0.9978578073646353,0.9953723275151244,0.9938295092675854,0.9938295092675854,0.9971233148723756,1.000142485370683,1.000142485370683,1.0001869416701406,1.0019787570918288,1.002256771280092,1.0023674258849307,1.0005665117805684,1.0003538827106522,1.0001987718063556,1.000065385118347,1.0,1.0015676214906655,1.008877697260399,1.022335254196217,1.0285559812480292,1.0333974422903043,1.033665375550565,1.027781788912849,1.0183502661396224,1.004624775943544,1.0029162078782956,1.0001961938395134,1.011928422963047,1.028612724757646,1.0410259625588492,1.0476074780650924,1.0407328682461652,1.037543582129738,1.0198193356142637,1.0098134497990783,1.0006923129334209,1.0001028148191187,0.9984357094405102,0.9983328946213916,1.0059001381967267,1.0220817988431612,1.0338869682277554,1.0373364519534765,1.0367569482401506,1.0287979327017103,1.0214010273131586,1.0074659757586586,1.0036545513700306,1.0028708009150415,1.0029483383268427,1.002913608869317,1.0037035944359163,1.0081676098234986,1.0125853809329426,1.0134341857145657,1.0125044680275697,1.0080866969181257,1.0037229832728853,1.0001111481604978,1.000206413474397,1.0001693558525373,1.0001693558525373,0.9993746267941757,0.9993422133414755,0.9993422133414755,1.0026178249871354,1.0045767194930806,1.0046533654653347,1.0021605717360138,1.0024885065870324,1.0024118606147783,1.0023859876178172,1.0000574811749152,1.0000574811749152,0.9963695636067275,0.9963695636067275,0.9964886537579719,1.0001190901512444
394488,158,"Columbus, GA",msa,GA,,,,,,,,,,,,0.9823837723466543,0.9842158486049927,0.9878220819419891,0.9853426737182528,0.9884404660068098,0.9802135802915709,0.9758275413550539,0.9707177144717415,0.9731163559110709,0.9709103579902445,0.9769066499015479,0.9859822626356972,0.9941858796994705,0.9918108638359135,0.9918108638359135,0.9885655680731761,0.9902105182602741,0.9892135092871933,0.9913315274663658,0.996150252492943,0.9926409461274969,0.995493684661473,0.995493684661473,0.9976995276612136,0.9901443377530824,0.9901443377530824,0.9924448100918689,1.0,1.0,1.0,1.0,1.0,1.0,1.0,1.0,1.0,1.0,1.0,1.0,1.0,1.0,1.0,1.0,1.0,1.0,1.0,0.9960078503035756,0.992986981171966,0.992986981171966,0.9969791308683904,1.0,1.0,1.0,1.0,1.0,1.0,1.0,1.0,0.996814949242629,0.9957035735182501,0.9901794522538164,0.9933645030111874,0.9944758787355662,1.0,1.0,1.0,1.0,1.0,1.0,0.999117387466902,0.9961833311097799,0.99618333110978,0.9952433350644853,0.9981773914216072,0.9981773914216072,1.0,1.0,1.0,1.0,1.0,0.9961761423093455,0.9961761423093455,0.9961761423093455,1.0,0.9966218527640942,0.9966218527640942,0.9966218527640942,1.0
395107,159,"South Bend, IN",msa,IN,,,,,,,,,,,,,,,,,,,,,,,,,,,0.9888964116452268,0.9886000178683106,0.9981238273921201,0.9981238273921201,1.0,1.0,1.0,1.0,0.993939393939394,0.9909090909090909,0.9909090909090909,0.9969696969696971,1.0000300846843186,1.0004431257540796,1.0004431257540796,1.0005464277577696,1.0001333866880084,1.0001333866880084,1.0,1.0,1.0,1.0,1.0001419686794972,1.0044790194849496,1.0087300822506409,1.0148774217472445,1.0115401431076554,1.0072890803419638,1.0009997721658632,1.0,1.0,1.0,1.0,0.9969359984984986,0.9969359984984986,0.9969359984984986,1.0,1.0,1.0,1.0,1.0,0.9995061728395062,0.9995061728395062,0.9937948593000585,0.9855725627141574,0.9816077703843998,0.983985070179546,0.9927011939259409,0.9966659862556985,1.0,1.0,1.0,0.999008935054789,0.9973860299172248,0.99157814780133,0.984906377497499,0.9808821760946764,0.9795931478016753,0.983637704114305,0.9857512417500981,0.9928481521589938,0.9964664310954063,1.0,1.0,0.9950690335305721,0.9937457739360186,0.9898698049437705,0.9882648237007802,0.9828342147820397,0.9832882306287231,0.9898241783411414,0.9965780468544354,1.0
395109,160,"Spartanburg, SC",msa,SC,0.9860561491713852,0.9829546113928656,0.9873799483691056,0.9891011405369489,0.99293901883074,0.9934894442080219,0.9932907238088363,0.9918449825800045,0.9851946616945506,0.9835707928366185,0.9776693958176806,0.9795502258695259,0.9810544528215664,0.9889693944474028,0.9909265569525955,0.9931336135074783,0.9901561089279852,0.9892367164051151,0.9878223019907008,0.9898866074799709,0.9899178551760048,0.987535196575105,0.9832459272166658,0.9835701033991242,0.9851283504557772,0.9900136085668416,0.9939937702739351,0.9934189923551626,0.9943088833450954,0.9943088833450954,0.9984465910651643,0.9990718515903833,0.9990718515903833,1.0,1.0,1.0,1.0,1.0,1.0009266138114001,1.0010884863125324,1.0011996344730303,1.0004692145011438,1.0003073420000115,1.000311176017276,1.0001149821777624,1.0001149821777624,1.0,1.0,1.0018773003725905,1.0051083181431884,1.0093277274258887,1.0123089580621578,1.00907794029156,1.0048585310088596,1.0,0.9957809401151971,0.992065516523391,0.9860061005497572,0.9849644800766034,0.9830890033406673,0.9858063705661033,0.9898549297119388,0.9944454965951995,0.9966576018405725,0.9978697230526937,0.9955258691967875,0.995354745824775,0.9924185434808667,0.9902618230712769,0.9874785355241754,0.9851237325770784,0.9851469104019985,0.9858798856024884,0.9872226617560299,0.9894641674731769,0.9921475440226151,0.9925386366549654,0.9920030011817741,0.9888887076586412,0.989800341518252,0.9867882526713695,0.9853487086932166,0.9819336052781131,0.9829704273293158,0.9844150889372981,0.9864141830131348,0.9875672986693113,0.9867148476049957,0.9865729127633677,0.9869508730850183,0.9860522665271351,0.9856534779820666,0.984034111030041,0.9840978663432368,0.9829858160004172,0.9844352684991167,0.984924624995324,0.9855107055814046,0.9871249324392927
394645,161,"Greeley, CO",msa,CO,0.999366515837104,1.0,1.0,1.0,1.0,1.0,1.0,1.0,0.9991749513164244,0.9955445149231519,0.9932685582185248,0.9916605168777695,0.995290953271042,0.9975669099756691,1.0,1.0,1.0,1.0,1.0,1.0,1.0,1.0,1.0,1.0,1.0,1.0,1.0,1.0,1.0,1.0,1.0,1.0,1.0,1.0,1.0,1.0,1.0048309178743962,1.0141281743513246,1.0266168149070152,1.0361709594313995,1.0371258959369272,1.0331842639282451,1.0232078036800023,1.014808892550828,1.0102301379720735,1.0058215358215359,1.0053504193224436,1.0042733764272773,1.0124706484826425,1.0242768889255542,1.031982169080537,1.0289131021533768,1.0157246963562754,1.005128205128205,1.0,0.9969696969696971,0.9938250428816467,0.9925460270071834,0.9955763300374864,0.9987209841255366,1.0,1.0,1.0,1.0,1.0,1.0,1.0,1.0,1.0,0.998240985048373,0.9972616798007751,0.9972616798007751,0.9990206947524021,1.0,1.0,1.0,1.0,1.0,0.9987629025503456,0.9987629025503456,0.9983878087769021,0.9996249062265566,0.9988352247314264,0.9966509017178465,0.9966509017178465,0.997440583212977,1.0,1.0,1.0,1.0,0.9978251897970166,0.9978251897970166,0.9978251897970166,0.999393842892002,0.9968555287157567,0.9963527377094022,0.9969588948174004,0.9994972089936457,1.0
394808,162,"Lubbock, TX",msa,TX,,,,,,,,,,,,,,,,,,,,,,,,,,,,,,,0.9829196820381654,0.9842328133512966,0.9852178932178933,0.9831227175444575,0.9805204890608783,0.9835923368649665,0.9904494173003071,0.9950718478040882,1.0,1.0,1.0,1.0,1.0,1.0,1.0,1.0,1.0,1.0,1.0,1.0027142303218302,1.0027142303218302,1.0027142303218302,1.0,1.0,1.0,0.9966666666666667,0.9904938271604938,0.9871514843618909,0.9837846501910366,0.9840286359422686,0.9832665246961039,0.9867408857486786,0.9926697395036194,0.9957860587532332,0.9962802138665313,0.9934672743447311,0.9885441306297365,0.9857179106327725,0.979603817973047,0.9771468956463755,0.9748992909639235,0.9777518800847051,0.981266212691913,0.9838085308149065,0.9866179854646213,0.9863225231072098,0.9875442491013934,0.9849612842960487,0.9859447711351296,0.9833195363690163,0.9832323011387544,0.9799493553150026,0.9784859406808563,0.979015723722087,0.9806101337551917,0.984573548389338,0.9863109382096704,0.9893932071404709,0.9883480390375787,0.9856156449964355,0.9826406291674434,0.9811857972703356,0.9805313356759471,0.9796771549231863,0.979964236262899,0.9810667265311229,0.9826432184513797,0.9839722987278284,0.988257574301601
394471,163,"Clarksville, TN",msa,TN,0.9874567293858965,0.9890306334872093,0.9928660758758276,0.9969766266376435,0.9981542750080589,0.9968460393724848,0.9968460393724848,0.9980183636910253,0.9975460636515914,0.9944753193097603,0.992012683886303,0.9920156398425549,0.989488063680537,0.9919506991039944,0.9944016794961511,1.0,0.9978273457948253,0.9978273457948253,0.9978273457948253,1.0,1.0,0.9967716432586862,0.9937413402283832,0.989231277561648,0.9924596343029618,0.9954899373332647,1.0,1.0,1.0,1.0,1.0,1.0,1.0,1.0,1.0,1.0,1.0007593014426728,1.003002818633749,1.010145675776606,1.018594330737228,1.0220650992604376,1.020479341740828,1.0142343483004963,1.011938866005014,1.0063817663817665,1.0034188034188034,1.0025157232704403,1.0025157232704403,1.0073466411448364,1.0104806353885205,1.0173139687218538,1.0175335558979628,1.0119899328237922,1.005156599490459,1.000106094439954,1.0,1.0,1.0,1.0,1.0,1.0,1.0,1.0,1.0,1.0,1.0,1.0,1.0,1.0,1.0,0.9979894179894181,0.9979894179894181,0.9979894179894181,1.0,1.0,1.0,1.0,1.0,1.0,1.0,1.0,0.9985552077156828,0.9982108556804971,0.9982108556804971,0.9996556479648143,1.0,1.0,1.0,1.0,1.0,1.0,1.0,0.9971631205673758,0.9954036748004222,0.9954036748004222,0.9972590146897176,0.9979711621188493,0.9956723115441367,0.9966538510874656
395028,164,"Roanoke, VA",msa,VA,,,,,,,,,0.9927255701537508,0.9778240312608735,0.9785065144379305,0.9754855324287105,0.9778757444698899,0.9812898866691304,0.987202129940996,0.9882637045160682,0.9867391703933088,0.9847632033230281,0.9835050740925686,0.9845173606178098,0.9847147337145828,0.9852734872137839,0.9836756929737275,0.9844676157462318,0.9854767595659624,0.9892610486711773,0.9938924063219533,0.9959388496193026,0.998240985048373,0.998240985048373,1.0,1.0,1.0,1.0,0.9964418609249264,0.9964418609249264,0.9964418609249264,1.0,1.0000414671129059,1.0001192287481675,1.000182133698787,1.0001406665858814,1.0000629049506198,1.0,1.0,1.0,1.0,1.0,1.0,1.0037764757898895,1.0066182826965473,1.010143870995279,1.00639276364963,1.0035509567429721,1.0000253684442402,1.0,1.0,1.0,0.9958762886597938,0.9958762886597938,0.9958762886597938,1.0,1.0,1.0,1.0,1.0,1.0,1.0,1.0,0.9961216797774791,0.9916005124942896,0.9916005124942896,0.9954788327168105,1.0,1.0,1.0,1.0,1.0,1.0,1.0,1.0,1.0,0.9944990831805302,0.9918290317047956,0.9918290317047954,0.9973299485242654,1.0,1.0,1.0,1.0,0.9972240870484597,0.9935253883497609,0.9905128825430687,0.989525354634394,0.9868137969228363,0.9848383616951942,0.9836756941810251,0.9875042862233986,0.9924922272577329
394579,165,"Evansville, IN",msa,IN,,,,,,,,,,,,,,,,,,,,,,,,,,,0.9974107537559315,0.9974107537559315,1.0,1.0,1.0,1.0,1.0,0.9951722979054368,0.9926435622732529,0.9917953858525573,0.9966230879471206,0.9991518235793045,1.0002569883927899,1.0021609982236546,1.0066004435818292,1.0063434551890393,1.0044394453581746,1.0,1.0,1.0,1.0,1.0,1.0,1.000256607646908,1.000432138628126,1.0005038386352962,1.0002472309883883,1.00007170000717,1.0,1.0,1.0,0.9958326821899255,0.990495790929085,0.9867412121745062,0.9909085299845808,0.9962454212454213,1.0,1.0,1.0,1.0,1.0,0.9999593914401217,0.9999593914401217,0.9975032510892445,0.9905226204003954,0.9867135001975885,0.9856974183262435,0.9927186575749709,0.9965277777777778,1.0,1.0,0.9979596254308262,0.9960864341653698,0.9931878834407321,0.9901224957925464,0.9886599710703926,0.9867531868926079,0.9854581311140574,0.9877005278201757,0.9925058627225979,0.998906680718508,1.0,1.0,0.9988209904779409,0.9954068559610411,0.9915661444186922,0.9882994742421533,0.9867626135079669,0.9864880987128672,0.9880098018032782,0.9887909065196409,0.989786847065974,0.9927108236741612
394747,167,"Kingsport, TN",msa,TN,0.9677368942146525,0.9709567813388617,0.9719885270322505,0.9752844571690792,0.9739691077874729,0.9739392891179578,0.975180755463623,0.9774470805532426,0.9761769646637496,0.971095339734446,0.9692237388035275,0.9672859338501584,0.9688751937987164,0.9701355426596519,0.9741872121829922,0.9771542070195567,0.9765711813245064,0.9775576339124373,0.976896525182578,0.9772472420856343,0.9756003841418547,0.972631187266626,0.9683042641897032,0.9685064125738109,0.9733413829340058,0.9787905342424055,0.9808650853743336,0.9785361445903469,0.9826891457166687,0.9836544797525422,0.9858966480497563,0.9849143479848874,0.985128258067605,0.9845845280307873,0.9820398689257396,0.9812276852718593,0.9863032663472987,0.9916378084423129,0.9974612241680783,0.9988565411538476,1.0001070622042851,1.0001070622042851,1.0,1.0,0.9963369963369964,0.99562490276776,0.9920017143619629,0.9891287703125481,0.9898408638817845,0.994279041387719,1.0008149891001372,1.0008149891001372,1.0,0.9950686666890883,0.9950686666890883,0.9921384858262007,0.9915111754461728,0.9853182174656729,0.9809859112972875,0.9762768491258074,0.9790422149897692,0.9833294888305989,0.9867756696731568,0.9842565626465901,0.9827474709042981,0.9895689959241597,0.9912007004610078,0.9906268364509007,0.9833804596393064,0.9784867186660104,0.9774932635505601,0.9759368735749862,0.9762894048264047,0.9774639511500506,0.9819199115257803,0.9865771494456457,0.9851649190041923,0.9816724689807459,0.9797676279269605,0.9779766208306029,0.9775572232503759,0.9740745645470166,0.9714405941051892,0.9704006131436627,0.9730396194740784,0.9784628998973588,0.9810948682073302,0.9831403672580143,0.983716118620889,0.9837477608214505,0.9825891155451583,0.9798804644992724,0.9796153641276061,0.977545888887399,0.9760212480001179,0.9743028361342464,0.9743518125276248,0.9776314241485595,0.980728320136104
394741,168,"Kennewick, WA",msa,WA,0.9993241701451003,0.9995643410852714,1.0,1.0,1.0,1.0,1.0,1.0,1.0,1.0,1.0,1.0,1.0,1.0,1.0001230466346744,1.0001230466346744,1.0001230466346744,1.0,1.0,1.0001111481604978,1.0001111481604978,1.0001111481604978,1.0,1.0,1.0,1.0,1.0,1.0,1.0,1.0,1.0,1.0,1.0,1.0,1.0,1.0,1.0,1.0016854613798956,1.0078583008860684,1.0122442657983493,1.0184998140611081,1.0162485431823862,1.0154552742286975,1.0089302693009194,1.0050087006734685,1.0014163221757988,1.0000003174609222,1.0032216059763284,1.006451464612103,1.009651464612103,1.0089554286219495,1.0058205178391517,1.0026205178391516,1.000095265313899,1.0,1.0,0.9987378933189895,0.9987378933189895,0.99672787004145,0.9979899767224604,0.9979899767224604,1.0,1.0,1.0,1.0,1.0,1.0,1.0,1.0,0.9980577809461305,0.9973075933992437,0.9973075933992437,0.9992498124531132,1.0,1.0,1.0,1.0,1.0,1.0,1.0,1.0,1.0,1.0,0.9993845206954916,0.9993845206954916,0.9993845206954916,1.0,1.0,1.0,1.0,1.0,0.9994999166527755,0.9994999166527755,0.9994999166527755,1.0,0.9985738095238096,0.9985738095238096,0.9985738095238096,1.0
395179,169,"Utica, NY",msa,NY,,0.9558515951962031,0.9592995839834275,0.9743891301350979,0.9851418183071409,0.9870018357316278,0.9802053205868706,0.970779884821861,0.9701525074085792,0.9688768478144949,0.9647275248577958,0.9631306571564563,0.968483329175795,0.9719871659116883,0.9741929016222702,0.976292475386287,0.9858139645583058,0.9930407521001037,0.991982706854167,0.9876187701308551,0.9818354018507013,0.9815898927158385,0.9761673449402858,0.9671968123386869,0.9643146819199422,0.9662374863808485,0.9760622504221498,0.9779965255260246,0.9826272205155563,0.9846794108474554,0.9898444557923168,0.9936268736545403,0.9980202020202021,1.0,0.9937017231134878,0.9901046008113296,0.9863712674779962,0.9926695443645084,0.9962666666666666,1.0,1.0001111504776292,1.000333520946831,1.000333520946831,1.0002223704692017,1.0,1.0,1.0,1.0,0.9937694704049843,0.9937694704049843,0.9937694704049843,1.000244424107348,1.0004407880118484,1.0006631584810501,1.000418734373702,1.0002223704692017,0.9947753396029259,0.9889273863865515,0.980436694346877,0.9747652017530685,0.9724424029267547,0.9734914732061007,0.9834192595087976,0.9915900115514855,0.9990316333118141,1.0011547851660054,1.001258984394931,1.001258984394931,1.0001041992289257,0.9945429740791268,0.9914573471815941,0.9822468812800289,0.9783123728093677,0.9764683201360725,0.9856787860376377,0.9950703204291721,1.0,1.0,1.0,0.9972775325656668,0.9944974380424529,0.9944974380424529,0.9953281967835323,0.9937766029816378,0.9863691955742304,0.981606262701233,0.9859379510263412,0.9933453584337487,1.0,1.0,0.9970297629872098,0.9932717992371916,0.9883456908628073,0.9829988453548048,0.9829435658401918,0.9751313652464645,0.9716738511001773,0.970301624180375,0.9765039854360681
394660,170,"Hagerstown, MD",msa,MD,0.9809983503733002,0.9855633090818031,0.9883664664340587,0.9930434001798493,0.9953083910151465,0.9927938339514911,0.9929259270998153,0.99067226050669,0.9930990973031705,0.98882615030316,0.9870414183967066,0.9862889230670833,0.9868945849353364,0.9891464614991395,0.9898511812675787,0.9909047946313517,0.9925576871933351,0.9924326286974784,0.9945484362977517,0.9919575927978173,0.9900287851508155,0.9895374231935546,0.9919283087816583,0.9960707276918551,0.9981283408605796,0.9988671717488186,0.993751654791935,0.9937516547919351,0.9945901922838463,1.0,1.0,1.0,1.0,1.0,1.0,1.0,1.0,1.0,1.0,1.00185522424271,1.0034934522327765,1.0035587508783739,1.001703526635664,1.0000652986455976,1.0,1.0,1.0,1.0,1.0,1.0011341148696347,1.0026155963511163,1.0026155963511163,1.0014814814814814,1.0,1.0,1.0,1.0,1.0,1.0,1.0,1.0,1.0,1.0,1.0,1.0,1.0,1.0,1.0,1.0,1.0,1.0,1.0,1.0,1.0,1.0,1.0,1.0,1.0,1.0,1.0,1.0,1.0,1.0,1.0,1.0,1.0,1.0,1.0,1.0,1.0,1.0,0.997494550488159,0.997494550488159,0.997494550488159,1.0,1.0,1.0,1.0,1.0
394543,171,"Duluth, MN",msa,MN,0.9771887259808086,0.9838325681399412,0.990892656453454,0.995610404948655,0.997855611150822,0.9928958027020448,0.9877675975738397,0.9837534028972286,0.9817202043529988,0.9799523785250083,0.9772220731619085,0.9767840822780577,0.9785724559932447,0.9874613448821337,0.9948923427589914,1.0,1.0,1.0,0.9965463856139097,0.9891182871243588,0.9821515513979421,0.9773412541587762,0.9779813235289415,0.9762191246652411,0.9798318734997996,0.9866199026191852,0.9953488372093023,1.0,1.0,1.0,1.0,1.0,1.0,1.0,0.9983688116652923,0.9891922837213132,0.9891922837213132,0.9909456157827652,1.010550449127117,1.0178497192001095,1.023788181533971,1.0133986448394994,1.0060993747665066,1.0001158699449955,1.0001604554109713,1.0001604554109713,1.0000833541718763,1.0,1.005050505050505,1.0129117548135682,1.0222497379698672,1.0238780428768608,1.0205488438916301,1.0112584865866434,1.0045796766291446,1.0000476258513122,1.0,0.9956118143459914,0.994169467340253,0.994169467340253,0.9985576529942616,1.0,1.0001419043564637,1.000275291044472,1.0004011695387944,1.000358140552958,1.0002247538649496,1.0000988753706272,1.0,0.9955444112667909,0.9891366696687786,0.9823339485803432,0.9863215368455518,0.9927292784435641,0.9999312011288058,1.0003992015968064,1.0003992015968064,1.0,1.0,0.995655443952281,0.9920950740559578,0.9872362662538693,0.9855291982432952,0.9890895681396185,0.9904114587824987,0.9964630828407918,0.9964630828407918,1.0001059605661815,1.0001059605661815,1.0001059605661815,0.9992103185048697,0.9924742499194442,0.9911409165861107,0.9914136018294638,0.9920019689100451,0.9875682895559507,0.9870849523632462,0.9932326538680906,0.9989996665555184
394937,172,"Olympia, WA",msa,WA,0.9992510644020518,1.0006155924504228,1.0035008310824822,1.0035753155330618,1.0025287362026398,0.9995985272186466,0.9995091127278825,0.9992328098763584,0.9991788006893126,0.9994354920202708,0.999711794871795,1.0,1.0,1.0,1.0002144009367564,1.0003096662506554,1.000390986897968,1.0001765859612115,1.0000813206473123,1.0,1.0,1.0,1.0,1.0000491803623783,1.0054269234450393,1.0090551018033256,1.0123609849454995,1.0110395480529455,1.0126197030279924,1.015128730589325,1.0158625061123767,1.017239538632702,1.0194565524742518,1.0241902802849028,1.0287036935655394,1.0315515504067385,1.0382182170734053,1.0491666820335983,1.0604599425071866,1.066780288827533,1.060454557898504,1.0502805284473662,1.0354723021925638,1.0242114070886579,1.0168976112856034,1.0135240193585877,1.0159328811792716,1.0228943906439902,1.0367472044968042,1.048331435535939,1.0522806061283665,1.0409188646862961,1.022465153764924,1.006820076739748,1.0,1.0,1.0,0.9983708121804157,0.9983708121804157,0.9983708121804157,1.0,1.0,1.0020833333333334,1.002690497874924,1.002690497874924,1.0006071645415908,1.0,1.0,1.0,1.0,1.0,1.0,1.0,1.0000303057853743,1.0000303057853743,1.0000303057853743,1.0,1.0,1.0,1.0,1.0,1.0,1.0,1.0,1.0,1.0,1.0,1.0,1.0,1.0,1.0,1.0,1.0,1.0,1.0,1.0,1.0,1.0,1.0
394803,173,"Longview, TX",msa,TX,,,,,,,,,,,,,,,,,,,,,,,,,,,,,,,,,,,,,,0.9839613791414324,0.9972306996722052,1.0,1.0,1.0,1.0,1.0,0.9982981882609062,0.9977407746600143,0.9977407746600143,0.9994425863991081,1.0,1.0,1.0,1.0,1.0,1.0,1.0,0.9930050085841172,0.9853107027916247,0.9778429813457842,0.9777457741801067,0.9802557251959994,0.9863560463367627,0.9906392561542781,0.9958236109308777,0.99453463691728,0.9922254264591972,0.9853370303025084,0.9840140401733066,0.9784315971487159,0.9794231874085989,0.9756904695942649,0.9758645496576378,0.9727523465454349,0.9704309839915921,0.9729902547282968,0.9778768000435077,0.9825770991356402,0.9836357422432199,0.9797605027424029,0.9776448588946295,0.9777283019158348,0.97963348653183,0.9783522933654808,0.9754687608192585,0.9732447061010049,0.9715775236361427,0.9733967151491355,0.9743058810386018,0.9776108476599474,0.9799448384554768,0.980510876460234,0.9748259235949699,0.9725536605230745,0.9708579592970209,0.9743500596760645,0.9728244735510395,0.9750722360036427,0.975134040043976,0.9763937407834066,0.9760320428370445
395229,174,"Wilmington, NC",msa,NC,0.9767704309652053,0.980249945342173,0.9812805913557107,0.9820421737546953,0.9805904710506134,0.9801461619538673,0.9783446233425127,0.9775178451789052,0.9778865191552913,0.9777300940681183,0.9776017455265892,0.9769322785504766,0.9783497599027481,0.9800793728192643,0.9822211372251797,0.9851812416545197,0.9853133846438057,0.9852139562240376,0.9826714811882594,0.9819002082822772,0.9810356153558581,0.9796216042220882,0.9797149121950209,0.9797950307705127,0.9816529106937578,0.9825419859928232,0.9829173156743001,0.9829791797496931,0.983691923529947,0.9861431719352689,0.9881812121034725,0.9902453645885737,0.9899291914699054,0.9893569697704026,0.9880132572203003,0.9891979695987857,0.9934842405430642,0.9974058091705151,1.0000555648163583,1.001767963815579,1.0030118129134467,1.003041198877918,1.0013287998786973,1.0000849507808296,1.0,1.0,1.0,1.0002827254735651,1.003330344521184,1.0085311643903898,1.01391699510222,1.014139235642983,1.0090654598261575,1.0033969036407624,1.00012704405238,0.9981425985655766,0.9928515932745713,0.9873871124002543,0.983261460832405,0.984542017683243,0.9873255334101069,0.9933085864123795,0.997319034852547,1.0,1.0,0.9977026492684855,0.9940396456054819,0.9902344180647563,0.9877008509218747,0.9869119779590886,0.9837727610553698,0.9822001177142301,0.9827458464882377,0.9860559078865343,0.9887428382948346,0.9881142134360342,0.9861160167368674,0.984368166669786,0.9828747882794354,0.9823224418398239,0.9801727095161713,0.9790949174646495,0.9772958117134479,0.9782433582447508,0.9803741770190961,0.9840515767416149,0.9858291873721777,0.9861020966023898,0.9851995393517897,0.9831441509434491,0.9802386581189378,0.9785512958590088,0.978631176296032,0.9773825553870926,0.9774763860227953,0.9773225827386458,0.9809627373066002,0.9831293173313278,0.9857544087943083
395061,175,"San Luis Obispo, CA",msa,CA,0.9887910464950832,0.9900559046092563,0.9892610837946098,0.9886726883311249,0.9886456549473105,0.9894950162582755,0.9877589051471644,0.9859522927976584,0.9833327611301534,0.9827844181865794,0.9804468746832044,0.9806953950657687,0.9823989444100848,0.9851774131405939,0.9869499709552919,0.9866025169922369,0.9872177298716007,0.9867793968112776,0.9863607211528608,0.9855720182147207,0.9849445953665376,0.9849790533858022,0.9837958848197337,0.9845529549154777,0.9862554108699152,0.9896727717506476,0.9882979838289203,0.9873843184252494,0.9869261458255161,0.9904547989449904,0.9931550505312251,0.996496738083439,0.9987042436022028,1.0,1.0,1.0,1.0,1.0015873015873016,1.0053680199237855,1.008047219429937,1.009024020406738,1.0062762311792028,1.0035970316730514,1.0010329291089488,1.0022371364653244,1.0047094823956142,1.0047793402381442,1.0076482088352954,1.018132282221849,1.0285891021266993,1.0323868255005062,1.0237601099654214,1.0136260509852184,1.0047223225489357,0.9979483582735543,0.9975557395063772,0.9926606346112723,0.9902029343205814,0.9854376257668526,0.9864747059705995,0.9913766667549132,0.996141975308642,1.0,1.0,1.0,1.0,1.0,1.0,0.9975932611311672,0.9943145726065771,0.9932137752335647,0.9956205141023974,0.9988992026269875,1.0,1.0,1.0,1.0,0.9980672268907563,0.9980672268907563,0.9955476143620515,0.9944431817006043,0.990810120846835,0.9890052826976529,0.9915927040759996,0.9952257649297692,0.9962121135571076,0.9945228242372387,0.9909385948465577,0.9926016550210592,0.9898329941435587,0.9903636104806267,0.9880650011312421,0.988967395267017,0.9878028484284839,0.9855538902236392,0.9859459718251907,0.9901641317173367,0.9963867411476129,1.0
753875,176,"Crestview, FL",msa,FL,,,0.9793931487254462,0.9827903943807406,0.9822230821438485,0.9810055539821659,0.9780514108933311,0.9767878022980296,0.9767507737638411,0.9767293372184889,0.9766653687479719,0.9766763763509233,0.9782503931189326,0.979538449159728,0.9820049717913971,0.9836026152198972,0.9856398431030137,0.9859831255363071,0.9851340258414037,0.9830009152228727,0.9826134644055395,0.9800873974883938,0.9805963588436851,0.9802865713142531,0.9827825259047062,0.9845863898822357,0.986778711038386,0.9860014079961755,0.9837763404518584,0.980328609552835,0.9811458708022691,0.98274768282636,0.9837117635096165,0.986054499234459,0.9856542375979648,0.9873041227772618,0.9905555555555555,0.9955555555555556,1.0,1.0,1.0,1.0,1.0,1.0,0.9990551206842241,0.9973435218003885,0.9942082325969879,0.995153111912764,0.9968647107965993,1.0,1.0,1.0,1.0,0.9958847736625515,0.9903059379445575,0.9842841819228015,0.9814064012672432,0.978135679463113,0.9748388067766532,0.9727409046787513,0.9747858770978929,0.9783667373328204,0.9807405593046323,0.9824169392794094,0.9822416308564953,0.9809507099675846,0.9795429673833714,0.9747033561075306,0.9742917295276797,0.9705753428261694,0.9725168121687117,0.9729094083112813,0.9761068715046051,0.975696500966056,0.9758622677350449,0.9749171389556496,0.9767116203646765,0.97583910104174,0.9736088550972083,0.9717072917275598,0.9707905507252138,0.9721319077808565,0.9707315623229572,0.9701714183519412,0.9702644322029168,0.9720346015005733,0.975286335232393,0.9760782062663024,0.9749017857055149,0.9728312147233499,0.9689689740763495,0.9683515539540082,0.9669654096280228,0.9675287308543877,0.9683047790375303,0.9698512133809537,0.9718130819698385,0.9724607776036874,0.9716443522954429
394851,177,"Merced, CA",msa,CA,0.9893673577884105,0.988196429848998,0.9904084790731126,0.9894024840361775,0.993905759117815,0.9964117196072498,0.9974177146441848,0.9950930777351678,0.9911172590206329,0.9871152580201327,0.9888917366571089,0.9893678692448389,0.9889472857580439,0.9903695212974087,0.9949991509270384,0.9994217354143337,0.9977628635346756,0.9944177696081269,0.9918337902799615,0.992195612189501,0.990020361589672,0.9911978711569374,0.990874094421201,0.9940418865624956,0.9954483563233957,0.9976474476149167,0.9985443959243087,0.9966774990690904,0.9966774990690904,0.9981331031447818,1.0,1.0,1.0,1.0,1.0,1.0,1.0010946937014669,1.0073840018775675,1.013609242398224,1.0200128445386112,1.0216133589582155,1.0187720396844828,1.01431325752044,1.0064234349247352,1.004132409852675,1.0019283180629168,1.0019283180629168,1.0008712721822983,1.00371232088248,1.0059798945786254,1.0097319230722592,1.0068908743720775,1.0046233006759324,1.0008354218880535,0.9953488372093023,0.9896160512184068,0.9842407650615698,0.984662671772153,0.9877234470750057,0.9930987332318427,0.9959244805400275,0.9985964912280701,0.9985964912280701,1.0,1.0,1.0,1.0,1.0,0.9973544973544973,0.9973544973544973,0.9973544973544973,1.0,1.0,1.0,1.0,1.0000698958551757,0.9989164933176902,0.9989164933176902,0.9988465974625145,1.0,0.9994443415447304,0.9994443415447304,0.9956239021942052,0.9961795606494747,0.9950433931834565,0.9988638325339818,0.9974657112498934,0.9986018787159116,0.9986018787159116,0.9987212545814278,0.9987212545814278,0.9962191695105354,0.9974979149291077,0.9968086763647462,0.9956473153808884,0.9919088024318491,0.9925980409962104,0.9962614870509606,1.0
395197,178,"Waco, TX",msa,TX,0.9729148184755494,0.9755821642013714,0.9812823699774954,0.9835638131986411,0.9839758662680328,0.9824569544236207,0.9800774022314829,0.9776694046475561,0.97586323802661,0.9761858224542368,0.9763541618647033,0.9742881522838699,0.9750544274690899,0.9753288475715848,0.9799141599574087,0.9828303511954228,0.9852464192030858,0.9841332922827782,0.9812568050604807,0.9789659971414796,0.9809734514027156,0.9813374556384012,0.980297015538451,0.9777398781459657,0.9804438985635707,0.9839667174637481,0.9871371372940727,0.9862257083152085,0.9878850803973748,0.9888390826067637,0.9920388735714778,0.992267986996379,0.9910514280095503,0.9901051387426922,0.9879036641902413,0.9878934046231951,0.9881502179390534,0.9940187625399924,0.9977224662436961,1.0,1.0025050888626605,1.0025050888626605,1.0025050888626605,1.0,1.0,1.0,0.9987995198079233,0.9987995198079233,0.9987995198079233,1.0,1.0,1.0,1.0,0.9990959637897068,0.9932201499100816,0.9884726722603867,0.9801943185335732,0.9779400511123854,0.9711932758885169,0.9749993217396024,0.9763238761276498,0.9830812249003834,0.9849693779790513,0.9869253178644621,0.9872398061780432,0.9844386890092961,0.9829572292668352,0.981060152814153,0.9831919872524303,0.980055913261058,0.9789679980935815,0.9760332732498443,0.9783958558060156,0.9786921521023119,0.9797237446232662,0.9836891813960679,0.9856621873690737,0.9851868457172616,0.9816592804828099,0.9790348139766323,0.979296565987542,0.9800448653072699,0.9805610601399586,0.979790391177025,0.97760370055741,0.9778897919388116,0.9799495375556347,0.9831526347378748,0.9822727658016511,0.9813055038968893,0.9773738609314284,0.9743178623069616,0.9703996283467108,0.971657474520728,0.9730298179878013,0.974730620793613,0.97448563620158,0.9781320317875223,0.9814894193859853
394447,179,"Cedar Rapids, IA",msa,IA,0.9782988572044778,0.9823689293843928,0.9862175187472854,0.988366724437304,0.9905479329566519,0.9895502067497892,0.9910044009082961,0.9879814610418309,0.9886530455554793,0.9849008177272935,0.9843484862568768,0.9800360932676012,0.9800221920412784,0.9823186338852471,0.9874397617087273,0.9913615361884324,0.9916186765966191,0.9911641250795958,0.989204292795861,0.9872071785301136,0.9858138184740977,0.9833686420956772,0.9832589067935595,0.9789161029365183,0.982473844405897,0.9849865598848546,0.9911672077480258,0.9916980719455567,0.9925252209869915,0.993781556837483,0.996250692639952,0.9941366160018275,0.993334436669719,0.9920266216776934,0.9960346377097574,0.9986921850079744,1.0,1.0,1.0001482140210465,1.0004048216679544,1.0004048216679544,1.000256607646908,1.0,1.0,1.0,0.9987494789495623,0.9968163677700005,0.9936316543942043,0.994882175444642,0.9968152866242038,1.0004533454225446,1.0005535825146745,1.0005535825146745,1.00010023709213,1.0,1.0,0.9984556989597548,0.9932276477609085,0.9864436992729241,0.9829938626524944,0.9882219138513407,0.9950058623393252,1.0,1.0,1.0,1.0,0.9991441875351511,0.9971502787960999,0.9934465750923961,0.989302387557245,0.9861482911482912,0.9837913887913888,0.9845491982784694,0.9896972034264745,0.9957578094870806,1.0,1.0,0.9965352884784164,0.9922239655830228,0.9888051621642194,0.9872667467314565,0.9864081574466287,0.9848686183158487,0.9828291424829114,0.9838313460693179,0.9860002883399611,0.9930428911272449,0.996152398662859,0.9968584656084656,0.9938281625781625,0.990011709461847,0.9884718543893832,0.9861473187100088,0.9859714678340205,0.9826472416532318,0.9827631535491292,0.9833684238912417,0.9903158384778274,0.9955547652916074
394348,180,"Atlantic City, NJ",msa,NJ,0.9642721822023962,0.9748457531508482,0.976749153115562,0.9755489588601041,0.9686686686496854,0.9707692561075502,0.9763562670259023,0.9803693277675838,0.9762483422597853,0.9704139170915406,0.9645287285084252,0.9587684403624422,0.9605926294621892,0.9609441416772385,0.9649136917359508,0.9642442819429693,0.9692572630908479,0.9729461078167466,0.9772502574781791,0.9809581912547521,0.9789279901565248,0.9780351533689081,0.9731129089097936,0.966976125998576,0.9646786389079757,0.9721807153755694,0.9826694349907177,0.9846393749710284,0.9782426852901147,0.9787386755929689,0.9829927879015337,0.985391992351787,0.9839217091630704,0.9827725525271779,0.9823089085506935,0.9860058546138523,0.9892948691308819,0.9948009304174414,0.9982638888888888,1.0,1.0,1.0,1.0,1.0,1.0,0.9961575089141363,0.9927038945280461,0.9927038945280461,0.9965463856139097,1.0,1.0,1.0002668801708035,1.0002668801708035,1.0002668801708035,1.0,0.9948942377826405,0.9922275711159738,0.9877506183673668,0.9864657165113725,0.9826364939831033,0.9866599319924814,0.993050596065835,0.9995464852607711,1.0,1.0,1.0,1.0,0.9991875580315691,0.9969125129229162,0.9969125129229162,0.9939995136659059,0.9936397251992509,0.9921966515153464,0.9933298059897311,0.995964639565039,0.9974077132489434,0.9972073068014319,0.9972073068014319,0.9942751205839951,0.9956532437108243,0.9923859235801314,0.9917338804068873,0.9863261445043102,0.985134155827868,0.9831004076904591,0.9857587732252616,0.98891416409889,0.9895014394545029,0.9913665293193038,0.9908321908839227,0.9925955729257071,0.988973370868841,0.9855025639081871,0.9837145326688254,0.9814106214235565,0.9792299129812227,0.9773287990559109,0.9801008165827146,0.9831049242944574
394412,181,"Bremerton, WA",msa,WA,1.0010150877634012,1.001044854983738,1.0057075570332366,1.008700882969879,1.008671115749542,1.0040084137000436,1.0,1.0,1.0,1.0,1.0,1.0,1.0,1.0001593374055198,1.0014455827586797,1.001557227448765,1.001397890043245,1.000111644690085,1.0,1.0,1.0,1.0,1.0,1.0,1.0025641025641026,1.003399524452156,1.0060040980834526,1.0039458124136342,1.0036457046063902,1.0038591664018248,1.0073613655396045,1.011216460104523,1.0135951581596032,1.0134631111197872,1.0175115210394603,1.0228466464307402,1.0323040107718253,1.047776785995126,1.0619347800743097,1.0709422313950303,1.0651465796353143,1.052555492115138,1.0359241993896058,1.0247391202873657,1.0173023595172717,1.0160973720932547,1.0128398546431334,1.0228119963225921,1.0343727066165813,1.0484498723874007,1.0504823927126041,1.0376223061192387,1.019871794871795,1.0032051282051282,1.0,1.0,1.0,0.9968278754686523,0.9945806844574162,0.9945806844574162,0.9977528089887641,1.0,1.0,1.0,1.0,1.0,1.0,1.0,1.0,1.0,1.0,1.0,1.0,1.0,1.0,1.0,1.0,1.0,1.0,1.0,1.0,1.0,1.0,1.0,1.0,1.0,1.0,1.0,1.0,1.0,1.0,1.0,1.0,1.0,1.0,1.0,1.0,1.0,1.0
395103,182,"Sioux Falls, SD",msa,SD,,,,,,,,,,,,,,,,,,,,,,,,,,,,,,,,,,,,,,,,,,,,,,,,,,,,,,,,,,,,,,,,,,,,,,,,,,,,,,,,,,,,,,,,,,,,,,,,0.9878755266015462,0.9884893668374183,0.9889153108310703,0.9913277577850054
395065,183,"Santa Cruz, CA",msa,CA,0.9983491787164643,1.0001404430975016,1.0000635041595223,1.0000635041595223,1.0000635041595223,1.0,1.0,0.9965995554823568,0.9901551212932181,0.9837527818367894,0.9848504053987619,0.9822858305788914,0.9858096438407319,0.9881124647964027,0.9971214738054117,0.9978603039129355,0.9950179412646237,0.9916632985657188,0.9899322521324482,0.9890112248176757,0.9877784434183416,0.9868493452259499,0.9835678705245922,0.9842337259953803,0.989033566708107,0.996078431372549,0.9948746048472076,0.9946953933776735,0.993373222718365,0.9984986178711575,0.9986778293406915,1.0,1.002248977737392,1.002248977737392,1.002248977737392,1.0,1.0006536319041437,1.0124456633495609,1.0222147211872883,1.037654986530347,1.0385347793739046,1.0354326602030617,1.0193390746000492,1.0070612355623825,1.0027323062475357,1.0090015870798348,1.0086076018285264,1.0162198412327081,1.0256767444827146,1.0394224489500685,1.0433934995151197,1.027667003788624,1.01392129932127,0.9952814290529154,0.9900313910532194,0.9870027532954727,0.985814801386882,0.9879618362322424,0.9822581101174382,0.9811310757940171,0.9842340789483526,0.9929664428209034,1.0,1.0017006802721087,1.0017234003928954,1.0017234003928956,1.0000227201207867,0.9974016332590944,0.9962787587002236,0.9878643783498754,0.9845562222351055,0.9856790967939763,0.9934676949165399,0.9993742177722152,0.9993742177722152,1.0,1.0,1.0,1.0,0.9972777777777777,0.99551,0.99551,0.9942637834691501,0.9905219193736498,0.9905219193736498,0.9944903581267218,1.0,0.9964103555283531,0.9920590495112481,0.9880705893054601,0.988082079351495,0.9889539142482103,0.9852908147129741,0.9827103856127971,0.9825694791795275,0.9851134752268035,0.9881438001498813,0.9917641777035405,0.9944736598625167
394572,184,"Erie, PA",msa,PA,0.963992899061,0.9632581258797354,0.9714330466734657,0.969914376006813,0.9722952375381952,0.97101507273537,0.968025954992154,0.9687814831517833,0.9670081372349593,0.9670500106516208,0.9583194307455697,0.9544665379254919,0.9568771987558219,0.9649205131833085,0.9712013374829983,0.9700727470781946,0.9711561520584144,0.9713704373900477,0.9727969145404881,0.9752101154185056,0.972279736703607,0.9717730903214323,0.9692901232265019,0.9677824549835142,0.9697313746020884,0.9749404234429974,0.9767714028046873,0.9807748215058311,0.9853082918020132,0.9931512147101219,0.9964912280701754,0.9928615860237479,0.9963703579535723,0.989856572728157,0.9934862147745845,0.9854199899966263,0.9868444201326868,0.9868444201326868,0.9949106449106448,1.0,1.0,1.0,1.0,1.0,1.0,1.0,0.9929418530520668,0.9929418530520668,0.9929418530520668,1.0,1.0003707823507602,1.000424563140262,1.0005670232201909,1.0001962408694307,1.000142460079929,1.0,0.9977626334719855,0.9977626334719855,0.9912241216372791,0.9885140376168517,0.9885140376168517,0.9950525494515582,1.0,1.0001852881230313,1.0001852881230313,1.0001852881230313,1.000670398376379,1.000670398376379,1.000670398376379,1.0,0.9937777777777778,0.9937777777777778,0.9937777777777778,1.0,1.0,1.0,1.0,1.0,1.0,1.0,1.0,1.0,0.993068351320523,0.9928766507880155,0.9928766507880155,0.9998082994674925,1.0,1.0,1.0007423904974015,1.0007423904974015,1.0007423904974015,1.0,0.9951143562761731,0.9906291245055628,0.9824168045997291,0.9809923629981467,0.985477594768757,0.9936899146745907,1.0
394924,185,"Norwich, CT",msa,CT,0.9800510528060279,0.9801382417594366,0.9821692170391011,0.9822917160182763,0.9831381679504926,0.9821818001491645,0.9806363982924315,0.9805000321766838,0.978704397627398,0.977260284699966,0.9787507008434467,0.9807149333963046,0.9853090005654644,0.9824429230463223,0.9821481540361604,0.9822281996766811,0.9852912627397442,0.985903927281487,0.9844856324609728,0.982241282848202,0.9815809328994164,0.9794566091155418,0.9785671462552639,0.979379962937156,0.9812077969631324,0.9834157716708868,0.9843301179834486,0.9858706934338187,0.9904001348027167,0.9931557782104224,0.9979745032369997,0.9979745032369997,1.0,1.0,1.0,0.9952210274790919,0.9952210274790919,0.9952210274790919,1.0047235343150875,1.0132277864411507,1.0205990608153304,1.019119646532684,1.010615394406621,1.0032441200324411,1.0,1.0,1.0,1.0,1.0045047021752085,1.0140018343614163,1.024583844943427,1.027427172160336,1.0237779931905024,1.0157022482726523,1.0083542188805348,1.0025062656641603,1.0,1.0,1.0,1.0,1.0024745638610766,1.0057279826749859,1.015323310167685,1.024835727333837,1.0260653679171623,1.0175117070911295,1.0098820245388465,1.0054890795869575,1.0050505603450983,1.0007833763154983,1.005352072503203,1.0047489250783956,1.0060056119798515,1.0062160086843208,1.0139017098680518,1.0219037757501204,1.0244290877688427,1.0223931040992362,1.0139237443461797,1.0065292249899378,1.0008795074758134,1.0,1.0,1.0,1.0023190159306312,1.0050910426157014,1.0117645094183707,1.0179774199931062,1.0172278881955614,1.0130008791115321,1.0068119281851509,1.0047894332976253,1.0032672721359805,1.0009242965569953,1.0009242965569953,1.0011668611435238,1.0047908373702399,1.0084611743739103,1.0129149667504398
394323,186,"Amarillo, TX",msa,TX,0.9827194984196068,0.9846558961404513,0.9849188305799563,0.9864243303146948,0.984503963630249,0.9847475424997821,0.9818780748080359,0.9815592742206348,0.9804370300353908,0.9786727792372304,0.976018163837517,0.9743865892506355,0.9776535967213024,0.98141119441352,0.9838287374395337,0.9853037660348162,0.9848378622875834,0.9846120040336711,0.9833489001148625,0.982088423605795,0.9823142818597074,0.9818106011158095,0.9827277866282954,0.9830640623744072,0.9851444664644866,0.9864414658672759,0.9868241716203331,0.9870720905482321,0.9886610940314456,0.9890357629488064,0.9894694917407442,0.9898208233473059,0.9904401353641118,0.9913418766576441,0.9895355185960559,0.993287037037037,0.9953703703703703,1.0,1.0,1.0,1.0,1.0,1.0,1.0,1.0,1.0,1.0,1.0,1.0,1.0,1.0,1.0,1.0,1.0,1.0,1.0,1.0,0.9956140350877193,0.9907709102193261,0.9844921003572914,0.9859282127621976,0.9899870239051007,0.9962658337671352,0.9992156862745097,0.9987235762348042,0.9944208680596587,0.9890445239736372,0.9875766593901423,0.9839428596287799,0.9841010782275422,0.9815543612852276,0.9840781394187618,0.9860381195426124,0.9878478367570294,0.9920027049247832,0.9907751065029481,0.9915654223573144,0.987848159614425,0.9876676449795826,0.985190658545474,0.9850375777953784,0.9863368328484609,0.9870191274446594,0.9863803198854365,0.9849049382312702,0.9855262858913556,0.9889838297566126,0.9930528195728326,0.992695020639653,0.9916711512265154,0.9870789982171022,0.9853990130149124,0.9823710280950047,0.9835797506786124,0.9834302271557355,0.9875278264852585,0.9893205859221602,0.9930707574243319,0.9934582811010458
394772,187,"Laredo, TX",msa,TX,,,,,,,,,,,,,,,,,,,,,,,,,,,,,,,,,,,,,,,,,,,,,,,,,,,,,,,,,,,,,,0.9987538476891631,0.9976239041863382,0.9921267433792825,0.9890091360232427,0.9838276079705187,0.9833173972262687,0.9838051879008974,0.9794328987726856,0.9768858263628487,0.9782322998265567,0.9833108040916652,0.9829772243514112,0.9855067198799513,0.9911119762986035,0.9942402348875614,0.9898349485439489,0.9810996447311812,0.9818201331280426,0.9807146098065426,0.9894499136193105,0.9899694163235883,0.9904467587865587,0.984150979403708,0.9843972491415033,0.9835695129580238,0.9879699032393617,0.9894749247443831,0.9920094151210671,0.9848340896724131,0.9825121739855686,0.9767597689659717,0.9858304835161382,0.9868558413210592,0.9925519010798127,0.9884241730232999,0.9861400073245,0.9827304263451762,0.9804785690747352
395171,188,"Tuscaloosa, AL",msa,AL,0.9810845894179948,0.9820047477448335,0.9830264226965845,0.9809807687647637,0.9797860160114628,0.9791695239301067,0.9798642578470167,0.979894883297754,0.9802332887908748,0.9795848719158965,0.9775673215510965,0.9739233307947058,0.9770238260687029,0.981322807596987,0.985108272919755,0.9864822515084253,0.9861343921116918,0.989037505819128,0.9868253849017613,0.9861829576538294,0.984065363615844,0.9840104760992167,0.981154287163058,0.980879461934455,0.9804396794537774,0.984800284236067,0.9847791995196373,0.9892337579311014,0.9936539489270085,0.9987654320987654,1.0,1.0,1.0,0.9969135802469135,0.9944482889532843,0.9928645596876345,0.9959509794407211,0.9984162707343502,1.0,1.0,1.0,1.0,1.0,0.9971456770627715,0.9971456770627715,0.9971456770627715,1.0,1.0,1.0,1.0,1.0,1.0,1.0,1.0,0.9967800902879821,0.9921322204908094,0.9840931971640162,0.9823436157770846,0.9786545731500927,0.9822491520324416,0.9864184297411535,0.9933118973168943,0.9977563417613386,0.998556555151576,1.0,1.0,0.99965564738292,0.9967512210692134,0.9958938332441205,0.9908663618768315,0.9876366911168436,0.9862703742499197,0.9916421982342887,0.9948714296580193,0.9950032971983104,0.9950032971983104,0.9963030066377953,0.9962274546598113,0.9928367258414325,0.9910161226218145,0.9910488548867097,0.9926069220750525,0.9939813994538674,0.9933949678833077,0.9893922121023637,0.9896777495980248,0.9874450256618831,0.9932804430728632,0.9924813080004288,0.9939789909882645,0.9901694671787405,0.9912850714444773,0.9902747324834639,0.9900837228885337,0.9840234397144361,0.9843799603598767,0.9849747892092009,0.9889980697866515,0.9877773585994468
394483,189,"College Station, TX",msa,TX,0.9746982205477667,0.9811166175171314,0.9863626378638014,0.9842011105871914,0.9829398371960028,0.9802007455467376,0.9784753397535352,0.9799552709972877,0.9823866139048212,0.9813182420492014,0.9783771590391795,0.9772548245835119,0.9811458377738078,0.9817788702909054,0.9834672021954477,0.9822488270878765,0.9838269567591649,0.9809839581497165,0.9786909216209523,0.9768454122705195,0.9768811978565445,0.9773977008736617,0.9778216782951432,0.9791068918367403,0.9816288044869553,0.9829873582597698,0.9832723638685534,0.9825934880563749,0.983434109031224,0.9828289462471087,0.9821859987740674,0.9818485758349271,0.9844000029851454,0.9846787742378043,0.9843492238872779,0.9828669916976502,0.9847630790791801,0.9906500374546038,0.9957952733072349,1.0,1.0,1.0,0.9968091711719897,0.9968091711719897,0.9968091711719897,1.0,1.0,1.0,1.0,1.0043403479456312,1.0110293111563335,1.0119574543710141,1.007617106425383,1.0009281432146808,0.9992539367069254,0.9964049338579226,0.9927685702215591,0.9880683736502344,0.986086458624841,0.9897228222612046,0.9919164869698944,0.9967474048442906,0.9967474048442906,1.0,0.9978492311001183,0.9978492311001183,0.9939837116783066,0.9895281167252197,0.9844390582010467,0.9821613286353688,0.9812621704970307,0.9817850189755415,0.9835416406572578,0.9859320396762987,0.986061883627421,0.9869986037638142,0.9870948745545007,0.9859755093867045,0.9822311719517681,0.9815518840873697,0.9804409486830391,0.9819873937120217,0.9803589724348493,0.9830256391015159,0.9837224434257638,0.9857227636141621,0.9843954670152958,0.9837909067108264,0.9835615922900226,0.9814092522974102,0.9791472326322728,0.9767130864983947,0.9777849814918612,0.9775380405835218,0.9766174272150739,0.9756052383162327,0.9777281999405965,0.9801025672860598,0.9814618917223074
394732,190,"Kalamazoo, MI",msa,MI,0.9781291233951167,0.980644886890023,0.9879247434280413,0.9938771243804222,0.9974402201743818,0.9998573333333334,0.9959766420287893,0.9895961265059136,0.982154504745585,0.9770261870411202,0.9750856605874206,0.9783145387985127,0.9784899440577469,0.9837041230276521,0.984253862913885,0.9930874666636597,0.9963369963369964,0.9952380952380953,0.9893501223636777,0.9809263428757422,0.9815334394210239,0.9818642721199632,0.9870629377450664,0.984633579866616,0.9863500084997453,0.9886366591164221,0.9891041024281062,0.9929448139704551,0.9938832772166105,1.0,1.0,1.0,1.0,1.0,1.0,1.0,1.0,1.0000921974456431,1.002857184566775,1.005788724487451,1.0080087430268387,1.0053158962827677,1.0023843563620918,1.0000721403770612,1.0,1.0,1.0,1.0,1.001923076923077,1.0025664646519183,1.010425041153385,1.0159851254706946,1.0186959075848172,1.0108373310833505,1.0033541698429638,1.0,0.9991956206612086,0.9925021802328283,0.9912229009535491,0.9892724593557013,0.9959658997840816,0.997245179063361,1.0,1.0001515840533577,1.0001515840533577,1.0001515840533577,1.0,0.9992592592592593,0.9992592592592593,0.9945622885918411,0.9923000263295788,0.991585400317192,0.9932793679816072,0.9962823709846101,0.9969969969969971,1.0,1.0,0.9981807155852032,0.9981807155852032,0.9951944330888983,0.9918485745234262,0.9884472139792085,0.9861408109668862,0.9871920459031163,0.9903347857576787,0.9956274712663058,0.9997413793103448,1.0,1.0,0.9970492231361797,0.9970492231361797,0.9941796408651461,0.9938830488088944,0.9877148400900481,0.985135788356649,0.9795335997545971,0.9857018084734435,0.9911504424778762,0.9999057920446616
394811,191,"Lynchburg, VA",msa,VA,,,,,,,,,0.9820317376788826,0.9763768247934542,0.97538731024834,0.9725198635663062,0.9741584669611419,0.977775771258533,0.9776345901408705,0.9795499509405091,0.9831677984910384,0.9797661113835522,0.9773692339930494,0.9752718763874414,0.9793360731002113,0.9871792103551135,0.9813037921704141,0.9843936480693206,0.9804853854958457,0.9907487780976857,0.9884492808768787,0.9886538397466498,0.9866380534685685,0.9918518518518519,0.995017574062119,0.9994620185065634,0.9994620185065634,0.9961667922743187,0.9948025357941005,0.9943087086336067,0.998141916359288,0.9995061728395062,1.0,1.0,1.00002829523027,1.00002829523027,1.00002829523027,1.0,1.0,1.0,1.0,1.0,1.0,1.0001434474660382,1.0008272030400909,1.0009661498234728,1.0008227023574345,1.0001389467833819,1.0,1.0,1.0,1.0,1.0,1.0,1.0,1.0,1.0,1.0,1.0,1.0,1.0,1.0,1.0,0.9976771196283392,0.9951325903662527,0.9895781274069316,0.9906504867281548,0.9931950159902413,0.9987494789495623,1.0,1.0,1.0,0.9988851727982162,0.9958651652481975,0.9927235354475948,0.9938383626493784,0.9949715777465671,0.9945967773301212,0.9927594670561795,0.9946462595090096,0.9981626897260583,1.0,1.0,0.9991366560838034,0.9952076215820136,0.9906472239126698,0.9872081314602804,0.9883823450254313,0.9920336510573232,0.996336087425909,0.9990909083625481,1.0,0.9988885183950206
394455,192,"Charleston, WV",msa,WV,,,,,,,,,,,,,,,,,,,,,,,,,,,,,0.9766816230024168,0.9774035391526489,0.977470581071569,0.9689215650757445,0.9709931398400585,0.9700471702129422,0.9669635245684921,0.9651447651371523,0.973901494510903,0.978760066043754,0.9882168561672108,0.9855955725840783,0.9904637685485459,0.9901678719461722,0.9864703479483145,0.9857604246218964,0.9817749053908571,0.9793019290883338,0.9750101896501508,0.9697414446785012,0.9707855081972729,0.980795518207283,0.992,0.9961977186311787,0.9961977186311787,0.9917532741867343,0.9892407156818525,0.9833548038408844,0.980535325767169,0.9794085438805437,0.9762854467125027,0.9719396655693183,0.9695190090850158,0.9707760801095285,0.9753409191064306,0.9851764171362846,0.9902000978895994,0.9918198340657044,0.9834784134436617,0.9827894603610808,0.9827647844165627,0.9839850224227894,0.9785526752144275,0.9732497914752397,0.972691382156499,0.9749723056903873,0.9785914433738309,0.98537827529328,0.9842610279114238,0.9866914625857962,0.9817630495993068,0.9789336838610918,0.9748648698507573,0.9749127726172871,0.9742227466559142,0.9718025629434672,0.9685585498745399,0.9746356178160148,0.9854351125858462,0.9908949467139369,0.9933431367493896,0.9903957421565132,0.9852173548030471,0.9752184307172943,0.9746663117448485,0.9727622618223289,0.9765286701022573,0.9761228081654156,0.9758365679083193,0.9764708506681515,0.9763582464169502
395240,193,"Yakima, WA",msa,WA,0.9901191791907263,0.994079988029584,1.0,1.0,1.0,1.0,1.0,1.0,1.0,0.9975299493639619,0.9975299493639619,0.9918198455777222,0.9942898962137603,0.9942898962137603,1.0,1.0027322404371584,1.0027322404371584,1.0027322404371584,1.0,1.0,1.0,1.0,1.0,1.0,1.0,1.0,1.0,1.0,1.0,1.0,1.0,1.000470267761951,1.000470267761951,1.000470267761951,1.0,1.0,1.0000014814880658,1.004653733740318,1.0053665660758366,1.0117347364674352,1.0105692345638577,1.0126812609854017,1.0106468366347139,1.0071600862860388,1.0043352275289765,1.0,1.0,1.0,1.0,1.0037040781897166,1.0077201424467448,1.0077201424467446,1.0040160642570282,1.0,1.0,1.0,1.0,0.9977011494252874,0.9953943443503163,0.9919693252898506,0.9942681758645632,0.9965749809395343,1.0,1.0,1.0,1.0,0.9964814381979448,0.9964814381979448,0.9964814381979448,1.0,0.996078431372549,0.9932333585214411,0.991207255229515,0.9951288238569661,0.997973896708074,1.0,1.0,1.0,1.0,1.0,1.0,0.9992586337214485,0.9939592166573257,0.9939592166573257,0.9942839162692104,0.9990931372549019,0.9990931372549019,0.9995098039215686,1.0,1.0,1.0,1.0,1.0,0.9971870604781997,0.9971870604781997,0.9971870604781997,0.9975329922387298,0.99714414266729,0.99714414266729
394585,194,"Fargo, ND",msa,ND,,,,,,,,,,,,,,,,,,,,,,,,,,,,,,,,,,,,,,,,,,,,,,,,,,,,,,,,,,,,,0.9862465905231482,0.9895775713363987,0.997231047968869,0.9990503323836658,1.0,1.0,1.0,1.0,0.9956074270503313,0.9922019436448481,0.9880462821112191,0.988922424843839,0.9923279082493224,0.9964835697829514,1.0,1.0,1.0,1.0,1.0,1.0,0.9997323294371232,0.9963981411837249,0.9927212044523949,0.9885588605852572,0.9918930488386555,0.9955699855699857,1.0,1.0,1.0,1.0,0.9983414463520565,0.9953111433217533,0.9914528977077183,0.9879876853001748,0.9867334981848052,0.9844567744736868,0.989580540529174,0.9938650306748467,1.0
394387,195,"Binghamton, NY",msa,NY,0.9536297368991519,0.9613901651587975,0.9677393715080039,0.9760059057929428,0.9821742697167672,0.9878469880980864,0.9828420616478167,0.9787026019140774,0.9710594401830046,0.9685896045687848,0.9586901993101337,0.9532526923068368,0.952656703395089,0.961036859963536,0.9696662910543962,0.9731645583764744,0.9778576209922729,0.9746656969047095,0.974034557557971,0.9708333750154224,0.9667244532858109,0.9686149861162915,0.9684364910616302,0.9675561491812884,0.9615915422767337,0.9602329014269313,0.9655612285434794,0.969951102728715,0.974228404179382,0.9853835935463504,0.9892157769977055,0.9913706699080101,0.9913706699080101,0.9895876451842899,0.9877416456242312,0.9779502450282328,0.9799462060775653,0.9839340376697782,0.9937254382657765,0.9989270836726968,1.0009138586935888,1.0009138586935886,1.0006105526577986,1.0,1.0,0.9994439784634745,0.9994439784634745,0.9994439784634745,1.0,1.0,1.0034482758620689,1.0095644838131392,1.0095985043615505,1.0061502284994817,1.0000345761058187,1.0000005555574074,0.9971268996075727,0.9971263440501653,0.9904282385849911,0.9835593753977344,0.9835593753977346,0.9902574808629089,1.0001751783669008,1.0001751783669008,1.0027392809310034,1.0072261072261073,1.0082641695098442,1.0059195095614977,1.001257504899493,1.000219442615756,1.0,0.9933772899532634,0.9933772899532634,0.9944192822425203,1.0012643627584588,1.0012643627584588,1.0002223704692017,1.002089884696017,1.0021404050557219,1.0021404050557219,1.000050520359705,1.0,0.9958924089028383,0.9946206835955046,0.98880761368669,0.9929152047838518,0.9941869300911854,1.0000939231708463,1.0000939231708463,1.0000939231708463,1.0,1.0001961938395134,1.0001961938395134,1.0001961938395134,0.9941775836972343,0.9902751995316924,0.9902751995316924,0.9960976158344579,1.000928505106778
394609,196,"Fort Smith, AR",msa,AR,0.9726094459431384,0.975063365797815,0.9772286902805242,0.9775013550441766,0.9760278635473961,0.9777370325445786,0.9755818032161367,0.9726653213495883,0.9680043884935147,0.9649186882270807,0.9673852863771323,0.9687755672414643,0.9728720339478482,0.9739157827722758,0.9759850532780309,0.9764609721521866,0.9761723672580883,0.9781014663410295,0.9765902561341671,0.9764595558303099,0.974266449206071,0.975476461025644,0.9726487813145891,0.969261666604574,0.9710856671370746,0.9747116882041277,0.9805721105451735,0.9818747602098257,0.9851300755881865,0.9845238006754138,0.9838147509819523,0.9824876206387576,0.9840892402500704,0.987720658515635,0.9889368685298624,0.9898772713887252,0.990251117387445,0.9952077468793904,0.998714258973279,1.0,1.0,1.0,1.0,1.0,0.9998883149052927,0.9998883149052927,0.9998883149052927,1.0,1.0,1.0,1.0,1.0,1.0,0.9986926907845871,0.9986926907845871,0.9920260241179205,0.9919946452476572,0.9829573652898752,0.9801002224327324,0.9738252518600176,0.9763265841053813,0.9819288250017398,0.986427218862623,0.9929631665750412,0.9959244820687451,0.9933051367523121,0.9890280083317723,0.9899882614655192,0.9896098998556554,0.9813347270209652,0.9734915897660632,0.9731159757173947,0.9779759692803172,0.9817651542569678,0.9836025772387433,0.9863590694267442,0.9831286394206135,0.9822587532120011,0.9819931240381354,0.9854460886979967,0.9901232558407664,0.9886606777722644,0.9824586505807321,0.9752491789705551,0.974362097931816,0.9773461814771731,0.9781497319494061,0.9824995552226148,0.9826476052441739,0.9857043702639743,0.9832773244522527,0.9840495308880746,0.9809445301648162,0.9791489515147265,0.9774965730820515,0.9784454054307871,0.9812289141946398,0.9817686622609815,0.9835550834361145
394334,197,"Appleton, WI",msa,WI,,,,,,,,,,,,,,,,,,,,,,,,,,,,,,,,,,,,,,,,,,,,,,,,,,,,,,,,,,,,,,,,,,,,,,,,,,,,,,,,,,,,,,,,,,,,,,,,,,0.9946454974519691,1.0090956276328578
845160,198,"Prescott Valley, AZ",msa,AZ,0.983743800533828,0.9842477489704929,0.9851156103271625,0.9858999389115821,0.9864733866482908,0.9871922483744081,0.9860041626983707,0.984524578181006,0.9825573085446515,0.9805352703646021,0.9792685076933404,0.9782155935466168,0.9789034208586681,0.9801458925236749,0.9833288621012407,0.9850640129404272,0.9857056480879459,0.9833436642006782,0.9824536518084964,0.9824355431751574,0.983926941978211,0.984416141665507,0.9837556602363234,0.9824872078873826,0.983073115748715,0.9841201716738198,0.9840629114090752,0.9831609769420528,0.9840223736741857,0.9854833082302553,0.9880816297179971,0.9904247116495317,0.9950816434188127,0.9981539736131625,1.0,1.0,1.0,1.0,1.0,1.0,1.0,1.0,1.0,1.0,1.0,1.0,1.0,1.0,1.0,1.0,1.0,1.0,0.9967871485943776,0.992245687654654,0.9849196803286467,0.9810534304723424,0.9781391533426366,0.9770415746277293,0.9765838891926828,0.9767932504505179,0.9790439969852596,0.9808555928425383,0.9835268796333851,0.9853195992175267,0.9866003456127769,0.9872994666412763,0.9858158066805832,0.9846264036039205,0.9821019629699524,0.9815399757720641,0.9793568734748465,0.9783744035327526,0.9783339025140858,0.9803137529609492,0.982511447344074,0.9839502850193714,0.9840271466214091,0.9829692743370578,0.9829392334966722,0.9832532114016965,0.9834233943773057,0.9813431068979191,0.978456033428985,0.979523540236385,0.9814933403238087,0.9849038570634798,0.983848618689401,0.9836796802726075,0.9829314193615439,0.9833368065407546,0.9826022750424501,0.9801829398548082,0.9796290492641861,0.9778573405807127,0.9771758234485194,0.9767453746249042,0.9785279058192001,0.9812115555828788,0.982178052162777
395161,199,"Topeka, KS",msa,KS,,,,,,,,,,,,,0.9840348174439076,0.9885713515633229,0.9949874686716792,0.9880959308315882,0.9883122990903647,0.9820788566717891,0.976686754087536,0.9735984398820214,0.975799594663101,0.9760697467203907,0.9767189754492659,0.9795121057137756,0.9888800914353272,0.996115339981511,0.9932894567040909,0.9950725286422015,0.9937365232981801,0.9978015639485868,0.9956281719480248,0.9969641772920461,0.9954558816661034,0.9973800639103444,0.9973800639103444,0.992869927270343,0.9939815677340559,0.9970289454052258,1.0030473776711697,1.0030473776711697,1.0,1.0,1.0,1.0,1.0,1.0,1.0,1.0,1.004035409035409,1.0110195360195362,1.0155240405240407,1.0188090795725495,1.0120334162115203,1.0075289117070156,1.0002084636230977,1.0,1.0,0.9946631087391594,0.993823478176607,0.9915996086436195,0.9969364999044602,0.9977761304670126,1.0000446488634818,1.0000446488634818,1.0000446488634818,1.0,1.0,1.0,1.0,0.9971199029862059,0.9940869441515625,0.9940869441515624,0.9969670411653565,1.0,1.0,1.0,1.0,1.0,1.0,1.0,1.0,1.0,0.9944899817850636,0.9905924316737051,0.9905924316737051,0.9961024498886415,1.0,1.0,1.0,1.0,0.9987007362494587,0.9987007362494587,0.9957508837420841,0.9947937677794262,0.9888238686788581,0.9917737211862326,0.9940301008994319,1.0,1.0
394813,200,"Macon, GA",msa,GA,0.9681183936395295,0.9631896971134665,0.964184628893961,0.964297561664874,0.9711712751836471,0.9705374889777216,0.9660846325663398,0.9634263159494147,0.9646158998656095,0.9686115664752579,0.9691617370276523,0.9662490369604805,0.9663498691022568,0.9669070658123875,0.973080207601792,0.9768362253020276,0.979905155654655,0.9773549198471932,0.9724917428328416,0.971930965499876,0.9692517079259987,0.9672210175309631,0.9630462735457925,0.9630177060536109,0.9659023618770144,0.9723112975052436,0.9770049012870712,0.9802008088281416,0.9805062997247656,0.9801510954578393,0.977768779366666,0.9774207940186805,0.9804950983682611,0.986149566741933,0.9889968368246782,0.9840444977501415,0.9813584197000896,0.9850496111558059,0.9940198444623224,1.0,1.0,1.0,1.0,1.0,1.0,0.9948830163272177,0.9862870277885358,0.9862870277885357,0.991404011461318,1.0,1.0,1.0,1.0,0.9976314680353023,0.9915951529809512,0.9872519326419682,0.9820935828862357,0.9825343743594518,0.9793860122068523,0.9750081320225205,0.9710798460798461,0.9742424242424242,0.9806743980657023,0.9857381547740737,0.9874004924364113,0.9912472642577325,0.9925327138985676,0.98795300375364,0.9839335965831442,0.9757162153051087,0.9741135532043729,0.9744151327132317,0.9776996690584223,0.9774396220544377,0.980264376559267,0.9836712219413485,0.9835093591205561,0.978365613288484,0.9771838630726744,0.9797837125190011,0.982400097915067,0.9794328933341196,0.9774459839668911,0.9766570164088874,0.9784294882142323,0.9806119293462693,0.9769040611403441,0.9766009725651842,0.9753246021066596,0.9790475185236894,0.9773964941292573,0.9776296351212723,0.9713287921999356,0.9743356758799556,0.9751169433462454,0.980183174734535,0.9756650319983561,0.9764722427699145,0.9775856689981687
395174,201,"Tyler, TX",msa,TX,0.9759402753856746,0.9773648672760465,0.9819854606961943,0.9844889244646282,0.9832608323785368,0.9816861624889478,0.9789093932146501,0.9775557945759837,0.9752676065735099,0.975078538403419,0.9774193551375147,0.9788669521265129,0.9789047970165944,0.9801129919586303,0.9819879530520154,0.9848515174842678,0.9836261894505011,0.9829429275558009,0.9848079212134512,0.9835278460258291,0.9826082735627595,0.9820080158604999,0.9799250086697047,0.9819742575664484,0.9800594970974216,0.9859512364138677,0.9849838647073188,0.9855801074453986,0.9847773957632593,0.9858386527405137,0.9891480616643539,0.9903032256905909,0.9894706708288311,0.987374345096609,0.9831841197860448,0.9852948221857646,0.9858406727870181,0.9927156515241754,0.9966655551850616,1.0,1.0,1.0,1.0,1.0,1.0,1.0,1.0,1.0,1.0,1.0,1.0003033060357902,1.0003033060357902,1.0003033060357902,1.0,0.9968585008404953,0.9930583189514476,0.9861138745070032,0.9845399224552107,0.9766476882147495,0.9800460333684137,0.9780948179130441,0.9857164440693086,0.988815816348823,0.9915609143880387,0.9905811993107783,0.9854700456811566,0.983117593929745,0.9818389850561994,0.9779277645094598,0.9758160406535218,0.9743247048975618,0.9764884418606008,0.978174018591214,0.9793182641701278,0.9812472843086941,0.9833073134045772,0.984486854765195,0.9836135395637319,0.9800725237528347,0.9788690189891261,0.978143092825689,0.9792222752236471,0.9800368878526902,0.9792086828911261,0.9800213465362688,0.9801226898394204,0.982153632097272,0.9815693575069327,0.9803113155577989,0.9772355633724127,0.9763426128368992,0.9769663512177654,0.9791035421618131,0.9816502217826285,0.977062447614713,0.9773636006004297,0.9755287805602272,0.9812438184531524,0.9819539418893145
394361,202,"Barnstable Town, MA",msa,MA,0.9692935393053848,0.9718769847959979,0.9751507943198074,0.9773744440964905,0.9798056465325614,0.9797257597784874,0.9792356553194969,0.9751932011240925,0.9728459430509738,0.9708814877301045,0.9691817834098387,0.9660935575317872,0.9668883022730598,0.9690121199633245,0.9732023666977048,0.972996489792244,0.9746497304400735,0.9742820947335012,0.9750939894351908,0.973477158015449,0.9724362316258657,0.9711282962428814,0.970046167567728,0.9702139729135268,0.9722933723912961,0.9771066251042896,0.9795815840890189,0.9781453759189144,0.9778928851631875,0.9790833798763376,0.9836977923383833,0.9893266271801316,0.9939649236399722,0.9985950122936424,0.9985950122936424,0.9968919968919968,0.9968919968919968,0.9995305193194376,1.0104023587092568,1.0227800509659388,1.0277997027565113,1.0206166745555034,1.008942295437868,1.0012841212198549,1.0007033131390468,1.0,1.0,1.0,1.0028527841342487,1.0113997926812572,1.0203062341195788,1.0310090055408858,1.0277530022848824,1.018846560846561,1.004048660183264,0.9987576548922589,0.9980825011068131,0.9937208169884778,0.9853203285879895,0.9792321973492806,0.9826581583884876,0.991058646788976,0.9978219318131307,1.0,1.0,1.0,1.0,1.0,1.0,0.9965194194894341,0.9910891772170866,0.986531855136913,0.990012435647479,0.9954426779198263,1.0,1.0,0.9976929654851846,0.9948071958487636,0.9900452910868589,0.9872761834696946,0.9846700059696148,0.9836414211719476,0.9805462516338409,0.9790453619483325,0.9808554470884756,0.9851050175138338,0.9873016912662984,0.9872839094729907,0.9850619158984593,0.9837272961994753,0.9817417010277798,0.9821383094102581,0.9817960343793534,0.9794290850748503,0.9766235799326844,0.9753944427548582,0.977646705497936,0.9789761517632859,0.9835865834818694
394519,203,"Daphne, AL",msa,AL,,,,,,,,,,,,,,,,,,,,,,,,,,,,,,,0.9818103341965717,0.9773658897521273,0.979392033542977,0.9809984185204194,0.9791336519147883,0.9797923885102646,0.9826723259577532,0.9876041265395094,0.9947231677218108,0.9986225895316805,1.0,0.9981460882461994,0.9953643993003606,0.9913528622531094,0.9888126174388402,0.9867978950665286,0.9859381725452344,0.9869906415610901,0.9890659644438663,0.993937224012412,0.9972789115646258,0.9989282951024685,0.9943810861479646,0.9879605238592352,0.9828085541017195,0.9803308245244354,0.9786213055123519,0.9751121015086893,0.9718806297840669,0.9704869015610704,0.9718918636433928,0.9731283083580985,0.9763807834371989,0.9780085325093987,0.9824060019031835,0.9812446241325716,0.9804831351409571,0.9766986173160591,0.9785245346501604,0.9748565306006093,0.9723053614224296,0.9696191773208165,0.9721599000665261,0.9757106758101162,0.976044292408003,0.9760322121279557,0.9751364787721825,0.974831378347211,0.9739058086622747,0.9734072579272007,0.9727843886194399,0.9710050729851408,0.9702526243560067,0.9695326047610701,0.9702751278783065,0.9710335464377668,0.9719828894923731,0.9735536457465801,0.9744128593780004,0.9733662505287306,0.9730996152969545,0.9719452141425533,0.971076654131746,0.9704020261986694,0.9677655589683086,0.9688007326583996,0.9696437107598262,0.9718935492811807,0.9730833122027948
394378,205,"Bellingham, WA",msa,WA,0.9977853663216932,0.9996955859969558,1.0,1.0,1.0,1.0,1.0,0.9983739837398374,0.9983739837398374,0.996892502258356,0.994034213585783,0.9899120342281261,0.9913935157096075,0.995877820642343,1.0,1.0,1.0,1.0,1.0,0.9975799657438221,0.9975799657438221,0.9954780595323269,0.9949252175556061,0.991407187652352,0.9935090938638473,0.9964819700967458,1.0,1.0,1.0,1.0,1.0,1.0,1.0,1.0,1.0,1.00070323488045,1.0067533826044546,1.0158858026957789,1.0264297112052856,1.0352508003329317,1.0344517135749407,1.0299776712977076,1.018051075199885,1.0101349300184082,1.0038656004148077,1.0009209596609798,1.0005037715091232,1.003957907293797,1.015458482016977,1.027440547570471,1.0334875042461527,1.0225940940645633,1.0106120285110691,1.0006071645415908,0.9968638980766875,0.9931849007045428,0.9875266373992208,0.9885485744176705,0.9862645425709721,0.9872694107759229,0.9893835756807854,0.9953466048996286,1.0,1.0,1.0,0.9992048520781834,0.9992048520781834,0.9963026820280989,0.9946532147623114,0.9907006455923509,0.9900185862517544,0.9914711379472951,0.9954237071172555,0.9990079365079364,1.0,1.0,1.0,1.0,0.9980648282535075,0.9980648282535075,0.99619267559699,0.9938201228816655,0.9891712566199159,0.9885924288842767,0.9929001533460934,0.9975490196078431,1.0,0.9988980716253444,0.9988980716253444,0.9966665373381468,0.9927194568794261,0.9869053068608343,0.9845185186192617,0.984147473252096,0.9848334181424826,0.9859119065735661,0.991331960774108,0.9964601659023131,1.0
394429,206,"Burlington, VT",msa,VT,,,,,,,,,,,,,0.991165039865988,0.9935730715851593,0.9954249234370112,0.9958662297035602,1.0,1.0,1.0,1.0,0.9986910994764399,0.9975796178714603,0.9923335229701932,0.9906127210155063,0.9897163523789398,0.9947639755128161,0.9970690403099036,0.9990768905514495,0.9992753623188406,1.0056685561853953,1.0056685561853953,1.0056685561853953,1.0,1.0,1.0,1.0,1.0005598571620828,1.0050043016065275,1.0108603925208894,1.0212294971074403,1.0266697314109365,1.0287501484330825,1.0249896454658105,1.0166998630496085,1.0122253539162125,1.0088729265668415,1.0132681550986076,1.0185330500478955,1.02413961466046,1.0371971088445744,1.0536889899529545,1.0669936666356714,1.0641567872030473,1.0497485493230172,1.0328772987368742,1.019333225788546,1.0152573690771833,1.0104878610660464,1.0078211943993798,0.9978575665565718,0.9970511653732711,1.0023036906257963,1.0169518088577545,1.0268768085714652,1.031519150356664,1.0263252202187827,1.0188692484518516,1.0089743814141272,1.0028444062073698,1.000095265313899,0.997029460959927,0.9969341956460278,0.9969341956460278,1.0000208359378255,1.0011836266355,1.0054299111365617,1.0056876813816553,1.004524890683981,1.0002786061829194,1.0,1.0,0.9971509971509972,0.9936138422980528,0.9898205619697635,0.9926695648187663,0.9962067196717107,1.0,1.0,1.0,1.0,1.0,0.9978660976260336,0.9978660976260336,0.9946554194153553,0.9911396042751974,0.9872088131210149,0.9904194913316933,0.9940490068256155,0.9979797979797981
395030,207,"Rochester, MN",msa,MN,0.9969938877450885,1.0,1.0,1.0,1.0,1.0,1.0,1.0,0.9966028180313895,0.9966028180313895,0.9930488021948687,0.9946330489981494,0.9946330489981494,0.9981870648346702,1.0,1.0,1.0,1.0,1.0,1.0,0.9971940366192392,0.9936425399170576,0.9919662341875742,0.9915718463561533,0.9951233430583349,0.9967996487878183,1.0,1.0,1.0,1.0,1.0,1.0,1.0,1.0,1.0,1.0,1.003906285735196,1.0060873991953792,1.0103384619610705,1.0163370502084186,1.0200925239692211,1.0171999890533505,1.0072951150708067,1.001358527849821,1.0,1.0,1.0,1.0,1.0,1.0056497175141244,1.014538606403013,1.0193232953982283,1.0142785819301368,1.0053896930412478,1.0006050040460324,1.0,0.9962846527579309,0.9903251771917807,0.9881707098916519,0.991886057133721,0.9978455326998712,1.0,1.0,1.0000896943532727,1.0000896943532727,1.0000896943532727,1.0,1.0,0.9950283858867888,0.9915592226844033,0.987278318403499,0.9889772987879751,0.9924464619903605,0.9967273662712648,1.0,1.0,1.0,1.0,1.0,0.9989204749910039,0.9971081795443032,0.9940125327777829,0.9892631046292775,0.9910754000759782,0.9941710468424985,1.0,1.0,1.0,1.0,1.0,0.9965112591183001,0.9946020734191908,0.9946020734191908,0.9971454956237382,0.9944250516932179,0.9944250516932179,0.9953703703703703,1.0,1.0
753895,208,"Lafayette, IN",msa,IN,,,,,,,,,,,,,,,,,,,,,,,,,,,0.9953823953823955,0.9953823953823955,1.0,1.0,1.0,1.0,1.0,0.996526948081919,0.996526948081919,0.996526948081919,1.0,1.0001961938395134,1.0002499659532953,1.0022177385093032,1.0022785330625794,1.0022247609487975,1.0002569883927899,1.0,1.0,1.0,1.0,1.0,1.0,1.001675041876047,1.005948890386789,1.005948890386789,1.004273848510742,0.9958333333333332,0.9920319432817611,0.9861839900653869,0.9864746877398055,0.9865229621749628,0.9865484990885715,0.9858535927640683,0.989606708380483,0.9954291246832486,1.0001022953878997,1.0001022953878997,1.0001022953878997,1.0,1.0,1.0,0.9977570244592683,0.9925486911259349,0.9868090167541851,0.9852004633581274,0.9904087966914608,0.9961484710632106,1.0,1.0,1.0,1.0,1.0,0.9984158282587653,0.9925170026038422,0.9887101781067874,0.9840098814627458,0.9861191057837294,0.9863439276318507,0.9926283960171273,0.9964179973510668,0.9987319006857286,0.995626232769467,0.995626232769467,0.9910032377684087,0.9878204962379463,0.9809978841521761,0.9781609211957593,0.9771663718940329,0.975736920964049,0.980399937585389,0.9876828963338395,0.9959349593495935
394454,209,"Champaign, IL",msa,IL,0.9683824987647852,0.9708476458460598,0.9751172259077817,0.9760872098549777,0.9776846183079787,0.976537344143824,0.975590609252135,0.9711923585978944,0.9699322448199127,0.9689052411233154,0.9707584720857589,0.9707511550380832,0.9721794638487035,0.9727775774902954,0.9749587891782977,0.977335963478268,0.9808783866671217,0.9784604102047836,0.9769482358093287,0.974660581224673,0.9735704580199235,0.9725004908183016,0.9701415124142415,0.9714476921721632,0.9711287091106501,0.9740078447989132,0.9740403440824518,0.9767151783199152,0.9784034558947176,0.9805381294788074,0.9801253530885686,0.9784936514568671,0.9790800505856985,0.9786900949499185,0.9778971053482647,0.9766071959206227,0.9807898248858603,0.98725492015962,0.9949028749028749,0.9979797979797981,1.0,1.0,0.9990476190476191,0.9954476664611303,0.9911482894320875,0.9880602663440644,0.9916602189305532,0.995626095876221,0.9991745353380747,0.9991745353380747,0.9997984172290048,1.0004865756470684,1.0004865756470684,1.0001961938395134,0.9966440627365682,0.9911928333803007,0.9835531068020941,0.9797335865572204,0.9765826653758535,0.9760005493694357,0.9781616718476083,0.9867638223852427,0.9949856649698671,1.0002765138910543,1.0004023475389718,1.0004023475389718,1.0001258336479175,0.9995856639734825,0.9924934653919223,0.9911151099113168,0.9871915618784568,0.9905514116597729,0.9891953400362032,0.9935332240955805,0.9973890754276269,1.000280984563169,1.0002809845631688,1.000157482031367,0.9989160200340089,0.9950398708405523,0.991850462304323,0.9868568359122029,0.9850438923177771,0.9838255873553838,0.9899031937134951,0.9955922865013774,1.0,1.0,1.0,1.0,0.997117040546372,0.9933319032034499,0.9880517515701834,0.9859964394188733,0.9820489247983742,0.9802920393946035,0.979366525999831,0.9868491362896398,0.9938861733266768
394848,210,"Medford, OR",msa,OR,0.9876583700301613,0.9907223850177167,0.9921972651511334,0.9957962444236954,0.9963189885728179,0.9917794295585507,0.9880544632861366,0.9843648661346552,0.9837145441965415,0.9835593494853576,0.983243254967482,0.9840868149075163,0.9856919700136239,0.9874403602153284,0.9882686513244208,0.9875575460908,0.9887085476265649,0.988831515801424,0.99043775777271,0.9887265549620325,0.9871244241019942,0.9873788349284128,0.9851995292881773,0.9850067834258777,0.9863931027768444,0.9928487003646048,0.9961392881659873,0.9951927879812495,0.9951927879812494,0.9970921386306002,1.0,1.0,1.0,1.0,1.0,1.0,1.0,1.0,1.0,1.000903342366757,1.000903342366757,1.000903342366757,1.0,1.0,1.0,0.9978794871794872,0.9978794871794872,0.9978794871794872,1.0,1.0,1.0,1.0,0.9987152948467996,0.994052419008832,0.9891295998276403,0.9859916681211329,0.9839878772924338,0.9868124028692037,0.984838303922944,0.9854989645836048,0.9850420381022169,0.9888706318120262,0.9918408151100784,0.9896664155666168,0.9914012243294416,0.991181233083907,0.9924020807833537,0.9877914040916244,0.9870670563380193,0.986654259640393,0.986524133656537,0.9867289517530576,0.9892433389267085,0.9912332455449461,0.9940083495540256,0.99332490280693,0.9933321357439447,0.990646985416368,0.9880578106615987,0.9878354739370064,0.9873880159154411,0.9892508280521156,0.9901003087229995,0.9900365139877835,0.9888129523530568,0.990721852657631,0.9949184953434823,0.9989590477971997,0.9971756100447985,0.9950207278899162,0.9910046636328881,0.9909850798703296,0.9888249222263009,0.9877632899928903,0.9848402510232225,0.984620143429843,0.9863047815107518,0.9891306177275916,0.9902611400223433
845164,211,"Lebanon, NH",msa,NH,,,,,,,,,,,,,,,,,,,,,,,,,,,0.9770064544666764,0.9726823182307781,0.9819419941577457,0.9833804022747441,0.9877152564426753,0.9836621548712183,0.9879453514673905,0.9857446553194923,0.989797340223241,0.9909156926447372,0.998066585692485,0.998066585692485,1.0,1.0060730165981422,1.0064437989489023,1.0064437989489023,1.0003707823507602,1.0,1.0,1.0,1.0,1.0,1.0,1.0078340452979908,1.0173578548218003,1.0237717749335675,1.0171196412284365,1.007595831704627,1.0011819115928597,1.0,1.0,0.993127147766323,0.9833797121122991,0.9743707031032901,0.9809906468898251,0.9907380825438489,1.0010872149142722,1.001518281361702,1.0015182813617018,1.0001781580002878,1.0,1.0,1.0,0.9927375129687269,0.9849337225562408,0.9796003892229074,0.98162178610743,0.9894255765199161,0.9947589098532496,1.0,1.0,0.9965687442456973,0.9917149430761066,0.9871754341567313,0.9855938751967267,0.9813291353328827,0.9758351994362046,0.9729517866666555,0.9745515307076089,0.9778763801358217,0.9820502140739036,0.9895690110663847,0.9962776064542255,0.9966624947851481,0.9892550873777407,0.9791393403538158,0.97530137263977,0.9739749890479402,0.97229040190311,0.9717883033613326,0.9707591933842797,0.9766924956113202,0.9829207917196762
394459,212,"Charlottesville, VA",msa,VA,0.9750580682715526,0.9832104964844993,0.9846579252387899,0.9897386048006419,0.9885696108051721,0.984771585919841,0.980749749989586,0.9825783023657754,0.9837007235827305,0.9819761541372918,0.9761028009909684,0.9750792933515372,0.9753468620878101,0.9815410897977673,0.984190854301854,0.9891775305141923,0.9870155730766527,0.9851764272936322,0.9841181397961898,0.9835184544373874,0.9830098469211626,0.9808130591273244,0.9779036219835172,0.9769656807309808,0.9750812683942205,0.9809473252490748,0.9839026879098984,0.9878200049255134,0.9848406804360644,0.9893472848376517,0.9905639736463486,0.9962782593606342,0.9915317293566633,0.991712476932688,0.9884121468996847,0.9935398470961466,0.9966996699669967,1.0000905227508978,1.0002075589154014,1.0022035668994331,1.0021130441485353,1.001996007984032,1.0,1.0,1.0,1.0,1.0,1.0,1.0044543429844097,1.011861750391817,1.0170700837251505,1.0178481199343388,1.0104407125269315,1.005232379193598,1.0,1.0,0.9976190476190476,0.9961182972438601,0.9884259895515523,0.9889835475836417,0.9904842979588294,0.9981766056511371,1.0001994237923473,1.0001994237923473,1.0001994237923473,1.0,1.0,1.0,0.9976957070707071,0.9910209496990398,0.9856661973563355,0.9845078864075122,0.9911826437791795,0.9965373961218837,1.0,1.0,1.0,1.0,1.0,1.0,0.9957257931941476,0.9915792889175131,0.9863317213499455,0.9841956717455416,0.9883421760221761,0.9935897435897436,1.0,1.0,0.9951947395042994,0.9898964938902642,0.9853021407934733,0.9851160359056298,0.9848587259641094,0.9830678822925917,0.9804670172242657,0.9811776115395112,0.9822996504130829,0.989891880864953,0.994736842105263
394763,213,"Lake Charles, LA",msa,LA,,,,,,,,,,,,,,,,,,,,,,,,,,,,,,,,0.9823644665959277,0.9769597215316096,0.9792205147186789,0.9849515481714864,0.9893479395572351,0.9880913258006213,0.9815933099276055,0.9808740140858975,0.9812144023909698,0.9854162713105806,0.9885488163524334,0.9935054458443789,0.9957247709972656,0.9889157092830662,0.9835639147134193,0.9783221739037082,0.9809025341421026,0.9803546236970003,0.9864460761201638,0.9919827835754923,0.9889335396412927,0.9820732971057756,0.9733569723047254,0.9785508983180152,0.9757076954850427,0.9732397740196546,0.9681452394331899,0.9679741351555827,0.9661282743704819,0.9641079456128835,0.9697777579008263,0.9747960841747362,0.9782911947977446,0.9727203662647762,0.9752030200685597,0.9739197870672651,0.9766024251894657,0.9709401632625472,0.963204729297605,0.9602583203949412,0.9606066129584976,0.9669800155012881,0.9753765128649898,0.9811957553075009,0.9822067863786522,0.9766827656838998,0.9724678431961298,0.9754162461445327,0.9719817015950056,0.9733657590800447,0.9691435887910366,0.97029154797471,0.9698665463104842,0.9706050562568728,0.9724007132724629,0.977514803512172,0.980886230409225,0.9836848237575357,0.9791039078708703,0.9743104325580779,0.9736812359576179,0.973609112413616,0.9769315073135969,0.9764267756786186,0.9785031838186736,0.9806657224070285,0.9815614608846267,0.9830706093371416
394773,214,"Las Cruces, NM",msa,NM,0.9737261285470361,0.975782354362995,0.9796120793821199,0.9813617530587672,0.9815160926518068,0.9810626890784863,0.9806595582003146,0.9809218852739413,0.9801464170778562,0.9804462745870678,0.9809159484549829,0.9807958467769243,0.9780994073598847,0.9771168659981616,0.9775606427283877,0.981639783328165,0.9830089075641522,0.9840511967584947,0.9821367598752646,0.9821323924718169,0.9802909391774935,0.9795477663611498,0.9775177785328676,0.980129256436225,0.9804023020578921,0.9822632224907254,0.9810086895102295,0.9860886470497846,0.9896356230863003,0.9937072388003146,0.9955337228185793,0.9975539248387815,1.0,0.9991787028988254,0.9991787028988254,0.9975914013115238,0.9984126984126984,0.9984126984126984,1.0,1.0,1.0,1.0,1.0,1.0,1.0,1.0,1.0,1.0,1.0,1.0,1.001230012300123,1.001230012300123,1.001230012300123,1.0,1.0,1.0,0.9951690821256038,0.9909799738072316,0.9839624299475825,0.9834564565611381,0.9821810840051933,0.9891986278648425,0.9936095931997571,0.9990740740740741,0.9978836563563717,0.9988095822822975,0.9963204047931201,0.9960781577543756,0.9903132720552793,0.9861357828777901,0.9797253103793352,0.9800712715265347,0.9837076351628985,0.9867429102834394,0.9901538027068221,0.9881517406806868,0.9870557365663539,0.9840886443167584,0.9841534249663599,0.9830642842220468,0.9821189321594486,0.9827484213281901,0.9859509098965322,0.9852800492374283,0.9836978000191188,0.9813490670490577,0.9847586715533397,0.9843298096605381,0.9848586869778676,0.9839251932359486,0.9830280227735608,0.984166589981022,0.9818715599082143,0.9818041893539972,0.9770356623796127,0.9760225132288061,0.9776369647042156,0.9824328541040906,0.9833019008324188
394464,215,"Chico, CA",msa,CA,0.9963516236670685,0.9986597606156398,1.0,1.0,1.0,0.9975982957398019,0.9964266579473389,0.9944003154954645,0.9968020197556626,1.0020981419875707,1.006027802962612,1.0062239968021256,1.0020995123626804,1.0002972345589234,1.00010104071941,1.00010104071941,1.0,1.0,0.9990448901623686,0.9948346393269215,0.9948346393269215,0.9899293281205946,0.989729598786154,0.9873722466772289,0.9932326677211871,0.9956414531479446,0.9974556258507571,0.9974556258507571,0.9994568205938874,1.0,1.0,1.0,1.0,1.0,1.0,1.0,1.000121256214381,1.000534416192043,1.0006547965941135,1.0031343206138028,1.0034424538509628,1.0073950023325686,1.0078566829598572,1.007135389745035,1.0030624608613588,1.0,1.0,1.002268244575937,1.0044490867165174,1.0116175454978793,1.0119575429668042,1.0097767008262237,1.0026082420448617,0.9980276134122287,0.9946859258600149,0.9919095912978865,0.9918459689256881,0.9891360324196087,0.9863242213449664,0.9836922299238751,0.9897438539821682,0.9953319996189388,1.0,1.0,1.0,1.0,0.9978634345538312,0.996954068079142,0.9943098624076044,0.9912600911089445,0.9921694575836337,0.9948136632551713,1.0,1.0,1.0,1.0,1.0,1.0,1.0,1.0,0.9994734994734995,0.9994734994734995,0.9994734994734995,1.0,1.0,1.0,1.0,1.0,1.0,1.0,0.9971969445112068,0.9971969445112068,0.9952974988392294,0.9943505484686385,0.9897526286309927,0.9906576563516927,0.9944076622110769,0.9990055820487228,1.0
394681,216,"Hilton Head Island, SC",msa,SC,0.9648296097513622,0.9652472079068316,0.9669805561671883,0.967597310495106,0.9691680737755543,0.9698451312689516,0.9687861579392404,0.9674311443891049,0.9661770195519487,0.9665523639690612,0.9675688608152525,0.967887140513128,0.9689889169921485,0.9680845120613281,0.9695076230277317,0.9690139712007183,0.9707475242827281,0.9712888959461502,0.9711179159553156,0.9689312841571219,0.967180405674986,0.96660514693253,0.9678567209449627,0.968279096011329,0.968312868385527,0.969224041964349,0.9695965073466372,0.9703822345364007,0.9711413680753799,0.9725024239883201,0.974254152414734,0.9740697722465331,0.9756383114037249,0.9767931238950993,0.9790352289356052,0.9801456358682125,0.9837651456935133,0.9902376376028984,0.9962006668217415,1.0,1.0,1.0,1.0,1.0,1.0,1.0,1.0,1.0,1.0,1.0,1.0,1.0,1.0,0.9973279893119572,0.9918455592104655,0.985777071997635,0.9825074644804618,0.9802975868896459,0.9791033176581693,0.9775058943986571,0.9776367383974257,0.9793336321330129,0.9834334286303066,0.986936921309353,0.9872303762852082,0.9852051403783255,0.9836133938786942,0.9824849998567746,0.9800068284013426,0.9782491385080595,0.9752602689013411,0.9751906181400236,0.9746297715791771,0.9766824245816169,0.9778182950825607,0.9799303692958589,0.9803942128530858,0.9792165746196657,0.9764426747767999,0.9743241989684878,0.973433725963766,0.9728330363308183,0.9733398384561176,0.9728525038888359,0.9739531918187921,0.9744697863353866,0.9752731452032309,0.9746312966794827,0.9742662173144031,0.9730603683120845,0.9725406638450117,0.9721362353086745,0.9724467943148857,0.9730507285607953,0.971377430150595,0.9710246964645278,0.9702455305411445,0.9725064302875502,0.9740499109978783
394346,217,"Athens, GA",msa,GA,0.9831983481096896,0.9850165799330554,0.9856598152817503,0.988944170758468,0.9878196479465822,0.9847041464268252,0.981568698338469,0.9786798187842173,0.9784834844883568,0.9782056629845353,0.9784641494388416,0.9763460859285008,0.9782038963660235,0.9825576555366782,0.9852560943443928,0.9877044922611052,0.9883549018414928,0.9871892350583535,0.9857072836736201,0.9825046692945351,0.9850892984351809,0.9843135875013527,0.9851998176996467,0.9834145547701318,0.9832676368149947,0.9849957857016681,0.9859553018464343,0.9889410218004029,0.9887165109434285,0.9924650696577538,0.9946273548517904,0.9949470999632576,0.9950193755154605,0.993332718667873,0.9971590530408312,0.9965817414208109,0.9973157148768453,0.9973157148768453,1.0027510203121508,1.005271101822826,1.005271101822826,1.0015673981191222,1.0,1.0,1.0,1.0,1.0,1.0,1.0031587259805212,1.0042169270387222,1.0077256989685468,1.0046088266901074,1.0035506256319062,0.9973318266018106,0.9956622925878381,0.9935344737763199,0.9928868535453415,0.987422335275672,0.9841199118148429,0.9836128248465753,0.9877420604651727,0.9921273706581054,0.9959921049576222,0.9989550679205852,0.9984615384615384,0.9953962585697745,0.9925391157126318,0.9893461975197134,0.9877185964900373,0.9847702241077027,0.9871005584370717,0.9869413809890278,0.9905622348510189,0.9886029063274382,0.9915388153905682,0.9912123131221394,0.9922947397209532,0.9879264206420307,0.9859079642400933,0.9831738875187747,0.9833099149730012,0.9802893085270612,0.9784515933528691,0.9787520810675446,0.9832371734617206,0.9872355095587929,0.9896868041021621,0.9875423329921738,0.9866556939071872,0.9822735031790023,0.9805386639441632,0.9781845075728054,0.977615631009689,0.9749972339240788,0.9760288264450331,0.9784670285998155,0.983335034449119,0.9851302234300338,0.9860313999941486
394765,218,"Lake Havasu City, AZ",msa,AZ,0.9776522641984785,0.9773182443340621,0.9782855594061806,0.9801021603770598,0.9816559894558612,0.9825400165248771,0.9832073038683683,0.983062196781872,0.9817131760650447,0.9782400855701988,0.9770657122545279,0.9767115297914564,0.9773612536259239,0.9772033315889486,0.9793604328322753,0.9812751358611913,0.982370714687363,0.9821949721941587,0.9823038077886492,0.9828090908297655,0.9831073455461596,0.9822758896937832,0.9807296561795277,0.9790439483434782,0.9806375037648847,0.9827154593167355,0.9823736993718925,0.9811297943001365,0.9828442901107067,0.9894794018376877,0.9934032557615415,0.9969528862502196,0.9974932474521362,0.995400694289457,0.9937693604777534,0.9937693604777533,0.9979986657771848,1.0,1.0,1.0,1.0,1.0,1.0,0.9978975895137897,0.9940535477784794,0.9894695777826467,0.9884306851275538,0.9922747268628641,0.9968586968586969,1.0,1.0,1.0,0.9955406911928651,0.9894542666585799,0.9820266480440581,0.9769621473273835,0.9747694142242848,0.9719406225823962,0.9716657204088652,0.9720463549386006,0.9736798886576327,0.9766448873709185,0.9785758094715868,0.9815120892720784,0.9816856690534689,0.9813902220437479,0.9793248807961383,0.9794854782513558,0.9773721065358991,0.9790567294497459,0.9780110818316897,0.9780017573290468,0.978256986607443,0.9784644061238796,0.9801646559267971,0.978171906440623,0.9791539434708242,0.9786709791213455,0.9812944672495142,0.9806637307447698,0.9808094187238335,0.9784783154647062,0.9776870010105375,0.9773828797033352,0.9767887614895634,0.9773201624557469,0.977965540088633,0.9795034747235555,0.9794848942701925,0.9800683351503782,0.9801010214261954,0.9801196018795584,0.9790145163812499,0.9776806495011646,0.9769975192872765,0.9779407594964559,0.979274455725165,0.9812983594025887,0.9814233089629935
394485,219,"Columbia, MO",msa,MO,,,,,,,,,,,,,,,,,,,,,,,,,,,,,,,,,,,,,,,,,,,,,,,,,,,,,,,,,,,,,,,,,,,,,,,,0.9984465800374585,0.9984465800374586,0.9995024875621891,1.0,1.0,1.0,1.0,0.9982198486871384,0.9942440960372011,0.9913772278418658,0.9892743774560602,0.9894920663663479,0.9923589345616833,0.9933433855357129,0.9971014492753624,0.9971014492753624,1.0,0.9997825771850993,0.9974537045268166,0.9974537045268166,0.9976711273417173,0.9987995198079233,0.9947995198079232,0.9914540439464318,0.9905039865041,0.9926521346522481,0.9959976105137396,0.9981481481481481
395114,220,"Springfield, IL",msa,IL,0.9733243969182955,0.9733984709923696,0.973956584201193,0.9746785331315282,0.9769932864339248,0.9752222377178162,0.9732228885363597,0.9685628788274766,0.967843862116859,0.9682714351324289,0.9706699669086465,0.9712798337588034,0.9701017709059374,0.9708689362300648,0.9731283691046902,0.9768068820578787,0.9768836361048857,0.9761247674215197,0.9749113690505476,0.9736720772345714,0.9739064122762824,0.9722738160621294,0.9709790194056166,0.9671835945722816,0.967368734380063,0.9700271938864082,0.9743728927155112,0.9761699127372993,0.9779269074334458,0.9799238544947925,0.9811258311826929,0.9804835816898825,0.9810128435198534,0.9805813169663317,0.9796628289485435,0.9768518363286695,0.9782496803206229,0.9818466721751681,0.9901821999876473,0.9955555555555556,1.0,1.0,1.0,1.0,0.9987627196256961,0.9961628764652848,0.9931167167823064,0.9921022875097565,0.9947021306701678,0.9977482903531462,1.0001419043564637,1.000358504361277,1.000469652521775,1.0003277481653112,1.0001111481604978,1.0,1.0,0.998989898989899,0.9906175419585382,0.9839508752918714,0.9849609763019725,0.9933333333333333,1.0,1.0001482140210465,1.000314964062734,1.000314964062734,1.0001667500416875,1.0,1.0,0.9961520315404954,0.9961520315404954,0.9916249884144529,0.9954729568739576,0.9954729568739576,1.0,1.0,1.0,1.0,1.0,0.9995501574448943,0.9995501574448943,0.9995501574448943,0.9950940615760561,0.9858348023167968,0.9858348023167968,0.9907407407407408,1.0001192423547822,1.0003575077824687,1.0004527730963677,1.0003335307415855,1.000095265313899,1.0,1.0,1.0,0.9928245270711024,0.9901307391779085,0.986551852550937,0.9937273254798346,0.9964211133730286
394691,221,"Houma, LA",msa,LA,,,,,,,,,,,,,,,,,,,,,,,,,,,,,,,,,,,,,,,,,,,,0.9984079429273329,1.0027887070907056,0.9898889292728951,0.9907853593458941,0.9888120025899285,0.9906024409875097,0.9865363976640884,0.9924623235900144,0.9954337899543378,0.9947132980886538,0.9905548607943883,0.9868918571313846,0.9833602168910551,0.9813737389610809,0.9773456874020773,0.9802468697904393,0.9820253466585148,0.9844618862811788,0.9870712275644488,0.9810209992539464,0.9781455607439863,0.9742035762295461,0.9783760785638131,0.9778248395446226,0.9753160395601647,0.9748761761147864,0.9758054312587842,0.9763703770177531,0.9830544047955309,0.9857534209380656,0.9876804250580523,0.9815501568588186,0.9866030787007798,0.9832314339284259,0.9841395779734965,0.97747291130683,0.9836269042464348,0.9888490284005979,0.9818252188767884,0.9807037201539744,0.9795712173227175,0.9914098416613418,0.9970156453168911,0.9942826019296608,0.9928930637238533,0.9880016548834741,0.9851325072244105,0.9793298337632982,0.9807936504871391,0.9813046973942056,0.9892841761010539,0.9919421427686439,0.991753161794869,0.9880179341236532,0.9852240351307474,0.9879226426478945
394872,222,"Monroe, LA",msa,LA,,,,,,,,,,,,,,,,,,,,,,,,,,,,,,,,,,,,,,,,,,,,,,,,,,,,,,,,,,,,,,,,,0.9350194183953775,0.9637305038472489,0.9873791198327853,0.9841589533266147,0.9784481671351425,0.9751296271399325,0.9706031612955309,0.9735076288475577,0.9775653589541827,0.9837776754744095,0.9908454519262162,0.9932926154412329,0.9912912947947655,0.9862872234349314,0.9821747130526385,0.9776130252988692,0.9777753275563921,0.981306135135935,0.9832255626429874,0.9789541477390453,0.9715853780751936,0.9753895719876381,0.9794529693995098,0.9823076026889256,0.9817317496092789,0.9821102462686823,0.9893566230802765,0.9873837421600271,0.9928989139515455,0.9861005543373828,0.9847301198757101,0.9847301198757101,0.989508277469671,0.9920409412380541,0.9920409412380541
394565,223,"Elkhart, IN",msa,IN,,,,,,,,,,,,,,,,,,,,,,,,,,,,0.9900203623470776,0.991415984500743,1.0,1.0,1.0,1.0,1.0,1.0,0.9992870385306007,0.9992870385306007,0.9992870385306007,1.0003194255915662,1.004836182648999,1.0049850589309552,1.0046660037105826,1.0001492466531496,1.0000003703711935,1.0,1.0,1.0,1.0,1.0057582547008848,1.0128387801759107,1.0203976952492766,1.0186880235443434,1.0134631199249393,1.0059042048515734,1.0018556218556218,1.0,0.9970698191371122,0.9924401895074827,0.9901367697540042,0.9888475413341915,0.9934771709638212,0.9957805907172995,1.0,1.0,1.0,1.0,1.0,1.0,1.0,0.9990476190476191,0.9944762649441624,0.9871212200612473,0.9879809569521125,0.9925523110555691,0.9999073559384843,1.0,1.0,1.0,1.0,1.0,0.9991935483870967,0.9941430433365918,0.9916409582656994,0.9906610576099352,0.9904084169278778,0.9929105019987703,0.9946968542674376,1.0,1.0,1.0,1.0,0.9979026075317403,0.9937321603141785,0.9879991545811729,0.9843617749887627,0.98425871793282,0.9899917236658258,0.9957264957264957,1.0
394726,224,"Johnson City, TN",msa,TN,0.9765633898419063,0.9736223126187094,0.9752647964296618,0.976435492363143,0.9785798545039105,0.9781076268581579,0.9763084460715227,0.974351259805673,0.9721806463700194,0.9723825925181185,0.9719733112285066,0.9734453202454936,0.9761308411543647,0.9800916964649282,0.9812812369774006,0.9830291271370116,0.9799041271370116,0.9789923496163403,0.9767220750958528,0.975989857522631,0.9767883279589745,0.9757383639527237,0.9724036521858417,0.9703045374392142,0.9719269923864929,0.9811066431436659,0.9825109966725444,0.9872569731253025,0.9862402969059735,0.9889963156473914,0.99103852122942,0.9926772757238256,0.9942934632508091,0.9901838819003738,0.9913097543563426,0.9901442531908415,0.9942538345412769,0.9957264957264957,1.0,1.0,1.0,1.0,1.0,1.0,0.9967123971623325,0.9966246316717234,0.9966246316717234,0.999912234509391,1.0,1.0006289308176102,1.0051182686402813,1.0051182686402813,1.0044893378226711,1.0,0.996135804850567,0.9916088680735156,0.984329061453797,0.9808111606211237,0.9771525585168656,0.9794813698854979,0.9803270073730385,0.9856139955297104,0.9881046759659817,0.9898199643960565,0.9909913994039411,0.9924378581863126,0.9923694149747627,0.9885100858101198,0.9849207766909879,0.9810018596007793,0.9797532623883184,0.9802109977063905,0.983532273783552,0.9847565492456619,0.98377377395096,0.9834159309528875,0.9849533778290335,0.9833084818445149,0.985439558704563,0.9834995556960381,0.9824753106541092,0.9785264958321793,0.9753013969900092,0.9714708361679176,0.9727234150067033,0.9769610789224402,0.9819196514987576,0.9816613359360694,0.9795507430089009,0.977170118359369,0.9755956598608863,0.9747647873419595,0.9738347064717588,0.9736389183777852,0.9699981299314279,0.9725505512370658,0.9742159915379341,0.9800702931794204,0.9822409744866452
395247,225,"Yuma, AZ",msa,AZ,,,,,,,,,,,,,,,,,,,,,,,,,,,,,,,1.0039624087613095,1.0053590568060022,1.0,1.0,1.0000428632661809,1.0000428632661809,1.0000428632661809,1.0,1.0,1.0017211328976035,1.0066918810204475,1.0101599349086696,1.0123298525947237,1.0073591044718795,1.0038910505836576,1.0,1.0,1.0,1.0,1.0,1.0000981530166546,1.0001891428420422,1.0001891428420422,1.0000909898253878,0.9945994938964483,0.9945994938964483,0.9937607705286117,0.9964839004608113,0.9888200526806844,0.9844504427151878,0.9871278188865399,0.9944165728932233,0.9996249062265566,0.9996249062265566,1.0,1.0,1.0,1.0,0.9957983193277311,0.99363654297628,0.99363654297628,0.9940447276588408,0.9962065040102918,0.9876105154716099,0.991404011461318,0.9901785212652396,0.9939315338228676,0.990975514366632,0.987240687102393,0.9871443994135646,0.9901004188698002,0.9908590556578486,0.9940466783850531,0.9887388135249161,0.9899374911941821,0.99168913213686,0.9948260568260568,0.9943318722526353,0.9905865539005753,0.9882658253521933,0.9882065952111915,0.9897290985903697,0.9927834900876613,0.9922555533831489,0.9944783683560307,0.9907825807435038,0.9948669351654426,0.9948669351654426,0.9995145292151122
394623,226,"Gainesville, GA",msa,GA,0.9792620005678425,0.9816314294432954,0.9843298376423029,0.9867313595414572,0.9872923335964071,0.9860202914622529,0.9830635233072244,0.9811252605649415,0.9796843103188376,0.9809044844344111,0.9820053635241002,0.9821683629178688,0.9832983964763411,0.9846194876819631,0.9858683627874614,0.9873811912143747,0.9869095574563821,0.9853549784394104,0.9849278817153612,0.9838982996297654,0.9840235216299874,0.982465512784133,0.9830365925032649,0.9832883706084288,0.9856968731030392,0.9870904895743444,0.9900141779659201,0.9895987069246917,0.990298158989212,0.9895942653640454,0.989376003432684,0.9924912682301917,0.9938186034524445,0.9975940018889196,0.9949850182205457,0.9965249905240571,0.9965249905240571,0.9991339741924309,1.0017623127960396,1.0017623127960396,1.0018893568484195,1.00012704405238,1.00012704405238,1.0,1.0,1.0,1.0,1.0,1.0013333333333334,1.0013333333333334,1.003833701034466,1.0025003677011324,1.0025003677011324,1.0,0.9949831003143975,0.9904075451224935,0.9847317240169242,0.9819172060780058,0.9783016891116262,0.9765081679652446,0.9807934862989854,0.9889845584572688,0.9937872340425532,0.9955412186379928,0.9955412186379928,0.9964740318152794,0.9948991431436166,0.9883135301750249,0.9864468283980505,0.9851761506056338,0.9857178075302694,0.9835613104074469,0.9838996145378244,0.9866054685312321,0.9888192261898436,0.9911988295500977,0.9926764904544908,0.9922960442442815,0.9887965846391644,0.9834106489737257,0.9824324291301867,0.9812234734941194,0.9815012091907311,0.9815021751681975,0.9836859196337255,0.9865702063267693,0.9870225198498545,0.9878365279010263,0.9875918779939608,0.9872664691436146,0.9842608973879652,0.9820147798632339,0.9789884650908283,0.9796720922873692,0.9794982781470094,0.9821860203093347,0.9834704008806544,0.9843196318600004,0.9848026649745599
394716,227,"Jacksonville, NC",msa,NC,0.9892514134602934,0.9929276927200457,0.9955928437035394,0.9941058266359016,0.9935184061982474,0.9904573461048045,0.9908966367069677,0.9927275097774587,0.9941177155995448,0.9967565319615987,0.9965654772983082,0.9965385216440069,0.9965385216440069,0.998302190074342,1.0,1.0,1.0,1.0,1.0,0.9983349916749584,0.9983349916749584,0.9975011371825673,0.9955031418446053,0.9939527542477061,0.9947866087400971,0.9984496124031007,0.999507631708518,0.999507631708518,0.999507631708518,1.0,1.0,1.0,1.0,1.0,1.0,1.0,1.0,1.0002084636230977,1.0007265088657156,1.00517095331016,1.007629156353729,1.0102810733327976,1.00631350060986,1.003798417996551,1.0008953359456678,1.000418464224161,1.0003346029930544,1.0003059882499377,1.006716244660194,1.0150203867671848,1.0236100340246916,1.0238725159265178,1.019872282690889,1.0111893605813085,1.0045166222692257,1.0001449905756126,1.0,1.0,1.0,1.0,1.0,1.0,1.0,1.0,1.0,1.0,1.0,1.0,1.0,1.0,1.0,1.0,1.0,1.0,1.0,1.0,1.0,1.0,0.999117387466902,0.999117387466902,0.999117387466902,1.0,1.0,0.9981306471176756,0.9981306471176756,0.9981306471176756,1.0,1.0,1.0,1.0,1.0,0.9974259974259975,0.9974259974259975,0.9974259974259975,1.0,1.0,1.0,1.0,1.0
394597,228,"Florence, SC",msa,SC,,,,,,,,,,,,,,,,,,,,,,,,,,,,,,,,,,0.9836293004840689,0.9927516257881143,0.9912074430394501,0.9952210274790919,0.9952210274790919,1.0,1.0,1.0,1.0,1.0,1.0,1.0,1.0,1.0,1.0,1.0,1.0,1.0,1.0,1.0,0.9981175060897259,0.9954508394230593,0.9954508394230593,0.9911175768791551,0.9892534992092523,0.9802747217740991,0.9810791762530667,0.9837860212185672,0.9927647986537204,0.9981761006289308,1.0,0.9954337899543378,0.992803941170643,0.9891287274954292,0.9879478111043097,0.9851976232579681,0.9824625805229253,0.982366574061243,0.9813974043420731,0.9860784053645376,0.987774649573287,0.9901077916654653,0.9894778212520524,0.9886309606901317,0.988921028959771,0.9912802547609759,0.9904599649895024,0.9869234739456182,0.9801179172085424,0.9772442561859264,0.9800344555739273,0.9797977587898764,0.9873583840370705,0.9864419110952772,0.9869482169039857,0.9805705748542156,0.9812226956620514,0.9801318219157521,0.9813865387640526,0.9772241268495715,0.9783214086390416,0.9774842711890589,0.9811360909159803,0.9849897435629257,0.9881321078373663,0.9895585542049953
394680,229,"Hilo, HI",msa,HI,0.9708054776918004,0.9744571591145267,0.9751181419672902,0.9735855564648567,0.9707001830883576,0.9712710952755383,0.971879696938224,0.9731733807468291,0.974323799409953,0.9762159367254016,0.9747738541019576,0.9723124831503654,0.9725815941134655,0.9751237039964978,0.9755013998045298,0.9741119068456122,0.9734398285433845,0.9735740904167768,0.9732032473811284,0.9726165810390724,0.9741672691569249,0.9752895574126987,0.9780412617606272,0.9775771711462046,0.9792025994633623,0.9773339742689012,0.9722870888935115,0.9701415217479444,0.9722352236568851,0.9771328085386495,0.9774454851437543,0.9757998787530497,0.9784317402444188,0.9825087315411527,0.9840398760097608,0.9845071062768098,0.9852614104720683,0.9915734032583622,0.9961950231481481,1.0,1.0,1.0,1.0,1.0,1.0,1.0,1.0,1.0,1.0,1.0,1.0,1.0,1.0,1.0,0.9981412639405205,0.9951040581698295,0.9859555037236047,0.9811380356819873,0.9757178540911813,0.9790037619712421,0.9789984515957242,0.9812829994510484,0.9829659176995532,0.9841102724999353,0.9865794083024045,0.9862673035892108,0.9884989486197225,0.9850521270569589,0.9807902999580049,0.9808098120156665,0.9811474672692638,0.9848117723097157,0.984097774897775,0.9847057387057387,0.9803423574766859,0.976754281595927,0.9766961397841318,0.9795236173033679,0.9830121436134505,0.9797513821063423,0.9802882338996759,0.9761155251083272,0.9779272523699261,0.9747133337943689,0.976305565436287,0.9746482783291284,0.9769007390124642,0.9769746898258136,0.9798548970784154,0.9775003732617414,0.9749031689956653,0.9726204012878714,0.970180458361319,0.9710858890717872,0.9712985876443295,0.9728453151799618,0.9723056062296981,0.9741646699775295,0.977444730223534
395118,230,"St. Cloud, MN",msa,MN,0.9856088231844794,0.9931081766884877,0.9950459146918534,0.9983136593591905,0.9983136593591905,0.9990715284500377,0.997038459889359,0.997038459889359,0.9958225425901435,0.9924822555829139,0.9897266964274537,0.9843212277267742,0.9877054272770902,0.9890961873365439,0.9966460448864014,0.9986352009039935,1.0,0.9988304093567252,0.9949989917322041,0.9920780295328914,0.9902446171731633,0.9877792439480478,0.9849682563668042,0.9879712593698072,0.9930675700273667,0.9987995198079233,0.9987995198079233,1.0,1.0,1.0,1.0,1.0,1.0,1.0,1.0,1.0,1.0,1.0003293006293574,1.003697721681989,1.0106876069308552,1.01846959294359,1.0198438914294548,1.0156599507547057,1.0076876108959953,1.0029448913574992,1.0001389467833819,1.0,1.0,1.0001500507399546,1.0077089658133205,1.0167228471906415,1.0227797994872805,1.0152208844139146,1.0062070030365935,1.0,1.0,1.0,0.9976147883124628,0.9930740484063456,0.9930695437496567,0.9954547554371942,0.9999954953433111,1.0,1.0017139953317313,1.0017164107906684,1.0017164107906684,1.000002415458937,1.0,1.0,0.9937777777777778,0.9863840989359421,0.9830043128027928,0.989226535025015,0.9966202138668506,1.0,1.0,1.0,1.0,1.0,1.0,1.0,0.9985707479752263,0.9960769100746898,0.9934995904870609,0.9949288425118347,0.9974226804123711,1.0,1.0,1.0,1.0,0.9989996665555184,0.997999333111037,0.9952865491164626,0.994284878552928,0.9888607725542155,0.986375387433199,0.9869893155663548,0.993413755009549,0.9986119241251399
395011,231,"Racine, WI",msa,WI,,,,,,,,,,,,,,,,,,,,,,,,,,,,,,,,,,,,,,1.0031831061819252,1.00564199899153,1.00523207861903,1.0067203819550041,1.0066863614065928,1.0022186146969565,0.9965790756130092,0.9965790756130092,0.9952209020109885,0.9986931242332107,0.9919817148372375,0.9934335811796394,1.0055768720114548,1.029466491626598,1.036089123672267,1.026666345723566,1.0094881355043956,0.9982760684386701,0.9955555555555556,0.9894807892004155,0.9928988030572284,0.9849909621059091,0.9910657284610492,0.9920921590486808,1.0005710449748275,1.0073503048683687,1.0139554607180628,1.0202779002884876,1.0175009274161015,1.0108957715664075,1.0040279319921763,1.0000256449710212,0.9955082386669534,0.98631481766949,0.982387769576848,0.9897500690972478,0.99902199411386,1.0113393294766027,1.0084944362602704,1.0083902872701005,1.0000650044260204,1.0000650044260204,1.0000650044260204,1.0,0.9987328264639189,0.9929512586813735,0.9929512586813735,0.9927896056412803,0.9985711734238256,0.9985711734238256,0.9994114229654932,0.9995552699806027,0.9995552699806027,0.9956565228595388,0.9955126758444294,0.9955126758444294,0.9945147679324894,0.9933604778209081,0.9933604778209081,0.9988457098884186,1.0,1.0046511627906975
394380,232,"Bend, OR",msa,OR,0.9909853073385978,0.9913568043681487,0.9928802132430045,0.9944669896756494,0.9938154778010921,0.9926874393353686,0.9892390827284946,0.9871947442782151,0.985092299224152,0.9846001453079896,0.9840641194190253,0.9843614963994436,0.9845345560894753,0.9875046716219091,0.9914003320300484,0.9943647880030152,0.9948668929074186,0.9913898943966776,0.9889704827127872,0.9871013240376295,0.9878135302472204,0.987380071264278,0.9861582549614262,0.9869498740169288,0.987911847004138,0.9935344675517678,0.9933012975251296,0.993611397242354,0.993611397242354,0.9969017513547476,1.0,1.0,1.0,1.0,1.0,1.0028064308479738,1.0084561483620982,1.0158635557695055,1.0204188656445443,1.0222322503303642,1.0180778956944943,1.012938377193704,1.0054752749937597,1.0022222222222223,1.0,1.0,1.0,1.0,1.003037712084167,1.0087947644733435,1.008839823837122,1.005802111752955,1.0000450593637782,0.9966629588431591,0.992661309271616,0.9877951292229543,0.9835005900083799,0.9784702943777649,0.9753365264797683,0.9765578504409272,0.9805997756830055,0.9873454202520738,0.9931698482738112,0.9955659911801004,0.9968202945576904,0.9929843542387263,0.9921436687473254,0.986493951233201,0.9853623389256086,0.9833768472702582,0.9829659587237765,0.9850931497692463,0.9875102009667853,0.9935708070273913,0.9969969969969971,0.9969202975860254,0.9927940915679206,0.9885612873351164,0.9871965453046466,0.9860497081255962,0.98491947605477,0.9839438662986725,0.9832001176165871,0.9842620786514003,0.9850525032223126,0.9875605231717287,0.9880350024637791,0.9886339992840577,0.9868619262786926,0.9836680072982231,0.9808769487500378,0.9794542558754542,0.9796690806233546,0.9805335112277621,0.9808973760311955,0.9810363995738647,0.983968408737193,0.9879758517472105,0.9914679152392741
395047,233,"Saginaw, MI",msa,MI,0.969622238298097,0.9692657536630304,0.9754142848836403,0.9809799972734682,0.9828078137905502,0.9789585757657725,0.9737456479688794,0.9698132265916789,0.9696467502397318,0.9682641625001048,0.9669157957218996,0.9617996828244362,0.9632277006874287,0.9691106388978804,0.9736480971933004,0.9778736996810483,0.9793287562490679,0.9801063036810248,0.9761791139181618,0.9724912003784209,0.9733022531413328,0.9739577139852615,0.9728700017695298,0.9753686244642519,0.9777796408077025,0.9828022389204886,0.9826980795176778,0.9853199159848582,0.9902971511447142,0.9951099626958473,0.9989397391318929,1.0,1.0,0.9993958068362016,0.9948862239726163,0.9948862239726163,0.9954904171364148,1.000053780789502,1.0004988186177173,1.0004988186177173,1.0007136398054615,1.000268601977246,1.000268601977246,1.0,1.0,0.9992801394256271,0.9934463563819876,0.9934463563819876,0.9941662169563606,1.0,1.0,1.0,1.0,1.0,1.0,0.9937361683054599,0.9872947498290765,0.9796943155185445,0.982623058569939,0.9815456800538412,0.9891461143643733,0.991517189094766,0.9990359860872472,0.9990359860872472,1.0,1.0,1.0,0.9970851486662081,0.9898387718546139,0.9810941446128769,0.9746632015541454,0.9732515697077307,0.9747498201378737,0.9840956145303972,0.9927536231884058,1.0,1.0,0.9993900951451574,0.9993900951451574,0.9942776207075296,0.989432155193014,0.9798398290539253,0.9747946719034127,0.9743630225493463,0.9825126062470207,0.9906940681170561,0.9965810878404806,0.9980238302818948,0.9972076352421438,0.9911560111838508,0.9876914424409448,0.9834291334774606,0.9841607715594081,0.9795828345226999,0.9754472742664206,0.9760609681547902,0.9841034739344044,0.9907522022027294,0.9954584942907055
395202,234,"Warner Robins, GA",msa,GA,0.9826711230559589,0.9841168025350523,0.9841788887404234,0.9821683030716365,0.9819116361719153,0.9850828110909844,0.9864664631430046,0.9863046824227805,0.9845855703072485,0.9847397932697497,0.9825519811507166,0.9852410486446095,0.9866821558810802,0.9892795450295669,0.9905866993250053,0.9931655884092918,0.9933615438226386,0.9906836109156103,0.9904432586712137,0.988705366933322,0.9887078739733216,0.9853668144950468,0.989940792220298,0.9880471490680254,0.9900976418645726,0.9910181696338269,0.9941882569931351,0.9969696969696971,0.9969696969696971,1.0,1.0,1.0,1.0,1.0,1.0,1.0,1.0,1.0,1.0008889628385755,1.0056508676004803,1.0116573611069737,1.0129832376925398,1.0126203679810113,1.0097173109515871,1.0076157973925695,1.0032167623421935,1.0001133258651242,1.0,1.0037697549659272,1.0117697549659272,1.0207347101411515,1.0245407127509818,1.0212749542039732,1.012309999028749,1.0047342414529914,1.0,1.0,1.0,1.0,0.9966177237892951,0.9966177237892951,0.9966177237892951,1.0,1.0,1.0,1.0,1.0,1.0,1.0,1.0,1.0,1.0,1.0,0.9997034987151611,0.9997034987151611,0.9997034987151611,1.0,1.0,0.9996316012049586,0.9996316012049586,0.9996316012049586,0.9992855441771851,0.9969399616908676,0.9928577416728853,0.9935721974957002,0.9959177799820177,1.0,1.0,0.9998821420153,0.9955841477459592,0.9943595143675275,0.9903621460147787,0.9917361636759324,0.9896274637210309,0.9921046884204778,0.995028665028665,0.9983619983619983,1.0,1.0
395151,235,"Terre Haute, IN",msa,IN,0.9693950830404766,0.9711672885771595,0.9678275373343119,0.9671922990802643,0.9667302266895129,0.9623100290390457,0.9693580717025588,0.9669637925567592,0.9677894177229337,0.9660937552562396,0.9598892671275641,0.964109860057586,0.9650512183969706,0.9699595232103689,0.9686777333994185,0.9709490470409818,0.9733933408645861,0.9767977288845694,0.9782554537601534,0.9737909911374105,0.9637302599837442,0.9578890806630036,0.9618110675189439,0.9654928781099154,0.9674215588890015,0.9643877310795007,0.96523507773591,0.9672892903141471,0.9736262447643093,0.9807676416762718,0.9836469238390846,0.9814808390251099,0.978975587930591,0.975767620506042,0.9778833404897779,0.9748017178237021,0.9746802665310902,0.9810199395374299,0.9912061004085223,1.0,1.0,1.0,1.0,1.0,0.9946835437353201,0.9897769726591061,0.9789525520776432,0.9752084456336917,0.9801150167099056,0.9909394372913686,1.0,1.0,1.0,1.0,1.0,0.9911806824018422,0.9847774402539192,0.9755181809946599,0.9744233907588432,0.9728552647597025,0.9821145240189617,0.9920286318529364,0.9910744760734521,0.9868009717999479,0.9868009717999479,0.9892839186956834,0.9861246042156142,0.9732147871820859,0.9760362473842342,0.9652874895471503,0.9689941102976186,0.9657929211519666,0.9742110773699281,0.9774472851532532,0.9766755213507583,0.9823648676493804,0.9815177830021259,0.9797221814174343,0.9775556701676434,0.9743306077012246,0.971784139658534,0.973773194051026,0.9631744309777552,0.9669804890811351,0.9663369195021181,0.9816379269279567,0.9879133800443544,0.9875813076301792,0.987276510691192,0.9775135413845103,0.9751402799985431,0.9736629270160693,0.9794934874701294,0.9778005978119185,0.975018616201647,0.9733996943973855,0.9752481076645125,0.9776748605714684,0.979284427008957
395162,236,"Torrington, CT",msa,CT,0.9613980065912404,0.9663439516285717,0.9691526498236196,0.9733487702822615,0.9745861401878884,0.9757534037506952,0.9745121285196067,0.9708950251796032,0.9663592524172465,0.964387926252372,0.9623003379435501,0.9633637212710952,0.9617956209126722,0.9649020601757652,0.9673923258555513,0.9732159438702356,0.9748664072652214,0.9740142033279179,0.9734442085016393,0.9700929052137651,0.971682760787406,0.9679254697097037,0.9674060214208668,0.9658029578679047,0.9686160241383609,0.9735448423081458,0.9725989841027508,0.9726263204154687,0.979729427037018,0.9858016703846273,0.992163133888948,0.9931205017077595,0.9981981981981982,0.9948852191038925,0.9898580312512198,0.9844108816083511,0.9875054604842566,0.9925326483369291,0.9979797979797981,1.0000793839803128,1.0010078890870908,1.0010078890870908,1.000928505106778,1.0,1.0,1.0,0.9966638865721434,0.9966638865721434,0.9966638865721434,1.0,1.008506574161027,1.009286749024059,1.0093353673700636,1.0008287932090363,1.0000486183460047,1.0,1.0,0.9950980392156863,0.9925066975893344,0.9879328966269775,0.9928348574112912,0.9974587193628462,1.0032238474636355,1.0032905274663027,1.0056884205001089,1.007564373484368,1.0074976934817006,1.0031382172015022,1.000070937078811,1.000070937078811,0.9954635405214614,0.9954635405214614,0.9954635405214614,1.0,1.0000004166671876,1.005016875448072,1.0057761768907447,1.005775760223557,1.0007593014426728,1.0,1.0,1.0,1.0,0.9937106918238993,0.9937106918238993,0.9937106918238993,1.0027423778028715,1.0027423778028715,1.0027423778028715,1.0,1.000095265313899,1.000095265313899,0.9980569364477306,0.9969167390544166,0.9908044960464522,0.9867701938399897,0.9878151259194045,0.9939273689273689,1.0
395009,237,"Punta Gorda, FL",msa,FL,0.9677864686292654,0.9676371954828648,0.9691995945053243,0.9681758943808324,0.9691177402402756,0.9680723659855522,0.9699889232529014,0.9669744654940017,0.9665734554499532,0.9644366296701841,0.964646912722976,0.9647370528909373,0.9651924151248359,0.9668791643441309,0.9665574140223807,0.9673638911038035,0.9673158192696109,0.9692439411854723,0.9690172440507124,0.9698317833441724,0.9701988742949111,0.9711156295538504,0.9712350194405405,0.970463945641332,0.9710402634140856,0.9707298881744517,0.9705968919279266,0.9694568689643157,0.9703250489722807,0.9722652989992183,0.9745822925712577,0.9781378481268131,0.9802741069428196,0.9821762284925294,0.9804173632443024,0.9808479602335146,0.9831626438620185,0.9902548424435786,0.996261355695318,1.0,1.0,1.0,1.0,1.0,1.0,1.0,1.0,1.0,1.0,1.0,1.0,1.0,1.0,0.9937694704049843,0.9857888707577181,0.9769196475522118,0.9724611433222865,0.9695455899786701,0.9650814798508431,0.9685186840493293,0.9707989994855512,0.9737964155062232,0.9719626403981607,0.9710546684290121,0.9722514095143421,0.9724319047598081,0.9739049701996946,0.9731787582654917,0.9708455560047221,0.9672981401854005,0.9644046644628544,0.9649472504744484,0.966252149550348,0.9684512339670857,0.9670257475841003,0.9662078973003343,0.9644517243393578,0.9650173809050143,0.964432585583377,0.9655493433470426,0.9637715655692648,0.9631217929896677,0.9613579802365999,0.9600392989179188,0.9599623761930767,0.9596462013985033,0.9605995859135317,0.9588065013762096,0.9599644714672918,0.9591174547196912,0.9573806009935648,0.9555443859767726,0.9567566995280262,0.9593424799907481,0.9603128941417394,0.9600407852982019,0.9602712558377583,0.9608196174480729,0.9611510075068752
394386,239,"Billings, MT",msa,MT,0.985898077014026,0.9879341593949023,0.9890194687376859,0.9902650539282839,0.9912889513891674,0.9913583270739679,0.9896644049007821,0.9880972744776361,0.9878024874907129,0.987295658114489,0.9874135304247206,0.9862377514711639,0.9886426211680734,0.9902960296665914,0.9942812245480713,0.9958834533846112,0.9958291566091503,0.9942938932087376,0.9934645407579897,0.9910768875292378,0.9892365433082696,0.9873323329532594,0.9866699845869954,0.9868920938107667,0.9887771616796656,0.9933963023436871,0.997855611150822,1.0,1.0,1.0,1.0,1.0,1.0,1.0,0.9989041924871258,0.9989041924871258,0.9989041924871258,1.0001041992289257,1.0003884694089342,1.0034187724392372,1.008605578501317,1.0087877961181317,1.0058765832390735,1.0005855779480681,1.0001190901512444,1.0,1.0,1.0,1.004906204906205,1.0102883633188522,1.0139648339070872,1.0129966173155385,1.0076144589028913,1.003937988314656,0.9975216510042381,0.9975216510042381,0.9975216510042381,0.9959206960490657,0.9923262550842846,0.9889227682467491,0.9920602659123657,0.9949361883586282,0.9962736367356971,0.9972154430210148,0.9979339615395334,1.0,0.9973074501118276,0.9934752095689099,0.9889122050059053,0.9867518768734843,0.9843448090411315,0.9854739527501497,0.9873905104585363,0.9936298188338069,0.9970636796877931,1.0,0.9980947844724936,0.9945094035739636,0.992877646878391,0.9903957429885071,0.991463472456342,0.9890038636900673,0.9882839065345461,0.9860906725803394,0.9853946090518991,0.9880050153880119,0.9927159007729135,0.9946534941767927,0.9971501644135916,0.9924821640325302,0.992597563344429,0.9885481235571354,0.9884676991368085,0.9866359253656563,0.9844762556809324,0.986931820392655,0.9871816295396378,0.990491721334681,0.9927845814243467
395018,240,"Redding, CA",msa,CA,,,,,,,,,,,,,,,,,,,,,,,,,,,,,,,,,,,,,,,,,,,,,,,,,,,,,,,,,,,,,,,,,,,,,0.988944937321275,0.9862240692946922,0.9889999405674749,0.9888410033075813,0.9937991123455059,0.9963995851587447,0.9995817649519031,0.9988888888888888,0.9988888888888888,0.9963790849673203,0.9974901960784314,0.9974901960784314,0.9996717005909389,0.9990294398330711,0.9971679351100526,0.9953210757883223,0.9937557342070088,0.9956172389300274,0.9947352896219903,0.9948476538659334,0.9907949689621848,0.9902379748187067,0.9865528660931355,0.9866839823694332,0.9849305854289838,0.9864607804586577,0.9866304469471361,0.991498984178525,0.9937041461946095,0.9974560483335818,0.9979550102249489
394748,241,"Kingston, NY",msa,NY,0.9630862613157823,0.9656347586684499,0.9663188168687756,0.9737129847684356,0.9775985484266619,0.9775985484266619,0.975252520001371,0.9698026901954169,0.9695839068274991,0.9676921912371533,0.9651250110308025,0.9665726730469536,0.9662922917283603,0.9704207452593749,0.9688334436720734,0.9740252850641714,0.9763896403304742,0.9791465325610506,0.97704957952201,0.9754249679194394,0.9740111363129215,0.9728560568316369,0.9739529728655182,0.9761452657768134,0.9714326631782993,0.9701897119182773,0.9702868370154024,0.9760985309625276,0.9825296933076686,0.990008325786301,0.9986653319986654,1.0,0.9990828282828282,0.9986976202705016,0.9986976202705016,0.9918219927163756,0.9869578568966814,0.9800481594937743,0.9878409587650722,0.9930903025970932,1.0010131712259371,1.0056772286297206,1.0058995990989221,1.0048864278729852,1.0002223704692017,1.0,0.9986495296637795,0.9986495296637795,0.9947534257676756,0.9961038961038962,1.0005185652842534,1.0044154099227443,1.0052034912371413,1.0008999702172818,1.0001210273863899,0.9993329460719927,0.9992217979114949,1.0,0.9929925069994012,0.9858326024647951,0.9798205784166988,0.9798836269728531,0.9858978904818182,0.9919099145299145,0.9988543589743589,1.0,0.9970423570271553,0.9970423570271553,0.9970423570271553,0.9969641772920461,0.9926074599451981,0.988030387701255,0.9844671238321651,0.9888238411790131,0.9934009134229562,1.0,0.9996666666666667,0.9996666666666667,0.9996666666666667,1.0,1.0,0.9965691467475826,0.9922898330712888,0.9845861293675852,0.9807590194818426,0.9804721231124742,0.9808841373629816,0.9881421005011416,0.9927083105468038,1.0,1.0,1.0,1.0,0.9966804029304029,0.984149074609601,0.9749685514010217,0.9671584569061444,0.9774871420551404,0.9866676652637197
394960,242,"Panama City, FL",msa,FL,0.96774844181676,0.9694128789146896,0.9722345088164691,0.9742422240826993,0.9759716110461367,0.975785817127822,0.9767664088404672,0.9757054322228594,0.9748723374152739,0.9745922223083486,0.9742737890002245,0.9702197267747645,0.9676659537125287,0.9669599512136081,0.9694549499882522,0.9739401731427838,0.9789984935807278,0.9841133949832307,0.9838222581669621,0.981994661456636,0.9820130725769528,0.9764290293626338,0.9705345592236739,0.9633611069967115,0.9673615774126644,0.9704897191228303,0.9721302910285404,0.9682909531345644,0.9702303766150276,0.9737158133838228,0.9760236486327197,0.9749042227737187,0.977184920031927,0.9779792637623146,0.980749622844122,0.9785078187574171,0.9812093369350764,0.9849368389108886,0.9916322758816488,0.9968203040550746,0.9990714948932219,0.9975470147587627,0.9950738187550074,0.991359798327895,0.9895282934234594,0.985803142319777,0.9852977534641889,0.9874247463067332,0.9936230934141713,0.9978425026968716,1.0,1.0,0.9946452476572958,0.9868933096727996,0.9790169387854618,0.9747747747706527,0.9727106601987364,0.9711530688219235,0.9702214412445875,0.9693192693730982,0.9689493100686217,0.9708818123175771,0.9733682976603482,0.9745236230869022,0.973851816219233,0.9730229925957325,0.9705604776266946,0.9681959105152712,0.9663275114752685,0.964306968665252,0.9641929005626942,0.9627856946079287,0.9663642293394686,0.9675524412468269,0.9691967850508552,0.968799655484224,0.9677674366768491,0.9675332866872832,0.96536232332229,0.9662606083266824,0.9666878945515771,0.9659885938522765,0.9657121200694059,0.9644104735646928,0.9656165845269012,0.9661030836794394,0.9682020384333091,0.9686340212801063,0.9693122800049799,0.9671221544882714,0.9661833613785665,0.9626539496138605,0.9633597722188326,0.9645520225914108,0.9661894494919956,0.9636529645164474,0.9627789144620696,0.962216832824125,0.9663003899442065
394729,243,"Joplin, MO",msa,MO,0.9751522008090395,0.979114268812373,0.9783753833396213,0.9797906150082013,0.974802731188551,0.9762790654635346,0.9714157910220281,0.9743568497598217,0.9655252052920452,0.973829630439912,0.971054347453777,0.984264173005041,0.9839559587813467,0.988506226789728,0.9884458351250786,0.9872590310595767,0.9879244679612272,0.97952656141307,0.9784981771788637,0.9742454548644673,0.9817988900748635,0.9817236950651319,0.9874602332776732,0.9807087967612125,0.9781145405328174,0.9774128225724876,0.980580564142297,0.9844800497626321,0.98626888664236,0.991413180726649,0.9943836538607731,0.9918762686921644,0.9919652333136789,0.993561827246622,0.9937410557037576,0.99355833437561,0.9923932609026903,0.9965557691402326,0.9988349265270803,1.0,1.0000029762436233,1.0000029762436233,1.0000029762436233,1.0,0.9983324068927182,0.9983324068927182,0.9947352845905599,0.991713912396185,0.991713912396185,0.9953110346983433,1.0,1.0,1.0,0.9998317730405377,0.9998317730405377,0.9979115041477917,0.998079731107254,0.9937741755516983,0.988252822684116,0.9836498307393517,0.9860060685561159,0.9889093926411644,0.9935123845859284,0.9919343654640497,0.9964726631393298,0.9964726631393298,0.9962962962962963,0.9954929130221414,0.9907974501822191,0.9882511538859227,0.9823823671110103,0.9846155338598277,0.9868360771417507,0.993508247190818,0.9959705432819229,0.998364921395077,0.9941585721887277,0.9907059085971315,0.9905106028213343,0.9929512074720627,0.9908250705057791,0.9857877831947066,0.9808868610836609,0.9841456740561902,0.9867580265990464,0.9892199665729481,0.9915399541582989,0.9957952733072349,0.9950874868907656,0.9904592216777258,0.9845176671730574,0.9824857358378473,0.9819838227771921,0.9818647712212546,0.9793272850481216,0.9823498619020592,0.9825880516598996,0.985173430553339,0.9872810319730965
394539,244,"Dover, DE",msa,DE,0.9884425726419481,0.9820720335379239,0.9879199867542982,0.9936294608959756,1.0,1.0,0.9968238005578582,0.9968238005578582,0.9953893139710984,0.9985655134132402,0.9968979203059584,0.9983324068927182,0.9983324068927182,1.0,1.0,1.0,0.9967731526298805,0.9917484076838291,0.9891936140842593,0.9908156929995414,0.995840437945593,0.9983952315451626,0.9928954617949833,0.9928954617949833,0.9915362725738027,0.9986408107788195,0.9986408107788195,1.0,1.0,1.0,1.0,1.0,1.0,1.0,1.0,1.0,1.0,1.0,1.0,1.0,1.0,1.0,1.000002021294017,1.000002021294017,1.000002021294017,1.0,1.0,1.0,1.0,1.0009832841691249,1.001078549483024,1.001078549483024,1.000095265313899,1.0,1.0,1.0,1.0,1.0,1.0,1.0,1.0,1.0,1.0,1.0,1.0,1.0,1.0,1.0,1.0,1.0,1.0,1.0,1.0,1.0,1.0,1.0,1.0,1.0,1.0,1.0,1.0,1.0,1.0,1.0,1.0,1.0,1.0,1.0,1.0,1.0,1.0,1.0,1.0,0.9983351010985047,0.9983351010985047,0.9983351010985047,1.0,1.0,1.0
394559,245,"El Centro, CA",msa,CA,0.9971788931788931,1.0,0.997292863002461,0.997292863002461,0.997292863002461,0.997939785550405,0.9966037802063837,0.9900678324939652,0.9921280469435603,0.9876286348766016,0.9941645825890199,0.9941645825890199,1.0,1.0,1.0,0.9988213864780885,0.9988213864780885,0.9972735193063725,0.9984521328282842,0.9984521328282842,1.0,1.0,1.0,0.9987702019763433,0.9987702019763433,0.9987702019763433,1.0,1.0,1.0,1.0,1.0056685561853953,1.0087356515403323,1.0089722378600012,1.0033591041392749,1.0003015328659783,1.0000649465463092,1.000146679891986,1.0058954105112303,1.0127214547162666,1.0126276001962993,1.00977593151692,1.0072818141754565,1.0161274017739668,1.0161447923606486,1.0172773463713929,1.0104822598275627,1.011388561714586,1.0109873719795095,1.0116907256361236,1.0079160212211624,1.0072971745263664,1.0046389653080754,1.0045833912278264,1.0001389467833819,1.0,1.0,1.0,1.0,1.0,0.9973313250685513,0.9967312050445466,0.9967312050445466,0.9993998799759952,1.0,1.0010615711252655,1.0010615711252655,1.0010615711252655,1.0000509769028287,1.0000509769028287,1.0000509769028287,1.0,1.0,1.0,1.0,1.0,1.0,1.0,1.0,1.0,1.0,1.0000793839803128,1.0000793839803128,1.0000793839803128,1.0,1.0,1.0000333400013337,1.0000333400013337,1.0000333400013337,1.0,0.9995183044315992,0.9995183044315992,0.9996850544732867,1.0001667500416875,1.0001667500416875,1.0,1.0,1.0,1.0,1.0
394712,246,"Jackson, TN",msa,TN,,,,,,,,,,,,,,,,,,,,,,,,,,,,,,,,,,,,,,,,0.997838729548178,0.997838729548178,0.997838729548178,1.0,0.9941775836972343,0.9941775836972343,0.9941775836972343,1.0,0.9951244547087503,0.9951244547087503,0.9951244547087503,1.0,1.0,1.0,0.9956966110812265,0.9884041419137203,0.9829841307964329,0.9785421244899357,0.9781583898891237,0.9737417668394901,0.969867101715678,0.970296928672402,0.9753023010191878,0.984554289476617,0.9847583909389646,0.9895896527590997,0.9885717597384726,0.9900754344321299,0.9852025812834148,0.9834316834505973,0.9784723388762945,0.976291404569212,0.9740094487489093,0.9812394201225926,0.983288202573385,0.9887570908560802,0.9848651484392253,0.9855614969616608,0.9849815956387354,0.9834665813596022,0.9817011625418478,0.9747530489175865,0.9775800262534095,0.9738501799851059,0.9756524730410853,0.9717024523516865,0.97654967592879,0.9787420764768903,0.9812050870574799,0.9784477097689325,0.9781172484106907,0.9776015669056918,0.9808563333786283,0.9765789352515718,0.9783413000208713,0.9711727018512618,0.9757478652499548,0.9770605495036392,0.9822778792364728,0.9835433095776961
395246,247,"Yuba City, CA",msa,CA,0.996774193548387,0.996774193548387,1.0,1.0,1.0,1.0,0.9959677419354839,0.9924589700056593,0.9924589700056593,0.9964912280701754,1.0,1.0,1.0,1.0,1.0,1.0,0.9995288393106594,0.9995288393106594,0.9995288393106594,1.0,0.9969276296568559,0.9969276296568559,0.9939847852029389,0.9970571555460831,0.9970571555460831,1.0,1.0000215994708797,1.0000215994708797,1.0000215994708797,1.0000476258513122,1.0001721167723672,1.0020218021138119,1.0027059500726498,1.0035365689892262,1.001737500964658,1.0050299205085647,1.0086779852741081,1.019153683746705,1.0225644346305665,1.0276230957761843,1.0274959551229603,1.0260189276145868,1.0185456440543468,1.00828895428878,1.0039408071369518,1.0046440840192232,1.0045528885905826,1.0082471355999723,1.013343687066549,1.019362213832621,1.0191864023737198,1.0151195904637706,1.009049773755656,1.0035673125545657,0.9996457439271147,0.9977847497835591,0.9931178850121257,0.9908956627899035,0.9896115654828783,0.994632686327197,0.9968549085494193,1.0,1.0,1.0000736833582764,1.0000736833582764,1.0000736833582764,1.0,1.0,1.0,1.0,1.0,1.0,1.0,1.0,1.0,1.0,1.0,1.0,1.0,1.0,1.0,0.9965635738831615,0.9959035078765609,0.9959035078765609,0.9993399339933994,1.0,0.9975262832405689,0.9975262832405689,0.9975262832405689,1.0,1.0,0.9966583124477862,0.9966583124477862,0.9966583124477862,0.9974433209460433,0.9974433209460433,0.9974433209460433,1.0,1.0
394406,248,"Bowling Green, KY",msa,KY,0.9754406341507433,0.9751529748906832,0.9753211536721027,0.9746311887104592,0.9753169762896654,0.9747358302782579,0.9752828518142654,0.9734776808122191,0.9724129132663194,0.9702250997915648,0.9685531250565114,0.9692287207949656,0.9675634736181385,0.9726534999965463,0.9723190395150961,0.9735567984631753,0.9733750819543188,0.9755769560678885,0.977499776263188,0.9743958574376407,0.972862362683807,0.9699567300005633,0.9698217862695039,0.9704029000709568,0.9713445986915016,0.9749705720082388,0.9772764106500279,0.9800110455025214,0.9787144270611569,0.9787615295958384,0.9788522600425283,0.9807518188595393,0.9813759884910116,0.9826514656152922,0.9804567424195358,0.9809684223168783,0.9810740707100121,0.9836843540257921,0.9890844522093954,0.9946389151687165,1.0,1.0,0.9954378333592254,0.9902209858040681,0.9863895681795473,0.9854722827655272,0.9827177621736208,0.981184028197636,0.9840432257582914,0.992014593905355,0.997379745505861,1.0,1.0,1.0,0.9927333705980995,0.9853259631906921,0.9748280179607999,0.9783210624570398,0.9713744028788014,0.9726130888494344,0.9701512236664726,0.9795424758813259,0.9826206438055713,0.9859283101271261,0.9842078705731886,0.9852831996908429,0.9830487726981425,0.9809782439328064,0.9763954124703705,0.9691878114428899,0.9706579821468657,0.9729391684192538,0.9770917597706322,0.9771289953451284,0.9755492801940333,0.975221230165423,0.9748671726664851,0.9757852093808133,0.9772382812637335,0.9787870915159723,0.9795393300877561,0.9769785859289487,0.9740212009782327,0.9736756277927182,0.9714368665464832,0.9740463776909323,0.9742819179900052,0.9795059208774926,0.9768734735398944,0.9766972609152216,0.975689154450721,0.9744172796698384,0.9730567036499465,0.9744891591588827,0.9741374140448644,0.9739418773321558,0.9720409918337016,0.9744635306308869,0.976534339673321
395119,249,"St. George, UT",msa,UT,0.9865840765796109,0.988457918519975,0.9917586292528769,0.9915356900300436,0.9910423867085355,0.9878332372640136,0.98421611313988,0.9800358357689305,0.981195488004816,0.9839172467861607,0.9850296046188706,0.9837180635985917,0.9835342790176896,0.9852632191642113,0.9890540628855199,0.9911932955361973,0.9915882475986634,0.9869807510827969,0.983683514942503,0.9834685628519054,0.9851475482263963,0.9860100017579948,0.9815797184457239,0.9808032775187159,0.984960140263814,0.9891857598002939,0.9891006190513446,0.9856728187814392,0.9863705348053213,0.9918177331351118,0.9964220039932526,0.9996619337390129,1.0,1.0,1.0,1.0,1.0,1.0028077564271298,1.0093181730937966,1.014873728649352,1.0169003432179127,1.0103936269657787,1.0048380714102232,1.0000037004145328,0.9981904488318735,0.995419085260855,0.9929904270944919,0.9949111264231165,0.9977117348909003,1.0014737263905968,1.003535942533608,1.0035066976368425,0.999775282768737,0.9948181080342525,0.9876950541417568,0.98427839598755,0.9784887199163462,0.9763525145495825,0.9758130875718948,0.9784341931216932,0.9826000737731425,0.9833986848842536,0.9847848557909725,0.9850120543501205,0.9877898321278984,0.9845390923552357,0.9852035917316287,0.9813963899311786,0.9816945427570221,0.9812985222798657,0.981353157187006,0.9828943402018733,0.9825813970024561,0.9845455316278814,0.9861664282586472,0.9864793714580645,0.9857847057212838,0.9842036702428222,0.9840318960345368,0.9852304815323718,0.986663729853177,0.9864661684733927,0.9863393504396285,0.9866439791427948,0.9871390703898508,0.9857259378118645,0.9855903127223357,0.9847122283976285,0.9843729147893185,0.9826640977812944,0.9802016275964404,0.98097713518025,0.981514592100701,0.9811509914717701,0.9792399096971468,0.9783097931251014,0.9815897495425091,0.9845825238160524,0.9864984285696033
394896,250,"Muskegon, MI",msa,MI,0.9755493834546537,0.9800769646747817,0.9909731176656643,0.9955803234770199,1.000061751265901,1.000061751265901,1.0,0.9927888948981431,0.9869065419569667,0.9823884721215511,0.982554712558966,0.9788925080173762,0.981503090966764,0.9885479556312061,0.9980925131139724,1.0,1.0,1.0,1.0,1.0,0.9928954617949833,0.9898651587646802,0.9744805433800651,0.9752692586058783,0.969220443607647,0.9798769266045554,0.9832617261398514,0.9923408441683857,0.9970689765560925,1.0,1.0,1.0,1.0,1.0,1.0,1.0,1.0,1.0066666666666666,1.0115162671347842,1.017850295071529,1.0190576441528936,1.0150434655728295,1.0090127436718752,1.0011387279238437,1.0003033060357902,1.0,1.0,1.0,1.0001184909042078,1.0090705709463352,1.0174710620654916,1.0214677974987325,1.012625072326356,1.0042245812071995,1.0001093548697508,1.0,1.0,0.9960552268244576,0.9931687930631358,0.9900515896978908,0.9939963628734331,0.9968827966347549,1.0000463091599519,1.000248451872707,1.000248451872707,1.0002021427127552,1.0,1.0,0.9955489140538486,0.9955489140538486,0.9905454021939716,0.993514347929659,0.993514347929659,0.9985178597895361,1.0,1.0,1.0,1.0,0.9967188533503739,0.9967188533503739,0.9909717269135924,0.9942528735632185,0.9879684051779419,0.9904482114840308,0.9904482114840308,0.9967326798693072,1.0,1.0,1.0,1.0,1.0,0.9931916076142837,0.9892482920766233,0.9837717053066498,0.9852037536063446,0.9829812203960496,0.9884578071660233,0.9938341512520448,1.0
394299,251,"Abilene, TX",msa,TX,0.9875092067517922,0.992504822003942,0.9947951580632418,0.9934562520947621,0.990531312638629,0.9905429185444999,0.9869676276156604,0.9860291982289553,0.9839910288756109,0.9826135433770574,0.9813441183576322,0.9815264179625501,0.9841856203520657,0.9909911759076212,0.994786853566698,0.9943990806617194,0.9900980053929022,0.9852545711251636,0.9845095154827707,0.9838054136861487,0.9872454877001228,0.9869602912033466,0.9862511825545001,0.9865791981615951,0.9883727057566295,0.9907187668772336,0.9891553686681472,0.9902478639591158,0.9920287869654958,0.9937461111773039,0.9959106133418061,0.9968567248803771,0.9984110886494163,0.9938535573178147,0.9935114631974203,0.9944591844992736,0.9990167158308751,1.0,1.0,1.0,1.0,1.0,1.0,1.0,1.0,1.0,1.0,1.0,1.0,1.0,1.0,1.0,1.0,1.0,0.9994162288382954,0.9984917803796002,0.9967498183761817,0.9934187531508868,0.9886932524669335,0.9840190316954204,0.9830817619717322,0.9887317111143809,0.994512670767191,0.9993647768778784,0.9962950192828747,0.9950783905531444,0.9914941611624634,0.99094073035167,0.991026837647901,0.98770223512975,0.9855719905730446,0.9821631311735438,0.9870552532004973,0.9928086861629999,0.9948993898913642,0.9969160997732427,0.9926963761130043,0.9926120255476989,0.9864997825397345,0.9856301511106178,0.9829239873595353,0.9834891522619272,0.984355493742184,0.983787331254517,0.9861292811549612,0.9868711143243702,0.9897050827465739,0.9920763564593109,0.9912325198108253,0.9918381254164309,0.9902660768501285,0.9901994805790485,0.9932021399394398,0.9956080429981334,0.9958970922548241,0.9933953379591905,0.9933953379591905,0.9974979020617548,1.0
394707,252,"Iowa City, IA",msa,IA,0.9829629651999178,0.9833719421327919,0.9890349038348857,0.9922044504430977,0.9934411555900405,0.9903833738909825,0.9848807038502055,0.9832074293674712,0.9815939314833132,0.9811168185194029,0.9784798155503472,0.975747555435833,0.9777246114353971,0.9815130615833133,0.986251794038646,0.9896200224069994,0.9893443802285601,0.9887325081810507,0.9847098221662626,0.9822254298557539,0.9815414785410225,0.9792668615540236,0.9792978784502132,0.9773910210978114,0.9800964788249561,0.9833112019946468,0.9868426404098062,0.9870835928397037,0.9868581815375809,0.9874979045751365,0.9874029387712828,0.9881399469583937,0.9860190500559435,0.985346800443541,0.9840301829131276,0.9834934265885898,0.9856886034344505,0.9903834391152017,0.9962773382968823,1.0,1.0,1.0,0.9993213339694971,0.9957055147604574,0.9931351577955768,0.9902677245352999,0.9893718055780932,0.9919421625429737,0.9954882618337538,1.0000793839803128,1.0016666855676144,1.0017907209121144,1.0017113369318016,1.0001240353445,1.0,0.996078431372549,0.9904443046621892,0.9835771197782329,0.9820159885464559,0.9832463921619933,0.9901135770459494,0.9955962769051775,1.0,1.0,1.0,1.0,0.996031746031746,0.9917306707629289,0.9851150617184358,0.9835823988672198,0.9797434538605286,0.981047336744131,0.9810464541399401,0.9860732878466248,0.9913850140075154,0.9968868134311762,1.0,0.9971631205673758,0.9918276530470345,0.9879366024633769,0.9880182131218246,0.9867251126458835,0.9852016733125494,0.9809696082841377,0.9809280890562029,0.9844686692776984,0.9889868672778171,0.9956569545020347,0.9962706247520362,0.9953302763038995,0.9897747207483439,0.9832733307725748,0.9823726219349792,0.9819040811049925,0.9845375053980513,0.9825583903101521,0.9861521772225075,0.9879976030127553,0.994286911188856
394351,253,"Auburn, AL",msa,AL,,,,,,,,,,,,,,,,,,,,,,,,,,,,,,,0.996812549960032,0.996163323895277,0.9916327823368242,0.9908575885383746,0.9932650126183238,0.9977955541767768,0.9985707479752263,0.9998974358974358,0.9998974358974358,0.9998974358974358,1.0,1.0,1.0,1.0,1.0,1.0,1.0,1.0,1.0001333866880084,1.0001333866880084,1.0001333866880084,1.0,1.0,1.0,1.0,1.0,0.9977501062344443,0.9977501062344443,0.9969184354094235,0.9960400486363848,0.995263918803137,0.9960955896281577,0.9992238701667522,1.0,0.998068374541852,0.9935939000673774,0.9908483983409839,0.9889586107065796,0.9923215623948369,0.9950670641212304,0.9946086418228365,0.9915957316086649,0.9883993845767014,0.988922359389761,0.990080529913865,0.9915006780115477,0.9915776857835468,0.992124983576716,0.9888308142827337,0.9922081867498435,0.9907571614172695,0.990008486440424,0.984810049959732,0.9835692481074142,0.9868862062416301,0.9904137088106659,0.991834413532704,0.9900074942745919,0.9871825102924937,0.9859272699360515,0.9849325553393902,0.9836778090146229,0.9823386681317583,0.9818269696464439,0.9832433620669914,0.9842702068981142,0.9884363548313916,0.989957842170636,0.9915115562369042
394860,254,"Midland, TX",msa,TX,,,,,,,,,,,,,,,,,,,,,,,,,,,,,,,,,,,0.9730413377472201,0.9777331932708785,0.9795828095431709,0.9797411992090354,0.9830359631809479,0.9850174011565623,0.985745241688992,0.9845949120288271,0.9850899395753564,0.9850977349772386,0.9855668422170506,0.9855697647516187,0.9832588976562541,0.9825098731300558,0.9821431102632929,0.986030858820493,0.9912391921538264,0.9929383263529606,0.9938587129153168,0.9893826254363454,0.98584331072056,0.9821000303099163,0.9807281645725134,0.9811518692769673,0.976840609111008,0.9758744891803929,0.9767738698695169,0.9832111597722654,0.9859352533691524,0.9890968336367111,0.9885254050652823,0.9891789584985462,0.9852778595974473,0.9854829878025755,0.9837947730149565,0.9824131758886786,0.9806448292927458,0.9802139146416476,0.9839128509173257,0.9856811975132587,0.9883631898504234,0.9875060578624305,0.9881131901937007,0.9859351560525588,0.9873702654197253,0.9862416207025358,0.9884546130336825,0.9887706752019243,0.9870597197402337,0.9850256544029916,0.9876218550367789,0.9900442564076556,0.9941850409474724,0.9902541533767645,0.9927769660445048,0.9919584642734168,0.9905112776489092,0.9869743556337264,0.9830602623563086,0.9871913526555277,0.9879337721616235,0.9885371419248292,0.9866870190777445,0.9882836110570018,0.9877669790854519
394671,255,"Hattiesburg, MS",msa,MS,0.969137572697173,0.9774811341484563,0.974033770729268,0.973574359586439,0.9758743667203982,0.9767161655460724,0.9793023947576787,0.9805052331716402,0.9802849401431183,0.9791852026423801,0.9749269512636146,0.9745275139621198,0.9724966533243737,0.9684462839827672,0.9721817928524447,0.9728901637903556,0.9805462913391167,0.9822124592317998,0.9807734824170998,0.9783855184338526,0.9780365873432378,0.978825749589976,0.9775569410022248,0.977544432304597,0.977736109791767,0.9822028493891061,0.9818003818558619,0.9823993968775531,0.982391642871402,0.9824227792504846,0.9844614419878801,0.9892250916764107,0.992812533763502,0.9934249359893382,0.9846483869284289,0.9778975367270517,0.9785366756316778,0.987313224692587,0.9964818114821415,0.9996249062265566,0.9996249062265566,0.9996249062265566,1.0,1.0,0.9985515514392476,0.9961360925020495,0.9961360925020495,0.9942619904843711,0.9966774494215692,0.9966774494215692,1.0,1.0,1.0,0.9967697893972404,0.9952959385961795,0.9909524185056305,0.9850990370651568,0.9808257614294361,0.9806858984808033,0.9847498649201719,0.9873223881823504,0.9902974755955894,0.9902919755713135,0.9891375744169123,0.9864307595710023,0.9875343165716921,0.9848789914310981,0.9845931752415793,0.9787714705510963,0.9797688876275322,0.9750661328163147,0.9775713108961533,0.9777102700729414,0.9805099822384283,0.9811740034024495,0.9802705123225124,0.9810198491807237,0.978503603696641,0.9799002956502484,0.9770700796142906,0.9787537042898001,0.9738782106879728,0.9753531486096111,0.975208823084095,0.9807033968531168,0.9827381830382175,0.9836086759140127,0.9809094038516045,0.9779480202932059,0.9789788303114495,0.9766974411137989,0.9779672823836401,0.9779672823836401,0.9806021792992293,0.9813272914612275,0.9766066386049815,0.9785976766696338,0.9783087015792867,0.9820054108078399
753869,255,"Bloomington, IL",msa,IL,,,,,,,,,,,0.9564958651815303,0.9546687063525893,0.9656190288061145,0.968421769605062,0.9732812976835543,0.973562905406966,0.9748921675683658,0.9738591389723119,0.9734323177283463,0.9730188087664793,0.9725461116375382,0.971160185115247,0.9692021138002254,0.9681393481088024,0.9698228741787314,0.9731278943076153,0.9755938939381926,0.9773962066482201,0.978738725994409,0.9808668310100858,0.9821522202625427,0.9822399462644661,0.9827247709250068,0.9838417840749522,0.9843946495504481,0.9833441048614215,0.9850150961221251,0.9899416827014237,0.9966659862556985,1.000256607646908,1.0011574103783742,1.0012963571617561,1.0013024235363874,1.0004016208049211,1.0002626740215392,1.0,1.0,1.0,1.0003336670003338,1.01096531177832,1.0251319784449866,1.0428468684762606,1.0433263348093857,1.029159668142719,1.011111111111111,1.0,1.0,1.0,0.9951173598446967,0.9903211967751524,0.9903211967751524,0.9952038369304557,1.0111279972982101,1.0164027760669647,1.0207050274569929,1.0097994006279845,1.0045246218592299,1.0002223704692017,1.0,0.9961240310077519,0.9916912374703996,0.9916912374703996,0.9956050938612989,1.0020853730595822,1.0020853730595822,1.004298567912013,1.0024698637843705,1.0024698637843705,1.0002187815332881,1.0,1.0,1.0,0.9977777777777778,0.995654853570576,0.9956548535705761,0.997996165944043,1.0002242138970752,1.000446584366277,1.000460880903041,1.0003557571572104,0.9967101889203377,0.9965768022323293,0.9965768022323293,0.9966666666666667,0.992719477337689,0.9886560580476781,0.9885357769949211,0.992482966323899,0.9965463856139097
394944,257,"Oshkosh, WI",msa,WI,,,,,,,,,,,,,,,,,,,,,,,,,,,,,,,,,,,,,,,,,,,,,,,,,,,,,,,,,,,,,,,,,,,,,,,,,,,,,,,,,,,,,,,,,,,,,,,,,,,1.0031190741828888
394555,258,"Eau Claire, WI",msa,WI,,,,,,,,,,,,,,,,,,,,,,,,,,,,,,,,,,,,,,,,,,,,,,,,,,,,,,,,,,,,,,,,,,,,,,,,,,,,,,,,,,,,,,,,,,,,,,,,,0.982976890082493,0.9897852824682093,1.0
394651,259,"Greenville, NC",msa,NC,0.9818661738753761,0.9860678223761831,0.9870112287491583,0.9887978496603682,0.9887147203943596,0.9885347939482907,0.9872927657429006,0.9839228686491541,0.9823063605279024,0.9827541188233572,0.9853255059894565,0.9867841564207095,0.9850675830237702,0.9887759426102027,0.9909180100507777,0.9968186838661272,0.9955926641421566,0.996297491215143,0.996297491215143,0.9944141292595136,0.9928458183705077,0.9871561970246178,0.9873112272688288,0.9903933476318434,0.9948350415450392,0.9971417653021742,0.9974106909442343,0.9986586183769282,1.0,1.0001041992289257,1.0001041992289257,1.0001041992289257,1.0,1.0,1.0,1.0,1.00010104071941,1.0009266841399778,1.0040687042971315,1.0101405030838946,1.013507731780727,1.010681412937082,1.0100199022735301,1.006345058316925,1.0061150745497451,1.000727846547156,1.000209818386361,1.0002371499411644,1.0061736551617384,1.0127096028741567,1.0226981426337194,1.0226981426337194,1.0214664106797693,1.0116214294659822,1.0056963798646414,1.000392164106173,1.0001355564592653,1.0,1.0,1.0,1.0,1.0,1.001277643673957,1.0026555096351564,1.0040160538528435,1.0027384101788863,1.0013605442176872,1.0,1.0,0.9932333039129156,0.9877425398333098,0.9833947791035337,0.990161475190618,0.9956522392702238,1.0,1.0,0.9979228162238986,0.9948762212418197,0.9948762212418197,0.9917178029236804,0.9893589925003538,0.9893589925003538,0.9911246197653965,0.9940931904907968,0.9878882842858906,0.9899026550393972,0.9915173466665111,0.997533356541158,0.9973139187408026,0.9927397563973882,0.9911970509960458,0.9893633209422683,0.9873181458569199,0.9854435097717574,0.9825206181270613,0.9847046056463041,0.9836812138334387,0.9847929178589306,0.9872135313887176
394428,260,"Burlington, NC",msa,NC,,,,,,,,,,,,,,,,,,,,,,,,,,,,,,,,,,,,,,,,,,,,,,,,,,,,,,,,,,,,,,,,,,,,,,,,,,,,,,,,,,,,,,,0.9880248100076949,0.988317430206811,0.9890759637087073,0.9859742799866877,0.9866283379903429,0.9852646434896659,0.9882090705447565,0.9839632289155683,0.9835984464040582,0.9814659308024192,0.986295682070229,0.988961625791695,0.9923119958672637
395210,261,"Waterloo, IA",msa,IA,,,,,,,,,0.9802616002207447,0.9705528623566669,0.9720538625253964,0.9707295789951914,0.9696063443265052,0.9699702388898749,0.9726609095323514,0.9757769657423134,0.9776883852683168,0.9784284648464788,0.9790995165048387,0.979199729665142,0.9756153574651498,0.9735613925986072,0.9691989482945899,0.9676058297376996,0.9678961986529945,0.974452144684173,0.9786055291160608,0.9823277506539961,0.9805790350489182,0.9814955361746985,0.9808487695194471,0.9807777330878525,0.9811950988421576,0.9799053337728649,0.9800155786740383,0.9796083194176823,0.9808511321553369,0.9845015405661974,0.9914447475349717,0.9972247055996154,1.0,1.0,0.9994501718213059,0.9947415196729833,0.9887994101667684,0.9831086530215978,0.9793897678146363,0.977405302435578,0.9811567857588462,0.9895843231141302,0.9975108979994035,1.0001802776275464,1.0001802776275464,1.0001802776275464,0.9950738916256158,0.990311986863711,0.9855631983950038,0.9831523049351375,0.9790806059472676,0.9771493676958679,0.9781865733470538,0.9870201770968284,0.9937002038169354,1.0,1.0,1.0,1.0,1.0,0.9969696969696971,0.9954191033138402,0.9851370413435748,0.9811793022393669,0.9809393393683342,0.9882318721936083,0.9952199143281192,0.9970104708550087,1.0,1.0,0.9963028265267071,0.9912738302763499,0.9822566293973622,0.9805819199163518,0.9773820910812129,0.9771303398891223,0.9765477152812011,0.9783474240977639,0.9876163761688422,0.9906101123087568,0.9922773238157854,0.9905115792601644,0.9870719410562582,0.9845887477789472,0.9804472325234271,0.9804991172625869,0.9805351524799694,0.9758590254597436,0.9750187275624036,0.9775224391153348,0.9851276566429786
394480,262,"Coeur d'Alene, ID",msa,ID,,,,,,,,,,,,,,,,,1.0,0.9974747474747474,0.994002148451416,0.9904933765215914,0.9882396565259359,0.9888137048246297,0.9865710388949894,0.9900777467848542,0.9929762975094919,0.9987277353689569,0.9981378026070763,0.9981378026070763,0.9981378026070763,1.0,1.0,1.0,1.0,1.0,1.0098039215686274,1.0100607269101785,1.0255921715555472,1.0196254143611456,1.0194619684935804,1.005283924659263,1.0014467602850374,1.0013534008110514,1.0,0.9998173515981735,0.9998173515981735,0.9998173515981735,0.9974981079441326,0.9974981079441326,0.9974981079441326,1.0,1.0,1.0,0.9955794888602082,0.9897823874109329,0.9803958321865632,0.9756208037202058,0.9725352451898587,0.9714112899037181,0.9731153918743803,0.9738548455222223,0.9772412465464188,0.9797658029346398,0.9848540487440923,0.9888103200628984,0.9894769751612339,0.9871986023502285,0.9857114424437766,0.9806596311845571,0.9769020554269813,0.9726284820723698,0.9735771581359817,0.9766319009330054,0.9821332805621864,0.9871865581546304,0.9881606746039976,0.9872438809526214,0.9872269613377119,0.9872806639368212,0.9865160175613985,0.9821191677839499,0.9823051910703443,0.9812712816394648,0.9846051086507277,0.9858163214986311,0.9893546960890331,0.9926395495654217,0.994693084918957,0.9945144494768146,0.9928271832546646,0.9897850889196125,0.988884537345068,0.986606184356011,0.9863134553182213,0.985276365329109,0.9828509253130585,0.9841433142482033,0.985496754553666,0.993032986437724,0.9949792194767108
394553,263,"East Stroudsburg, PA",msa,PA,,,,,,,,,,,,,,,,,,,,,,,,,,,,,,,0.9756113393825259,0.9887005649717514,1.002574040946134,1.0044362383390577,1.0044362383390577,1.0018621973929236,1.0,1.0030738064216793,1.0030738064216793,1.0031432798133704,1.0013214793220806,1.0013214793220806,1.0012520059303895,1.0,1.0,1.0,1.0,1.0,1.0,1.0001667500416875,1.0013791467985262,1.0013791467985262,1.0012123967568387,0.9988717562993606,0.9988717562993606,0.993844568446688,0.9941159141181929,0.9938098724634091,0.9889017399186688,0.9839232205368234,0.9804366473712354,0.9903719677686481,0.9962073851796283,1.0,0.9951690821256038,0.9951690821256038,0.9902920043909567,0.9916431484506507,0.9844676755217533,0.9840114199230671,0.9790664149767071,0.9814724125478941,0.9868057458812274,0.9937931394477687,0.9985626148054795,0.9985626148054795,0.9995453167626552,0.9995453167626552,0.9940160908542826,0.9900263296471827,0.9848394978487282,0.9833355936681972,0.9801038343443235,0.9750116646743492,0.9759098254380997,0.9756271094885213,0.9793701632445319,0.9805682753154006,0.9845940583567976,0.9861345677718528,0.9848985855199645,0.9817395236149037,0.9807418834957901,0.9790084730019629,0.9789064269792068,0.9789792994754776,0.9783309705046009,0.9826822868928549,0.9842977601782866
395007,264,"Pueblo, CO",msa,CO,,,,,,,,,,,,,,,,,,,,,,,,,,,,,0.9959473150962513,0.9959473150962513,0.9959473150962513,1.000040170322166,1.000040170322166,1.000040170322166,1.0,1.0,1.0000520996144628,1.002853220062642,1.002853220062642,1.0071612127795462,1.0045203115955845,1.0045203115955845,1.0001602192642174,1.0,1.0,1.0,1.0,1.0,1.0,1.0,1.0,1.0,1.0,1.0,1.0,0.9989247311827958,0.9928136200716846,0.9881447048646529,0.9850005643991566,0.9894835537409284,0.9941524689479602,0.9979838301126941,0.9996119518820334,0.9996119518820334,1.0,0.9969413348014927,0.9904688428921076,0.986870880297599,0.9868992355787354,0.9926625076299643,0.9916813456453483,0.990886971285594,0.9915961911437501,0.9961753157228747,0.9968275515334338,0.9968275515334338,0.9964881082204672,0.9967903195125536,0.9929005044772277,0.9906255687052271,0.9934958058797069,0.9917436988027907,0.9877227233226296,0.9838409462804926,0.9850384239482902,0.9916737785134186,0.9936672786082701,0.9974747803775551,0.9938498788803133,0.9913814384807509,0.9920183811559101,0.9905375204357924,0.9916579918279478,0.9865410081551654,0.9827838379968791,0.9824574640557099,0.9858428459968903,0.9906295053929365,0.9941921252887983
394392,265,"Blacksburg, VA",msa,VA,0.9786407219517583,0.9819888430876157,0.9870366753369645,0.9893903263854961,0.9895084845292853,0.9851244617416889,0.9834934044436406,0.98333245834504,0.9837184422339131,0.9841231852613769,0.9826695936532056,0.9837562626657471,0.9868591896503826,0.9876987306434332,0.9885037318360808,0.9872100919124165,0.9898475723798846,0.9903590946164794,0.9892258178275127,0.9870520117168233,0.9878755362510702,0.9907140497475053,0.9938154623024933,0.9923867775379143,0.9919032549385914,0.9926522023408498,0.9946402303904547,0.9974332446413476,0.9985580090622107,1.0,1.0,0.9981807155852032,0.9948743468127327,0.9948743468127327,0.9966936312275295,1.0,1.0,1.0,1.0017449143132204,1.0032371291209738,1.0032371291209738,1.0014922148077534,1.0,1.0,1.0,1.0,1.0,1.0,1.0000901144453456,1.0019368898024368,1.0078920405025549,1.011123254588622,1.0092764792315305,1.0033213285314126,1.0,1.0,0.9947435200290012,0.9883357784309889,0.9883357784309889,0.9894941824139346,0.9959019240119469,0.9959019240119469,1.0,1.0,1.0,1.0,1.0,0.9966244977820261,0.9916864687081836,0.9881590330978813,0.98709969478919,0.9889337676340763,0.9879829233316282,0.9924177638582933,0.9955217200872495,1.0,0.9989628283805051,0.9989628283805051,0.9949628283805051,0.9919558823529412,0.9867065385209202,0.9857864893204281,0.9848796117164008,0.9901289555484217,0.9921441390989502,0.9970951343500363,0.9970951343500363,1.0,0.9994788409422556,0.9948108405611943,0.9908305311378469,0.9888837105909204,0.9881976459164242,0.986781413090882,0.9840287469954291,0.9893828120509868,0.9940848629090545,0.9954578749039068,0.9954578749039068
395215,266,"Wausau, WI",msa,WI,,,,,,,,,,,,,,,,,,,,,,,,,,,,,,,,,,,,,,,,,,,,,,,,,,,,,,,,,,,,,,,,,,,,,,,,,,,,,,,,,,,,,,,,,,,,,,,,,0.9662708445959473,0.981568189556541,0.998850995995974
394731,267,"Kahului, HI",msa,HI,0.9686077277642487,0.9685318814266646,0.972271340470707,0.9719078069542433,0.9735993482734441,0.9745737945116453,0.9763504153974921,0.9760868915229904,0.9728000061430818,0.9700251595074021,0.9701328657833926,0.9688252316186157,0.9694900944588761,0.9686964116360556,0.9734778405246273,0.9765461922917527,0.9764120541294455,0.9760394386867365,0.9765335421252134,0.9787044104725523,0.9774158871329481,0.9763277520066116,0.9728645673227084,0.973413623742939,0.9709169051877259,0.9707356855797643,0.9673777398524446,0.9677725202346633,0.9670051598206456,0.9672079585725936,0.9679408792126704,0.9683196408468883,0.9718927606540259,0.9719418001798837,0.9720370079640722,0.971189204915242,0.9736626775257627,0.9800966039688114,0.9849459814884146,0.9879638748055855,0.9928206848264834,0.9964819456047526,1.0,1.0,1.0,1.0,1.0,1.0,1.0,1.0,1.0,1.0,1.0,0.9929824561403509,0.9879047518781566,0.9778645912355864,0.9769725305754616,0.9748888458140493,0.9771770684721234,0.9801847122075836,0.9802737795488939,0.9819651114727841,0.9808094229502718,0.9861335977694381,0.9855977126019738,0.9855947558481938,0.9800319612543112,0.9812617261854227,0.9783506276221502,0.9789501596831895,0.9789602683067172,0.9803777026394834,0.979292788234031,0.9779827392407953,0.9785925650874633,0.9801450689150443,0.9771615678784968,0.9723254851577986,0.9619026384649766,0.9612833904511762,0.9600648461214254,0.9639109999675793,0.9616066409861079,0.9594555813419735,0.9612891295442368,0.9612806669769413,0.9637725702678676,0.959417946963884,0.9612474960576227,0.9546100443852613,0.9566983389941711,0.9530832110742601,0.9521946706581478,0.9528706752279176,0.9481605416686735,0.9511626310210559,0.9478394541602032,0.9524431358433446,0.9540176856025648
394720,268,"Janesville, WI",msa,WI,0.9834047502794574,0.9892763183215463,0.9953722568200529,1.0004582826720247,1.0004582826720247,1.0005694308325228,0.9968616653930097,0.9901614978888221,0.9862280220625802,0.9879058036275717,0.9896019997100977,0.9839493555668488,0.9788520896655957,0.9809961945476959,0.9904711663566887,0.9971401334604385,1.0000574910888813,1.0000574910888813,1.0000574910888813,0.994445537040679,0.9914602468774466,0.9854531093527346,0.9850660178073872,0.9784666434338783,0.979396323631661,0.9853378781363293,0.9949225426730705,1.0,1.0,1.0,1.0001282544568424,1.0001282544568424,1.0002292951762524,1.00010104071941,1.00010104071941,1.0,1.00408615136876,1.0086414100959562,1.0243902986459121,1.0361958482777405,1.038732788132105,1.028172928492453,1.0188222047908253,1.0117617582890264,1.0065727293787223,1.0000317520797612,1.0,1.0,1.001938270379363,1.0056086073830333,1.0277463268301699,1.0348170654598159,1.0402945874485314,1.0248287171950932,1.0158197081860842,1.0073141099515661,1.0006422607578678,1.0006422607578678,1.0,1.0009870749059486,1.0009870749059486,1.0098249040363705,1.0156022314181838,1.0225438402381102,1.0139840205600097,1.0237736934423363,1.0206199634102886,1.0204791846427483,1.00392510947266,1.000137230684781,0.9953863898500576,0.9953863898500576,0.9953863898500576,1.0,1.0035017508754376,1.0095346903670237,1.0098313162916546,1.006329565416217,1.002242979661067,1.0019463537364361,1.0075328514555084,1.0055864977190723,1.002994038589963,0.9974075408708907,0.9982279297578905,1.000820388887,1.0069031139478273,1.0094960583941606,1.0095669954729718,1.0042408518188317,1.0008275184854982,1.0007565814066872,1.0,1.0,0.9926297577854671,0.9903811728432325,0.9946617727154295,1.0024468951129009,1.0046954800551355
394393,270,"Bloomington, IN",msa,IN,,,,,,,,,,,,,,,,,,,,,,,,,,,,,,,,,,,,,,,,,,,,,,,,,,,,,,,,,,,,,,,,,,,,,,,,,,,,,,,,,,,,,,,,,,,,,,,,0.9644602454626265,0.9703438452076704,0.9798518606858352,0.9818826087875312
394710,272,"Jackson, MI",msa,MI,0.9746134939830219,0.9795537665247164,0.985805260954003,0.9915371772978238,0.992571320843771,0.992262803921443,0.9883735765568643,0.9842154796213857,0.9848642486523431,0.9819063630185609,0.9799235672883243,0.9765035294310521,0.9768617309050979,0.982316216297475,0.9885592059999982,0.9961596403105303,0.9981807155852032,0.9958333333333332,0.9958333333333332,0.9904374317933794,0.9898793046594756,0.9839142013245983,0.9825017104788358,0.978327727861164,0.977046454384447,0.9838548467701633,0.9855040944077764,0.9927504712193708,0.9927504712193708,1.0,1.0,1.0,1.0,1.0,1.0,1.0,1.0,1.0001905850962454,1.0058403026103697,1.0123026749264006,1.0152698535412636,1.0097789418076697,1.0033165694916388,1.0001588057805304,1.0,1.0,1.0,0.9959509207082022,0.9959509207082022,0.9984109096342971,1.0101109531700685,1.0182253582475973,1.0157653693215025,1.0081144050775288,1.0,1.0,0.9924241727441245,0.9880522620073809,0.9874520219113426,0.994494903430784,0.994616978667692,0.993500255181743,0.9940332009181772,0.9982830364180125,1.0,1.0,1.0,1.0,1.0,1.0,0.9961559582646897,0.9961559582646897,0.9961559582646897,0.9957006229709573,0.9957006229709573,0.9957006229709573,1.0,1.0,1.0,1.0,0.9939117199391173,0.9908814169088141,0.9854078285668796,0.9874800443707343,0.9870515660390301,0.9897624602778876,0.9937785245349158,0.9972373058969229,1.0,1.0,0.998496532372954,0.9919035519579841,0.9912091075135397,0.9884178255065369,0.9878341767972324,0.9819694814567305,0.9791596928857627,0.9863363220100371,0.9928954617949833
395125,273,"State College, PA",msa,PA,,,,,,,,,,,,0.9852674250626773,0.9852674250626773,0.9933767726130495,0.9977678571428571,0.9977678571428571,0.9925431967457831,0.9915025174550101,0.9840748988404884,0.984193797020203,0.9815798737564352,0.9802336752598486,0.9794276593962623,0.9853144048079457,0.994088221919054,0.9975691279246429,0.9975691279246429,0.9951181475324861,0.9975490196078431,0.9939640316646899,0.9896122909684113,0.9850910788471993,0.9844903742484957,0.9858993823398126,0.9827443906927064,0.9869300832345633,0.9880914088067662,0.9957676125750844,0.9957676125750844,1.0,1.0,1.0,1.0,1.0,1.0,1.0,1.0,1.0,1.003438596491228,1.0134762890510445,1.019962540671777,1.0211859488425536,1.0111482562827374,1.0046620046620047,1.0,0.9964485032978184,0.9964485032978184,0.9934789413082119,0.9934271409232439,0.9934271409232438,0.9968525480760974,1.000455845163247,1.000455845163247,1.0,1.0,1.0,1.0,1.0,0.9987720312399135,0.9941657514648415,0.9904344081812595,0.984441319405823,0.989047599180895,0.9927789424644771,1.0,1.0,1.0,1.0,0.9970304380103935,0.9908810746822487,0.9897681086277133,0.9871570338257412,0.9933063971538859,0.990550643615444,0.9951692794450219,0.9940037782795205,0.9978724978724979,0.9988344988344989,0.9986391780635504,0.9986391780635504,0.9986391780635504,1.0,1.0,0.9948630136986302,0.9910213169174521,0.9910213169174521,0.9961583032188219,1.0,1.0
395079,274,"Sebastian, FL",msa,FL,0.9648960434265456,0.9639598190322828,0.9642466057800808,0.9638484532080152,0.9617516109577201,0.9614308608563807,0.9620082850061085,0.9647891060495836,0.9636028569426025,0.9630896638190296,0.9607675385759841,0.961988939884074,0.9613266004986167,0.9628351448592963,0.9644269468520318,0.9642165919464047,0.9654021212176547,0.9639280587413094,0.9637673331389608,0.959017561269263,0.9601066826415972,0.9638009874598872,0.9654336405211117,0.9637958508291812,0.9605579143653488,0.959943400518573,0.9629559185102674,0.9655365636715577,0.9645789957757197,0.9638090590816257,0.9655527382446598,0.9706542317519794,0.9735142014374473,0.973205497028515,0.9734856090733329,0.9727815045224388,0.9765895760671018,0.9823398006852511,0.9888974888062645,0.9944071306795429,0.9981807155852032,1.0,1.0,0.9977625310562218,0.9977625310562218,0.9977625310562218,1.0,1.0,1.0,1.0,1.0,1.0,0.9988153077892813,0.9939382300546343,0.9866475599862454,0.9804907558383137,0.9762761731051534,0.9732511195098974,0.9714523409387992,0.9692232466896252,0.9711532261184694,0.9721182218973432,0.9743290803865717,0.9728491700163326,0.9717769684561182,0.9736796574766634,0.9750657168565681,0.9749499016875075,0.972462850878309,0.9704502786664931,0.9684314607255047,0.9666971473133389,0.9671028838505018,0.96803718496716,0.9678811269806319,0.9684910580224685,0.9676298178900947,0.9669252218121961,0.9623600113402125,0.9627608589683431,0.9654577583222524,0.9684283255666563,0.9678422779018164,0.9681012707075719,0.9688549534756432,0.9703492063492064,0.9679323850752422,0.9653051420312332,0.9627265256790318,0.9630934446878471,0.9627048147159831,0.9629790419522011,0.9631395714850021,0.9647838740263146,0.964292408947767,0.9612998553673792,0.9599898146645068,0.9602856688590378,0.9620811568955377
394814,275,"Madera, CA",msa,CA,0.9870647634606388,0.9873973623048578,0.9840845758899276,0.9898929935917926,0.9914983133549921,0.9918423146620242,0.9859943614456501,0.9836084114455913,0.9817067871288475,0.9804502021402052,0.9799544248173756,0.9783185200433957,0.9779742686767176,0.9766664628362407,0.9797586087855296,0.9811953743091278,0.9830948166443175,0.9826113540854712,0.9852816905813535,0.9886637322128724,0.9947130574804386,0.9908792721037548,0.9834887799527608,0.9796205660005133,0.9848533474252075,0.9876403060694168,0.985711418572389,0.984430813422152,0.9909796018962842,0.9959067031664643,0.9991299998209046,0.9941963671092395,0.9941368448684768,0.9941368448684768,0.9990704775801419,1.0,1.0,1.0,1.0000860792989357,1.001356727329431,1.001357005107672,1.0013199526264056,1.00004930459591,1.0001899314252498,1.0001409046075806,1.0001409046075806,1.0,1.0,1.0,1.0000008032167222,1.0003187164448029,1.0032172671694404,1.0032164639527181,1.0028985507246377,1.0,0.9970140161830031,0.9917185869745304,0.9857976778154395,0.9852180137223154,0.9892689197649448,0.9907453844795914,0.9943110323897124,0.9955555555555556,0.9992673992673993,0.9965227530218043,0.9965227530218043,0.9940346676304932,0.9967793138760882,0.9896871152945278,0.9888061381560987,0.9839199567616621,0.9910121553432224,0.9928737908507235,0.9977599722451601,0.9970918370374048,0.9961701665085951,0.9961701665085952,0.9922086720867208,0.9925274421543078,0.9898367283146507,0.9909966475780183,0.9914029689760987,0.9890041496835495,0.9924738600498116,0.9949104668677938,1.0,1.0,1.0,0.999117387466902,0.9964050840556372,0.9920029705243865,0.9899099825058167,0.9926222859170816,0.9928577327816658,0.9958333333333332,0.9932359307359307,0.9974025974025974,0.9965700953213422,0.9991674979187448
394523,276,"Decatur, AL",msa,AL,,,,,,,,,,,,,,,,,,,,,,,,,,,,1.0,1.0,0.9990766389658358,0.9919418489782408,0.9906369337977274,0.9909577451192576,0.9980925351068525,0.9993974502873657,1.0,1.0,1.0,1.0,1.0,1.0000529268550864,1.0000529268550864,1.0000529268550864,1.0,1.0,1.0,1.0,1.0,1.0,1.0,1.0,1.0,1.0,1.0,1.0,1.0,0.9944860449285228,0.9869473136741744,0.9794002727289159,0.9785505914367568,0.9802795638150847,0.9869096559738763,0.9903620841861298,0.9961718430621502,0.9960003564744676,0.9989115646258503,0.9989115646258503,0.9955699738668109,0.9887615814810946,0.9887615814810946,0.9901559563183339,0.9915860804101809,0.9898237006565568,0.9866877241563543,0.9880458682757766,0.9858866794019495,0.9873837768354982,0.9845424921220736,0.9838364011750564,0.9797856437367528,0.9744203019762362,0.9694606334973487,0.9718395629782136,0.9730544134594982,0.9761057938004355,0.9749125629427051,0.9815954686458171,0.9820597709423277,0.9847940252176784,0.9813792674817403,0.9801991812511307,0.977985503909529,0.9823601923595047,0.9841474431317052,0.9788530508140862,0.9746089479908829,0.9750055617866314,0.9807689416408235,0.982470330133035
394453,277,"Chambersburg, PA",msa,PA,0.9808169433542879,0.9834907931799095,0.9882269884832858,0.9925425267277915,0.9894629521141153,0.9914642863369306,0.9864867717028587,0.9863737130816236,0.9812833146262964,0.9824366838410175,0.9840417039085011,0.9850434430137102,0.9857059908183398,0.9850721027167048,0.9824927343003879,0.985307065183961,0.9875847731460632,0.9890848422561677,0.9874545216438747,0.9847796941332166,0.9835425286902679,0.9871461322938716,0.9935948759007206,1.0,0.9983902495113258,0.9983902495113258,0.9983902495113258,1.0,1.0,1.0,1.0,0.9996633608282023,0.9996633608282023,0.9996633608282023,1.0,1.0,1.0,1.0,1.0,1.0,1.0,1.0,1.0,1.0,1.0,1.0,1.0,1.0,1.0,1.0,1.0,1.0,1.0,1.0,1.0,1.0,1.0,1.0,1.0,1.0,1.0,1.0,1.0,1.0,1.0,1.0,1.0,1.0,1.0,0.9998112495281237,0.9998112495281237,0.9998112495281237,1.0,1.0,1.0,1.0,1.0,1.0,1.0,1.0,1.0,1.0,1.0,1.0,0.998193315266486,0.998193315266486,0.998193315266486,1.0,1.0,1.0,1.0,1.0,1.0,0.9970247533562683,0.9970247533562683,0.9970247533562683,0.9955555555555556,0.9955555555555556,0.9955555555555556
395193,278,"Vineland, NJ",msa,NJ,,,,,,,,,,,,,0.9715135094427851,0.9746208021001488,0.992365234635578,0.9979455017460609,0.9908822116273054,0.9849411637463379,0.9830726751703356,0.9840264536002695,0.9827050144499639,0.9777889731974921,0.9777766335740355,0.9850391206053088,0.9891677788442279,0.9913027804677634,0.9853503995153826,0.9847630878598812,0.9885936722773532,0.9945460532297341,0.998861047835991,1.0002782415136338,1.0002782415136338,1.0002782415136338,1.0,1.0,1.0,1.0,1.0,1.001675041876047,1.0106866696614742,1.0163662561059583,1.017316210794052,1.0083045830086246,1.0028108589745066,1.0001858624103657,1.0001858624103657,1.0,1.0,1.0026704545454546,1.0103924622674623,1.0198895944536701,1.017415333747729,1.0096933260257213,1.0001961938395134,1.0,1.0,1.0,1.0,1.0,1.0,1.0,1.0,1.0023980815347722,1.002537028318154,1.002537028318154,1.0001389467833819,1.0005779615690404,1.0007392675344915,1.0007392675344915,1.0001613059654508,1.0,1.0,1.0,1.000070937078811,1.000070937078811,1.000243785079082,1.000172848000271,1.000172848000271,1.0000006666693333,1.0000006666693333,1.0000006666693333,1.0,1.0,1.0,1.0,1.0,1.0,1.0,1.0,1.0,1.0,1.0,1.0,1.0,1.0,1.0,1.0000213702611447,1.0000213702611447
394703,279,"Idaho Falls, ID",msa,ID,,,,,,,,,,,,,,,,,,,,,,,,,,,,,,,,,,,,,,,,,,,,,,,,,,,,,,,,,,,,,,,,,,,0.9904265575337291,0.9936829885103918,0.9885547833821867,0.9906719920542734,0.9859879410059339,0.9882423693473186,0.9867544546813916,0.9942832949971172,0.995883881532937,0.9985103595325494,0.9985103595325494,0.9997835497835498,0.9976389352934625,0.9943221036102942,0.9911127982957257,0.9903714098998102,0.9877358606305976,0.9883412802341356,0.9914437333365888,0.9973961142889697,1.0,0.9969537400360308,0.9946900162103375,0.9911688894497742,0.9900260410953711,0.9899954351931064,0.9907154415054905,0.9894915114618952,0.9867448834078746,0.9856128671795544,0.9865126882623473,0.9915536460443257,0.994866339103639
394639,280,"Grand Junction, CO",msa,CO,0.9889521132803711,0.9928914767604381,0.9965364726860918,0.9972791330617987,0.9956787245123945,0.9933161617324299,0.9903500695269923,0.9889424412989977,0.9862793708239179,0.9851334063987854,0.9843203051707464,0.9829205446327302,0.9847687100110379,0.9888390014074454,0.994448068669894,0.9940443035205174,0.9922394465823893,0.9897217731078732,0.9902980492523811,0.9904582828437584,0.9885323522472786,0.9873620117290723,0.9849637267149031,0.984569714528707,0.9847055406823276,0.9883891109817821,0.9922115519380843,0.9963907203907204,0.9974870605377223,0.9993185623692241,0.9993185623692241,1.0,0.9987434263434679,0.9980301391017891,0.9958796014673804,0.9971361751239125,0.9978494623655915,1.0,1.002918303191304,1.005192475479433,1.0060127881156051,1.0030944849243013,1.000820312636172,1.0,0.9974554707379135,0.9974554707379135,0.9960262187131398,0.9985707479752263,0.9985707479752263,1.0,1.000067353674143,1.000067353674143,1.000067353674143,0.996980340207695,0.9944837893734434,0.9903040610557841,0.9869232118455068,0.984086087991245,0.9833638555245905,0.9837037584665668,0.9851227066112574,0.988290813906191,0.9921192771096541,0.9960340036534769,0.9953406726768378,0.9956447406344497,0.9934837465771834,0.9918520682661253,0.9930042684767378,0.9906196911275815,0.990619937626651,0.986235573315026,0.9882679375613727,0.9923265538393808,0.9952490433765272,0.9977622505366032,0.9959457201097185,0.9962913795110592,0.993260990255621,0.990759731390623,0.9882073770082349,0.9880667739525183,0.9854607254600288,0.9866079131821192,0.9859766241244529,0.9889637703365582,0.9906433800000888,0.9908767819970329,0.9925696318878874,0.9902708298605493,0.9882558374229226,0.9865833867526637,0.984210527662725,0.9849434190800719,0.983292557639119,0.986017325931984,0.9887159920427746,0.990242741794994,0.9908194946714025
394563,281,"Elizabethtown, KY",msa,KY,,,,,,,,,,,,,,,,,,,,,,,,,,0.974742504958301,0.9839858587415319,0.9872993285075067,0.9913714446308907,0.9949697820964305,0.9953509522889213,0.9973046970243279,0.9977963391088904,0.9991304347826087,1.0,0.9959156455780612,0.9959156455780612,0.995503927368235,0.9995882817901739,0.9995882817901739,1.0,1.0,0.9990562475397601,0.9943481496113232,0.9943481496113232,0.9952919020715632,0.9935076543403664,0.989176035815514,0.989176035815514,0.9956683814751477,1.0,1.0,1.0,0.9921345267154869,0.9877227620096045,0.9785535483391405,0.9794014777640045,0.9749659616866381,0.9760059977601374,0.9777325363287813,0.9788260759319106,0.9841202211441242,0.9843540963123995,0.9921078374925187,0.9919577952504041,0.9920867813668561,0.988886013243372,0.9821659740217868,0.9801496735836205,0.9748811619760112,0.9765017974933788,0.9834462419378234,0.9873772239936368,0.9937112832168111,0.9937112832168111,0.9945579130757704,0.9963083321836791,0.9904757876856944,0.9923607707685015,0.9869456083136278,0.9846480715107994,0.9849461013292743,0.9845133105677738,0.9839477396946738,0.9772994320304167,0.9790527892146065,0.9866766300273193,0.9906413651014031,0.9896701050039015,0.9838690641314249,0.9835093577380932,0.9840499563785804,0.9835888305335985,0.9815721304439068,0.9785086287546235,0.9798415265506452,0.9805480218689797,0.9881367810474618,0.9924458139527724
394917,282,"Niles, MI",msa,MI,,,,,,,,,,,,,,,,,,,,,,,,,,,,0.9733917796897676,0.9842605107438329,0.9856283634061412,0.9862623965856324,0.9842136283603935,0.9892992834460487,0.984927912501442,0.9820200512347353,0.9761934609371551,0.9759159437389062,0.9811505826831731,0.9921479281515083,1.0002780094523214,1.0024639392767682,1.002556583338284,1.002556583338284,0.9980805651101363,0.9979879210486207,0.99410265216929,0.9886871125061476,0.9799151826815863,0.9838004515609168,0.9912280701754387,1.0,1.0086204874939513,1.0086204874939513,1.0086204874939513,0.9962859795728877,0.992461412100574,0.9864442512447034,0.9825026830462987,0.9798348432071098,0.9800939947491724,0.9816964388173895,0.9811713022692432,0.9869293115830512,0.992425042539459,0.9994425863991081,0.9964995834561051,0.9896829561847303,0.9845925577294029,0.9785699545596424,0.9787913952614061,0.9785717161973536,0.9780135127863078,0.9764928806335783,0.9763620053435842,0.9858858148673938,0.9924140603944765,0.9941513095001467,0.9941513095001467,0.9883957979239287,0.9851343274982791,0.9770769295282072,0.9740992498699054,0.9718487343450767,0.9733701846027302,0.977311271579263,0.9841492453905124,0.9865695372496162,0.9901167977952786,0.9871181695521895,0.9844770686487472,0.9808493552975727,0.9778939910583858,0.9781117672493922,0.9726991232847148,0.9707744213535129,0.9703066709363726,0.9733673177094047,0.9805300824808652,0.9858141605783123
394873,283,"Monroe, MI",msa,MI,0.9757743061437502,0.9785936155400939,0.9810747462368922,0.9878311489647258,0.9926279169695196,0.9963485045158159,0.9928639660892582,0.9864874865634752,0.9815434375128685,0.9770376558806694,0.9789562855776245,0.9769669264043636,0.9805213246483387,0.9788060517229177,0.982905458698626,0.9846886030313605,0.9866438669640011,0.9877491873720392,0.9883528579611619,0.9878814288813619,0.984154958293947,0.978721633409879,0.9743287414189291,0.9744634089750533,0.9773310014125863,0.9835357421420116,0.9868712607290995,0.992168228308668,0.9960460009160822,1.0,1.0,1.0,1.0,0.9990051523505663,0.9973158437713487,0.9973158437713489,0.9983106914207824,1.0001333866880084,1.0016437686734803,1.0057638393032624,1.005630452615254,1.0041200706297821,1.0001710845748015,1.0001710845748015,1.0001710845748015,1.0,1.0,1.0,1.0,1.0075968130442838,1.014635183948201,1.0190234584786557,1.0114266454343719,1.004516528987297,1.0001282544568424,1.0001282544568424,1.0,0.995848226467858,0.995848226467858,0.9887206316627036,0.9910654484937155,0.991204455660378,0.9983320504655325,1.0002916692013022,1.0003685295644231,1.0004969741743281,1.0003443121396887,1.0001284446099052,1.0,0.9957791735515578,0.9917943732474264,0.9870044410298089,0.9912252674782511,0.9952100677823826,1.0001588057805304,1.0001588057805304,1.000292192468539,1.0001333866880084,0.9991810057356275,0.9990476190476191,0.996593688603182,0.997546069555563,0.9959204083690972,0.9983743388135342,0.9983743388135342,1.0,1.0023659806207896,1.0023659806207896,1.0023659806207896,1.0,1.0,1.0,1.0,0.996356672420671,0.996356672420671,0.9947887137165864,0.9984320412959153,0.9984320412959153,1.0
395066,284,"Santa Fe, NM",msa,NM,0.9726683962642876,0.9757552906438415,0.977454111671455,0.9808070073554921,0.9823513611346342,0.9822206421803857,0.9795380503857595,0.9784362139917695,0.9771666589284892,0.9782493294843334,0.976358001731823,0.9751021576659307,0.9728455510702502,0.9767899353394848,0.9819963903100906,0.9862218102742034,0.9858695434891183,0.9843496076368622,0.9838424834923204,0.9810564224428518,0.9797592480319058,0.9764865591364282,0.9757996785555236,0.9759166307805396,0.9802740881613422,0.9817684151869511,0.9821097443725973,0.9823820644534308,0.9836768384790983,0.984502136145875,0.9863583140556789,0.9884947312184731,0.9904054416467613,0.9928782680659619,0.9916967327365408,0.9920078948705111,0.9881983710609873,0.9928932067417384,0.9961904761904762,1.0,1.0,1.0,1.0,1.0,1.0,1.0,1.0,1.0,1.0,1.0074831444024597,1.0088616002221762,1.0107237976151,1.00324065321264,0.9996841292060544,0.995224529215728,0.995224529215728,0.993183188119897,0.9912415836251011,0.9862849541331555,0.9840941070055996,0.9814063220883975,0.983209518072148,0.9896197744824046,0.9964812696881523,0.999634703196347,0.999634703196347,0.9957555178268253,0.9903791737408035,0.985728010950106,0.9835622367130245,0.9820814379419031,0.9803833943833943,0.9810757637080038,0.9879329065651467,0.9921726102766472,0.9966373645302141,0.9944868268958055,0.9895864189703012,0.9861380943505713,0.9840647725508309,0.980861126939482,0.9764404723445201,0.970397279726988,0.972172017336146,0.9750635997879025,0.98042588880729,0.9832880750702854,0.9843705995172957,0.9831403932244359,0.9825584420010524,0.9803766042171204,0.9774168367001685,0.9753437129088844,0.9748914546735064,0.975071462833441,0.9754695760169846,0.9766934425001413,0.9818022685931393,0.9848252993589384
394493,285,"Concord, NH",msa,NH,,,,,,,,,,,,,,,,,,,,,,,,,0.9945537401356007,0.9945537401356007,1.006540977298961,1.0066298898978763,1.006669245890721,1.005276587138148,1.0052918737681584,1.0068851787501145,1.0018185924846845,1.0024657683291378,1.0010068125575773,1.0036155682729826,1.0067202854277888,1.0177322625511709,1.03190588191504,1.0458662506156449,1.0495954832039376,1.0421086652209943,1.0314093214093212,1.0223423597107808,1.017131737000158,1.0160514670092036,1.0117644617139305,1.0198608942668848,1.0287088046967126,1.05023578404995,1.0558588636921178,1.0616230736877499,1.0484021562804209,1.03820828511094,1.0196805296805296,1.0105176653998673,1.0028652523085289,1.0007743275981622,0.9957425761626021,0.9957026815616329,0.9961567984388182,1.0076916114952381,1.0184031103957134,1.0270222040200394,1.0314880891823102,1.0239262057121674,1.0203937384404789,1.0124753368080297,1.0093457395760594,1.003774708935391,1.000020018198362,1.0005869275233437,1.0065781252434158,1.0066614794152922,1.0169559748168497,1.0198267583199065,1.0268296901005103,1.0163927708872151,1.0076138908604413,1.0005276049079612,1.0000919807045003,1.0000088795081454,1.0000088795081454,1.0,1.002728892776051,1.0028072593829476,1.0040020025131746,1.0020831740839191,1.005438471485596,1.004243728355369,1.0034336640085735,1.0,1.0,1.0,0.9970297629872098,0.9970297629872098,0.9970297629872098,1.0,1.000055148717997
394314,286,"Alexandria, LA",msa,LA,,,,,,,,,,,,,,,,,,,,,,,,,,,,,,,,,,,,,,,,1.0,1.0,0.9942479148691401,0.9911576217479147,0.9890460280943558,0.9947981132252157,0.991352345320089,0.9862175621620536,0.982708790232229,0.9825446837543935,0.9897910605659878,0.9932998324958123,1.0,0.994983805445762,0.9881810843573265,0.9802414969128502,0.9779710420907759,0.9761025920080403,0.9757058688654022,0.9718814071306032,0.9741652230998691,0.9725495487992412,0.9770593527208097,0.9808155399295245,0.9857403369645943,0.9858056964417186,0.9843233343699674,0.9821041454110458,0.9804573621997695,0.9740307078114832,0.9717249546804462,0.9703838760803314,0.9778453032574531,0.9808614854876659,0.9827180533016805,0.9774524978856479,0.9756479591712771,0.9739765311650439,0.9708265909836195,0.9773422598921604,0.9807855210910571,0.9858475967947783,0.9829734439140562,0.9825331734172934,0.9855167401229217,0.9856386690291975,0.9839440450127888,0.9822644503487972,0.9792657342657343,0.9808857808857808,0.9773559773559773,0.9834096649165142,0.9898199213267707,0.9927472709589913,0.9903517952352163,0.9811374907852866,0.9832388449189287,0.978756854876543,0.9837652203379251,0.9813429011717779
395163,287,"Traverse City, MI",msa,MI,0.9692449524827974,0.971772047325382,0.9798472062074124,0.9839540291839995,0.9820355664172727,0.977879952540374,0.9802682944393184,0.979070874143877,0.9740793456352131,0.9690348620840586,0.9717688356180322,0.9763283308449537,0.9799633475048365,0.9782821027546841,0.975333693543241,0.9786002573569316,0.9863590402651997,0.9894469957165949,0.9863447071244767,0.9801267704397555,0.9764150981357279,0.9736139617864875,0.9715181940565877,0.9742954613900423,0.9754040348845008,0.9774097801795071,0.9842701110760057,0.98896159870794,0.9953594428417403,0.9916543668876833,0.9949399104958075,0.99511512870763,0.998820204661687,0.9963561285637311,0.9949519445738787,0.9949519445738787,0.9974160206718347,1.0,1.0092272202998847,1.0140849405053174,1.0143232059330038,1.0050959856331192,1.0002382654276865,1.0,1.0,1.0,1.0,1.0,1.0,1.0026666666666666,1.017159420289855,1.0232200263504612,1.0205533596837943,1.006060606060606,1.0,0.9962077925726165,0.9920083175069997,0.9822153081509496,0.977807872084572,0.9820073471501888,0.9909628355682155,0.9991624790619765,0.9991624790619765,1.0,1.0,0.9980392156862745,0.9929014769673291,0.9874814227667872,0.9845039354755744,0.9829277740595669,0.9804815549071099,0.9804859930224161,0.9871998931573689,0.9900389786576952,0.9949728121473274,0.9949728121473274,0.9971929824561404,0.9943207693371846,0.9903545682680347,0.9874814536947953,0.9820861210187949,0.9766056284307246,0.9728544944718021,0.9754879135563984,0.9781216852486595,0.9849441132763972,0.9905782399867572,0.9949818878358551,0.993839207443158,0.990562925427331,0.9840833106543032,0.9804274216878768,0.9751011951011951,0.9756047940227592,0.9725887718327765,0.973439342450789,0.9785646487180321,0.9829274722548162,0.9882941985517751
394359,288,"Bangor, ME",msa,ME,,,,,,,,,,0.9645537368079639,0.9600282386654445,0.9608171861018691,0.9697650251242466,0.9784437963929459,0.9850480594705201,0.9830669744259982,0.9882306569997529,0.9848795482198479,0.9825147791997337,0.9809669222433165,0.9816693849296078,0.9806794830911579,0.9794525671757149,0.9865077463116517,0.9948222256189929,0.9929770853486165,0.9885922024789924,0.9822126171520386,0.9888630923248374,0.9936204146730462,1.0,1.0,0.9975333599660697,0.9902606326933426,0.9891828376784885,0.9834990610406681,0.9900502875918947,0.9911280826067488,0.9993201763644374,1.0000416770859382,1.0000416770859382,1.0,1.0,1.0,1.0,0.9971014492753624,0.9930523705245605,0.9930523705245605,0.995950921249198,1.006174942509156,1.006174942509156,1.010723350566336,1.00454840805718,1.00454840805718,0.9959002096203063,0.9958180279410458,0.9891999703327429,0.9891744742342089,0.9842371699482975,0.9852005951077096,0.9833004923748145,0.9830289730489811,0.9886836054978719,0.9947089947089948,1.0,0.9981476336019265,0.9981476336019265,0.9937403387690997,0.990641709916087,0.984581103855481,0.983895020080498,0.9888460153315841,0.9903954647071204,0.9954888433149303,0.9954888433149303,1.0,1.0,0.9971014492753624,0.9894055152390077,0.9818829202988614,0.9773740636160917,0.9776709267267244,0.9752582012694578,0.975002773427823,0.9763502202952519,0.9822198978437519,0.9898827330927941,0.9959343571510871,0.9960629311012944,0.993943164275645,0.9876538560995445,0.9828177771751297,0.979920807564004,0.9778301620873343,0.9801483749953123,0.9741614435427907,0.9763322877235437,0.9728519022412735,0.9749567937123275
394685,289,"Homosassa Springs, FL",msa,FL,0.9614550478766257,0.9629152268113449,0.9640362309013235,0.9672834344646949,0.9665234335729882,0.9671139685822424,0.9645567989257365,0.964637136148167,0.9649268717968112,0.9646764379839644,0.9603311201913325,0.9559374384059911,0.9568467965249083,0.9629220519554528,0.9671155898565811,0.9661760133263891,0.9658240493828006,0.9652438726341027,0.9662043496404076,0.9652553046385082,0.9663328908454046,0.9671159342094465,0.9662619922096661,0.9647522388237757,0.9654112212622304,0.9689457810252363,0.9677218294368557,0.9675067176041207,0.9683787120806208,0.9743657830157888,0.9774282861737751,0.9787135809391511,0.9785236526042262,0.9792090739289265,0.9796966034551179,0.9794493981852804,0.9794120361632764,0.9844365355420193,0.9920369698525513,0.9987744993787427,1.0,1.0,1.0,1.0,0.9990190957101138,0.9990190957101138,0.9930645881478891,0.9936980892764066,0.9936980892764066,0.9996525968386312,1.0,1.0,0.9968627450980393,0.9910338282411665,0.98455126891757,0.9787934939670683,0.9743908564625207,0.9704920824527837,0.9687570732323928,0.969686302012418,0.9712356505201681,0.9724428391807717,0.9741232915559458,0.9766659682054283,0.979257647920961,0.9794403222716745,0.9786250922427585,0.9792445744513386,0.9753494095768106,0.9733310670011924,0.9706735322838228,0.9724299165254703,0.9726704984524596,0.9694915288868815,0.9724028417086035,0.9731573767105686,0.976356011959529,0.9748925973253826,0.9740314139536747,0.9749914251247137,0.9730067977178362,0.9724719354174152,0.9672744554959767,0.9662034818770452,0.9652081880453527,0.9687714047940664,0.971428263698248,0.9733463489740589,0.9725039633327127,0.969587654620366,0.9686648631762474,0.9684454727558176,0.9673004175784401,0.9639204425694706,0.9644935125105004,0.968092196237317,0.9684503241081935,0.9671486535038372,0.9656144798168418
394662,290,"Hanford, CA",msa,CA,,,,,,,,,,,,,,,,,,,,,,,,,,,,,,,,,,1.0001025956704626,1.0001025956704626,1.0001025956704626,1.0000595450756222,1.0000595450756222,1.0063488532517229,1.008586647769215,1.0179837756892731,1.012315625081373,1.01879021531282,1.0112552847856857,1.010634127217485,1.0018621973929236,1.0000387687059005,1.0031637687059005,1.0047747490270402,1.004819334493016,1.0060860081497232,1.0070996772074832,1.0070163230356068,1.0026246493788997,1.0,1.0,0.9977258852258851,0.9977258852258851,0.9933508084162502,0.995624923190365,0.995624923190365,1.0,1.0,1.0,1.0000333400013337,1.0000333400013337,1.0000333400013337,1.0,1.0,0.9966583124477862,0.9966583124477862,0.9966583124477862,1.0,1.0,1.0,1.0,1.0,1.0,1.0,1.0,1.0000827277646915,1.0000827277646915,1.0000827277646915,1.0,1.0,1.0,1.0,1.0,1.0,1.0,1.0,1.0,1.0,1.0,1.0,1.0,1.0,1.0,1.0
394723,291,"Jefferson City, MO",msa,MO,,,,,,,,,,,,,,,,,,,,,,,,,,,,,,,,,,,,0.983466624696835,0.9906324265253499,1.0,1.0,1.0,0.992884320948353,0.9923071758925622,0.9923071758925622,0.9994228549442093,1.0,1.0,0.9975467295164945,0.9975467295164945,0.9975467295164945,1.0000641272284212,1.0000641272284212,1.0001791094061836,1.0001149821777624,1.0001149821777624,1.0,0.996078431372549,0.9917306052855924,0.9835970534861214,0.9763879835664135,0.9765107707385381,0.9828098588729607,0.9939404974201195,0.9981655363349514,1.0,1.0,1.0,1.0,1.0,1.0,1.0,0.998798076923077,0.9965742073900895,0.9965742073900895,1.002686774815855,1.0049106443488425,1.0049106443488425,1.0000926898796223,1.0000926898796223,1.0000926898796223,1.0,1.0,1.0,0.9945355191256832,0.9903437082053843,0.9903437082053843,0.9958081890797011,1.0,1.0,1.0,1.0,1.0,1.0,0.9974743648027479,0.9969408180507138,0.9969408180507138,0.9994664532479659,1.0,1.0,1.0
394598,292,"Florence, AL",msa,AL,,,,,,,,,,,,,,,,,,,,,,,,,,,,,,,,,,,,,,,,,,,,,,,,,,,,,,,,,0.9773573398951899,0.9656823339385543,0.9711266534436271,0.9703351646686388,0.9749056324202577,0.9720755434221185,0.9828916989610318,0.9899962371660486,0.9974752221717599,0.9962257383267636,0.9872170019222756,0.9887432852681687,0.9827234422119361,0.9842905568560957,0.9782202963935455,0.9825194396471638,0.9821286723426029,0.9787994946011459,0.9756377209591429,0.9760738457642856,0.9774631593154384,0.9796510282859634,0.9781038333976126,0.9800910390597877,0.9795370930097947,0.9757429417763164,0.9722706393057811,0.9690864112289089,0.9732525230676398,0.974287549552512,0.9758035439828402,0.975577992557117,0.9723456693247939,0.9734532524501874,0.9714508532631423,0.9722693833920172,0.9703947425494232,0.9711607468889832,0.9701239257964446,0.9692726411233675,0.9674817812508495,0.9721156744945536,0.9750500312697148
394537,293,"Dothan, AL",msa,AL,,,,,,,,,,,,,,,,,,,,,,,,,,,,,,,,,,,,0.9858976335618334,0.989408361328854,0.989408361328854,0.9907478550390575,0.9951338199513383,0.9922520203816173,0.9967608022887493,0.9885900502460613,0.9790143186719544,0.9770450532490355,0.9827032424776533,0.990976673203071,0.9933033367675197,0.99581589958159,0.9979736575481256,0.9950671254997854,0.992560859835625,0.9844477853039759,0.9764699636108195,0.9740935632081035,0.9737736805099534,0.9753261705744293,0.9724050462288197,0.9793921236882711,0.9874306198250499,0.987072309780915,0.9797260110463674,0.9695994169784418,0.9777615174350629,0.9853437924371401,0.9911296273349475,0.9899582380346327,0.986658536276907,0.9834502844685681,0.9756812952919107,0.9748098355969216,0.9748261996455186,0.9742427685986814,0.9751142282936706,0.9754667963144154,0.9780486172859569,0.979142388127627,0.9821213290824783,0.9786279434850863,0.971678546625971,0.9687555437029681,0.9680052355260059,0.971942857673956,0.9714615896732219,0.974763706202391,0.9729018949360482,0.9747459976329503,0.9748480801844132,0.9746645044083309,0.9738343286826691,0.974582962289204,0.9760995422928529,0.9705226157734478,0.9692968113977916,0.9697230763766216,0.9756279340791479,0.9788872447622393,0.9764938279640093,0.9754930717204958
394802,294,"London, KY",msa,KY,0.9653113707475276,0.9618479732921511,0.9571946019721133,0.9628280193962647,0.9627879369377355,0.9599125984354856,0.957912285660876,0.9556299786509125,0.9546934861055588,0.9494606062790213,0.954336648067311,0.9513095058490827,0.9624554195335064,0.9588909270095923,0.9655018045892837,0.9572332526233183,0.965404429499484,0.9646448708646368,0.9690835043990657,0.97287708113601,0.9725492122835511,0.9742044572658916,0.9627392119117291,0.9612955349365547,0.9578716020302512,0.9590274979697758,0.9622707777668825,0.9629159390572051,0.9646903423439176,0.9684218604069645,0.9723239276642762,0.9783339835621083,0.9778680763242393,0.9759999073720125,0.96812943621782,0.9684796704446179,0.9702637617902606,0.9757453955120035,0.9763907860457922,0.9837617408792202,0.9867713288512996,0.9846809352132747,0.9757163611138108,0.965289239408408,0.9625904708727191,0.9610433708831021,0.9682204043759252,0.974655100365753,0.9813620682055973,0.9832794761993298,0.9833947548697793,0.9763544404688359,0.9689258353721796,0.9628208174015495,0.9639789511807431,0.9607602374919003,0.9473721147547035,0.9443094938478915,0.9389400780403313,0.9518237799059021,0.9508353180960766,0.9595191175140027,0.9609644397584942,0.9693811082058076,0.9745044091875975,0.9707528792231046,0.9677583181665682,0.9614608424059282,0.9611768458457886,0.9551144350758367,0.9554865418614368,0.9638590696086992,0.9746229969082204,0.9781433327408556,0.9718340864316094,0.9652471419357195,0.9580909278083571,0.9563381586137275,0.9533525136175479,0.9616066604875987,0.9634781998009986,0.9645873015873017,0.9575615933518008,0.9593613377536455,0.9628308718038247,0.9621256563445465,0.9606493220228791,0.9596941218773575,0.9624250455721367,0.9633721980632585,0.9587201681804142,0.9610319463287683,0.9564108012072001,0.9578684506175378,0.9497517589266393,0.9565809092502301,0.9603720669291903,0.9661769804717347,0.9601189118435426
394306,295,"Albany, GA",msa,GA,,,,,,,,,,,,,,,,,,,,,,,,,,,,,,,,,,,,,,,,,,,,,,,,,,,,,,,,,,,,,,,,,,,,,,,,,,,,0.9853841895178842,0.9953688285347813,0.9906421538729634,0.9971001884877483,0.9903081299715518,0.9815944505040943,0.9799497550328148,0.9767915647927924,0.983837651152968,0.9820967485910993,0.9886340280640417,0.9881648690345713,0.9913350137824636,0.9936757886411511,0.989276593065485,0.9898852504775414,0.9890522293746237,0.9890308000378617,0.9829130201684112,0.9819196849712801,0.9844261029594813,0.987909102039576,0.9908076527642137,0.9929985519513916
845167,296,"Ottawa, IL",msa,IL,0.9365925926601896,0.944489155439255,0.9503270023143623,0.9589361797677897,0.9587944085173508,0.9595202094655898,0.9601347233123657,0.953774532177088,0.9525526533391702,0.9470180621442017,0.9480476631738027,0.9408918352314579,0.9417205440734852,0.9460891984421397,0.9546127905273756,0.962169825920149,0.9583326627950601,0.9571204748834385,0.9535803853920548,0.957751481932648,0.9551483056556674,0.9572573040562301,0.9522292101099893,0.9492859240504995,0.9455358732497604,0.950756037849808,0.956467903940136,0.9621010602126785,0.964818965899656,0.9705144211444473,0.9704539422818677,0.9754830520889212,0.9713918058977765,0.9704787827835784,0.9606554096550365,0.9624771071015367,0.9624744856826569,0.9743241191451265,0.9817999073989764,0.9928061967071525,0.9961562804592464,0.9985227028028585,0.991855991691451,0.9856831521852781,0.9806245016700014,0.9789346668204061,0.9800815541863699,0.9698453500000541,0.9668382595974205,0.9641960881274768,0.9809682400262111,0.9923318763898474,0.9914631333993688,0.9871041590403943,0.9769711728304623,0.9751274165937236,0.9683752798415868,0.9652197389910634,0.9671615432630328,0.958519567954391,0.9610142361869113,0.9645135680214869,0.972113876663462,0.9790615816452432,0.9831238753936122,0.9880694459641829,0.988215778765619,0.9824765692246101,0.9873337829175662,0.9834268258217266,0.9797073110325302,0.9742141672918793,0.9748458221961736,0.9817687702255586,0.9873629149840708,0.9943380382203338,0.9977510075036102,0.9959988842419542,0.9935598598517101,0.9853891078090222,0.98551425457482,0.9793572904263819,0.9815864879644017,0.9755574640316446,0.9777545913564841,0.9807135768434848,0.9875177945746915,0.9934753495219849,0.9910545274459316,0.9916395793692899,0.9901441522594668,0.9898562135668355,0.9855635444515594,0.9787793475953732,0.9756094310623938,0.9747667513233539,0.9764047571819342,0.9720658455688995,0.9767227023042623
395102,297,"Sioux City, IA",msa,IA,,,,,,,,,,,,,,,,,,,,,,,,,,,0.9951502307076239,0.9907191618285808,0.9882773373590682,0.9863705496132261,0.9890093496387434,0.9937823273131957,0.9965717275921357,0.9994871794871795,0.9932203389830508,0.9870617554572618,0.9838510531161248,0.9869270104293703,0.9930855939551592,0.9962962962962963,1.0,0.9995737425404944,0.9977045836619899,0.9931404150378076,0.9867060148204736,0.9885751736989784,0.985619315490536,0.986713937939725,0.986713937939725,0.9943080553109879,1.0000740905386383,1.0000740905386383,1.0,1.0,1.0,0.9937106918238993,0.9937106918238993,0.9884842109876625,0.9852497096399535,0.975725900116144,0.9777881522979562,0.9792047372385686,0.9880039090812187,0.9876593658058189,0.995766590389016,0.9964912280701754,0.9964819700967458,0.9959238565206331,0.9909476236032239,0.9918163137096764,0.9923744272857892,0.9871149699675081,0.9792581015503652,0.973923663812465,0.9790908096388616,0.9895970178528062,0.9925380827443832,0.9914899043702871,0.9872436198692256,0.9837372877007997,0.987034592153312,0.9854584603516079,0.9832544522531168,0.9784347051478403,0.9783632118238869,0.9827394484835145,0.983999528952348,0.9898934385790671,0.9895560135722068,0.989635827380818,0.9860515979901371,0.9844924778224843,0.9816225353107293,0.9799544900942969,0.9780869292308401,0.9834825579956439,0.9856195678052493,0.9884431499157706,0.9892619672957593
395223,298,"Wichita Falls, TX",msa,TX,,,,,,,,,,,,,,,,,,,,,,,,,,,,,,,,,,,,0.9858256649622046,0.9917515908881306,1.0,1.0,1.0,1.0,1.0,1.0,1.0,1.0,0.998234255444379,0.9878175887777124,0.9878175887777124,0.9895833333333334,1.0,1.0,1.0,1.0,1.0,0.9915254237288136,0.9817124168384564,0.9714164065424461,0.967838930528373,0.9670009037687807,0.9644764012442781,0.9683233253244095,0.978974358974359,0.990017094017094,0.9982222222222222,0.9974402387825752,0.9992180165603527,0.9931742102570449,0.9888279885684869,0.9839204762997062,0.9819058476385557,0.9795805076613938,0.981890617332772,0.9866073647450166,0.9940609098503835,0.9966583124477862,1.0,1.0,0.9940519882642068,0.9895739585972604,0.9879072919305938,0.9852524489511517,0.9803174110654957,0.9759165877594853,0.9818817255233586,0.9867737202790261,0.992117831908469,0.989423368430374,0.9890265450866069,0.9848743781385917,0.9858775542390442,0.9870917466760423,0.9888460604996038,0.9865050631611078,0.9825022997095454,0.9790875834648153,0.9802020295767601,0.9814436393903421,0.9859252167443424,0.9914807722998981
395182,300,"Valdosta, GA",msa,GA,,,,,,,,,,,,,,,,,,,,,,,,,,,,,,,,,,,,,,,,,,,,,,,,,,,,,,,,,,,,,,,,,,,,,,,,,,,,,,,,,,,0.9887678937452694,0.9847342167148345,0.9869828883081461,0.9845396849147052,0.9947260797962875,0.9956494669167495,0.9946891834726549,0.9895572944609595,0.9859531891612932,0.9854435410941242,0.9878626847348921,0.9856878121374844,0.9843358996694563,0.9821408696106492,0.9854278830792339,0.9853481189375067,0.9879715683765614
394800,301,"Logan, UT",msa,UT,,,,,,,,,,,,,,,,,,,,,,,,,,,,,,,,,,,1.009251137510588,1.0016753799348304,1.0,1.0049289649173674,1.0098189404674895,1.0112957195860943,1.0148496335844037,1.014589287663911,1.0131291768788062,1.0046462979631297,1.0000166683335,1.0,1.0,1.0,1.0025188916876575,1.0072137273684085,1.010580730735412,1.0080618390477545,1.0033670033670035,0.9967490247074121,0.9918709759269243,0.9871575744692093,0.9815177828613947,0.9788941267089433,0.977284197396218,0.9821791971008529,0.9866505990034892,0.9884321256724323,0.9885883589081835,0.9895861416132833,0.989393340337685,0.9882056864450283,0.9838905370150112,0.9837800519356016,0.9831180841895742,0.9828010975846264,0.9811035505738158,0.983778098843862,0.986377714553624,0.9910976191834445,0.9902224114767723,0.9936525314922582,0.9925380505099684,0.9934118756871992,0.9898154846154906,0.989787804428687,0.9884470769399342,0.9893450553132297,0.9917916086101308,0.9910313422841965,0.9898504683973913,0.9903688091070791,0.9923111896052582,0.9930978514737149,0.9905578304634911,0.9900308775110064,0.9904984391626067,0.9885874215971628,0.99207392396081,0.988703445825932,0.9892479959684676,0.9834881059477775,0.9890370979287093,0.9910388244570792,0.9952065768658752
394595,302,"Flagstaff, AZ",msa,AZ,0.9774602535448138,0.981911783469415,0.985022894580526,0.9867527483981898,0.9851672350008073,0.9829354753441549,0.9811018777979573,0.980319509544863,0.9786122975672211,0.9747808799427,0.9754180128446412,0.9761383383128107,0.9808542583387165,0.9802368434689157,0.9835113403566504,0.9835297041347958,0.9851164748520014,0.9842326608419714,0.9848032240693859,0.9828427050004634,0.982040701191946,0.9815260959293483,0.9819347934063692,0.980257266963255,0.9817366176708759,0.9858849988213625,0.9889421011251075,0.9899933944449147,0.9887046006640098,0.9925425235313262,0.9953226478360402,0.9991430871865655,1.0,1.0,1.0,1.0,1.0,1.0013888888888889,1.0060185185185184,1.0102758570040449,1.0122860340207087,1.007656404391079,1.0033990659055527,1.0,1.0,0.999578121897955,0.999578121897955,1.0009132353826014,1.0114298806869535,1.0123517209274733,1.0193689233122274,1.00927415610992,1.005315351874714,0.9925670984579438,0.9857459723991496,0.9811743465682689,0.9778408155166051,0.9758900117508379,0.9727459134043618,0.9727234440188995,0.975994457023991,0.986747145196034,0.9900594348046234,0.9931521501667359,0.9894675896438638,0.9878228337678268,0.9841704291645782,0.9830716877596348,0.9830954859509723,0.9807943930327415,0.9770295458534424,0.9752776519140484,0.980456771328396,0.9829299169759418,0.9858790997229315,0.9840511310621244,0.9850791010063361,0.9823867149601272,0.9826823039055261,0.9827329063002556,0.9836208316364808,0.9786388212194085,0.976227844932629,0.9776462790636019,0.9823089972676119,0.9879772742402366,0.9889799958950443,0.9895397729135295,0.9849392303419724,0.9797125225511563,0.9765679494065832,0.973021586235622,0.9722385059472414,0.9702050439137793,0.9724355372242696,0.9726462853802232,0.9776470140651625,0.9789533505827666,0.984327674678552
395036,303,"Rocky Mount, NC",msa,NC,0.9732631411263366,0.973902623900841,0.9760380394767626,0.976513718120874,0.9759785974846155,0.9790772412746104,0.9770077918249983,0.9738091565760377,0.9700070070221192,0.9725579622719479,0.9740633397994302,0.9745448891901134,0.9729781623921062,0.9721293087235511,0.9759771586277587,0.9768391479404791,0.9803570306131314,0.9818316056448753,0.9796572823874542,0.9789350800882772,0.978569834925596,0.968181623441494,0.9711572005719833,0.9669516035445302,0.9859992225921493,0.9841920153858202,0.9860566635057452,0.9787196616714947,0.9796113325735982,0.9802471848046711,0.9844673126491824,0.9901072030139305,0.9959870686625906,0.9991039426523297,1.0000406603236562,0.9997586524274351,0.9983341510029337,0.9982934906792775,0.9985754985754985,1.0001190901512444,1.000264080726857,1.000359619870345,1.0002405297191004,1.0000955391434878,1.0,1.0,1.0,1.0,1.000177499810022,1.000177499810022,1.0020914344892835,1.0019139346792616,1.0019139346792616,1.0,1.0,0.9959595959595959,0.9892902070933921,0.9843023667854217,0.9849392839882901,0.9865228636809712,0.9837289743227483,0.9848494568670813,0.9859013482008082,0.9901123949191044,0.9923953992123069,0.9964293170521028,1.0,0.9984123416578852,0.9917942840495823,0.984702085468022,0.9796230771434701,0.9783617239946644,0.9774619066081609,0.9791719437828821,0.9846524133354038,0.9891655752082958,0.987586256987823,0.9829619675062942,0.9821536121070661,0.9856712206614117,0.9892116092856561,0.9864491721167713,0.9825374752554471,0.9747136048513099,0.972331985438573,0.9733006190127845,0.9820366373913894,0.9874323536622572,0.9865466211707693,0.9794575444869705,0.979270736146559,0.9779877897824193,0.9796261701792902,0.9772445182997928,0.9776032494174841,0.9732789607794698,0.9749276864374835,0.9766000562211454,0.9846610047854488
395000,304,"Pottsville, PA",msa,PA,,,,,,,,,,,,,,,,,,,,,,,,,,,,0.9955180485572491,0.998764516926118,1.0,1.0,0.9973096441938782,0.9973096441938782,0.9973096441938782,0.9964007871685446,0.9964007871685446,0.9955189529533772,0.9991181657848324,0.9991181657848324,1.0,1.0,1.0,1.0,1.0,1.0,1.0,0.9968253968253968,0.9968253968253968,0.9968253968253968,1.0,1.0,1.0,1.0,1.0,1.0,0.9927888948981431,0.9912118339662435,0.984709318445692,0.9919204235475488,0.9934974844794485,1.0,1.0,1.0,1.0,1.0,1.0,1.0,1.0,1.0,1.0,0.9910410874266296,0.9831979501717276,0.9789432076243022,0.9879021201976727,0.9957452574525746,1.0,1.0,1.0,0.9980184128524231,0.9980184128524231,0.9943692370628169,0.9911690365800023,0.9793390656933902,0.975546619722668,0.9807284073530594,0.9925583782396715,0.9983329931278492,0.9983329931278492,0.9983329931278492,1.0,0.9915529564652372,0.9915529564652372,0.98667587873059,0.9897860310045123,0.9791193643378456,0.9767500652608986,0.9774919688523253,0.987791964778206,0.9950383415898002
394515,305,"Dalton, GA",msa,GA,0.9715379143007934,0.9743088433684509,0.976403014370185,0.9842561419864988,0.9778225806451614,0.9803479486824594,0.978085235808814,0.9873653665465199,0.9849352238325043,0.9871979367061497,0.9751273012791462,0.9861431870669746,0.9747471756709633,0.9795063586422715,0.9722274417491111,0.9761958345306008,0.9819824852429937,0.986962103739013,0.9876060431715752,0.9823700138738908,0.9771556767622863,0.9733573453622353,0.9708202065603403,0.9687530878683885,0.9722031381147774,0.976190100867473,0.9746698758465621,0.9746050659522382,0.9757341339098174,0.9804877507336593,0.9822612332672652,0.98471873028153,0.9858577593459631,0.9912810470423029,0.9911861141157382,0.9945270338169521,0.9945270338169521,0.9957756840109782,0.9976430976430977,0.9976430976430977,1.0,0.9959388437649307,0.9959388437649307,0.9959388437649307,1.0,1.0,0.9974358974358974,0.996324045089889,0.9923220440893887,0.9948861466534913,0.9959979989994997,1.0,0.9987876583621264,0.9962907794607533,0.9908245063657493,0.9878477396852506,0.9819052415542516,0.9833334194111604,0.9777094196508745,0.975942098216816,0.9788926318360599,0.9823603672512714,0.9849647265364156,0.9860522881552671,0.9889164198374726,0.9943259415241857,0.9891166590631576,0.9883219803121458,0.9852949951805058,0.9866360636892865,0.9778348550521772,0.9781113848385171,0.9745308092190701,0.9876079375884322,0.9925512104283053,0.9959705432819229,0.9940657813771612,0.9905453070395662,0.9882854555815426,0.9801567726702509,0.9801755635061623,0.97920238465099,0.9812738567991883,0.9743588736342051,0.974525490837355,0.9777649468441975,0.9821224986606961,0.9816611456888573,0.9808783906548172,0.9835874217528914,0.9857683004668321,0.9812655011368645,0.9773692080773642,0.9734862929041265,0.9746054750402576,0.9768155990214814,0.9792255432122475,0.9837666060141799,0.981633571147973
394783,306,"Lebanon, PA",msa,PA,0.9839885959812111,0.9905721025647177,0.9874572952820304,0.995244952148696,0.9928215670919766,0.9916312317171488,0.9905645650504823,0.9929879501072018,0.9970176245210727,0.996972438841731,0.9939661374410181,0.9907526676974497,0.9918645200434582,0.9946326411416818,0.9963403844054061,0.9963403844054061,0.996578564707895,1.0,0.9973333333333333,0.9973333333333333,0.991683615819209,0.9943502824858758,0.9884707072434368,0.9902742709114073,0.9902742709114073,0.9961538461538462,1.0,1.0,1.0,1.0,1.0,1.0,1.0,1.0,1.0,1.0,1.0,1.0,1.0,1.0,1.0,1.0,1.0,1.0,1.0,1.0,1.0,1.0,1.0050515304591832,1.0057318025680269,1.0139561788268734,1.0124067305512234,1.0117264584423797,1.0035020821835332,1.0,1.0,1.0,1.0,1.0,1.0,1.000096917675369,1.000096917675369,1.002659476512215,1.0044299724689656,1.0090263342220567,1.0065736096323867,1.0049444614279537,1.0003480996748626,1.0002382654276865,1.0,1.0,1.0,1.0,1.0,1.0,1.0,1.0,1.0,1.0,1.0,1.0,1.0,1.0,1.0,1.0,1.0,1.0,1.0,1.0,1.0,1.0,1.0,1.0,1.0,1.0,1.0,1.0,1.0,1.0
394880,307,"Morristown, TN",msa,TN,0.9734147320273466,0.9775436938720844,0.9789103697354576,0.9804409536797373,0.9812276626663893,0.980013300441294,0.9787379186949124,0.9735755327336467,0.9712464628438812,0.9735925678355256,0.9760038755652332,0.9812225275619282,0.9809776588726624,0.9799245738977692,0.9791843952790691,0.9768933162559167,0.9788350596055145,0.979927573762435,0.9802976727268983,0.981424374510437,0.9781407435009708,0.9771824827626118,0.97827070002865,0.979406591772603,0.9794695860896939,0.981065101090055,0.9832724834512834,0.9858337716907731,0.9858911331494484,0.9856477272368975,0.9901475541666308,0.9914036253686267,0.9955938616980328,0.9926953109733953,0.98799136053482,0.9864862914459819,0.9871926553947974,0.994297193599814,0.9978078132241778,1.0,1.0,1.0,1.0,1.0,1.0,0.994853702992093,0.9938229274628189,0.9929704125438078,0.9981167095517148,0.9991474850809889,1.0,1.0,1.0,0.9907753611381427,0.9809714395695153,0.9731767176706096,0.9729700904564452,0.9765928874449542,0.9748656501707599,0.978758315591192,0.9830499214428455,0.9898653279093929,0.9950590613388645,0.9953349554899636,0.9936259003745825,0.9883069818177149,0.9829640846559503,0.9873796924778842,0.9838209084543581,0.9842414824810702,0.9741190034098777,0.9788213342655377,0.9779197018316182,0.9835267241469928,0.9846799597308409,0.9871792682722403,0.9868589738191206,0.9864047500014183,0.9809623987689863,0.978338884236373,0.9738267780877453,0.975329589042018,0.9729508918206061,0.9726583260657286,0.9723463803048631,0.9783850100895676,0.9783244127313452,0.97983796660699,0.9742476284237461,0.9729341248701795,0.9705093185374875,0.971972741235847,0.9724075238445425,0.9762104673649352,0.9740357059270681,0.9756254398403764,0.9763981182148397,0.9804871042677537,0.9810763594874699
395232,308,"Winchester, VA",msa,VA,0.9883909532271531,0.9908755877243415,0.9959399604481961,0.9965450733998615,0.994898731936447,0.9935436323955497,0.9898492990463104,0.9862149831519162,0.9867241769284368,0.9866571078472832,0.985334515883396,0.982098898203981,0.9808851412170316,0.9874883905387275,0.9927046188651628,0.9986802806140168,0.9957304281066423,0.9966847505802292,0.9916751741995015,0.9914205333649017,0.9852064037696241,0.9891743134836851,0.9882498033662243,0.9928746955723389,0.9920116003342435,0.9943765057397095,0.994196237265895,0.996100999170657,0.9978650972246265,1.0,1.0,1.0,1.0,1.0,1.0,1.0,1.0,1.0001852881230313,1.007210393902883,1.0072757661981042,1.0098633111573678,1.0028396546591798,1.0027742823639585,1.0000014492816636,1.0,1.0,1.0,1.0,1.0,1.0001282544568424,1.0032584940203424,1.0032584940203424,1.0031302395635,1.0,0.9975207318115756,0.9946608652720141,0.9946608652720141,0.9938728133297458,0.9967326798693072,0.9967326798693072,1.0,1.0,1.0,1.0,1.0,1.0,1.0,1.0,0.9978136200716845,0.9923643754393244,0.989533325211014,0.9917197051393294,0.9971689497716895,1.0,1.0,1.0,1.0,1.0,1.0,1.0,1.0,0.9966151358997676,0.9955131322567804,0.9955131322567804,0.9988979963570127,1.0,1.0,1.0,1.0,1.0,1.0,1.0,0.9990211738605751,0.9959442507836519,0.9910319700818976,0.9885385739991004,0.9916154970760234,0.9965277777777778,1.0
395221,309,"Wheeling, WV",msa,OH,0.954123970500397,0.9550993334052826,0.9487798135204432,0.9500979274786147,0.9538620429976242,0.9560292390793338,0.9537047084865393,0.9542819208926548,0.9520750969086057,0.9425494761294706,0.9399433587761622,0.9337305204133486,0.9441040660019481,0.9443355474834295,0.946890602543842,0.9479798825546907,0.95006100075423,0.9601445550396898,0.9577159647432536,0.9532021072005975,0.943046275744762,0.9493545129711641,0.9477802180584982,0.952216063522536,0.9516740144223884,0.9568434959919213,0.9613450872346672,0.9674496912128104,0.9721498667259688,0.9731070676086818,0.964698505517871,0.9622562195869288,0.9625921983678652,0.9645489625979753,0.9647195475797964,0.9582586195844799,0.9581735570808648,0.9544039490978324,0.96203297390822,0.9617438306403968,0.9728675058523956,0.9800212224967102,0.9867784740817115,0.9825923271504666,0.9678988874413936,0.9595688901899267,0.9528955501832534,0.959173864561338,0.9622466248903031,0.9731625436196002,0.9744683691652211,0.973187955241129,0.9698661042511874,0.9685602787055664,0.9655357937970236,0.9638830824126887,0.9653421172050569,0.9601163646966956,0.9541788120595198,0.9511427828330145,0.9677725802508425,0.9749492709054505,0.9740146628279852,0.9635123163905495,0.9590760628575755,0.9631635262800774,0.9625258462581018,0.9628619807118833,0.9609704632353275,0.9584306642076443,0.9496941999249616,0.9450354897072062,0.9486331368240917,0.9577221459131007,0.9622153856364383,0.9635691043814614,0.9626927638499484,0.9626902235916782,0.9676857111958613,0.9681072769172987,0.9730739768085636,0.9639269572680771,0.9624836801801009,0.9597159134733899,0.96540569426252,0.968996211774939,0.9699745486023325,0.969575915554139,0.9654010183528626,0.959821412773257,0.9597759948902672,0.9609688401875903,0.9643871993446193,0.9637760068298787,0.9598451011342672,0.9683521838389858,0.968939312110912,0.9802146258576263,0.9713354765086555
394879,310,"Morgantown, WV",msa,WV,,,,,,,,,,,,,,,,,,,,,,,,,,,,,,,,,,,,,,,,,,,,,,,,,,,,,,,,,,,0.9618683846776457,0.9728937728937729,0.9744175824175825,0.9745290651377608,0.9766314672253259,0.9818808634457126,0.986055141234766,0.9867138224574833,0.9824381073136718,0.980706793384905,0.9760632323131487,0.9725632354471001,0.9634554234326035,0.9676398928499901,0.9724837877035761,0.9797655504727004,0.9844026798138797,0.9825093431740098,0.9849181028225908,0.9808847567617534,0.9820502579272544,0.9793908840300592,0.9725516760972038,0.9720174880630158,0.9676684894323876,0.9728588749045887,0.9733943203400625,0.978148256498916,0.9822543233713135,0.9848692844399046,0.9845123338592296,0.9821252205927281,0.9786766060885572,0.9776847733890898,0.9760026459926766,0.9726632878552164,0.9692278835425409,0.9692794222179328,0.972036706665358,0.9766628627940314,0.981340304058887
394756,311,"La Crosse, WI",msa,WI,,,,,,,,,,,,,,,,,,,,,,,,,,,,,,,,,,,,,1.006954372550023,1.0104156417647616,1.010493974756467,1.016843806802371,1.0229252327816334,1.0266508246287094,1.0183964962486272,1.0081665870553473,1.0020716979596438,1.0004120992970862,1.0004120992970862,1.0004351463930774,1.0055417628906755,1.0143861880030431,1.027681960875632,1.0423316423116356,1.0462098635097004,1.0371902756212334,1.0172490980020765,1.0045697529820226,1.0001154099976126,0.9959589468684397,0.988030052401451,0.988030052401451,0.99211440682339,1.0052350427350427,1.0096079050115288,1.017015312418936,1.0243588860360948,1.031143066920919,1.0333574562173318,1.0264209013169607,1.0152953106309601,1.00567351392714,0.9971213033301662,0.9970898508548564,0.9971851161687555,1.0060007516594833,1.0106903856064315,1.016774737883784,1.0115613255124993,1.0068716915655511,1.0007538252402004,1.000061751265901,1.000061751265901,1.0,1.0,1.0005276157883534,1.0005276157883534,1.0019327909799365,1.0057624736665285,1.010594091775433,1.0129526049005009,1.008595306425555,1.0047041003881219,1.0009404120714713,1.0009404120714713,0.9952210274790919,0.9952210274790919,0.9922906445461352,0.9971499577113754,1.002548496930175,1.0102893796569088
394900,312,"Napa, CA",msa,CA,0.9929317998813358,0.9940117385786801,0.9938351274130226,0.9938351274130226,0.996145943274775,0.9953868980982498,0.9920435094607435,0.9882412430623946,0.9864263137285398,0.9834526178129938,0.9810122051710014,0.9797611999458811,0.9806594314909614,0.9848247908104666,0.9914305483782911,0.9946567956538731,0.9944657067153958,0.9891422674509984,0.9854835297376106,0.9836930613102108,0.9835899178474525,0.9812939645689506,0.9797446060719496,0.9818219120792012,0.9868095801721545,0.9929611529423569,0.9936384189742182,0.9906414952748501,0.9878297494290486,0.9850694042291464,0.987345475380175,0.9889281479807618,0.9943605038687067,0.998240985048373,1.0,0.9972572712618756,0.9972572712618756,1.0030132409433026,1.0110893030147603,1.0181238245930664,1.013993871171802,1.008702256280702,1.001667734702396,1.0003197278945548,1.0002780094523214,1.0002780094523214,1.0,1.0,1.005974943784131,1.0153175125740006,1.0211185618072534,1.0151436180231221,1.0058010492332528,1.0,1.0,0.9983091787439613,0.991959972394755,0.984592368981659,0.9796579314385259,0.9860071377877322,0.9933747412008281,0.9982013531142595,0.9982013531142595,0.9982013531142595,1.0029197080291972,1.0029197080291972,1.0029197080291972,1.0,0.9957360029662589,0.9908111642208072,0.9858164042591597,0.9883468778863135,0.985190908550957,0.9901856685126046,0.9919191919191919,0.9970304380103935,0.9923356023296424,0.9890993563749498,0.9882190320758407,0.9856061002189392,0.9792084348056166,0.9766492753445739,0.9790172969263043,0.9820210826609731,0.9884301284107312,0.9909960687863247,0.9942255354882862,0.9867657789119217,0.9836046986349173,0.9819802319381618,0.9820325811071188,0.9801186773927574,0.9760832403122666,0.9705013551095284,0.9659808887057512,0.9697644065595012,0.9795453739383663,0.9837928714184917,0.9827134032951214
395013,313,"Rapid City, SD",msa,SD,0.9832654658025296,0.9832485684306799,0.9846939343471807,0.9850957298709275,0.9860394878453732,0.9860373519368023,0.9857133611324237,0.9849277078878435,0.9827216263958544,0.983012017166633,0.9819970882937868,0.9826458699166967,0.9848835948434971,0.9856904484138894,0.9872115273245247,0.9875327108229354,0.9907330394481203,0.9911746803083615,0.9909089361242193,0.9892048344050974,0.9913933675203769,0.9900009110430331,0.9871446947442556,0.9843637277841841,0.9842696389891442,0.987311361576495,0.9915848658499993,0.99450198645411,0.9959776804568742,0.9934627350847859,0.9951780009509951,0.9974850546279118,1.0,1.0,1.0,1.0,1.0,1.0,1.0,1.003030303030303,1.0070821791541091,1.0078517058951635,1.0048214028648603,1.0007695267410543,1.0,1.0,1.0000901144453456,1.000885659393635,1.0016354176165485,1.0015453031712032,1.0083076109492894,1.0131134082819313,1.0131504535512503,1.0055926008248746,1.000037045269319,0.9959156455780612,0.9936747492195178,0.9887858603306289,0.9863124732831889,0.9839511342702663,0.9881732083114113,0.99473094978079,0.9993331851522561,1.0,1.0,0.9997091332169866,0.9968561401679151,0.9955921281609736,0.9935364468397508,0.9903378158305292,0.9859190602772557,0.9848197788487059,0.9859268173510403,0.988130050624227,0.991575880157013,0.9965204657129717,0.9962170942394959,0.9936708276806016,0.9881699108611316,0.9875960992747878,0.9839695263275092,0.9840775309744059,0.9813081967631708,0.982714034179302,0.9829787412236701,0.9867377894147501,0.9878565488452334,0.9899746887497026,0.9880958487807053,0.986680800301023,0.9836392414664656,0.982768293485937,0.98305831493544,0.9825630944028347,0.983504572160829,0.9812294257857569,0.9840957601208027,0.9846963663830673,0.9882542853718533
395139,314,"Sumter, SC",msa,SC,0.9800060938917836,0.9842316272378979,0.9823283419795734,0.983017472511636,0.9835404005643603,0.9853298304436778,0.9839220878594647,0.9837032459739654,0.9820340222211824,0.9849897928090484,0.9839753137490949,0.9807399539456089,0.9788077098012771,0.9793627822752908,0.9867845681658514,0.9859931203393716,0.9873616731293291,0.9865152589941496,0.991818794645032,0.9893262592135897,0.9887608188672461,0.9827303248374172,0.9846158313080192,0.9881604067723049,0.9923769390204652,0.9902652696104332,0.9873117551940179,0.987461969956534,0.9911043609129485,0.9931259928716218,0.9957900733352559,0.9981000633312224,1.0,0.9975429975429976,0.9975429975429976,0.9949984682809111,0.9974554707379135,0.9974554707379135,1.0,1.0,1.0,1.0,1.0,1.0,1.0,0.9982955687659745,0.9982955687659745,0.9982955687659745,1.0,1.0,1.0,1.0,1.0,1.0,1.0,1.0,1.0,0.9948815632612865,0.98607829194723,0.9824152882842263,0.9875337250229399,0.9942952373818975,0.9955885727984558,0.990002209115481,0.9920439680705798,0.9898000261670831,0.99198502930584,0.9851787502199193,0.9876144892214023,0.9854370492077399,0.9887005324490353,0.9867198633985677,0.9900615274911234,0.9898766403849931,0.9940351805839202,0.9962723170492446,1.0,0.9950433705080545,0.9910645696853999,0.9858149003732306,0.9847674711214652,0.9817578463605807,0.98700751567275,0.9869492116229205,0.9876581868801647,0.9839244415473466,0.9830302826017564,0.9893097329280511,0.9883923154701719,0.9937228209491398,0.9892449311865895,0.9938960939772872,0.9891729038882434,0.9893196259013352,0.9893196259013349,0.9901146424414172,0.9913265243997604,0.9894165074218316,0.990832541479897
394577,315,"Eureka, CA",msa,CA,,,,,,,,,,,,,,,,,,,,,,,,,,,,,,,,,,,,,,,,,,,,,,,,,,,,,,,,,,,,,,,,,,,,,,,,,,,,,,,,,,,,,,,,,,0.9880736919680405,0.9810503176465604,0.977887115842972,0.9747865426277559,0.9737748749754571,0.9735401957620334,0.9714282264198518,0.9752453115875728,0.9756966367582827,0.9815322008015025
395117,316,"Springfield, OH",msa,OH,0.9772394485808279,0.980266491133114,0.9849950619992364,0.9889082509612619,0.989311828918736,0.9886999711995692,0.9850106445622141,0.9866059686288563,0.9861229098275701,0.98506637055951,0.982265773423188,0.9773789970122286,0.9802588542053016,0.9859085717194258,0.9957627118644069,1.0,0.9996022275258553,0.9979334749184293,0.9979334749184293,0.9883935684301351,0.9831028777930206,0.9831028777930206,0.9881650114642099,0.9873550084251331,0.9842335652061743,0.9856368882752018,0.9892755992294046,0.9885276899958768,0.991999912218099,0.9961306475475133,1.0,1.0,1.0,1.0,1.0,0.9953636260194654,0.9953636260194654,0.9953636260194654,1.0002382654276865,1.0002382654276865,1.0002382654276865,1.0,1.0,0.9983817784358862,0.9983817784358862,0.9983817784358862,1.0,1.0,1.0,1.0005172334763928,1.0006386601227149,1.0051734083518031,1.0046561748754104,1.0045347482290883,1.0,1.0,1.0,0.9939319727891157,0.9939319727891157,0.9939319727891157,1.0,1.0,1.0,1.0001667500416875,1.0001667500416875,1.0001667500416875,1.0,1.0,0.9960391911611423,0.9960391911611423,0.9922508336173962,0.9962116424562538,0.9931545455961416,0.9969429031398876,0.9969429031398876,1.0,1.0,1.0,1.0,0.9981522714886616,0.9932223983681601,0.9907135765318621,0.9840559464480751,0.9889858195685767,0.9882688349532619,0.995378195409718,0.995378195409718,0.9986040018613309,1.0,1.0,0.9957626084900673,0.9942618581148795,0.9884139048985053,0.9888916312314501,0.9870578984515267,0.992905851667901,0.9949904749688422,0.9983249581239532,0.9983249581239532
394668,317,"Harrisonburg, VA",msa,VA,0.9772877311983054,0.9824169244017282,0.9864317908377292,0.9865256952185728,0.9841335675611852,0.9837422110393886,0.9824421580590316,0.9850072677537609,0.9850264273808538,0.981089487817267,0.975531893404534,0.9727844680065396,0.9795055048689951,0.9840321407895022,0.9866380050742886,0.9891544670504263,0.9914138185042981,0.9912897675310629,0.9877731611990647,0.9865535726566592,0.9866614902372599,0.9877324040868464,0.9869455674736448,0.9845702923549222,0.9848253152938781,0.9871010560438699,0.9943282220307689,0.9971863856606366,1.0,0.99690435163056,0.9963402297802403,0.9963402297802403,0.9994358781496803,1.0,0.9982549359045482,0.9982549359045482,0.9982549359045482,1.0001515840533577,1.0040574619232252,1.0099314101689785,1.011850119808447,1.0079862813441458,1.0021123330983925,1.0000420394055665,1.0,1.0,1.0,1.0,1.0,1.0007719847722456,1.0094880446593855,1.0105359631122768,1.0098892191878155,1.0011731593006754,1.000125240847784,1.0,0.9953863898500576,0.9943725338176144,0.9927927549866506,0.9974063651365929,0.9984202211690363,1.0,1.0,1.0,1.0,1.0,1.0,0.9958806026663338,0.9958806026663338,0.9958806026663338,0.9934640522875817,0.9889121399347468,0.9825512622503395,0.9890872099627579,0.9936391223155928,1.0,1.0,1.0,0.9975798883785253,0.9975798883785253,0.9943912618235621,0.9968113734450368,0.9922451068342085,0.9954337333891717,0.9905675533405098,0.9951338199513383,0.9951338199513383,1.0,0.9971674578150446,0.9971674578150446,0.9942607295941333,0.9954921321779491,0.9944072384671054,0.9973139666880169,0.9939831676372989,0.9903438707131557,0.9873104721687535,0.992242410820611,0.9952240395647872
394368,318,"Battle Creek, MI",msa,MI,0.9728211855748569,0.9766295484823507,0.9762532518990162,0.980463219901813,0.9904725208119829,0.9908288392398562,0.9866336440098706,0.9799955754843248,0.9759755204407082,0.9749663765286766,0.9686611261704638,0.9642482299140914,0.9648192365585323,0.9704204493877384,0.9762336504383547,0.9802976984230574,0.9855679313255973,0.9838394471383346,0.980446091608628,0.9769635018013195,0.9749766186368346,0.9774945136926342,0.9682176826215511,0.9711396708424834,0.9718439202304207,0.9866752142608247,0.9869152912432101,0.992175560853353,0.992175560853353,1.0,1.0,1.0,1.0,0.9999731993299833,0.9999731993299833,0.9999731993299833,1.0,1.0,1.0020915182246035,1.010565513282829,1.0115459054396918,1.0094543872150883,1.0009803921568627,1.0,1.0,1.0,1.0,1.0,1.0,1.0021120478165841,1.0026779787730076,1.0027732440869066,1.0006611962703225,1.000095265313899,1.0,0.9951466483353187,0.9951466483353187,0.9915650749130634,0.9903543105781617,0.9822242292773486,0.9858058026996037,0.991869918699187,1.0,1.0,1.0,1.0,1.0,1.0,1.0,1.0,0.9949117491463473,0.9901498443844425,0.983347123296007,0.9848049377563873,0.9895668425182921,0.9963695636067275,1.0,1.0,0.9992592592592593,0.9992592592592593,0.9953832902670112,0.9940209815860905,0.9847421549995716,0.9815490647204766,0.9809310257067638,0.9843305800841757,0.9913996393555188,0.9927153359652611,0.9985946081743681,0.9972874186318844,0.9986928104575163,0.993485132621254,0.9896641170355326,0.982406416580624,0.9796910610269599,0.9758707202938676,0.9808189519266052,0.985145311719858,0.9940938575811554
395094,319,"Sherman, TX",msa,TX,,,,,0.9741344502828465,0.9829830364510204,0.9768676255639265,0.9775072456699165,0.9754768413199244,0.9730609587294882,0.9698210763118637,0.9654386966570043,0.9691506034696863,0.9724278108222947,0.9785198452562914,0.979605116574121,0.9794632779675433,0.9779124992357434,0.9748704280383325,0.9751516307205734,0.9773140639584729,0.9766779742363436,0.9737180875918802,0.9696966668239227,0.9705447411633764,0.9749142463816377,0.9808633367757524,0.9875015846456767,0.985810763389638,0.9875249851233452,0.9876171911429656,0.9914271418377214,0.9886115131450589,0.9849467734376912,0.98328155655815,0.9853480321479285,0.9917790712125046,0.9968807142088846,1.0,1.0,1.0,1.0,1.0,1.0,1.0,1.0,1.0,1.0,1.000368380327407,1.0036941213982462,1.005529749890744,1.0051613695633372,1.001835628492498,0.9957430905909731,0.9914794255444992,0.9836455135775535,0.9858435501300423,0.9784113087437677,0.9738001131621806,0.9689086905350802,0.9727614597129269,0.9777991598540523,0.9789523538884152,0.9867954911433173,0.9895174713583117,0.9882978876759595,0.9796765573154986,0.978072676331811,0.9755655519396291,0.9732777913909989,0.9708656270102054,0.974612272851048,0.9810610854494906,0.9860745736409738,0.9865607320329354,0.9869057840061352,0.9835015697899858,0.9840424897894043,0.9803623713749864,0.9791011111038254,0.9784248398062648,0.9745242781253828,0.9769096203394757,0.9737349016598058,0.977225679887426,0.975217306181806,0.9791815962883357,0.9805895426962822,0.981865865536343,0.9788195183701268,0.9763610035318505,0.9748091080202842,0.9749164827730304,0.9739882041321107,0.9745328805310955,0.9724151725310346,0.9731947590926788,0.9728026263427529,0.9750679934290205
394821,320,"Manhattan, KS",msa,KS,,,,,,,,,,,,,,,,,,,,,,,,,,,,,,,,,,,,,,,,,,,,,,,,,,,,,,,,,,,,,,0.9650808603266112,0.9855936808394317,0.9915352353441,1.0,0.9989241651353099,0.9989241651353099,0.9989241651353099,0.9963866305329719,0.9963866305329719,0.9876997618461033,0.9853501020942881,0.9841781411892504,0.9928650098761191,0.9988280390949623,1.0,0.9979861330445639,0.9979861330445639,0.9950689454515412,0.9970828124069774,0.9942338095579745,0.9954843304843305,0.9916675365912008,0.9945165394402036,0.9917238972997353,0.9955406911928651,0.9955406911928651,1.0,1.0,0.9981036324786325,0.9941820638511816,0.9901570279458594,0.9905686144724236,0.9891138390138531,0.9864274655232022,0.9879122465180054,0.9932885906040269,1.0,1.0
394442,321,"Carbondale, IL",msa,IL,,,,,,,,,,,,,,,,,,,,,,,,,0.9563923150624386,0.9643339671217377,0.9640255121464154,0.962906652357432,0.9623733795511725,0.9653971598224652,0.9719780372222528,0.9739826034145475,0.9767224710737699,0.9792500797505536,0.9760020962858867,0.9749901380376453,0.96772371233972,0.9667277927318864,0.9656143226450221,0.9699503889651538,0.9749720567830301,0.9795717049753669,0.9761019059203839,0.9763224051974868,0.9742605715425444,0.9763402623508594,0.9741572811112745,0.9718287632478614,0.9750093194309931,0.9745335112803016,0.9821529946320758,0.9848170622084241,0.9869192722167314,0.9831403976507879,0.9785336166595361,0.9741001972580609,0.968489033257013,0.9616233127698491,0.9564388773222557,0.9553767899827824,0.9561036774261097,0.9621595987249888,0.9677281227872111,0.9765240665848204,0.9843150570899639,0.9871105903773097,0.9871956769767047,0.9888344069135542,0.9884426525874423,0.9811786804103831,0.9760374328374349,0.9702069085845665,0.9758534283953297,0.9763606415487822,0.981852252378625,0.9829692311972673,0.9870238218009572,0.9828155814473348,0.9811422407515759,0.9732437331183985,0.9716212744906367,0.9721509004423083,0.9707777528598127,0.9743292495619943,0.9705941052496003,0.9735625713081109,0.9763077460603279,0.9870604342323709,0.9953377673448096,0.9924242424242425,0.9813131313131312,0.9711376483826625,0.9712851678636637,0.9683147391327093,0.9664173757361881,0.9615593879866523,0.9630805413552879,0.967950506529817,0.9756984346988289
394727,322,"Johnstown, PA",msa,PA,,,,,,,,,,,,,,,,,,,,,,,,,,,,,,,,,,,,0.9693924328881828,0.9809111953138392,0.9728116002935904,0.9803912729895421,0.9830508474576272,1.0,1.0,1.0,0.9927536231884058,0.9927536231884058,0.9873988708457017,0.9900057594944945,0.9798704012904668,0.985225153633171,0.9934629407819061,1.0044778064617474,1.0044778064617474,1.0008795074758134,0.9980231660231661,0.9980231660231661,0.9980231660231661,1.0,0.9928847905282332,0.9801532161911313,0.9616451675064042,0.9675093344427248,0.9802409087798267,0.9987489574645538,1.0007423904974015,1.0007423904974015,1.0007423904974015,0.9966224993504808,0.994471961716072,0.9868962041403145,0.9717696425699245,0.9708898771740303,0.9669164511575934,0.9854205133775027,0.9824461269047203,0.9939953104969147,0.9966334404821596,1.002638129985245,1.002638129985245,1.0,1.0,0.9971339869665229,0.9858929070546624,0.9708391436138021,0.9656195924565768,0.9643007390767965,0.9793545025176567,0.9874400667083595,1.0,1.0,1.0,1.0,0.9928571428571429,0.9870091896407686,0.9842080691925893,0.9791185104333057,0.9725773363249304,0.9649090738805673,0.9771414897827081,0.9895306171074577
394728,323,"Jonesboro, AR",msa,AR,0.9694871120074889,0.9737334588027878,0.9752794725431041,0.9778298456753379,0.9790174000155211,0.9779190027507147,0.9745316588653394,0.9711998890186332,0.9700606989827486,0.970117753671614,0.9725718686122294,0.9744552482207741,0.9809270837536866,0.984600938993673,0.986780150445024,0.9830394189031854,0.9809420131394084,0.9808963171234487,0.9769250049004418,0.9747150862175844,0.9724506552868175,0.9735899456601658,0.9710074929718379,0.9744636158071435,0.9761982255837803,0.9792525671932139,0.9802119590137925,0.9813359727700797,0.9841912548492848,0.9842284426515467,0.9828196674235951,0.9841369940184318,0.9794408956307349,0.9803325665328383,0.9776844845867387,0.978952320883579,0.9822928399451706,0.9888287876575889,0.9968045713491733,1.0,1.0,1.0,1.0,1.0,1.0,0.994736696307377,0.9909260837514086,0.9909260837514086,0.9961893874440316,1.0,1.0,1.0,0.9966738079542958,0.9966738079542958,0.9933390247152062,0.9893871963824535,0.9782823377028986,0.9741523719195877,0.9717685565492525,0.9743647340743863,0.9777291397360264,0.981885090754809,0.9877828058517887,0.987856301739887,0.9884837256251692,0.9877611364820424,0.9847409986980251,0.981517885579834,0.9778188761773827,0.9753420519102528,0.974852004192781,0.973333174918598,0.979153280738704,0.9831426670476282,0.9871557632495501,0.9843562153274408,0.9817171519011557,0.9799688693403117,0.9841574423729783,0.986022397084708,0.9853215229774942,0.9788025978208656,0.9742286931506684,0.9757021534856071,0.9784322541323401,0.9867474128513667,0.9861404524726507,0.986179674193036,0.9827166838938849,0.9831966126399747,0.9824724813213056,0.979855566983643,0.9779147131068212,0.9800351254270852,0.9795490083264817,0.9807182599000698,0.9799400004167317,0.9845568828006602,0.9876321306596999
394390,324,"Bismarck, ND",msa,ND,,,,,,,,,,,,,,,,,,,,,,,,,,,,,,,,,,,,,0.9885640831638383,0.9949096015446726,0.9949096015446726,1.0,1.0,1.0,1.0,1.0,1.0,0.9976851851851851,0.993209073008333,0.993209073008333,0.9955238878231478,1.0,1.0,1.0,1.0,1.0,0.9992229992229992,0.9992229992229992,0.998490898621944,0.9951407763396554,0.9885899397888188,0.9886695827996176,0.9909570857628515,0.9975079223136881,0.9981603799039448,1.0,0.9989996665555184,0.9989996665555184,0.9976104620082609,0.9948284574128463,0.9928670962281841,0.9890694689769872,0.9870904901444554,0.9845099752187502,0.9860570009257653,0.9905243112728247,0.9950661873831921,0.9987059934746315,1.0,1.0,0.9966455696202532,0.9966455696202532,0.9904295634042469,0.9910573407505923,0.9857531049394231,0.9864916913001974,0.9842673490825128,0.989571584893682,0.9950490047489139,1.0,0.9998333333333335,0.9998333333333335,0.9958011777688727,0.9942623299386661,0.98931133468758,0.9867421699879878,0.9791884252256017,0.9797238126547541,0.9828156221446088,0.9888515847494278,0.9932671925713615
394661,325,"Hammond, LA",msa,LA,,,,,,,,,,,,0.9899524436933028,0.9917345931658934,0.991567425227719,0.9888020745241737,0.9894941856459515,0.9855598741122437,0.9824719217523622,0.9832311234226059,0.982512674293929,0.9870753704325562,0.9817862131139283,0.9815276169218282,0.9811406686146386,0.9843241708370035,0.9848179979974975,0.9877253921045072,0.9888859684696146,0.9915552542663674,0.9920911599469675,0.9951414327404443,0.9962306636573438,0.995372255778063,0.9967272693281984,0.9951415921207193,0.996,0.9928992248062016,0.9968992248062015,0.9968992248062015,1.0,1.0,1.0,1.0,1.0,0.9963560645497137,0.9963560645497137,0.9963560645497137,0.9987069552198177,0.9987069552198177,0.9987069552198177,1.0,1.0,1.0,0.9968792154289255,0.9931565537258078,0.9900237766799873,0.9907055368608179,0.9893691873996614,0.9874432866992904,0.9834720546792779,0.9862215970213812,0.9881975781600004,0.9930974683805679,0.9897463059798888,0.9886092928037878,0.9848784140083368,0.9849549934286478,0.9870637838070401,0.9854966364064636,0.9823282704140318,0.9844391898193127,0.98512051780061,0.9884295038219992,0.9825245352440838,0.9840819595859048,0.9864365882706837,0.989187712283433,0.993157232322026,0.9962460354108291,0.9951200445850487,0.9899743836359587,0.9865352301968052,0.9850226510188413,0.9856382537182413,0.9835075699680202,0.9859649837031803,0.9870790977198473,0.9895529596770235,0.9928879605107737,0.9941161459799229,0.991966152647108,0.9907328147458565,0.9832922919372997,0.9831975679661685,0.978370299806814,0.9840325984485423,0.9858645190548624,0.9886982777453491,0.9897494422114795
394983,326,"Pittsfield, MA",msa,MA,0.9472996448615904,0.9502384387321973,0.9578265190915566,0.959569139022929,0.9639081399036917,0.9648243256757457,0.9658419696743769,0.9645471179071906,0.9616378799104878,0.9558372025526246,0.9548275416529384,0.9571608777803858,0.9597241630320993,0.9598602174538681,0.9598552330699769,0.9648140331700438,0.967816517804541,0.9707339236787771,0.9657588158103554,0.9636728175924875,0.9599975647198029,0.9629915299720836,0.9616380763747787,0.9597501073676047,0.962920948053925,0.9659028258642427,0.9658225223418503,0.9675285519128111,0.9710705978049079,0.9819107524206423,0.9831224756474223,0.9831224756474222,0.9872891423140889,0.987245358153427,0.9938873561913621,0.9859127095369357,0.9842547906514003,0.9834279040063567,0.9914025506607832,1.0014526428715589,1.0033712377249593,1.0033712377249593,1.0004873294346979,1.0,1.0,1.0,0.9962743211055289,0.987795539085182,0.9808795465089309,0.984605225403402,0.9931360988963749,1.0001854781606345,1.0015936123827902,1.0015970949904132,1.0014637083024047,0.9976269159138859,0.9917127885905179,0.9859797828575122,0.9793648674420722,0.9695016484126805,0.9703326933613724,0.9775842189563705,0.9933059912288812,0.9982079520131949,1.0,1.0,1.0,0.994905273937532,0.9897770688093269,0.9858751736030839,0.9828398183647389,0.9785635931971489,0.9756785502591994,0.9773803110266575,0.9837078182455296,0.9896152489139084,0.9960435694472634,0.9991204925241864,0.9957575757575757,0.9902116285651394,0.9861272741432007,0.9858314007103447,0.9848414001903628,0.9801789845156307,0.9780058727949377,0.9794136153791508,0.9851783869783196,0.9895770567810823,0.9935922958547522,0.992864572819712,0.9913894336250437,0.9892442543161706,0.9862829487991851,0.9786422561584924,0.97436271307969,0.9717440840641722,0.9730635103745797,0.9710090365930496,0.9727487089697879
394890,327,"Mount Vernon, WA",msa,WA,0.9962065411533626,1.0,1.0,1.0,1.0,1.0,1.0,0.9974293059125964,0.993837296196081,0.9921278944866793,0.9900471156376897,0.9910670341434717,0.9927764358528735,0.9974279087892667,1.0,1.0,1.0,1.0,1.0,1.0,0.9999992499982917,0.9999992499982917,0.9973067351894603,0.9973074851911686,0.9973074851911686,1.0000901144453456,1.0000901144453456,1.0000901144453456,1.0,1.0,1.0,1.0,1.0,1.00007170000717,1.00007170000717,1.0035774149660222,1.0098179411635513,1.020598083007523,1.0283813756015545,1.0315929589206647,1.0282755036438573,1.0266161257206032,1.0234204375934084,1.0159577510262443,1.0063589884522062,1.0000308670555915,1.0000308670555915,1.0045500505561173,1.014404419488156,1.0300436085716955,1.0326620167969403,1.0259858274352924,1.010346638351753,1.003178179570391,1.0,0.9978687386792613,0.9940972831861048,0.9859308256826035,0.9857712171396568,0.9867262237076163,0.9948926812111174,0.9971835510748028,1.0,1.0,1.0,1.0,1.0,1.0,1.0,0.9965986394557823,0.9960145029347326,0.9960145029347326,0.9955115926589343,0.996095729179984,0.996095729179984,1.0,0.9983744985280706,0.9945569377484845,0.9921501988796518,0.9937757003515811,0.9954879979732726,0.9951015756446022,0.9886044005033593,0.9894276123792028,0.9922207735767058,0.9987179487179487,1.0,1.0,0.9975669099756691,0.9975669099756691,0.9946939165164851,0.9930758970283043,0.9916113393247308,0.9925676661172482,0.9920932803967366,0.9935578381003101,0.9954745047669769,1.0,1.0
394719,328,"Jamestown, NY",msa,NY,0.9348099373357858,0.9460819344871153,0.946613321446114,0.952869627755912,0.9521821708109158,0.9511765604123205,0.9585586891087857,0.9594737604020639,0.962665071628567,0.9550293940727226,0.9506522896956184,0.9387278582930757,0.9373887126803169,0.9443016650754052,0.9580159869537673,0.9659798252871402,0.9775853914105704,0.9813733763012746,0.9800294059991922,0.9658855588565495,0.9585971927362062,0.9571819140797452,0.9489972125780498,0.9512340521380495,0.9501000959751051,0.9615826632510217,0.9647226939250958,0.9637958772389208,0.9610193954435949,0.9661421855146289,0.9729962547545951,0.9766186979183026,0.9753227190857837,0.9765279245110978,0.9794732707897973,0.9754299701268302,0.9815272238431317,0.9851096753422498,0.9958223104056437,0.9965277777777778,1.0,1.0,1.0000001666668334,1.0000001666668334,1.0000001666668334,0.9990906335253107,0.9983474153907882,0.9983474153907882,0.9892055590313448,0.984502517301468,0.9846650003713003,0.9947162232054328,1.002726585633935,1.0025641025641026,1.0025641025641026,0.9987003058103975,0.995599530616599,0.9849186227394297,0.9766699019896422,0.9667177506811484,0.9643250426944942,0.968856971135119,0.9819098976374111,0.9949835135012349,1.0,1.0,1.0,0.9892198962247272,0.9776368846417155,0.9776368846417155,0.9702020521692652,0.9757730397041806,0.9727418181218831,0.9833699265602593,0.9856212668476717,0.9886524884299694,0.9940949273901382,0.9958904938937282,0.9958904938937282,0.9980348827429061,0.9899224806201551,0.9823810825616839,0.9698480251855771,0.9707512326388166,0.9670974890970072,0.9660251042962432,0.9705549003243134,0.9734979789088402,0.9871034210857109,0.985694494640225,0.9880050031513106,0.9819432949619428,0.9818166760307673,0.9852675963945345,0.9797462930008907,0.9774906349677545,0.9689109322739727,0.9771382391589977,0.9762492639697045
395153,329,"The Villages, FL",msa,FL,0.9774498230809686,0.9782430180182741,0.9744315464707327,0.9744158840642893,0.9702185919071186,0.9701601709648422,0.9679178744307636,0.9711206424377083,0.9718382077183311,0.9746339441948327,0.9684312898202215,0.9696120651609629,0.9698561870007428,0.9759126428066677,0.9743758176393085,0.9733632383527869,0.9730097595634478,0.9732974762295172,0.9738782034663003,0.9758702865964691,0.9780855272083343,0.9776044810273795,0.9754831564718257,0.9757745451690113,0.9772449852545005,0.9787397433940144,0.9768073762442558,0.9752377585887659,0.9755816342003474,0.9776477486130281,0.977841321977333,0.9781264781920855,0.9782200682408995,0.9777647125053095,0.9760159177674317,0.9748756617115317,0.977170723094218,0.9816098887289085,0.986751238251346,0.9928480405407575,0.9974651457541192,1.0,1.0,1.0,1.0,1.0,1.0,1.0,1.0,1.0,0.9965457685664939,0.9942527209176614,0.9936403510462591,0.9924265820987039,0.9877364421512557,0.9843597161472055,0.980236507737058,0.9763542965422433,0.9690136369018938,0.9687958366840936,0.9696516648861627,0.9709621525792288,0.9724090700196278,0.9739423844698658,0.9768197322938367,0.976861450663613,0.9783920882482326,0.9765438471485006,0.9740890959692248,0.9738330684328584,0.9728201983097734,0.9739064337989939,0.9719765522399957,0.973383594922896,0.9729614968471667,0.9752201722630228,0.9749538470801721,0.9749803133348051,0.9730724608891445,0.9735664272717415,0.972781246966694,0.972588296950493,0.9720798556355094,0.973021074620028,0.9730048303256674,0.9712527233482248,0.9711119619466171,0.9712995136439048,0.9729086352639671,0.9710667675849781,0.969238894680171,0.9688274026154488,0.9703384374598168,0.9712892549343545,0.9697753622863275,0.9702748591167595,0.9717506799393955,0.9731489665248961,0.9732618469311731
394307,330,"Albany, OR",msa,OR,1.0000675266815042,1.0000675266815042,1.0055509375585012,1.005483410876997,1.005483410876997,1.0,1.0,1.0,1.0,1.0,0.996010067444885,0.9922772199727131,0.9922772199727131,0.9962671525278282,1.0000064131320816,1.0000064131320816,1.0000064131320816,1.0,1.0,1.0,1.0,1.0,0.9989333333333333,0.9980299909665763,0.9980299909665763,0.9990966576332431,1.0,0.9989209280715509,0.9989209280715509,0.9989209280715509,1.0,1.005128205128205,1.0147205312672938,1.0153265918733545,1.0127919399129892,1.0079966185709053,1.0149061713870953,1.0268580727647099,1.029063869088153,1.0380941493857094,1.0355675757463267,1.0359019834587881,1.0287105400492527,1.0204843266526626,1.013147117819753,1.0038879328233807,1.0008005508063544,1.0045406162575,1.0145463610446106,1.0232669538726353,1.0293329306739956,1.0241381254791904,1.014965445415791,1.0051594031632856,1.0002531982570806,1.0,1.0,0.9981481481481481,0.9979460667093284,0.9979460667093284,0.9997979185611802,1.0,1.0,1.0,1.0,1.0,1.0,1.0,1.0,0.9985001874765654,0.9985001874765654,0.9985001874765654,1.0,1.0,1.0,1.0,1.0,1.0,1.0,1.0,1.0,1.0,1.0,1.0,1.0,1.0,1.0,1.0,1.0,0.9996938150642988,0.9996938150642988,0.9996938150642988,1.0,1.0,1.0,0.9955239125210286,0.9955239125210286,0.9955239125210286,1.0
394633,331,"Glens Falls, NY",msa,NY,0.9790845458274058,0.9817202175519434,0.9750333373155149,0.9771952681236188,0.9773036902018845,0.9763961240615245,0.9750235320909327,0.972549840532662,0.9702514369382396,0.9745331321110866,0.9777621563486179,0.9801492157845618,0.973132318480945,0.9718530157420373,0.9729975293397587,0.9849576987846614,0.9846532825159234,0.9833648279375667,0.9746357053810444,0.9726289967974161,0.9713265194201725,0.9707446550120761,0.9689130173541497,0.9737674923594417,0.9740607659585206,0.9762141292975982,0.9723556165712258,0.9750542194612822,0.977076452004567,0.982552476743351,0.9866419328152668,0.9937509363450033,0.9934703155934322,0.9935046717162509,0.9861039316422436,0.9837890917685405,0.9811480500351312,0.9888488201121387,0.9951636599858421,1.0,1.0,1.00003236874474,1.00003236874474,1.00003236874474,1.0,0.9991415256315919,0.9991415256315919,0.9935627250737117,0.99442119944212,0.9973340174814164,1.002913392753922,1.002914583238616,1.0015238352145401,1.0015708931568643,1.0015697026721702,1.0000476326569496,0.9984495943751285,0.991646873286693,0.984135935788015,0.9837089402829431,0.9852524021121192,0.9927633396107972,0.9947407407407408,1.0001115784162653,1.0001115784162653,1.0001115784162653,1.0,0.9937512389396478,0.9937512389396478,0.993383837470042,0.9996325985303942,0.9920395841036668,0.9924069855732727,0.9879476767661378,0.9955406911928651,0.9955406911928651,1.0,1.0,1.0,0.9966629588431591,0.9903522441321227,0.9852618456767953,0.9830424051978083,0.981945712501437,0.9824976612726837,0.9839332462974513,0.9913406537048588,0.9958791033889396,1.0,1.0,0.9973279893119572,0.9947539867379547,0.9947539867379547,0.990990990990991,0.9883403331679194,0.9827167324231486,0.9891517388581551,0.9891518655747452,0.9947754663195161
394780,332,"Lawton, OK",msa,OK,,,,,,,,,,,,,,,,,,,,,,,,,,,,,,,,,,,,,,,,,,,,,,,,,,,1.0,1.0,1.0,1.0,1.0,1.0,1.0,1.0,1.0,1.0,1.0,1.0,1.0,1.0,1.0,1.0,1.0,1.0,1.0,1.0,1.0,1.0,1.0,1.0,1.0,1.0,1.0,1.0,1.0,1.0,0.9944811375106584,0.9909160751220666,0.987482177648434,0.9868052532728439,0.9903703156614356,0.9938042131350682,1.0,1.0,1.0,1.0,1.0,1.0,0.9981238273921201,0.9981238273921201,0.9981238273921201,0.998989898989899,0.998989898989899,0.9977062019424022,0.9987163029525031
394474,334,"Cleveland, TN",msa,TN,,,,,,,,,,,,,,,,,,,,,,,,,,0.9805433330112395,0.9842805706978935,0.9895299145299146,0.9946581196581197,1.0,1.0,1.0,0.9971560262822399,0.9971560262822399,0.9971560262822399,0.998234255444379,0.998234255444379,0.998234255444379,1.0,1.0,1.0,1.0,1.0,1.0,0.996053593988962,0.996053593988962,0.996053593988962,1.0,1.0,1.0,1.0,1.0,1.0,0.9945537401356007,0.9911867367685975,0.9835818743904811,0.9830757533024993,0.9794252128098536,0.9798546176796644,0.9782316582732298,0.9814955088747537,0.9818180371485244,0.9874844200917748,0.9867587963705828,0.9880375895961991,0.9852611826249075,0.9843662518039619,0.9856239613453512,0.9859436595755854,0.9847819596634295,0.9844702140138736,0.980909305285223,0.9813425041764461,0.9819728549427689,0.9869940551418455,0.9858400079286218,0.9834981562730446,0.9814284065811316,0.9822366044847097,0.9850385859051877,0.9821167179192641,0.982915598535981,0.979975080463421,0.9843961559657104,0.984985701164664,0.9862380213099771,0.9831779904593024,0.9834901962372525,0.9820494190836945,0.9819065568386143,0.9810639565504454,0.9814413150410116,0.9835065148485675,0.980382484724066,0.9786396643861104,0.9766123818176796,0.9803759835164846,0.9859512019663655,0.9893558487300461
395098,335,"Sierra Vista, AZ",msa,AZ,,,,,,,,,,,,0.9629018409251303,0.9618030761538502,0.9689756473387322,0.9787629328586774,0.9855680945681285,0.9819338115260642,0.9817070304396628,0.980140029735618,0.9806411190602367,0.9803390414116403,0.9800929970479489,0.9819993151307376,0.9813919837990005,0.98329335669095,0.9816713678398202,0.9811730168938745,0.9846871435350715,0.9883243829308638,0.9910188868960254,0.9887081375088141,0.9913225165937815,0.9938342485598666,0.9977322995343793,0.9929361364648348,0.9952038369304557,0.99444626117288,0.9992424242424244,0.9992424242424244,1.0,1.0,1.0,1.0,1.0,1.0,0.998095238095238,0.9960053739364083,0.9960053739364084,0.9979101358411704,1.0,1.0,1.0,0.9970845481049563,0.993148529824465,0.9891609716578253,0.9847857534844803,0.9856439016510904,0.9806104242190244,0.9801491563029172,0.983098672002536,0.9841674369876005,0.9919193749720967,0.9908878325024665,0.9961067424491676,0.9884439072001255,0.9852424472836366,0.9879758079505767,0.9918072255750977,0.9935497548209073,0.9906172887072412,0.9853695883032279,0.9830122714211713,0.980666445050013,0.982847699037826,0.9860303825494143,0.9857415212416155,0.9874221230462611,0.9839245786802957,0.9851767378666625,0.9853920762858853,0.9829300953249186,0.9862826202856511,0.9864689703320121,0.9903901603608837,0.9841474726306018,0.9838348412728886,0.9876666374959889,0.9902564102564103,0.9905075376499682,0.9864833561429943,0.9904166125182696,0.9911266940458218,0.993834115697329,0.9898866143078086,0.9860536105149036,0.9804259259259259,0.981247953368625,0.9852418111891806,0.9886447786709479
394325,336,"Ames, IA",msa,IA,0.9642267565779407,0.9730809232446074,0.9742747972563982,0.9819874346178515,0.9836376389327723,0.9801710376482542,0.9695623419960803,0.9668910339313849,0.9656108691285596,0.972768417065068,0.9749328840975399,0.9760000384009443,0.9737995653896908,0.9737040648315096,0.9769392685698759,0.980172284645632,0.9810805062466924,0.9798047252564452,0.9796201553044335,0.9806775155715016,0.9803612993443732,0.9798703032670492,0.9736333226383685,0.9739175690241318,0.9750000202150666,0.9801019453446161,0.981802407632352,0.9835452195588911,0.9860952357107244,0.986771240106564,0.9875529188479953,0.9865293681915429,0.9873529890151637,0.9860598927012845,0.9873424237825371,0.9833408456003617,0.9894545040691681,0.9925796183990211,1.0,1.0,1.0,1.0,0.9976316637292246,0.9959026282839981,0.9927873634864902,0.9943348630636715,0.990745433623274,0.9882865624118633,0.9891073991054574,0.9944258639910813,1.007266753904836,1.0121958223063903,1.0121958223063903,1.0049290684015542,1.0,0.9957805907172995,0.9873298864919474,0.9826852897420876,0.9852778381219491,0.9879061260445355,0.9912917028074397,0.9898442336198195,0.995666649922585,0.9969256699095409,1.0,0.9982847068762055,0.9958938675657739,0.99255218001356,0.986585513352591,0.9819474268271526,0.9787956078858601,0.9789150313122756,0.9827206604937052,0.98859131059837,0.9961538469567178,0.9993771436111581,0.9963866305329719,0.9963866305329719,0.9897023715064158,0.9872551349128379,0.9811945288522318,0.9818787878787879,0.9814034462269756,0.9837990318011111,0.983633183053156,0.9842167498131934,0.9821392952543793,0.9854398144894404,0.9872769691043728,0.9878173598382164,0.9859768069981691,0.9842819737280898,0.9839064701846959,0.9854676984495868,0.9836306992335854,0.9820845260033915,0.9794820536546602,0.9819778951730326,0.9852168900636968
394824,337,"Mansfield, OH",msa,OH,,,,,,,,,,,,,,,,,,,,,,,,,,,,,,,,,,,,,,,,,,,,,,,,,,,,,,,,,,,0.9823713965455599,0.9815836216280727,0.9834178392895465,0.9931983257122633,0.9975017819504685,1.000430829983955,1.0000023809693879,1.0,1.0,1.0,0.993939393939394,0.9894848298728603,0.9855858896620142,0.9815454856216101,0.9859490077024646,0.9898479479133108,0.9999489580143209,1.0,1.0,1.0,0.9975,0.98755291005291,0.9801921105416082,0.9744174282346677,0.9804374053950785,0.9877982049063804,0.9960728872133208,1.0,1.0,0.9952634695085849,0.9937993406652467,0.9894133757529661,0.994149906244381,0.9956140350877193,1.0,0.9934640522875817,0.9839979888653945,0.983797828737292,0.9903337764497104,0.9997998398718976,1.0
395128,338,"Staunton, VA",msa,VA,,0.9856829518323548,0.9857414732591095,0.9874666947371654,0.9925187307076616,0.9916400155216456,0.988743657618997,0.9834170135595987,0.9841006724958502,0.9870375545148037,0.986721436698753,0.9904913990550693,0.9933592341325351,0.999001996007984,0.999001996007984,1.0,1.0,0.9977093882354083,0.9955848645163957,0.9913598256015635,0.9892897858335145,0.9914143095525271,0.9874308175524816,0.9880461507330626,0.9880461507330626,0.99625468164794,1.0,1.0,1.0,1.0,1.0,1.0,1.0,1.0,1.0,1.0,1.0,1.0,1.0006301197227474,1.0056612037652892,1.008323813122459,1.0083019441421355,1.0033734557700564,1.0007108464128864,1.0001025956704626,1.0,1.0,1.0,1.000803100175738,1.004630328169177,1.0122367503073308,1.0119671257250846,1.0109381775504023,1.0033317554122485,1.002798279818757,1.0,1.0,1.0,1.0,1.0,1.0,1.0,1.0001032067371984,1.0001032067371984,1.0001865609090748,1.0000833541718763,1.0000833541718763,1.0,1.0,1.0,0.9963369963369964,0.9926222368013414,0.9926222368013414,0.9962852404643451,1.0,1.0,1.0,1.0,1.0,1.0,0.9972373058969229,0.9972373058969229,0.9959714831121128,0.9987341772151899,0.9987341772151899,1.0,1.0,1.0,1.0,1.0,1.0,0.9996874348822672,0.9984209514119241,0.9984209514119241,0.9987335165296569,0.998095238095238,0.998095238095238,0.998095238095238,1.0
394353,339,"Augusta, ME",msa,ME,,,,,,,,,,,,,,,,,,,,,,,,,,,,,,,1.0000451102455175,0.9984540203489383,0.9984089101034209,0.9984089101034209,0.9935285545524312,0.988438156097104,0.9870732789360485,0.9935447243836171,1.0007569779465528,1.0109597674397859,1.0180534356763111,1.0161277744082164,1.0072898620760389,1.0001961938395134,1.0,1.0,1.0010915877371573,1.0010915877371573,1.0010915877371573,1.0091324200913243,1.0179911682164333,1.0292587738502361,1.0287610464151487,1.0199022982900394,1.0086346926562366,1.0,1.0,1.0,0.9983304555602065,0.9983304555602065,0.9964682581672828,1.0003674570106438,1.0045504209393703,1.0104530223726982,1.0088414545512205,1.0060965814329696,1.0020561773925656,1.0011417286559228,0.9974153083259963,0.9902980025958384,0.9847922267683459,0.9828611470050962,0.989978452735254,0.9945300696668619,0.9987494789495623,0.9987494789495623,1.0,1.0,1.0,0.9977750488925273,0.9977750488925273,0.9951083822258607,0.9928888888888889,0.9876805555555556,0.9903472222222223,0.9933590019102198,0.998567335243553,0.998567335243553,0.9965724078834618,0.9965724078834618,0.9965724078834618,1.0,1.0,0.9931367567861936,0.9884583942130942,0.985498658563802,0.9923619017776084,0.9887069310173745,0.9916666666666667
394321,340,"Altoona, PA",msa,PA,,,,,,,,,,,,,,,,,,,,,,,,,,,,,,,,,,,,,,,,,,,,,,,,,,,,,,,,,,,,,,,,,,,,,,,,,,,,,,,,,,,,,,,,,,,0.9822016785610002,0.9799506711999676,0.9759885368442155,0.9732794625995096,0.9716872876839858,0.9720939574136546,0.9774486852370551,0.9854186432766475,0.9889231329191825
394905,341,"New Bern, NC",msa,NC,0.975976469001366,0.9772107203814934,0.977102206047627,0.9776911530033744,0.9782560153383538,0.9794883417880715,0.9774829122594634,0.9777331999702789,0.9785241443673613,0.9792933005684864,0.9763932676142235,0.9746447653935348,0.9736123605222695,0.9759739232726347,0.9773008203283396,0.981534452477621,0.9840597050028735,0.9838100506730681,0.9814856032503091,0.9783542901189959,0.9786649456020653,0.9775990368041078,0.976969666174737,0.9773241740280421,0.9781482897190221,0.9802928118635443,0.9790829177498811,0.9803395027385235,0.9802242331110588,0.9833890151322521,0.9836814127930708,0.9870332025670757,0.9885900555000754,0.9897977849686743,0.9909954088944364,0.9893440639846643,0.993691890071621,0.995318352059925,1.0,1.0008888888888887,1.0008888888888887,1.0008888888888887,1.0,1.0,1.0,1.0,1.0,1.0,1.0001497857954802,1.002301478925996,1.0042571677863923,1.0077064278410328,1.0055547347105172,1.0035990458501207,1.0,0.9977703455964325,0.9977703455964325,0.9960910844713275,0.998320738874895,0.9972087010656095,0.9988879621907145,0.9988879621907145,1.0,1.0,1.0,1.0,1.0,0.9962859795728877,0.9936193129062211,0.9866017690465719,0.9844708105674149,0.9816729963597647,0.983928635457509,0.9848716535794647,0.9903361344537815,0.9903361344537815,0.9922102205882384,0.9888247659522639,0.9935866707141686,0.9923951360813249,0.9913017302721725,0.9855123730423906,0.9855123730423906,0.9857359143385813,0.9856773183519891,0.9860448757828376,0.9843828279849952,0.98964495811994,0.9890700022116508,0.9897458904229749,0.9846819959902801,0.9828243353651448,0.9836798491883186,0.9836798491883186,0.9827706312770754,0.9831842096015849,0.9832680644069894,0.9860210725147276,0.9850424638514127
394588,342,"Farmington, NM",msa,NM,,,,,,,,,,,,,,,,,,,,,,,,,,,,,,,,,,,,,,,,,,,,,,,,,,,,,,1.0057895889320194,1.0106666666666666,1.0,1.0,1.0,1.0,1.0,1.0,1.0,1.0,1.0,1.0,1.0,0.9988802545912661,0.9988802545912661,0.9988802545912661,0.9982905982905983,0.9904568456571893,0.9877255190128192,0.9842280335896546,0.9882772131833214,0.9910085398276914,0.9962154269602578,1.0,1.0,1.0,0.9988899962999876,0.9988899962999876,0.9917063082481324,0.9874371232356226,0.9807677888351959,0.980144578542272,0.9851390532255557,0.9882622883352025,0.995651998528125,0.9960367125573634,0.9991267461746866,0.9940053336709536,0.9937552919973413,0.9898972576863683,0.9954358583419577,0.9907970111266812,0.9895462808384344,0.9863716776638313,0.9868449587307864,0.992409789003463
395120,343,"St. Joseph, MO",msa,MO,0.969026698935968,0.9697468382714218,0.973144150534721,0.9777171278423996,0.9803401122338659,0.9800214715325511,0.9778536748442065,0.977133413126896,0.9756415358033678,0.9703243323018219,0.9703415884522556,0.9681418286323211,0.9702880459428687,0.9717896414617697,0.9769837943972952,0.9793217743686001,0.9799082366479653,0.9806042393651601,0.9827067714445432,0.9793008487185988,0.9778588424490063,0.9763751563358344,0.9730592059823842,0.9713925393157176,0.9734576234166501,0.9808098681289753,0.9829340913461335,0.9825287745931894,0.9846183837614518,0.9884745527011564,0.9914129796517009,0.9926800680397628,0.9903884933176982,0.9869756513266418,0.982090981326313,0.979489120413254,0.9844540324101841,0.9919557205053238,0.999202097316918,1.0,1.0,1.0,1.0,1.0,0.9959488958335482,0.990691411416344,0.9892096006435794,0.988397466298649,0.9936549507158533,0.9951367614886176,1.0,1.0,0.9978634295555322,0.9978634295555322,0.9921679430722644,0.9873735359975194,0.9794957884370188,0.9809662360054544,0.9805305061579599,0.9828503823831819,0.9822949732932669,0.9896616806599744,0.995219551995253,1.0,1.0,1.0,0.9978280358598207,0.9968288352203323,0.9904690230578256,0.992640987198005,0.985766172089462,0.9895397773554168,0.9887267692253355,0.9958986610484942,0.998484867945046,0.9992978760751273,1.0,1.0,1.0,0.9983234543443968,0.9935615495824921,0.9884557873651324,0.9893660494958315,0.9921671699440108,0.9972729321613704,0.9980392156862745,1.0,1.0,1.0,1.0,0.9961575408261286,0.9958498485184365,0.9911411963701139,0.9918586555439851,0.9875554673549005,0.9879863466123662,0.9874318991773885,0.9918178583966126,0.9960956312874695
395054,344,"San Angelo, TX",msa,TX,,,,,,,,,,,,,,,,,,,,,,,,,,,,,,,,,,,,,,,,,,,,,,,,,,,,,,,,,,,,,,,,,,,,,,,,,,,,,,,,,,,,,,,,,,,,,,,,0.9691812326185487,0.974907199453039,0.9855397915744618,0.9896639685162221
395218,345,"Wenatchee, WA",msa,WA,0.9973163040050457,0.9973163040050457,0.9995238095238096,1.0,1.0,1.0,1.0,0.9975459358899403,0.9939944391877588,0.9896944028807656,0.9873694944699172,0.9874480454195114,0.9903895463892666,0.9895420375483991,0.9923549172943856,0.9937134526316238,0.9993399339933994,0.9972954587845474,0.9972954587845474,0.9949148533421227,0.9943252944756246,0.9889545316110254,0.9880402351948433,0.9867888807313395,0.9921596435959387,0.9954545454545455,0.995740105612717,0.995740105612717,0.995740105612717,1.0,1.0,1.0,1.0,1.0,1.0,1.0,1.0033670033670035,1.0081289081289082,1.0127425182788505,1.0160570293884619,1.015694159676933,1.0170473042365475,1.0103657897599325,1.0059667547095568,1.0,1.0,1.0,1.0,1.0,1.0017173451863826,1.0057334094434107,1.0062455857901342,1.0045282406037517,0.9976066509376994,0.9937274712239724,0.9895374535956408,0.9869407440762509,0.9839666761941336,0.9796096852754567,0.98185208642722,0.9861931576763405,0.9947401662233492,0.9945876027582017,0.9965876027582018,0.9965876027582018,1.0,0.9983079526226734,0.9901200068470803,0.9855223056976552,0.9813561222606877,0.985534042973624,0.9840711380624433,0.9839917273332494,0.9854376498318035,0.9914982558924095,0.9955121716276366,0.9980762741917392,0.9939610478542905,0.9929791132851928,0.9880212964709801,0.9876058273466753,0.9850664001619588,0.9853528789715003,0.9861454535864329,0.9886552177654234,0.9933265557700947,0.9961552938320599,0.9977571730986424,0.9932860294346462,0.989242570505188,0.9855247442271858,0.9854770474739434,0.9851852649281235,0.9837219187879711,0.9803976219503081,0.983451069224885,0.9899656857595415,0.9973030061201592,0.9968486804602131
394949,346,"Owensboro, KY",msa,KY,,,,,,,,,,,,,,,,,,,,,,,,,,,,,,,,,,,,,,,,,,1.0050035739814154,1.0050035739814154,1.0,1.0,0.9975113987088292,0.9949610897379185,0.9949610897379185,0.9974496910290894,1.0,1.0,1.0,1.0,0.9957979769549502,0.9938527219876027,0.9878010979293096,0.9838175820930496,0.9776242489920742,0.9743805170837702,0.9716238226455033,0.9737658214323451,0.9748904253562545,0.9858326586758311,0.9908289145128304,0.997518185074037,0.9925140939810352,0.9852603003619849,0.9775902384899687,0.9727624421732731,0.9704144488127201,0.9719393830495503,0.972245759951419,0.9780220490163742,0.9798132407220616,0.9856411899587177,0.9847486510533726,0.9859810219894333,0.9852852446887684,0.988225038734023,0.9866564319818595,0.9826638854925074,0.9783902755340125,0.9748241010457396,0.9794982906317324,0.9800145290970291,0.9844082301484584,0.9828691452755985,0.9863304659548636,0.9877479636921613,0.989209070201818,0.9890604005805309,0.9839014247726429,0.9819735457236786,0.9789869636576748,0.9815340565574853,0.980636245599838,0.981895129069196,0.9856788199672634,0.988333374973417
753890,347,"Holland, MI",msa,MI,0.9796724867280858,0.987704615242142,0.989060077745616,0.9954802341657724,0.9954802341657724,0.9934640522875817,0.9869281045751634,0.9798155780358853,0.9739350978590963,0.9673881471912553,0.9654034029117792,0.9717637157415367,0.9748436126087885,0.9743921275681316,0.9776605086570517,0.9833484877891586,0.991289532246623,0.9872688738314364,0.9851317142253361,0.9790273433650719,0.978642483801726,0.9756022011879032,0.9753062754421061,0.9702660818243894,0.9713197278598122,0.9724513032776972,0.9809986947551964,0.986557416306803,0.9890887216467709,0.9927747757360507,0.9956548727498449,1.0,0.9977386738829189,0.9962893985206002,0.9962893985206001,0.9985507246376812,1.0,1.0,1.0057381324986958,1.017088094364207,1.0220353144893621,1.0207547018266294,1.0096341151409496,1.0046868950157948,1.0002293751798315,1.0,1.0,1.0,1.0003340013360054,1.0125971005556262,1.0258427145907139,1.0338638213775975,1.0216007221579766,1.008355108122889,1.0,0.996547756041427,0.996547756041427,0.9948172039305235,0.9906936903133391,0.9906936903133391,0.9878488372791706,0.9946271304361081,0.9946271304361081,0.9992025355811799,1.0,1.0,1.0,1.0,0.9949937421777221,0.9886445358285157,0.9770166288517715,0.9785552953163541,0.9817746112117263,0.9934025181884705,0.9968701095461658,1.0,1.0,0.9945702893017732,0.9909795608685816,0.9885046235252233,0.9939343342234501,0.992139784016611,0.9866478362271649,0.9843004183867894,0.98968569702682,0.9972604252968793,0.9996078431372549,0.9996078431372549,1.0,1.0,0.997534208515663,0.9926857741848581,0.9906099603811199,0.9859512927026284,0.9866845006959849,0.9806915314309399,0.9829129707656441,0.9870281971030926,0.9950969801718758
394810,348,"Lumberton, NC",msa,NC,,,,,,,,,,,,,,,,,,,,,,,,,,,,,,,,,,,,,,,,,,,,,,,,,,,,,,,,,,,,,,,,,,,,,,,,,,,,,,,,,,,,,,,,,,,,,,,,,,,0.9712971707230865
394778,349,"Lawrence, KS",msa,KS,0.9940726329442283,0.9966666666666667,1.0,1.0,0.9969418960244649,0.9912598944102599,0.984880309083306,0.9823042863484813,0.98157603155243,0.9819226433763858,0.9826382846798127,0.9826056467654046,0.9867624476605226,0.9916809330674554,0.9981238273921201,1.0,0.9990951088250702,0.9927465839380137,0.9892261096004189,0.9854689961133438,0.9843899023858786,0.9833050090880917,0.9843745066933861,0.9918021253079078,0.9923646386881856,0.9959571457448959,0.9959571457448959,1.0,1.0,1.0,1.0,1.0,1.0,1.0,1.0,1.0,1.0025908278737343,1.01058887141766,1.0176751573701404,1.0241899991470993,1.02338620020749,1.019101034703189,1.0099953650524958,1.0028011204481793,1.0,1.0,1.0,1.0,1.0082416462917685,1.0154787684714195,1.0275151029072251,1.0287177154416065,1.026473513747834,1.0144371793120281,0.9988331483313733,0.9908029121910857,0.9908029121910857,0.9946795793227597,0.9922706351127696,0.9900484128905475,0.9923315179133786,0.9985440613026819,1.0062107279693486,1.0086982901584032,1.0079320066334991,1.0024875621890548,1.0,1.0,0.9984992496248125,0.9952216436462015,0.9883433367678945,0.9882754596921016,0.9888502802146846,0.9957285870929914,0.9972972145439719,1.0,1.0,0.9971294515926473,0.9926249470881429,0.9919898950949441,0.9948604435022966,0.9948664456517683,0.99120042237615,0.9902171382070252,0.9947156405620579,0.9990167158308751,1.0,1.0,1.0,0.9958333333333332,0.9916442250149612,0.9888542033238498,0.9900387062776659,0.9894774855193332,0.9899078660024059,0.9871817844721275,0.9919321135488323,0.9942917547568711,1.0
394635,350,"Goldsboro, NC",msa,NC,,,0.9703241146561691,0.9767752090343486,0.985081949779568,0.9885461954601475,0.9891959012722856,0.9876607035304931,0.986997590604219,0.9845605798733725,0.9824831561412671,0.978929021262064,0.9841634566938553,0.9918150164348795,0.9971995308927846,0.9958671620847221,0.9958671620847221,0.9909186021437728,0.9933091720100361,0.9915938788862418,0.992947046668817,0.9909849799585491,0.9844470408615703,0.9879685553877824,0.9899306220980505,0.9981838543188237,1.0,1.0,1.0000395134708209,1.0000395134708209,1.00020229138193,1.000162777911109,1.0003555675775828,1.0003317364498558,1.0003317364498558,1.0002415424538447,1.0019839023234471,1.0065545479524869,1.006928824003531,1.0100804837884114,1.0148852031490077,1.0198068706463006,1.0181409075754393,1.0117660747648236,1.0065505935847558,1.003376979685632,1.0005200279088255,1.0063975759306996,1.0119513128996018,1.018981705477812,1.0235271600232667,1.026642014809614,1.0200483885938323,1.00961785896899,1.000755877745861,1.0003343367617488,1.0001588057805304,1.0001588057805304,0.9967256057629338,0.9957875194589939,0.9957875194589939,0.99906191369606,1.0000533909726936,1.0000533909726936,0.9991007075811407,0.999047316608447,0.999047316608447,1.0,1.0,0.9981981981981982,0.993600497048773,0.9925544073581589,0.9909487308906768,0.9955464320401021,0.996592521730716,1.0,1.0,1.0,1.0,0.9969111508646392,0.9946874637390734,0.9870934537056536,0.9854442138702325,0.9845838609032773,0.9865398463863116,0.986830043962537,0.9884546560290052,0.9940926805793905,0.998540571973947,1.0,0.995939412802158,0.995939412802158,0.9886044494769745,0.9926650366748166,0.9873698834488419,0.9849690273538414,0.9818968307332577,0.98456257317897,0.9900789833164535
395213,351,"Watertown, NY",msa,NY,0.9551307933189431,0.9545819373705194,0.9561894972703039,0.9658147351564114,0.9658387068157396,0.969059369942533,0.9734544343503435,0.9732042186880321,0.968487083120436,0.960418186777924,0.9590536775533701,0.9665763469700573,0.9746902380850703,0.9800763813349115,0.9791328025280506,0.9777546921081458,0.9813674732529923,0.9781843008366303,0.9774685981762931,0.9743348385091677,0.9750980405595069,0.9705339639807372,0.9679110821375639,0.9691500562495824,0.971065765061843,0.9741949930881187,0.9745045228830946,0.9769597291035139,0.9828259015395856,0.9874823876224929,0.9888037704539769,0.9894421157714014,0.9854186011230889,0.9908374143700364,0.9867258061175063,0.9922681426970749,0.9905454898116313,0.9909054286569651,0.9889102954295327,0.9906329483149764,0.9960984137804418,1.0,0.9991872575204814,0.9991872575204814,0.9917504166067062,0.9913499349430643,0.9822684144393538,0.9845402287028624,0.978824209304432,0.9861298688982855,0.991294895548552,0.9984147241863882,1.0001905850962454,1.0001905850962454,0.9997777036790042,0.9997777036790042,0.9916069516363161,0.9845667609260388,0.9750429514022293,0.9730819911855454,0.977286116825124,0.9834200958404589,0.9935518080998307,0.9966101694915254,1.0,0.9975271608877211,0.9975271608877211,0.9953032913547336,0.9949867301880726,0.9901558123136764,0.985876430220851,0.984030542708059,0.9852250969460915,0.9911826956071899,0.9958179833989219,0.9922931748741134,0.9913380774636402,0.9854555627816146,0.9907545375498632,0.9922552879250507,0.9904367923783542,0.9832249156972037,0.9732065760516803,0.9758635578970564,0.975921489893274,0.9818278876623308,0.9868719160456769,0.9911794059752107,0.9952913478516775,0.9920405351485017,0.9967491872968242,0.9895811147075261,0.9876551264981811,0.9827770777176933,0.977896957535907,0.9734312853900363,0.9749760008371907,0.9804882458958568,0.9877683548390839
395217,353,"Weirton, WV",msa,OH,,,,,,,,,,,,,,,,,,,,,,,,,0.938406044577202,0.9294143289066895,0.9349045917442803,0.9434272126756604,0.9725220535777302,0.9881024503846273,0.9905355404089581,0.9915611814345991,0.9905854517660956,0.9835307780447552,0.9691467880510091,0.9693020770256543,0.9645920448646418,0.9735559806578458,0.9807300560253318,0.9890682414089346,0.9936845986032479,0.9941229778112989,0.9868621172194967,0.9771213769543673,0.9709118404484149,0.9740961504494824,0.9749261864964329,0.9751105700141499,0.9686099276276261,0.9732738238015283,0.980945781473486,0.993119110568775,0.9900362539713717,0.9869569622084772,0.977281593712759,0.9745327693179119,0.9654908489595941,0.9578341004208184,0.9519601585565534,0.9527694761823021,0.9621222856218443,0.968689184999025,0.9757760405796562,0.9762609042150047,0.971776944661252,0.967831231533396,0.9685941472577365,0.9777914293277887,0.9692257796968367,0.9615839886091156,0.9553357566916216,0.9621671654402567,0.9709432505294388,0.9715562773493621,0.9741934391647656,0.9682912997354908,0.9683987429573054,0.9630895503478217,0.959058286520072,0.9618941659310783,0.9661427108814031,0.966995478625886,0.9630456624865715,0.953830281606209,0.9601238182014818,0.9689539853975914,0.9736773322262015,0.9723580243831362,0.9609402664049097,0.9637206185828523,0.9663060980964105,0.9679508646462297,0.964769035031319,0.966929971365281,0.9641173843421678,0.9672383644986384,0.9596785111659253,0.9647224480410205,0.963922252177556
394407,356,"Bozeman, MT",msa,MT,0.9832170282875152,0.9878432566256571,0.9948327850672755,0.9943502679579187,0.9946251439267885,0.9915066155529674,0.9883935913687997,0.9839293157917478,0.9837101621016919,0.98274334599997,0.98316756635784,0.9794789429694615,0.9818483937095981,0.9840385524366955,0.9881577003229752,0.9904691025406375,0.9917231153161378,0.9912326511752126,0.9899722056293512,0.9870738987725819,0.9860550164184788,0.9830626618681683,0.9816862163625585,0.979539790392865,0.9834651025180653,0.9853297064702008,0.9897294768144146,0.9874337044309148,0.9911833874447691,0.9938758156821157,0.99867197875166,1.0,1.0,0.9976860022747774,0.9976860022747774,0.9976860022747774,1.0002614379084969,1.001426889073948,1.0073866459630727,1.01546766167142,1.0172106307372237,1.0126162265898444,1.0042737729730007,1.0013653527417457,1.0,0.9999773242630385,0.99783077150582,0.99783077150582,1.0019213091107064,1.005493036724585,1.0077918872992975,1.0037240254313726,1.0008493220950345,0.9936121999153835,0.9852145124443957,0.9791303079026048,0.9748485858749419,0.9772342492978336,0.9752441727954931,0.9780539100178379,0.9808274578754578,0.9883875953325024,0.994797851742759,0.9980363279332352,0.9971834224291545,0.993788440722013,0.9886602355938079,0.983214147367741,0.9785166177318295,0.9741210133362251,0.9749612769738931,0.9777557750719131,0.9812539884545938,0.9840054776626704,0.9857320623362749,0.9877898256334167,0.9889656025599209,0.9858703644646828,0.9843866586258972,0.9810370522419705,0.9794711980790561,0.9773204226482122,0.9740670435997244,0.9733047216747296,0.972398354633925,0.9765192182473407,0.9810527134775177,0.9847994898700341,0.9852360223012692,0.9832623633906614,0.9806050842627941,0.9763418881065941,0.9751465723045366,0.9747985565273486,0.9774119285325451,0.9788146606582672,0.9832958938770675,0.9822750511628051,0.9851484071856896
394333,357,"Anniston, AL",msa,AL,,,,,,,,,,,,0.965014680929794,0.9665092527788562,0.9727577817653869,0.9822199415640508,0.9887339101904308,0.9767538887450571,0.9763338320245077,0.9724175089400372,0.9783660295720956,0.977930342063798,0.9798209121563364,0.9732786382711657,0.9729637343293657,0.9671375073916986,0.9743070858973265,0.9785891656866332,0.9837789863052303,0.9828539313377447,0.981339874220709,0.983994789281652,0.9877889839996624,0.9913028015282995,0.9959252976762195,0.9909881318963304,0.9915271106663702,0.9865221056613652,0.9938721052086885,0.9948727723200962,0.9998777773251012,0.9983024129986662,0.9983024129986662,0.9983024129986662,1.0,1.0,1.0,1.0,0.999697519661222,0.999697519661222,0.999697519661222,1.0,1.0,0.9986416703885929,0.9982248879490263,0.990250406290334,0.9897631810032591,0.9802508854286412,0.9627422133332715,0.9476776907146768,0.9516851506376728,0.9715219991603662,0.9814695005242663,0.9841111541947299,0.9867350365779552,0.984261234033423,0.987541198454148,0.9894707251274277,0.9944025993206321,0.9943624174592373,0.9930709550265661,0.99128615135497,0.9826668640305799,0.9789005565260159,0.9790339139497227,0.9876933831355076,0.9888090895272837,0.9916323669476644,0.9830426233579209,0.9829237252640851,0.9790301617978772,0.9876199053876208,0.9862378154893605,0.9871049069251018,0.9847222526482374,0.9899532851801425,0.9959848481010413,0.9983675023779055,0.9981716671832311,0.9951647664697014,0.9895859659118212,0.991086716287009,0.9873642455435956,0.9847722940587876,0.9822565707883474,0.9893135246868717,0.9958166836222779,0.9902726487451123,0.9857064386994502,0.987374031806732
394374,358,"Beckley, WV",msa,WV,,,,,,,,,,,,,,,,,,,,,,,,,,,,,,,,,,,,,,,0.9685505561283277,0.9759491435078638,0.9795402452948907,0.9761504912995115,0.9772081439834706,0.9768786614896614,0.9802639551442041,0.97434561510374,0.970244353119415,0.9622928494192103,0.9667092889131146,0.9783007548560448,0.9876386983592923,0.9876885831329222,0.9819852607629332,0.9715311325818572,0.9733515389429367,0.9679332586105671,0.9661869975111883,0.9523735330573064,0.9501777971767726,0.951274955565193,0.9605750408602117,0.9548947216255707,0.9636122920429839,0.9657493398235574,0.9763397460135002,0.9688583920216333,0.9671641383987074,0.9622560747109826,0.9660000729592926,0.965770512452882,0.9678439854639995,0.9688038787921068,0.9673942198120403,0.9684891715083831,0.9690695218840949,0.9716973178898693,0.975389203996663,0.9711273810319154,0.9685319323943183,0.9634680835160617,0.963067923452036,0.9571746700761098,0.9572243619862668,0.9512219610258826,0.954993027690031,0.9555394127975253,0.9634080937292816,0.9672756491511008,0.972747055775684,0.9705327296090895,0.9675270032043097,0.9683177002446488,0.9707783733633996,0.9662248227761586,0.9649049521457792,0.9614164939908817,0.9681229115833733,0.9643023899049715,0.9720155430224865
394423,360,"Brunswick, GA",msa,GA,0.9678916898972648,0.9639686219251252,0.9665760430467792,0.9689066485229391,0.9679379763186553,0.9712341122941924,0.968176039024049,0.9710181875983802,0.9692445472728556,0.9711026695667159,0.9671382207855559,0.9634707322893851,0.9628996442804242,0.9656619547588762,0.9715716271332399,0.9741951550203479,0.9734558878741075,0.9720961859931864,0.9721059899147552,0.9740575243542938,0.9713439761600681,0.9688594526175734,0.9679963631070269,0.9679151794492972,0.9694609187092773,0.970103178051961,0.9709022295404933,0.9705019621822935,0.9704888349595443,0.975106650271884,0.9749390037250492,0.976380999639391,0.9751068571544907,0.9776548117883596,0.9815524785057068,0.9801836716582124,0.9802250698376539,0.9849107651925756,0.9915843841715676,0.9954507924101234,0.9954507924101232,0.9975786924939468,0.9990252994191099,0.9960823918264082,0.992777398009138,0.991512701968673,0.9895464293944625,0.9928514232117327,0.9938842077615077,0.9987933879284198,0.9987933879284198,1.0,1.0,0.9957456336766682,0.9898221010972389,0.9814590661774915,0.9775833512000104,0.9777198467424024,0.9749680656123556,0.9690829953980171,0.9651827102236843,0.9736930770059798,0.9824803067053104,0.9868766236256751,0.9856051039009257,0.9886979843503202,0.9883664996814862,0.9867075888572975,0.9798434373262258,0.9754324824700117,0.9709592345714112,0.9720776058296982,0.974262663633651,0.9779474474648907,0.9804781578217868,0.9809113960332505,0.978872106187489,0.9774589324456491,0.9759491304873937,0.9777852976333138,0.9733961663005909,0.969895150990029,0.9649471644162703,0.9671501521927328,0.9698644329974223,0.9721492453862322,0.971885943648389,0.9733184712757699,0.9757053909559227,0.9753943117503711,0.9747758999433106,0.9715098141128657,0.9720588978379151,0.9709230224663061,0.9718550032929004,0.9716975980122285,0.9730428951793787,0.9726674767867426,0.972161053649307
395173,361,"Twin Falls, ID",msa,ID,,,,,,,,,,,,,,,,,,,,,,,,,,,,,,,,,,,,,1.006092634776006,1.00900061121298,1.0058205268587608,1.012255660546397,1.0120992397459008,1.0099459907667867,1.00351085707915,0.9999616278177391,0.9999616278177391,0.9999616278177391,1.0,1.0,1.0,1.0,1.0,1.0,1.0,0.9991578947368421,0.9952625135459684,0.9851615034449583,0.9793039353087695,0.9737680504236214,0.9771914661359581,0.9746541917441403,0.9782031048789855,0.9807488565543303,0.9875963180850409,0.9905484901633296,0.991346999543325,0.9891842319433078,0.9876699683617511,0.986571247623731,0.9873332298480685,0.9825187751159582,0.9832252869634616,0.9827114173331335,0.9894062139455855,0.9931317561694355,0.9963902392997749,0.9956042581117835,0.9911598136673391,0.9872544765523755,0.986245585945495,0.9857149060118301,0.9850381956352106,0.9845069403539192,0.9848684545820863,0.9855941994254781,0.9893779357437774,0.9894468384643971,0.9914431388713524,0.9885813782250649,0.988397093293529,0.9883560237628259,0.9897563716129364,0.9901375378868383,0.9883894321141488,0.9866423436260355,0.9868114995544005,0.9866922928298685,0.9856309433501037,0.9849434334600335,0.9866710561122303
753872,361,"California, MD",msa,MD,0.9917481837335363,0.9955920829134306,0.9930929415083146,0.996062503497921,0.9967673388599025,0.99644197194527,0.992927508576792,0.9906643254150871,0.9892182795827598,0.9908694498258086,0.9931461881638248,0.9961118201520226,0.9979751132774517,0.9985500241662639,0.9991830065359477,0.9991830065359477,0.9991830065359477,0.9988136809732039,0.9956730635257963,0.9949228759789097,0.9947508695856156,0.9978914870330232,0.9980692545966451,0.9955835382814248,0.9955835382814248,0.9961559582646897,1.0,1.0,1.0,1.0,1.0,1.0,1.0,1.0,1.0,1.0,1.0,1.0,1.0,1.0,1.0,1.0,1.0000877575898361,1.0000877575898361,1.0000877575898361,1.0,1.0,1.0000006289320043,1.000089557751309,1.0025183338753358,1.0032772499698284,1.0031883211505237,1.0007595450264966,1.0,1.0,1.0,1.0,1.0,1.0,1.0,1.0,1.0,1.0,1.0,1.0,1.0,1.0,1.0,1.0,1.0,1.0,1.0,1.0,1.0,1.0,1.0,1.0,1.0,1.0,1.0,1.0,1.0,1.0,1.0,1.0,1.0,1.0,1.0,1.0,1.0,1.0,1.0,1.0,1.0,1.0,1.0,1.0,1.0,1.0
394495,363,"Cookeville, TN",msa,TN,,,,,,,,,,,,,,,,,,,,,,,,,0.9671731028395034,0.992150817821316,0.9899200492446879,0.9918709775034347,0.990435118492052,0.9889424236919989,0.9925208340016688,0.9939566930130516,0.9976801563897327,1.0,0.9929638423109264,0.9929638423109264,0.9909625080881113,0.9979986657771848,0.9964828252436089,0.9984841594664241,0.9984841594664241,1.0,0.9960158675405312,0.9906277280064102,0.9882169780409562,0.9905344438337583,0.9895537787230438,0.9919645286884977,0.9936311953551645,0.9988544457628006,0.9988544457628006,0.9942016540767726,0.995347208313972,0.993271575620757,0.9912577006401184,0.98573605992402,0.9776285994631341,0.9763034112440735,0.9712267613618814,0.9659123642803324,0.964050531498099,0.970108885718179,0.9746090304854934,0.9778971008120528,0.974240315878788,0.9800069524127105,0.9794176875992298,0.9822537747359107,0.9778355574664968,0.9737083883393277,0.9698046163625564,0.9728354849580801,0.9755988541710435,0.9781354315764319,0.9751958097004049,0.9764285172704036,0.9772260272619478,0.9797290330249373,0.9808285757320584,0.9769058391175861,0.9756271795055932,0.9721644884905437,0.9701570420986734,0.967687618230844,0.9693325252008086,0.9745263602951176,0.9800889626256305,0.9806225856804675,0.9807171207750024,0.9795048922467595,0.978730771685593,0.9799692285692112,0.9775327230792152,0.9775253734068438,0.9737198607420164,0.9760000185363887,0.9741138327042166,0.9745320898249991,0.9735667622396514
394893,364,"Muncie, IN",msa,IN,,,,,,,,,,,,,,,,,,,,,,,,0.9635972232366554,0.9699731136445294,0.9767541776557208,0.9760493037255517,0.972365287287004,0.9823749594213874,0.9888999163546911,0.9944601054011186,0.9970242079652212,0.9920286318529364,0.9878035929381044,0.9768715936792568,0.9783943636954793,0.9826194026103113,0.9908948279590102,0.9973434260898513,0.9973434260898513,1.0,1.0,1.0,1.0,1.0,0.9958307275380447,0.9916179839888081,0.9850820362763898,0.9892513087383453,0.9934640522875817,1.0,1.0016407087636139,1.0016407087636139,0.9990466750411754,0.9892658453604226,0.9892658453604226,0.9855100967896825,0.9846217527030712,0.972143165309002,0.9694839385931715,0.9693566102121004,0.9818351976061698,0.9908442066151787,1.0,1.0,1.0,1.0,0.9917763944879822,0.9843892397917468,0.972599355861048,0.9724842827329118,0.97370545428948,0.9803435699105156,0.9833503454714166,0.9867865742889731,0.991938342598636,0.997270245677889,0.9993849938499385,0.99083798530293,0.9843563882025205,0.9802901340143139,0.9797725297846287,0.9785849038106799,0.9720926811230193,0.9736205257490321,0.9778414729613213,0.9839815978643586,0.9892235527889784,0.9926718286510475,0.988267521710676,0.9830707187412346,0.9775132424117131,0.981596155132272,0.9799757040650875,0.975323780812387,0.9728660331550912,0.9734795168483731,0.9836889164305949,0.9915014164305949
394857,365,"Michigan City, IN",msa,IN,0.969960954828241,0.972904365740182,0.9795786267513069,0.9849923181962893,0.9879569433189781,0.9859962281592444,0.9784445948117644,0.9733283807948304,0.9734812459304895,0.9735923200195798,0.9672624809865273,0.963287955533238,0.9604188719248165,0.9666716106580892,0.9707529568865444,0.9769938842562927,0.978990665083923,0.9782247218502609,0.9763153786779565,0.9769863004274321,0.9756759267530078,0.9744750905985383,0.9664204501539606,0.9655682942231648,0.9672303801760083,0.9756163894469733,0.9762884041470441,0.9752275375898329,0.9748427742193059,0.9784124121326755,0.986457809910411,0.9927422782956873,0.9947042166908218,0.9902206929909515,0.9857493466981552,0.9891864164550714,0.9952380405133647,0.999709386806161,1.0,1.0,1.0,1.0,1.0,0.9947222222222223,0.9947222222222223,0.9925525969756738,0.9939544057612036,0.9939544057612036,0.9919684920058544,0.9921814573350988,0.9921814573350988,0.9963369963369964,1.0,0.9959630911188005,0.9879483145765612,0.9822626338199266,0.9804515894847518,0.9807101858623609,0.9797291999523289,0.9786674557657964,0.9852115147183053,0.985093487353999,0.9856157567903269,0.9836465128144045,0.9829824172736826,0.9808244159955489,0.977875512984359,0.9794836684300628,0.9765348448012122,0.9734958993299819,0.9726272934994463,0.9754635377150009,0.978169895002385,0.9828998473477616,0.9856174247653625,0.9881577895817992,0.9832959612397123,0.9839277505048113,0.9774303191788839,0.974848584719871,0.9698480230472599,0.9714655986472192,0.9797919578313986,0.9791516333845894,0.9760492187724389,0.9724777096194478,0.9816402371271821,0.9904868950564089,0.9951548954374702,0.9913677600155463,0.9872807878804881,0.9836523786793233,0.9838398026996292,0.9824761976558015,0.9766516819490013,0.975544613629792,0.9749213460387377,0.9771244218954255,0.9802737205978964
395039,366,"Roseburg, OR",msa,OR,0.9892713767730523,0.9858642771316433,0.9892199630304797,0.9882912274775006,0.9869656076493484,0.9843685347500312,0.9802170169235609,0.9783998450606225,0.9795794948033861,0.9804624135568999,0.9813376927631748,0.9771945320256664,0.9787659076594936,0.9791658965044263,0.9844991306321434,0.9874266920626361,0.9934783161209294,0.9930682982898421,0.9918351442612691,0.9898836840430496,0.9938655332458328,0.9930092630662033,0.9894937528971789,0.9856361048827309,0.9867035044398378,0.9901603519237149,0.9935537473847739,0.9954860083253552,0.9974961312287217,0.9979603837821108,1.0,1.0,1.0,1.0,1.0,1.0,1.0,1.0,1.0,1.0,1.0,1.0,1.0,1.0,1.0,0.9962859795728877,0.9962859795728877,0.9962859795728877,1.0,1.0,1.0,1.0,1.0,0.9959156455780612,0.9908456103456129,0.9850763155791226,0.9848039526542135,0.9814581335136924,0.9822054477732705,0.978703151069154,0.983471877081036,0.9813774560456695,0.9863530176845092,0.9900001460455963,0.9971165475878752,0.999059477703638,0.999059477703638,0.9948373340329261,0.9865185970700288,0.9816712155304027,0.9791931916969272,0.9814807733962736,0.9794237196364025,0.9829964476401999,0.9880147315031941,0.9901025680624169,0.9899700238627256,0.9875741368637594,0.9851443587924393,0.9873539072929246,0.9875307262363756,0.9900047417538694,0.9852197595424855,0.9837752929943361,0.9850830060177808,0.9870424544365127,0.9893176951848822,0.984503185818154,0.9872297295230458,0.9848672239028349,0.9872984283238445,0.980195790595447,0.9802265030475718,0.981023951213441,0.9831592914458055,0.9819416099040993,0.9824801949497265,0.9855367170642196,0.9907082190468689
394788,367,"Lewiston, ME",msa,ME,,,,,,,,,,,,,,,,,,,,,,,,,,,,1.0097797699359543,1.0106995603080529,1.0134202734984858,1.0137906438688562,1.0099240305568646,1.0001333866880084,1.0001333866880084,1.0071967702299456,1.0042900578580543,1.0042900578580543,1.003449817426231,1.0265585500001424,1.0508150645792376,1.0637177940403746,1.062229874264517,1.0490049436721924,1.0381359716830338,1.0328245656679689,1.031910304493548,1.0378057315091616,1.0245280845700038,1.034996595542175,1.0580520266599927,1.0927991994927215,1.1073761564058753,1.09670167766901,1.0708384663733501,1.0424783967641111,1.0158117300974443,1.0068027210884354,1.0011947431302268,1.0011947431302268,1.0067642223839168,1.0152239507984053,1.0281967207768279,1.038423778850776,1.0492534786282206,1.0543422559606983,1.056089578282183,1.0473899187445348,1.0379630640898712,1.0204192044407483,1.0086346926562366,1.0,1.0,1.0,1.0,1.009079251090023,1.0194959177566896,1.0234174863841405,1.0194664404223228,1.009147870675413,1.0063411292497457,1.003352606661223,1.0065224835976754,1.0050265951402948,1.0028869126006124,1.0042614642782937,1.0178951251722335,1.0222950137826483,1.0222483249613827,1.0121883303814532,1.007881060090942,1.003285223378317,1.0000926183199037,1.0,1.0,0.998095238095238,0.998095238095238,0.998095238095238,0.9972222222222222,0.9972222222222222
394804,368,"Longview, WA",msa,WA,0.994123019070642,0.9972602739726028,1.0,1.0001667500416875,1.0001667500416875,1.0001667500416875,1.0,1.0,1.0,1.0,1.0,1.0,1.0,1.0,1.0,1.0001097320743688,1.0001097320743688,1.0001097320743688,1.0,1.0,1.0,1.0,1.0,1.0,1.0,1.0,1.0,1.0,1.0007484520650474,1.0007484520650474,1.0017035619026788,1.0010503751515305,1.0010503751515305,1.0014740098888966,1.0014740098888966,1.006962586586278,1.01251106640893,1.0208345724545376,1.0241863036538468,1.0258493256572734,1.023286645212129,1.0182776998415577,1.0102002739533018,1.0055079725875748,1.0017746781206884,1.001261857607868,1.000098068059233,1.0,1.006269592476489,1.0145852583494792,1.019721365180501,1.0136105784845426,1.0069013383143635,1.0017652314833416,1.0016064257028112,1.0,1.0,0.9939681759468053,0.991155236425005,0.991155236425005,0.9971870604781997,1.0,1.0,1.0,1.0004226532818679,1.0004226532818679,1.0004226532818679,1.0,1.0,0.9990150022730716,0.9983884358570316,0.9983884358570316,0.999468698897859,1.000095265313899,1.000095265313899,1.0000784498313329,1.0000784498313329,1.0000784498313329,1.0,1.0,1.0,1.0,0.9985994397759104,0.9966641661130469,0.9966641661130469,0.9980647263371365,1.0,1.0,1.0,1.0,1.0,1.0,1.0,1.0,1.0,1.0,1.0,1.0,1.0
394734,370,"Kankakee, IL",msa,IL,0.9701681999635334,0.9753309075307312,0.9804677472881825,0.9838045131405577,0.9817075601015169,0.9773183353975569,0.9768921593472784,0.9749487401556115,0.9776696298579033,0.9742066131977776,0.9769695672231453,0.9739538557520285,0.9737445912431187,0.973290772118829,0.9749302402734835,0.9790468574900655,0.9796891295739716,0.9795410122556126,0.9773375764899144,0.9753619529463043,0.9745216176409005,0.9737792528884072,0.9719025123322661,0.9718034647275683,0.9748125867412284,0.9801924073568618,0.983549564043725,0.9877288649224362,0.9885923578605951,0.9899334484271249,0.9906927498697976,0.9950290298363297,0.9958000108808008,0.9909287513122553,0.9869558100918526,0.988145609496073,0.9930168690646185,0.9959508492460601,0.9982468221485957,0.9982834811726952,1.0001882430774571,1.0000366590240994,1.0,1.0,1.0,1.0,0.9957805907172995,0.9957805907172995,0.9958885891398946,1.0001079984225951,1.0002747484642827,1.00028173221945,1.0002834866146486,1.000116736572961,0.9944793013864226,0.9895931664770106,0.9860547954909329,0.9840014909239514,0.979804516402281,0.9737649078999701,0.9813406654757276,0.9904220205116113,0.9989996665555184,0.9989996665555184,0.9989996665555184,0.9983775013520821,0.9983775013520821,0.9983775013520821,1.0,0.9974371696301395,0.9912135226596549,0.9869839740149414,0.9895468043848018,0.9944953485350965,0.9987248971798101,0.9987248971798101,1.0,1.0,1.0,1.0,1.0,1.0,0.9946188340807175,0.9893671156720701,0.9893671156720701,0.9947482815913525,1.0,1.0,1.0,1.0,0.9956709956709956,0.9930316316359425,0.9885723228288077,0.9866952336343685,0.9862193328719138,0.9846834378421182,0.9908895313655618,0.9940047961630696,1.0
394396,371,"Bluefield, WV",msa,VA,,0.9452347122053525,0.9373086584510376,0.9407489411426656,0.9420925538152449,0.9471941877262301,0.9507611816555258,0.9398910831600714,0.9412362571579581,0.9361852802295778,0.9396879335056371,0.9350057183509094,0.938370475763706,0.9436819236768463,0.9444936002890288,0.942173465458552,0.9453603212874025,0.9499588495707406,0.9520141699410344,0.9499454261397124,0.9437481629735683,0.9398606154071022,0.9477805091922273,0.9538127812053108,0.9658997877616017,0.9619207076806214,0.9540673951049427,0.9440147584575792,0.944058247732407,0.9564120541107511,0.9607794293695756,0.9576097005704086,0.9532774153463809,0.9454526234620712,0.9418538976288714,0.945253800883657,0.950306589995964,0.9577819197057673,0.9633817718924101,0.9713589798696182,0.9819665143247719,0.9771953785184803,0.9743463756694773,0.9701283173712416,0.9656854203873602,0.9609964839382995,0.9658902582929279,0.9685467208140318,0.9822930267521164,0.9798601850909789,0.9786152441316446,0.9726318219718868,0.969227175088979,0.9728286244253548,0.9678898752312864,0.9656893744143167,0.9618352835256726,0.9572898289802181,0.9625705902745162,0.9626067804506815,0.966100193824035,0.9705724017538291,0.9746426272673817,0.9807895616372698,0.9725940756880322,0.980069948971955,0.9729118707322595,0.972458498895015,0.9549200779375605,0.9579309920747523,0.9411270773609685,0.935563894040348,0.9296069425590362,0.9470704787347684,0.9620155336798234,0.9656857469268428,0.9603549255812415,0.9631538408673938,0.9589183897395057,0.9612546226200269,0.9479550968332641,0.946555478157228,0.9377942999486684,0.9424726625217678,0.9522869315871851,0.9580236032006341,0.9632911677163188,0.9554525339261791,0.9582133226291724,0.9552835353296371,0.9591215653368789,0.9589927299700646,0.9614822496864751,0.9612958620000874,0.9547861315340468,0.9516641999432157,0.9633895287912205,0.9652759639297402,0.9683647139282295
395095,372,"Show Low, AZ",msa,AZ,0.971351375165931,0.9708785383207358,0.9810676848908022,0.9784247724207636,0.9765816606109293,0.9716191532146153,0.9703130350920249,0.9707008576584011,0.9734666924662824,0.979149790447743,0.9750085094555104,0.9722291616153242,0.9673893176021174,0.9742173137205067,0.9765808801172063,0.9758570469580281,0.9753095057236205,0.9748278023967681,0.9771921462136772,0.9766248708687616,0.9773086572636819,0.976781689207806,0.9686901565807803,0.969222973460226,0.9730961860604038,0.9811960926897223,0.980947410714382,0.9806886418979438,0.9852500299839341,0.9904031369297908,0.9943557060997513,0.9969422970219929,0.9993748697645343,0.9993748697645343,1.0,0.995356956173541,0.995356956173541,0.995356956173541,1.0,1.0,1.0,1.0,1.0,1.0,0.9970161977834612,0.9970161977834612,0.9932313642140794,0.9912400420525088,0.9912400420525088,0.9950248756218905,1.0,1.0,0.9924308020419539,0.9851268960400485,0.9798605164014695,0.9840880268073017,0.9797160576037852,0.9728612251211523,0.9699806904511438,0.9727676767676767,0.9751208791208792,0.9709399804068205,0.9713285657134385,0.9724160199258928,0.9743786029961745,0.9738655028612605,0.9772690135619347,0.9801752963777371,0.9792471796270857,0.9751345531204647,0.9722050995274195,0.9711181511570922,0.9731728591934111,0.9718597810521991,0.9768276438297566,0.9774247994629053,0.9798354713784448,0.9777261427985281,0.9766153817001656,0.9763039250984051,0.9749836566003317,0.9727156692949498,0.9724567328291168,0.975055225298029,0.9787791111330701,0.9781939443752469,0.9768805268398028,0.9729487133247293,0.9733131142951444,0.9730337841059543,0.9758869168985168,0.9755701259757705,0.9750873611171512,0.9701553429992117,0.9744099983631735,0.9707875547726367,0.9709644116473127,0.9677350313583185,0.9700682879453829
395023,373,"Richmond, KY",msa,KY,0.9753813057240107,0.9760335429213014,0.9804724111899569,0.9838833549061246,0.9823159717264703,0.9805343914609411,0.9772608013231318,0.9795364802639589,0.9760612239233982,0.97576436820617,0.9740968677892948,0.9752413472224711,0.9759041989295577,0.9790666037268368,0.9795745239003087,0.9834622468040192,0.9825588159684822,0.9821536330390522,0.9803016928528766,0.9782519775981573,0.9815728301526798,0.9823344439099252,0.9822660005731668,0.9807291213783232,0.9799796400356132,0.9815969487637775,0.983529349959937,0.9859368396284861,0.9895639522524114,0.9934991374375967,0.9934122033108445,0.9958974183308783,0.9958974183308783,0.9951154769911357,0.9918337164060042,0.9889439264978455,0.9935281492064095,0.9971102100918413,1.0,1.0,1.0,1.0,0.9949443532202152,0.9936276381766507,0.9936276381766507,0.9953499516231021,0.9861679790026247,0.9861679790026247,0.9833135350114489,0.993812222675491,0.993812222675491,1.0,1.0,0.9988857938718664,0.993088692422591,0.9890682140145847,0.9787436759066956,0.9769843211814443,0.9766700213300307,0.9822466268961526,0.9839676656596991,0.9842773501547439,0.9901394888246449,0.9947979741053778,0.9967476587403175,0.9944792874650205,0.9913131142749637,0.993388523404399,0.9892898534811941,0.9872837524522917,0.9749975376219248,0.977205542375481,0.9772702803394108,0.9875769483657177,0.9893577001634712,0.9956421685487477,0.9915700912945146,0.9919474774165321,0.9851017691490229,0.9858115128654358,0.9842407184451667,0.9865550340292492,0.9854536047020134,0.9839069957932501,0.9821539200914007,0.9854094378630474,0.9853409079187997,0.9869621557820353,0.9869816968874418,0.988455035938431,0.9870576503998659,0.9844384936577898,0.9829196036489326,0.9822957147441341,0.9809847538849844,0.9803882197844341,0.9819445096216336,0.9834873224593664,0.9838699794518401
395168,374,"Tullahoma, TN",msa,TN,,,,,,,,,,,,,,,,,,,,,,,,,,,,,,,,,,,1.0006669091790954,0.9983731972875054,0.99770628810841,0.99770628810841,1.0,1.0,1.0,1.0,1.0,1.0,0.9978668463006625,0.9978668463006625,0.994139163349907,0.9962723170492446,0.9962723170492446,1.0001844463772214,1.0001844463772214,1.0001844463772214,1.0,1.0,0.9928400954653939,0.9872323645287157,0.9805656978620488,0.981890184985675,0.9797459779378571,0.9781605815887698,0.973347402678356,0.9752513874464778,0.9789151362633127,0.9895637325847068,0.9888757380886627,0.9863843014825872,0.9798483537701688,0.9800564888273687,0.9803849383253977,0.9816308484588604,0.9803482688070426,0.9845292390779671,0.9838172741515859,0.984534928212098,0.9808338218637784,0.9810767025385653,0.9822258510414993,0.9794913361407945,0.9816061719741178,0.9835794064165214,0.9906124843500524,0.9875053260509681,0.9845941668755395,0.9805064351664678,0.981051919779945,0.9794592025780727,0.981174460758118,0.9804587328858565,0.9887329645643437,0.9869456002295834,0.9855640982012691,0.9798023285730948,0.9798696069335081,0.9780346730903684,0.9768380387811296,0.9761007515476017,0.979436153885716,0.9775450003010052,0.9814797211026406
395222,375,"Whitewater, WI",msa,WI,,,,,,,,,,,,,,,,,,,,,,,,,,,,,,,,,,,,,,,,,,,,,,,,,,,,,,,,,,,,,,,,,,,,,,,,,,,,,,,,,,,,,,,,,,,,,,,,,0.9641099135264145,0.982451346681405,0.9956733369388858
394709,376,"Ithaca, NY",msa,NY,,,,,,,,,,,,,,,,,,,,,,,,,,,,,,,,,,,,,,,,,,,,,,,,,,,,,,,,,,,,,,,,,,,,,,,,,0.9949703285569548,1.0003025060598951,1.0169126696580106,1.035876562907618,1.0287713357592876,1.01524803504703,0.9985211519634666,0.9985211519634665,1.0001961938395134,0.9938016528925621,0.992743451834361,0.9799791593703874,0.9861775064778254,0.9901596841442135,1.0029239766081872,1.0029239766081872,1.0,1.0,1.0,0.9932432432432433,0.9853067353067354,0.9792461292461292,0.9765117037767185,0.9780921159370846,0.972891277899012,0.9778162500795174,0.9825015020795523
394637,377,"Grand Forks, ND",msa,MN,,,,,,,,,,,,,,,,,,,,,,,,,0.9733917748805179,0.9719053544186421,0.9726594977950974,0.9806039857805987,0.9796066762031823,0.9838864985301884,0.9831799495268226,0.9824044036829523,0.9786447137604717,0.9793477417315218,0.9815368217995445,0.9848599260117439,0.9848952274743246,0.9839856492858522,0.9873292117403195,0.9935948759007206,1.0,0.9993998799759952,0.9993998799759952,0.9993998799759952,1.0,1.0,0.9957764668839199,0.9937060735091787,0.9927682804488475,0.9969918135649274,0.9990622069396687,1.0,1.0,1.0,0.9980536088758205,0.9977025469133842,0.9897660389768763,0.9845285220550787,0.9774067956287235,0.9723897495493216,0.9708101026683774,0.9703050875765186,0.9783877339533545,0.9871512888802759,0.9914253886572225,0.9962962962962963,0.9919448786641847,0.9872584102977995,0.9793219023612916,0.9776127139327971,0.9789158380213173,0.9825258528139663,0.9863092669804449,0.9912792901454669,0.995605783289326,0.9978829751834534,1.0,0.9951690821256038,0.9897957265576958,0.9897957265576958,0.9882915622190195,0.9864464750927061,0.9807281048282315,0.9796719443082398,0.9826752765306086,0.9863932022518513,0.9937844449849155,0.9979995554567681,1.0,1.0,0.9953574744661097,0.9931580335386595,0.9872056525862786,0.9837180968193558,0.980907517706726,0.9868598986591067,0.9900545205825471,0.9943609476974933,0.9943609476974933
394524,378,"Decatur, IL",msa,IL,0.9452371692837858,0.9523623978357554,0.9586297876788697,0.9621857422266471,0.9657226254714063,0.9671941645109565,0.9648705062185542,0.960120344323388,0.96057892067277,0.9565636330411792,0.9520493887847797,0.9428504505943262,0.9431373363549298,0.9512946996639374,0.9622234444596157,0.9698375946628673,0.9672032427134468,0.9674373850614274,0.9658899555858563,0.9680559782998243,0.9647984043569835,0.9626559451786804,0.9581705841176604,0.9578281791144221,0.9564718684393297,0.9578559880520799,0.9602208236491775,0.963085820330881,0.9687114705848825,0.9684098841552472,0.971095542556486,0.9705455045679826,0.9761394061895027,0.9759382752286476,0.9689344556654725,0.9626515674491164,0.9605900601831482,0.9710360996800933,0.9836096842875763,0.9928845332171209,0.9981224325726673,0.9981224325726673,1.0,0.9967586115911474,0.9884252782578141,0.9794606173218066,0.9733907521580752,0.9711601985092392,0.9801248594452469,0.9894361130178306,1.0,1.0002004091767651,0.9986855944011476,0.9969761926917458,0.9898022828176307,0.9865551928313435,0.9788863372966343,0.973525406060951,0.9660933322223798,0.9611020286488424,0.9627368376825918,0.9749308162830675,0.9893559511809649,1.000055574080249,1.000055574080249,1.0,0.9975216852540273,0.9975216852540273,0.9862495435471029,0.9816356597115153,0.9718100643593696,0.9732511819491289,0.9754772004820275,0.9854310502910155,0.9952620744081807,0.9958569307832129,0.9957286763263705,0.9904464967322643,0.9865877391050808,0.9793171980384127,0.9783247139135502,0.97919230818309,0.9759074139884215,0.9734864255334771,0.9766602532146318,0.9872156884759686,0.9959113406498816,1.0,1.0,0.9957081545064378,0.9935714023696857,0.9844922843411513,0.9810174192194704,0.9764004764790939,0.9710351500631837,0.9697227426498926,0.9700276939201723,0.9824159354859326,0.9900922207366166
394762,379,"LaGrange, GA",msa,GA,0.974542918310207,0.9811467845808028,0.9807294188264978,0.9861393294964985,0.9828791013277552,0.9795785858205877,0.9779275403988142,0.982246993944833,0.9855382467655472,0.979412894854832,0.9742711560261844,0.9775060492286057,0.9796654643996617,0.9834188571671277,0.9848658610638695,0.9852554337339553,0.9860854329080926,0.9797808189423228,0.9791610327710139,0.9725857883777521,0.9715575832613771,0.9712172522430892,0.9787671767005449,0.9745513949130028,0.9795447817963004,0.9775139455462841,0.9873464133560178,0.9902228410652238,0.996003187886033,0.9976726144297906,0.9964147527945704,0.9964147527945704,0.9899085346150053,0.9839039092189522,0.9816658993743016,0.985214283514089,0.9924767705453621,0.9947147803900127,0.9953287775216424,0.9953287775216424,0.9953287775216424,1.0,1.0,0.9962053125624126,0.9947961456415663,0.9947961456415663,0.9985908330791536,1.0,0.9958374479680995,0.9958374479680995,0.9958374479680995,1.0,0.9994708994708995,0.9994708994708995,0.9943651372535399,0.9894238763800756,0.9861338554171102,0.9864273026979665,0.985204223672151,0.9884942446351165,0.9933065595716197,0.9947719488011538,0.9947719488011538,0.9947719488011538,1.0,1.0,1.0,1.0,1.0,0.9925978175884692,0.9925978175884692,0.9925422599752243,0.9999444423867551,0.9999444423867551,1.0,1.0,0.9979999999999999,0.9979999999999999,0.9913977455716586,0.9883749145214303,0.9838906095886948,0.9851381116743321,0.9853443439842863,0.9868656859540588,0.9849206558864309,0.989737254626705,0.9889574099252917,0.9962571923356237,0.9913456719311456,0.9910590228774449,0.9838984592650252,0.9817054414644866,0.9788540452563437,0.9816494132689457,0.9816576996284607,0.9764903597835962,0.9767403290459654,0.9838365808914671,0.9911899379818002
394369,380,"Bay City, MI",msa,MI,0.9760613723718096,0.9749961472159377,0.9814222272829444,0.9800138743685674,0.980903002954999,0.9778222036526282,0.9759876815250915,0.9758278753807681,0.9724791237677878,0.9694018684422061,0.9678646130389339,0.9711791502989934,0.9706128485887674,0.9745440000340043,0.9754862425260534,0.981392855703309,0.981032150017526,0.9854820138274482,0.9852887741056106,0.987669878042972,0.9778146315965675,0.9777139855968003,0.971997922815533,0.9729283762576831,0.9707096365521677,0.9753047463495341,0.9751299582450814,0.9830836820339462,0.9888509034329355,0.9964893803756363,0.9964893803756363,0.9964893803756363,0.9968046441191317,0.9968046441191317,0.9937919477558866,0.9969873036367548,0.9969873036367548,1.0,1.0,1.0,1.0,1.0,1.0,1.0,1.0,0.9980626813253931,0.99700159295189,0.9970015929518902,0.9989389116264968,1.0,1.0,1.0006680026720105,1.0006680026720105,1.0006680026720105,1.0,1.0,1.0,1.0,0.9940195152659742,0.9863773139016617,0.9863773139016617,0.9924860530925299,1.0001282544568424,1.0047980343100777,1.0046697798532354,1.0083093988619034,1.0036396190086678,1.0036396190086678,1.0,1.0,0.9935512563931509,0.9839173450251355,0.9839173450251355,0.9903660886319846,1.0000011111148148,1.0000011111148148,1.0000011111148148,1.0000901144453456,1.0000901144453456,1.0000901144453456,0.9986357435197818,0.9941334440905737,0.9918078626952248,0.9865054525087764,0.9910077519379845,0.9933333333333333,1.0,0.998788719266384,0.998788719266384,0.998788719266384,1.0,1.0,0.9931856899488927,0.9931856899488927,0.9839072113067647,0.9861165488047927,0.9845324234087612,0.9938109020508893,0.9984158746039687
394630,382,"Gettysburg, PA",msa,PA,0.9842299210820085,0.9884436755872213,0.9827160274084762,0.9838323576558108,0.9863089810192464,0.9891254210466087,0.9910641682989493,0.9927318046816024,0.9895913887746922,0.9843646282866972,0.9781770142999687,0.977649238398636,0.9788471164671512,0.9821831199971592,0.9824780515715087,0.9866940374668752,0.9920924013799173,0.9979073861971185,0.9987939110198135,0.9932551740265615,0.9866700536022016,0.9796892508098806,0.9821623118464227,0.9892169158388576,0.9961977186311787,0.9947753396029259,0.9872733788186121,0.9872733788186121,0.9924980392156862,1.0,1.0,1.0,1.0,1.0,1.0,1.0,1.0,1.0,1.0,1.0,1.0,1.0,1.0,1.0,1.0,1.0,1.0,1.0,1.0,1.0050314465408805,1.0051276809447856,1.0051276809447856,1.000096234403905,1.0,1.0,1.0,1.0,1.0,1.0,1.0,1.0,1.0,1.0,1.0,1.0,1.0,1.0000387687059005,1.0000387687059005,1.0000387687059005,1.0,1.0,1.0,1.0,1.0,1.0,1.0,1.0,1.0,1.0,1.0,1.0,1.0,1.0,1.0,1.0,1.0,1.0,1.0,1.0,1.0,1.0,1.0,1.0,1.0,0.9968703548866592,0.9968703548866592,0.9948803051354155,0.9980099502487563,0.9980099502487563
394620,383,"Gadsden, AL",msa,AL,,,,,,,,,,,,,,,,,,,,,,,,,,,,,,,,,,,0.9859457575933561,0.9755894297014832,0.9767149588892066,0.9735731238732571,0.98392945176513,0.991883040605941,0.9991664351208668,0.9962277332429043,0.9962277332429043,0.9923949592771995,0.9859936873355872,0.9854165422797966,0.9900828811246344,0.9936805191101813,0.9929544991212605,0.9929544991212605,0.9986968349552887,1.0,0.9935922584019877,0.981326708848485,0.9720995764793626,0.9686592641509028,0.9623210929602566,0.9653742424930511,0.9590429591875548,0.9707230952929017,0.9659657226366286,0.9769952471345151,0.9816357267504857,0.9868874896069721,0.982307555305746,0.9761269516853353,0.9736357922787615,0.9683104721219916,0.963731859764435,0.9616878942753324,0.964645609358772,0.9686438668407988,0.9729964457026886,0.9763223844754393,0.9757711205015117,0.9730862506244041,0.9736289843256095,0.9722324373379282,0.9706224745091289,0.9663960137596023,0.9689334776926012,0.967636193595015,0.9667580006458909,0.9650984510793124,0.9691452991452992,0.975593659453519,0.9734808689190908,0.9733391110673079,0.9724426008464313,0.9735448826977698,0.9714521746787232,0.9668138863151442,0.970592165947823,0.9667561409775196,0.9665924262564145,0.9725736002580848,0.974842802729273,0.9772115715281564,0.9678759360482804
394518,385,"Danville, VA",msa,VA,,,,,,,,,,,,0.9606303979459606,0.9655155575481013,0.9603091324078203,0.9685715688240523,0.9720751826106849,0.9752774389151909,0.9686895985442506,0.961010711181196,0.9652511844725965,0.965658828071553,0.9668359461612055,0.9502231023302162,0.9513866535536976,0.9519389236374916,0.9678401997982148,0.9687988498712289,0.9745814310483906,0.9718073552910872,0.9773596638825541,0.9775633400086817,0.98004198644437,0.9781825146863182,0.969434384082564,0.9736620750175539,0.9742238085479453,0.9853228047830774,0.9893171180549759,0.996361982719418,1.0,1.0,1.0,1.0,1.0,1.0,1.0,1.0,1.0,0.9984992496248125,0.9969459897585876,0.9942793230919209,0.9957800734671086,0.9973333333333333,1.0004685305365033,1.0004685305365033,0.9902538130047126,0.9897852824682093,0.9785808006754922,0.9782384470409363,0.9707639167588494,0.9784348296469729,0.9830048559477366,0.9904793862298233,0.9894020157310202,0.9953890605966033,0.9953890605966033,1.0,0.9948979591836734,0.9878203424774155,0.9825694514602413,0.9794663640714396,0.9794517821961373,0.9797118444656044,0.9879169726707325,0.9895629113878935,0.991214712778785,0.9899960933129274,0.983859341594315,0.9781133553914089,0.9687499642752561,0.9652575989738456,0.9697602378746771,0.971935998110124,0.9745262799535134,0.9740028923950442,0.9738360201127669,0.9787951553557619,0.9769127973774542,0.9804822706209885,0.9818766808092155,0.9776374414447683,0.9742351927690045,0.9686708359460664,0.9715138112262492,0.9745924126884535,0.9795828243324237,0.9806064865457508,0.9840596717319249,0.9831218544187924
394823,386,"Mankato, MN",msa,MN,,,,,,,,,,,,,,,,,,,,,,,,,,,,,,,,,,,,,,,,,,,,,,,,,,,,,,,,,,,,,,,,,,,,,,,,,,,,,,,,,,,,,0.9887502745652407,0.9886546551336872,0.9930727163049289,0.9958124423323262,1.0002067600972693,0.998332499583125,0.998332499583125,0.9961029236979034,0.9961029236979034,0.9914603981640129,0.9907173766394184,0.9852824334995572,0.985022998249134,0.9896630960758251,0.9950980392156863
394794,387,"Lima, OH",msa,OH,,,,,,,,,,,,,,,,,,,,,,,,,,0.9641842456413143,0.98543535707021,0.9807588068736477,0.9768257958072152,0.9849668019467899,0.9920317049406547,0.9962710211799709,0.9889850466808817,0.9865341944730694,0.9836286714957976,0.9806149656353261,0.9833418052101761,0.9871362170763369,0.9974358974358974,1.0,1.0,1.0,0.9968985035279522,0.9941091032490122,0.9866289962345102,0.9839994646631566,0.9790551609611993,0.9810890081113021,0.9837976058194977,0.9915313098003952,1.0043932166799965,1.0074969875064987,1.0074969875064987,1.0000813404912965,0.9946498887176854,0.9903580432241231,0.9851971406462986,0.9804589795452591,0.9781030455214376,0.9757233393249086,0.9792756639958448,0.9818446851508389,0.9893852939251923,0.9959212416376105,1.0,0.9949494949494949,0.9940947940947941,0.9920704944663173,0.9901908865363055,0.9877230976252854,0.9794304182733823,0.9715457164390845,0.9715181224527113,0.9777068820519537,0.989852816160201,0.9932028999122947,0.992355994915323,0.9950248756218905,0.991381482767738,0.9937785058416315,0.9872012267748126,0.9821721713300994,0.9772337544794993,0.983811033546318,0.9866480644342038,0.9936956860588543,0.9862050493547344,0.9920404667657144,0.9856834247293272,0.9840098385595469,0.9827049233790336,0.9812362456410431,0.9801086202941734,0.973038601257004,0.9687546012093461,0.9698406210402938,0.9714275764817701,0.9768307199050739,0.984812862896001
753915,388,"Salem, OH",msa,OH,0.9649103197349435,0.9666216534441668,0.9618410584590622,0.9631534156547595,0.966840922321223,0.9741404959122627,0.9753041100770536,0.9734633816957246,0.9655349929489215,0.9593663781682881,0.9573889500964393,0.9577811069591845,0.9578561133347264,0.9587294184156597,0.9615364359595193,0.9677930493728911,0.9650272519431478,0.964725793541387,0.9602452226849071,0.9609690587802108,0.9541601486680943,0.95192529663986,0.9526928138735334,0.9614894301227715,0.9704125551893723,0.9778862173761492,0.9760717953237169,0.9740417445896897,0.9740983338422589,0.9823723283452868,0.9864536796616612,0.9888756549762919,0.98831149163515,0.9855976616862971,0.9806191203023421,0.9810055534644762,0.9819151993741221,0.9851599088995376,0.9877181346820625,0.9939879759519038,1.0,0.9971014492753624,0.9971014492753624,0.9963952345860968,0.9977433977138351,0.9977433977138354,0.9923351646219863,0.9824996079707505,0.981899127586443,0.9863427315914506,0.9977286758395856,0.9983291562238931,1.0,1.0,0.9921409859490354,0.9879481209696537,0.982125704666888,0.9799738063191087,0.9689619929359173,0.9605350916772636,0.96725910254811,0.9666383938746126,0.9808877114360319,0.9841746129639294,1.0,0.9951690821256038,0.9951690821256038,0.9888068815465041,0.9865332612158836,0.9776534797951185,0.9767277899897117,0.9747414191038192,0.9774064598512447,0.9739416620637086,0.9764996033575697,0.9820620283101001,0.9799793885147272,0.9865123563117751,0.985234170102082,0.9838851009063775,0.9785027349107116,0.972927007401175,0.9853252558334544,0.9871175365431065,0.9884651824573562,0.9858797918747975,0.9857687277355239,0.9874228067568084,0.9917943460702081,0.9931563142089458,0.9976608187134502,0.9937160455379078,0.9855802268244576,0.9770957779904137,0.9810405511659561,0.9806754427648722,0.989159891598916,0.9795463934627575,0.9880412669732722
395166,389,"Truckee, CA",msa,CA,0.9815176931587715,0.9831586456081046,0.9873596877375879,0.9889497677147739,0.9854635955585325,0.9853226306598585,0.9865271131859726,0.9861817861817862,0.9848441984947014,0.982627318152821,0.9848817768931287,0.9854584507758216,0.9841308363967367,0.9843829826220502,0.985660240226368,0.9876120360068938,0.9882311057355745,0.9876961066555344,0.9874493407130309,0.9860866649727389,0.984575700373154,0.9844994975045162,0.9795342960817504,0.9802677399827916,0.983613580476021,0.9889979734810425,0.9900152744192475,0.9890633475089765,0.9918482045572078,0.9956970836676646,0.9982586070088296,1.0001649991346675,1.0001649991346675,1.0001166829535784,1.0,1.0,1.0,1.0010782129255327,1.0088757505452317,1.0161379146701408,1.0180358922207988,1.0105297217995257,1.003824040701884,1.0009431155395927,1.000651748341167,1.000095265313899,1.0,1.0,1.0,1.0018621973929236,1.0018621973929236,1.0018621973929236,0.9987227003224252,0.992864469508131,0.9881761579205008,0.9816626952163284,0.9806716109621294,0.9746072343777165,0.9790646634261305,0.980069684823441,0.98482128188801,0.981848308915037,0.9876926025862196,0.9936936936936936,1.0,1.0,0.9949992186279107,0.9894754535619583,0.9849836205311053,0.9813424265945527,0.9803936997511199,0.9805404055318178,0.9863286040882103,0.9928010959975954,0.9971462232477505,1.0,0.997042011692856,0.9935084427882624,0.9884087927102373,0.9874185518799173,0.9854306900332789,0.9838904267101939,0.980389866275963,0.9801711683091572,0.9841750884200686,0.9894847805649626,0.9932830970227627,0.9959190903129617,0.9919865423238544,0.986047037940606,0.9786396305331987,0.9770144139005569,0.9780322236805364,0.9854396310879437,0.9887584556219332,0.988138203648307,0.9832458409192261,0.9876238784337862,0.9951076372709191
395080,390,"Sebring, FL",msa,FL,0.9691293261011662,0.9677091088914752,0.9678451163793058,0.9682885435496535,0.9719807439977389,0.9697877203193489,0.970360667296941,0.9708577722290944,0.9722725714856802,0.9724989652869036,0.9689362263227048,0.9668957572626847,0.961488363206121,0.9609320659208519,0.9611548714745748,0.9648365628915165,0.9678032682514347,0.9678712649356753,0.968753517582067,0.9655515081670757,0.9648190884754296,0.9617589256780095,0.9627006261814826,0.9641439021546406,0.9683401752584767,0.9713991858261952,0.9706203328604422,0.9688766536974084,0.9683899573933438,0.9719348820491663,0.9752700572102447,0.9752912944352105,0.973712637871946,0.977793480879574,0.9772697942840186,0.9767125026144227,0.9743472190876717,0.9840320169362388,0.9909336264048809,0.9966355799349685,0.9966355799349685,1.0,0.9980179968752104,0.9980179968752104,0.9948167163630055,0.993175531081998,0.9871279425858056,0.9882588297232693,0.9918820181290665,0.9979296066252589,1.0,1.0,0.9963270058298268,0.9896155964338537,0.982511058228837,0.9778523440738018,0.9759621691611123,0.9717547506566707,0.9698300487254689,0.970118656499969,0.9739390307178448,0.9767880335668476,0.976848947085256,0.9772421611835501,0.9774549329645806,0.9761063815410105,0.974912864263818,0.9750029616851781,0.9759982019295211,0.9756605742311523,0.9722324286449062,0.9718943436917898,0.9702849492108102,0.9695181979738244,0.970244436686052,0.9718249711868227,0.9730233961140611,0.9703371897586539,0.9653985400348605,0.9645983441713959,0.9632752587361609,0.969615921011732,0.967049113508193,0.9672128370622405,0.9635372982179445,0.968404293606267,0.9669439310827697,0.9690150712306758,0.9680922797865573,0.9708627428104766,0.9669029894836347,0.9648437874244326,0.9662719296512695,0.9679813313606712,0.9671552714845472,0.9646887083567831,0.9650471312958513,0.964635689934474,0.9669087089168388
394462,391,"Cheyenne, WY",msa,WY,0.9986876384709201,1.0,0.9987494789495623,0.9987494789495623,0.9983673255149584,0.9996178465653961,0.9992248803538462,0.9983021186079369,0.9960394057342915,0.9951654651831362,0.9950998915559749,0.9951179355182846,0.9963848422809898,0.9977553310886643,1.0,1.0,1.0,1.0,1.0,1.0,1.0,0.996870040557221,0.9950671397523454,0.9950671397523454,0.9981970991951244,1.0,1.0,1.0,1.0,1.0,1.0,1.0,1.0,1.0,0.9986681379630772,0.9986681379630772,0.9986681379630772,1.0,1.0,1.0,1.0009109572009065,1.0009109572009065,1.0009109572009065,1.0,1.0,1.0,1.0,1.0,1.0,1.0,1.0,1.0,1.0,1.0,1.0,1.0,1.0,0.9948564453161907,0.9890084920998164,0.9849771172689051,0.9875383606186526,0.992310659478627,0.9922893494057895,0.9948716607398511,0.9959473150962513,0.9982456140350878,0.9961508109008604,0.994589164926003,0.9916005234505194,0.9880456090706223,0.9863069250124766,0.9864575238965084,0.9921072414106327,0.9938189054137091,0.9984113339700732,0.9984113339700732,1.0,0.9991081006999089,0.9991081006999089,0.9991081006999089,0.997870773782863,0.9955947576572064,0.9918794104151373,0.9920369407819504,0.9943129569076069,0.9979854457822942,0.9999571416326182,0.9999571416326182,1.0,1.0,0.9982142857142856,0.9982142857142856,0.9982142857142856,0.997076603058368,0.9967491874847899,0.9945313861290576,0.9974547830706896,0.9977821986442676,1.0
394689,392,"Hot Springs, AR",msa,AR,,,,,,,,,,,,,,,,,,,,,,,,,,,,,,,,,,,,,,,,0.9234200964034112,0.9447534297367445,1.0,0.9954077812000005,0.9887141113229317,0.9853802223414349,0.9855876152475312,0.9907709269247836,0.9941048159062805,0.9984896418001837,1.0,1.0,1.0,1.0,1.0,0.9954128440366973,0.9887461773700306,0.9831330147855887,0.9801604259140824,0.9733956397919173,0.9695832534496112,0.9719616511341611,0.9771626512480954,0.9789556129596795,0.9768352204873899,0.9773137351777909,0.9777040163900779,0.9779181333747647,0.9782212817875662,0.9775826729262884,0.9734155954582837,0.9699766128356736,0.9702817701240711,0.9773488655398204,0.9789314522452955,0.9794890919427583,0.9754246336171217,0.9787094885993195,0.9735794386603014,0.9721518797499572,0.9690930922280548,0.9749114654948429,0.9758176386474923,0.9746709735109619,0.9707443578050764,0.9666972937580124,0.9683320116309807,0.9704474439772396,0.9753404991911815,0.9738305543822676,0.9729625232834102,0.9723619868224985,0.9684308210173707,0.9673709376045462,0.9635479537494601,0.9648027254861292,0.9592640370829907,0.962603888816942,0.965431044230192,0.9698937415698551
394302,393,"Adrian, MI",msa,MI,0.969066357222105,0.9787273650594592,0.9825997155921465,0.991856595343726,0.9917570076891873,0.9909254861897635,0.9845858131834238,0.9808376509159595,0.9803481318515003,0.9776994548339663,0.9755533520608655,0.9737135138206675,0.9751149589262799,0.9800766337779022,0.9830933863224817,0.9880482405436065,0.9866683522012004,0.9855887650553248,0.9821325356915785,0.9838749845647974,0.982874052050455,0.9824931458668705,0.9802378272824698,0.9746173660507073,0.9778942768136235,0.9740365598271766,0.9801977094294348,0.9799535587941474,0.9901509487869337,0.9938424854477873,0.9972789115646258,0.9972789115646258,1.0,1.0,0.9954613937931475,0.9954613937931475,0.9954613937931475,1.0,1.0001961938395134,1.0020872029507393,1.002087202950739,1.0018910091112259,1.0,0.9984992496248125,0.9943028758704888,0.9915343304084209,0.9912768656750842,0.9906820005519267,0.9911828509622987,0.992941066070823,0.9977323049483043,1.0,1.0,0.9966293130478645,0.9966293130478645,0.9911830531834651,0.9919184814500032,0.9794184814500033,0.9836637805457876,0.9743942773266232,0.9753391285231524,0.9757706612332906,0.9876754231380526,0.9992305719415234,0.9982845312037858,0.9982845312037858,0.9982845312037858,0.9946062567421791,0.9901618122977346,0.9901618122977346,0.9951143141965323,0.9995587586409767,0.9959551550373731,0.9936340470418497,0.9894060345013557,0.9930096381049592,0.995771987459506,0.9941520467836257,0.9920015091492171,0.983423077776668,0.9892710309930424,0.9834929014613145,0.9920713328338634,0.9857639087614865,0.9868432608591298,0.9832982873141564,0.9896057113865333,0.9914542687644673,0.9949992423094408,0.9949992423094408,0.9949657485070403,0.9889674623030986,0.9832694566050929,0.9855488871614134,0.9847326163115637,0.9904306220095694,0.9931854429462085,0.996078431372549,0.996078431372549
394542,396,"Dubuque, IA",msa,IA,,,,,,,,,,,,,,0.9767928275776785,0.9778612828636818,0.9818998771269757,0.9842903046431531,0.9826518313820823,0.9840353687505976,0.9821678915371921,0.9814315436251585,0.9792439524751636,0.9778368288744251,0.9791680280207503,0.9799528085626305,0.9807687246726641,0.9792957998072893,0.9784104905321489,0.9837341642040194,0.9838731677235316,0.9873466913718497,0.98513600802795,0.9918053968941539,0.9889406740584676,0.9859178974664212,0.978671520654827,0.9851127444873552,0.9925574293488925,0.9999372462458883,0.9999372462458883,1.0003805367001781,1.0002470966147763,0.9957200534887339,0.9916080892540647,0.9916080892540645,0.9911705933730149,0.9892016464103429,0.9848195586675601,0.9897840976746523,0.9956179122572172,1.0,1.0,1.00057592923872,1.00057592923872,0.9978584576687893,0.9946144426015352,0.9863815692052631,0.9814967015939072,0.9748310013594144,0.975656467348279,0.9775431924497479,0.9823071523757326,0.9897145597831402,0.995430173862958,0.9978497924839388,0.9956259229509513,0.9908585015010655,0.9889659739743917,0.9837083219642025,0.9884757434140884,0.9841851451234902,0.9856303516123156,0.9796303276122197,0.9879636609455528,0.9890841693730708,0.9950841933731667,0.9941181099499973,0.9990339165768306,0.9926968954283396,0.9873939818910227,0.9805885559230999,0.9806033621162825,0.9787422777759557,0.9809596843565555,0.9836847770097057,0.9880871753597633,0.9926751947470863,0.9962723170492446,1.0,0.9954337899543378,0.9894814090019569,0.9838316914878327,0.9836993375734657,0.9817953773361721,0.9793150135494834,0.9743517417607203,0.9784087497721362,0.9817054965312823,0.9868422550367028
394852,397,"Meridian, MS",msa,MS,,,,,,,,,,,,,,,,,,,,,,,,,,,,,,,,,,,,,,,,,,,,,,,,,,,,,,,,,,,,,,,,,,,,,,,,0.9677692707141586,0.9700765222285983,0.9741155866124903,0.9806706940169222,0.9789594366045863,0.9792315771351564,0.9779463534380909,0.976214858940712,0.9770362225450085,0.9735478958338941,0.9740923227416571,0.9705695614802474,0.9578213901113862,0.9551887573816703,0.9524452593354583,0.9695931731640522,0.9755503305242444,0.9822154459665541,0.983506219497595,0.9835155522964963,0.978612361423103,0.9752564170753777,0.9702665435833469,0.9664599104507449,0.9623964949857089,0.96124442125299,0.9589991255266715,0.9686980860744793
753912,398,"Pinehurst, NC",msa,NC,0.9723786957600912,0.9757348886552345,0.9781067398909705,0.9771761751712363,0.9774420702101235,0.9762192625093468,0.9750836063770417,0.9717157337803216,0.970921760504528,0.970043001823659,0.9712380922629354,0.9714225435685773,0.9746649973911211,0.978243742172026,0.9836019926863943,0.9845624875047774,0.9844730591674956,0.981224086912882,0.981224086912882,0.9800313726571893,0.9807409190977278,0.9792932385179428,0.9749505905948728,0.9767983862338362,0.9795787454977763,0.9855515399592395,0.9839222254911336,0.986089454704139,0.988710052411173,0.9922118124179997,0.9910270980726071,0.9925533686829665,0.9927977732774581,0.9959049611571006,0.9896114837400226,0.9908582844239495,0.9917252111686395,1.0002113337597294,1.0038184153162442,1.008797465572661,1.010989317883565,1.009789540477917,1.0048104902215,1.0008795074758134,1.0,1.000043871194174,1.000043871194174,1.000043871194174,1.0031961996081893,1.0107618561738458,1.0263642688152894,1.0304144460186944,1.0228487894530378,1.0072463768115942,1.0,0.9958776155159671,0.9920432210263951,0.9883208274806204,0.9886624936281695,0.9845535011726173,0.9863151104046665,0.9900958287411502,0.9980392156862745,1.0,1.0,1.0,0.996078431372549,0.9923747276688454,0.9889383015520069,0.9892235065430942,0.9894907841299595,0.9924284997023207,0.9960648633386843,0.9982529896880709,0.9987517002325479,0.9987517002325479,1.0,0.9952777359878308,0.9895634502735451,0.9856994281168401,0.9851723482969882,0.9845469610049342,0.9832539273716723,0.9837042154690087,0.9841833967658,0.9884297057433811,0.990340772274287,0.991927759710331,0.9894020804058785,0.9877238595639951,0.9854614161250811,0.9829259097894866,0.9797505640984827,0.9785535040778933,0.9767734985458304,0.9763801336475755,0.9779971384320229,0.980499732584498,0.9856760733377617
394953,399,"Paducah, KY",msa,KY,,,,,,,,,,,,,,,,,,,,,,,,,,,,,,,,,,,,,,,,,,,,,,,,,,,,,,,,,,,,,,0.9573845650763099,0.9588144983460906,0.9833671840391833,0.9880981797216045,0.9857172273406521,0.9737514153748402,0.9856532356532357,0.980771701002915,0.9773528975841116,0.9626688445106981,0.9602016382292767,0.964673496457083,0.9771500440117326,0.9789052556657349,0.9858333011042387,0.9796108691491262,0.9803228637765452,0.9762264705874159,0.9814551275490873,0.9826570085197545,0.9775542187539984,0.9733480918587959,0.9637565240063585,0.9657725688020218,0.969448632925847,0.9769381425669016,0.9812692342402366,0.9761648261496724,0.9724621735824686,0.9720367676617517,0.9746533617663369,0.983037011757526,0.9847844589328165,0.9808580860568478,0.9779236912054895,0.9737706440126358,0.9819695000952832,0.9820884421917139
395190,400,"Victoria, TX",msa,TX,0.9746215188885387,0.9796514942986946,0.9823543842504163,0.9786278641141037,0.9818271221197494,0.9821403993796176,0.9846735509752372,0.9797773667861325,0.9820529356783556,0.9834978789266616,0.9839058698559797,0.9812791701416081,0.9805704145208756,0.9812558653182447,0.9825958594276436,0.9833621736594872,0.9825055023279147,0.9816224657554908,0.9774355693205794,0.9771168988435647,0.9741856561373479,0.977844278406851,0.9795223977580232,0.9763409222369529,0.9799268354536074,0.9826764320584583,0.9895202535947538,0.9827729659762724,0.9815882058947838,0.9793860469232626,0.9815612378063631,0.9820945382185448,0.9826085211409108,0.9836221671424927,0.9824326001357836,0.9810459770491557,0.9813507102008282,0.9856987355478432,0.9881834283559692,0.9888352290990721,0.9909914235629588,0.9961209439528024,1.0,0.9934512115258677,0.9911628820064169,0.9877102808690125,0.9881984632825388,0.9829472099922384,0.9818485620521932,0.9853864923758379,0.9929260751855891,0.9974773242630386,0.9989324793167867,0.9962974332034799,0.9919290680230127,0.986967142573952,0.98087049139222,0.9785573420960724,0.9769105844600281,0.9776634269554031,0.977965356105064,0.979169702646475,0.9824652939509454,0.9840435989364749,0.9887436179467964,0.9862514085130923,0.9854029713403923,0.9785737914772871,0.9766097672351428,0.9764063321968478,0.973020900047563,0.9723060077114526,0.9722614664372631,0.9765016082663361,0.9788893141707659,0.9796190493410436,0.9825629807370772,0.9832212719540835,0.9792335280943326,0.9767930727871028,0.9780459096172636,0.9764053026758498,0.9790986314050256,0.9769675906338909,0.9847998393281406,0.9857015625937985,0.9902286375610568,0.9871569818163067,0.9843832793538217,0.9812337066681603,0.9781968628034653,0.9804292372638438,0.9758601532782674,0.978290860880073,0.97600812454323,0.9795744746169105,0.97924259107096,0.9817144357261753,0.98116992249349
395038,401,"Rome, GA",msa,GA,0.970245865249891,0.9782057245696653,0.9794845361955975,0.9798659419275814,0.973532057320301,0.9757356653717829,0.9767981033990317,0.9769806110476286,0.9708810349639533,0.9711179759590234,0.9717605811883222,0.9721938166050433,0.966961507813049,0.9655480668257779,0.9688397075997045,0.9752265643193775,0.9777320309254257,0.9775398544234667,0.9798809634017451,0.9771481075639795,0.9755849742537569,0.9719694405813591,0.9716754375236022,0.9717756652308157,0.9727150131405371,0.9730310803412604,0.978157002252225,0.9798049178327374,0.9854339025399379,0.9896973502160117,0.988642024822855,0.9924443061916763,0.9904799282590623,0.9944140705331256,0.9847061612514554,0.9844143043054157,0.9849419537498499,0.99464986303152,0.9977728285077951,1.0,0.996415770609319,0.996415770609319,0.9907014848950334,0.9942857142857143,0.9942857142857143,0.9930526608309017,0.9910227927723255,0.9910227927723255,0.9979701319414239,1.0,1.0,1.0,1.0,1.0,1.0,0.996101774905099,0.988212132138738,0.9791330141102037,0.9737098826378169,0.9700053225056271,0.9710898928582727,0.9804112494255605,0.987772648091307,0.9957671957671957,0.9901109787218502,0.9886107772216487,0.983200969505495,0.9856465362881686,0.9832909754458976,0.9850752471925421,0.9791482572002445,0.9769821296833244,0.9779409989861669,0.9815236299827879,0.9917783240749846,0.9933150472388265,0.991623679685581,0.9869069535063995,0.9800655288621606,0.9805091845853194,0.9748092440978343,0.972472884545866,0.9792756056343013,0.9754887891808655,0.9791728383257018,0.9743001679600737,0.9828626254391505,0.9825783504634087,0.9778363817656889,0.9750740460621766,0.9729729905831052,0.9804219698363262,0.9784086645141974,0.9755588365464954,0.9688538822568491,0.9718549019083137,0.9778149132301014,0.9807816610811809,0.9840820817589343
395086,402,"Sevierville, TN",msa,TN,0.9684302111319655,0.9700434313194092,0.9713842663421897,0.9716067276991046,0.9724267204297844,0.9748224078516513,0.9738750712834542,0.9747777030354173,0.9738309903038043,0.9760653281590027,0.9752033671489145,0.9744860752283869,0.9760329563602995,0.9781145030970483,0.9812857228998961,0.9807796584950746,0.9802922453467207,0.9794131551763318,0.9810891894216072,0.9784392367608995,0.9799365431559229,0.9803977583652687,0.982736382763402,0.9819387808172114,0.9809091857986229,0.9811471373756292,0.9787201888535352,0.978445772196045,0.9797897566271988,0.983513338364078,0.984693291199391,0.9873234097104815,0.9891546934979898,0.9919812686852313,0.9946164901409732,0.9964873899548166,0.9983288151486364,0.9983288151486364,1.0,1.0,1.0,1.0,1.0,1.0,1.0,1.0,1.0,1.0,1.000000333334,1.000000333334,1.000000333334,1.0,0.9953163451615463,0.9857925356377368,0.9780530296867483,0.97081708589292,0.9679983043681188,0.9638359170539698,0.9627589227732369,0.9628477523824185,0.9654494057743129,0.9681995295652012,0.9742804514984574,0.9769800313056938,0.9782741194754396,0.974374132502536,0.9707632649657106,0.9707409201193314,0.9680266271347305,0.966321437945659,0.9646462749707085,0.9676283193275106,0.9667245232989014,0.9642987217467889,0.9663059957702541,0.9712718032868164,0.9756745964163778,0.9705350006082362,0.9681265480174499,0.9664500668710012,0.9710436876556189,0.9681304022195824,0.9659878015961518,0.9619261802402751,0.9653276747190366,0.9695447957408413,0.97428735795461,0.9716024159869362,0.9689780537903457,0.9651064190616266,0.9659982669106176,0.9652368517479654,0.9681696013816579,0.9692643807429389,0.9674516593759611,0.9639052119027173,0.965104755658631,0.9676199895663093,0.9678595981066418
394882,403,"Moses Lake, WA",msa,WA,0.9889528753073039,0.9867796161904719,0.9861815043078105,0.9908019400771256,0.9913520094133973,0.9943720371065274,0.9917079021502205,0.992079033816316,0.9931508451775165,0.9909665241681029,0.9884042416423121,0.9837081258697532,0.9824976540026666,0.9886570588306158,0.9933531746031745,0.9997618858639575,0.9988459416498602,0.9988459416498602,0.9969473036491506,0.9978632478632479,0.9978632478632479,0.9934956523571019,0.9870741695783511,0.9870741695783511,0.9935785172212492,1.0,0.9963429063138647,0.9963429063138647,0.9963429063138647,1.0,1.0,1.0,1.0,1.0,1.0,1.0,1.0,1.0,1.0,1.0007055838051053,1.0027257858253071,1.0027257858253071,1.002020202020202,1.0,1.0,1.0,1.0,1.0,1.0,1.0,1.0,1.0,1.0,1.0,0.9992721979621543,0.9984941608386687,0.9923590284127265,0.9886229561956484,0.9871976457484098,0.9873218492126034,0.9895129961947998,0.9905977755328618,0.9920494234475002,0.9926169640397626,0.9937355322724248,0.9973584837315203,0.9969609395871801,0.9916699342961749,0.9926062638841898,0.992530345471522,0.9978213507625272,0.9970711632156405,0.9984996249062266,0.9984996249062266,0.9992498124531132,1.0,1.0,0.9939325674954516,0.9939325674954516,0.9915693707963174,0.9935883580399282,0.9881722674240995,0.9893400100437134,0.9858126977288935,0.9869167019636702,0.9825728980621724,0.9901486556379299,0.9944607420189818,0.9959839357429718,0.9934194398512785,0.9888350704659082,0.9876684381581007,0.9856667240041319,0.9847665207212836,0.988594203735984,0.9880280603568984,0.9935126330251168,0.9903631420707479,0.9911961184664527
394340,404,"Ashtabula, OH",msa,OH,,,,,,,,,,,,,,,,,,,,,,,,0.9677416640497899,0.9661556385305934,0.9662393906243958,0.9657748164544463,0.966210496507382,0.9781309298908378,0.979563649261005,0.9842053658274442,0.9855999260812366,0.9867761565164751,0.989295813166455,0.9926474861958733,0.991493658760429,0.9904121946536026,0.9863278402316639,0.9939332805703339,0.9959156455780612,1.0,1.0,1.0,1.0,1.0,1.0,0.9838945827232797,0.9838945827232797,0.9838945827232797,1.0,1.0,1.0,1.0,1.0,0.9900808535467199,0.9900808535467199,0.9814970044456294,0.988795036012789,0.9826813775439825,0.9912652266450731,0.9834328189700475,0.9895464774388542,0.9895464774388542,1.0,0.9907407407407408,0.9907407407407408,0.9907407407407408,1.0,1.0,0.9901204096024848,0.9760698742952165,0.966502999700162,0.9658005795156664,0.9798511148229347,0.9820809875837391,0.9869897319853629,0.9825937944379929,0.9828212858013883,0.9824297200651962,0.9868256576125664,0.988489396309638,0.9874620296446563,0.9820157697802571,0.9812123592644181,0.9853883017443771,0.988045744605699,0.989790422390817,0.9927066784924182,0.9954954954954954,0.9969878889276588,0.9923742787777163,0.9866114640977042,0.9896235751700456,0.9873042297549729,0.9903363396977043,0.9857341043262382,0.9821226226198951,0.9799181421719908,0.9826260076108966
394441,405,"Cape Girardeau, MO",msa,MO,0.978747469617474,0.9761296447201747,0.9757855421010156,0.9757855421010156,0.9741444292650853,0.9749278807208545,0.9739604187289018,0.9729559941728269,0.972785267574393,0.9660211420437959,0.9648293059357077,0.9645530372757913,0.9699475109266079,0.9716791974208218,0.9738002132656947,0.9758747156916954,0.9777245856616231,0.9779584980343374,0.9785618264239423,0.975123301815969,0.9718475673212427,0.9667190082265638,0.9657927890419478,0.9679669216178475,0.9708247535886209,0.9740663937422719,0.9747840773531659,0.9773793668706872,0.97987496474958,0.9860928767949072,0.9849019134898599,0.9887879417458683,0.9855993804772698,0.987558256830932,0.9826192648116662,0.9833247037072209,0.9846979174247817,0.9905887462423064,0.9947612079947404,0.9989996665555184,1.0,1.0,1.0,0.9975709763817872,0.9975709763817872,0.9952318904763655,0.9909942474279116,0.9909942474279116,0.9933333333333333,1.0,1.0,1.0,1.0,0.9971401334604385,0.9971401334604385,0.9971401334604385,0.9967845200053688,0.9893218334382045,0.9794168405131994,0.9765829952402645,0.9763474524001924,0.9842400793260472,0.9890644148018617,0.991634439080893,0.9873428726037554,0.9844395676987782,0.9876740721025129,0.9867155175475273,0.9871124689606744,0.9835264529379759,0.9762514637129853,0.9648515208372439,0.9625534598066349,0.9734279323998951,0.9885592185592186,0.9958571256495184,0.994981831637242,0.9882478249032353,0.9786209633264035,0.9801830705254932,0.9793901955390699,0.9776255125706196,0.9703299962549451,0.9722990066400965,0.9770782232912959,0.9873499300831611,0.9874423417421251,0.9945345403236855,0.9880933164911573,0.9856887031029675,0.9792809615049554,0.9804311800464781,0.980859631350654,0.9805873462285594,0.9768128006130095,0.9785415876965441,0.9748049477499844,0.9838704986565393,0.9869974135858212
394311,406,"Albertville, AL",msa,AL,,,,,,,,,,,,,,,,,,,,,,,,,0.9691374652142656,0.978506097285417,0.9779577718531608,0.9812228770097536,0.9715893982654203,0.9836971323894629,0.9887116201223405,0.9912370003104121,0.9856931874169691,0.9816584672044056,0.9838123142805681,0.9808016832128685,0.9820438951747246,0.9869981466548237,0.9955525906159662,1.0,1.0,1.0,0.9973990624092804,0.9940746303492163,0.9926426982637094,0.9905248135998385,0.9938492456599027,0.9952811777454095,0.9990872789819356,0.9990872789819356,0.9990872789819356,1.0,0.9978350907446263,0.9949549937308321,0.9949549937308321,0.9901311182498325,0.9834204708345732,0.9777863441242133,0.9775559710401907,0.9750684866904837,0.9764720589190329,0.9778982697592392,0.9873023139710445,0.9836472752762452,0.98314580601278,0.9826350867959062,0.9818250277986033,0.9749141619294129,0.9709235927843443,0.9660227295961367,0.9676939863341261,0.9714808378968742,0.9776227970888214,0.98190656521342,0.9774253719870657,0.9797517230290339,0.9810008891718173,0.9797551950602537,0.9774287941581407,0.9740622037667857,0.9695210792490022,0.9688456039785073,0.9632072243285008,0.9614792421657361,0.9606636327073922,0.9666606848472187,0.9715248180114339,0.9716209512484669,0.971221717874585,0.9717581865496504,0.9716218647392969,0.9724275985196792,0.9718831734244203,0.968450752103303,0.9643200458723173,0.9684122226029878,0.9719969195068078,0.9801947349393769,0.9791292919163611
394410,408,"Brainerd, MN",msa,MN,0.9798652089282052,0.9838967864785305,0.9877864692919802,0.9831454866728097,0.9897248906704696,0.9869147637669752,0.9853534637687638,0.9799072039043645,0.9804910971578584,0.9751339710834542,0.9701635642811869,0.972741745047441,0.9758712275010817,0.980242449097913,0.9790213770662063,0.983137697834677,0.984104907140328,0.9859785291365113,0.9847678842258073,0.9841318342757058,0.9820947972386688,0.9823183089338642,0.9776159279814832,0.9717925312907146,0.9728454443867055,0.9788439417756107,0.9846673384663794,0.987038991447692,0.985713799327871,0.9868063299856189,0.9886825025934988,0.9944258639910813,1.0,1.0,0.9952771963552894,0.9905540480197123,0.9905540480197123,0.995276851664423,1.0,1.0061223252712614,1.0062175905851607,1.0063156586443938,1.0002470469759515,1.0001517816620522,1.0000537136028191,1.0,1.0,1.0,0.9928865177281315,0.994342121803823,1.0008273357745738,1.0119564532716172,1.010548475047238,1.004063261076487,1.0000476258513122,1.0,0.9934640522875817,0.9864359763510474,0.9747400699182989,0.9719998498392656,0.9790279257757999,0.9907238322085483,1.0,1.0,1.0,1.0,1.0,1.0,0.9972074998575255,0.992597503041225,0.9850957981082856,0.98751783640833,0.9921278332246305,0.9985240944644818,0.9988945563069119,0.9988945563069119,1.0,1.0,0.994691710902409,0.994691710902409,0.9905820351172014,0.9901431977780106,0.9815861787716752,0.9804876247733957,0.9803235363970507,0.9888805554033863,0.9940887851868735,1.0,1.0,0.9997185416125399,0.995796972985089,0.9900989672870834,0.9857930492359103,0.9831786701509428,0.9805507978513764,0.9776283251756285,0.9763657467379431,0.9796283335962747,0.984885321577016
394513,409,"Cumberland, MD",msa,MD,,,,,,,,,,,,,,,,,,,,,,,,0.972557959418566,0.9652985755386507,0.9651284738345254,0.9757219165790691,0.9858202325661454,0.9914114547809055,0.9908111800633592,0.9917303284594429,0.9846997922527052,0.9783406859765907,0.9696157998149069,0.9729881921152573,0.9841926739079744,0.9952270288918291,1.0,1.0,1.0,1.0,1.0,0.9969176574196389,0.9964304068298588,0.9964304068298588,0.9993362580582961,0.9998235086480762,0.9939880912370961,0.9841134139700763,0.9841134139700763,0.9899488313810565,1.0,1.0,0.9915527313492533,0.9915527313492533,0.9815933376136837,0.9797623064282514,0.9676917400401363,0.9640286706119583,0.9678236666480388,0.9671723698987783,0.9685624171603852,0.9750457209604838,0.9803601766904518,0.9814814814814815,0.977288512977414,0.9815276695927587,0.9926387807038699,0.9910802439872176,0.9785976626399658,0.9653923805271208,0.9682326775964576,0.9742508001030624,0.9874560822159074,0.9835645692788549,0.9931972789115647,0.9931972789115647,1.0,0.9943658732896402,0.9890662803988063,0.980732947065473,0.9736750230076298,0.9712882125947391,0.9708757397241806,0.9725641226030874,0.9734781131229681,0.9725471164826511,0.9835507843719475,0.9842089980564205,0.9867943707694504,0.9793316842022861,0.9800911309589528,0.9747243886319592,0.9776961662653254,0.9719089471912689,0.9775342919426994,0.9764464003186174,0.9812247353717417,0.986692685917428
394928,410,"Ocean City, NJ",msa,NJ,0.961127260838623,0.9618384822947433,0.9678184104244706,0.9668147392144494,0.9654526115308458,0.969400292607817,0.968820365842797,0.9714704434667586,0.9657719529402131,0.9654882398341441,0.963319237990124,0.9644782445179777,0.9647877462202371,0.964746578079921,0.9657622604539577,0.9675921249230979,0.9697028560268318,0.9696787047593499,0.9678917250588365,0.9651364630843579,0.9651085303965491,0.9653295288785896,0.9650078677761451,0.966756543433839,0.970592467943382,0.9768652289987517,0.9719595288197089,0.9710017823408356,0.9701728082677143,0.9785548980933596,0.9815851630156694,0.9894747093667542,0.9934065789531871,0.9885052226908116,0.9863565970703035,0.9843314484479938,0.9917402436969546,0.9938888693174627,0.9975377039088951,1.0,1.0,1.0,1.0,1.0,1.0,0.9949282518786546,0.9903121570948418,0.9898219610164104,0.9948937091377558,0.9995098039215686,1.0,0.9967471741075059,0.9916868908772646,0.9846378271873517,0.9850745866799645,0.9836296290855638,0.9832712853680694,0.9753346635959078,0.9719653381008272,0.9680390990246474,0.9705870051259659,0.9745109513523899,0.9786065025978817,0.9823734148461211,0.983448684301357,0.9828438975711787,0.9840221569186646,0.988897507556727,0.9895460055413049,0.9860929971939411,0.9768039980109048,0.977817766795949,0.979530713951974,0.9821966078320811,0.9802636299856324,0.9831016536817309,0.9825709684602667,0.98372198535219,0.9812253541570221,0.9825385105554245,0.9810652725137449,0.9800738341650285,0.978614569884969,0.9785655355949769,0.9746047321177,0.9751344776531378,0.9763295594031325,0.9788478818129733,0.980897628002395,0.9821555108084121,0.9822300767711559,0.9804285348049143,0.9813024368315829,0.9799388826505436,0.9786992018767124,0.9770200045224748,0.9787251109107817,0.9815827787474117,0.9837974618558974
394505,411,"Corvallis, OR",msa,OR,,,,,,,,,,,,,,,,,,,,,,,,,,,,,,,,,,,,,,,,,,,,,,,,,,,,,,,,,,,,0.9957809060946315,0.9980392156862745,1.0,1.0021729682746632,1.0025561100371154,1.007201870780437,1.0060788319855274,1.0081580203276628,1.004209609654076,1.0031596801743223,1.000697350069735,0.9963776058177244,0.9963776058177244,0.9940954527176383,0.9977178468999139,0.9977178468999139,1.0,1.0,1.0,0.9987856709168185,0.9987856709168185,0.9973914780332639,0.9956720282765327,0.9937750361892278,0.9951692290727824,0.9972236937777202,0.9991206858650253,0.9991206858650253,1.0,1.0,0.997360248447205,0.9952367047156802,0.9901122537639964,0.9927520053167913,0.9905645689451475,0.9942884596727417,0.990584755969038,0.9893141055542772,0.9882084001142065,0.9919121038179103
394988,412,"Pocatello, ID",msa,ID,,,,,,,,,,,,,,,,,,,,,,,,,,,,,,,,,,,,,,,,,,,,,,,,,,,,,,,,,,,,,,,,,,,,,,,,,,,,,,,,,,,,,,,,,,,,,,,,0.9855932315399137,0.9791293409527198,0.9800679185154708,0.988946025956743
394501,413,"Corning, NY",msa,NY,,,,,,,,,,,,,,0.9733527794803359,0.9722783248201593,0.9618766542861888,0.962837773336501,0.9689247298582401,0.9674774717250615,0.9692768070314594,0.9651103320937836,0.9678391740018042,0.9648520815795832,0.9702069307347762,0.966939464188909,0.9644214576689015,0.9621542521327754,0.9595516071738467,0.9654642398172362,0.9697063002117302,0.9758802366858864,0.9802173356870171,0.9776003159185384,0.9810717335836063,0.9747863919245843,0.9713855493277617,0.9690930020426327,0.9726822265775127,0.9780213319166181,0.9871004499451524,0.9952380952380953,1.0,1.0,1.0,0.9911521223466239,0.9911521223466239,0.9794771163899881,0.9858229089724718,0.9796836489519168,0.9913586549085526,0.98903985761592,0.9951791176364749,0.9951791176364749,1.0,0.9910672194240439,0.9888082601122775,0.980433050732043,0.9816960956792705,0.9713812802925507,0.9659627301598476,0.9627363127976937,0.9753100874961795,0.9868858985795486,0.987781765847982,0.9834823888189393,0.9857003372485081,0.9957006229709573,0.9926480175922086,0.9869500118942028,0.9838948686613077,0.9809746130190833,0.9799386119830823,0.9680990454060133,0.9727363316663921,0.9706679911077876,0.9855627009177517,0.9911976527073887,0.9928954617949833,0.9851842414659706,0.9768576791070326,0.9728617404087304,0.9752291168159438,0.9721613874012517,0.9713738755761451,0.963357967362156,0.9588792432627703,0.9656889962270115,0.9718023715512056,0.9858687026907075,0.986068889674404,0.9889354917196626,0.9907421764531765,0.9947802606005962,0.9991600353669319,0.9898079979587822,0.980933561367443,0.9700374083765603,0.9649548296101212,0.9746692308345285
394911,414,"New Philadelphia, OH",msa,OH,,,,,,,,,,,,,,,,,,,,,,,,,0.9687616095674492,0.9811250048609136,0.9863620293726852,0.9973864458693055,0.9959934318555009,0.9971428571428572,0.9945668653860308,0.9964838636857855,0.9934808606827824,0.9960568524396088,0.9969969969969971,1.0,1.0,0.9921857604097083,0.9920329189479883,0.9938368405166155,1.0016510801069074,1.0018039215686274,1.0,1.0,0.9981579217556377,0.992884623103906,0.991812428679317,0.9850400771155399,0.9850430530665338,0.9861152474911229,0.9947296772992624,1.0,1.0,1.0,1.0,0.9847475725622917,0.976776204415228,0.9753262986591023,0.9804575716734528,0.9758140157238732,0.9772639214799991,0.9845049788895627,0.9971199029862059,0.9964788773451803,0.9993589743589744,0.9959214309381045,0.9965624565791301,0.9943777952016437,0.9919268526646894,0.9871649479027845,0.9892828892375701,0.9894149973827983,0.9919133805816819,0.9919801006243828,0.9929939310115046,0.9952574525745258,0.9910273341312094,0.9936347664861565,0.9936347664861565,0.9945132365778245,0.988462812767042,0.9841134259027934,0.9768288492404356,0.9781529306666683,0.9751754254214161,0.9796346649380995,0.9864961223931763,0.9889571093293327,0.9899860896786504,0.9835790888722991,0.985109905402498,0.9851099054024979,0.9915169062088495,0.9884915156226349,0.9866292013823456,0.9817920286712906,0.9881525079006507,0.9902608665046313,0.9927991886409737
395140,415,"Sunbury, PA",msa,PA,,,,,,,,,,,,,,,,,,,,,,,,,,,,,,,,,,,,,,,,,0.9690419501133786,0.9634529497417695,0.964427805995145,0.9811770389263446,0.9912104837423982,0.9898342901762752,0.996622472211062,0.9881865527530985,0.9797464220922537,0.9716456958971421,0.9800816153551057,0.9918992738048885,1.0,0.9916668430671098,0.9816840695959641,0.9693383905836185,0.9707844951749109,0.9627492506280385,0.959943414488869,0.9467582066939756,0.9512016933905487,0.9582995785524657,0.9700385053556237,0.9836130366770687,0.9916666666666667,0.9927536231884058,0.980117498028115,0.9671059562834392,0.9702707004419723,0.9698938125892501,0.9658556879143557,0.9608049004760927,0.9610842804839216,0.9690235503332881,0.9781559704246123,0.9784012747649972,0.9740206905863755,0.9694130578021157,0.9578079276958421,0.9624653046948927,0.9670729374791525,0.9758340489069433,0.9721967901858554,0.9484500883388897,0.9516271401890463,0.9545741931360991,0.978320894983065,0.9847865691303008,0.9943103786541103,0.9890663105416362,0.9947559318875259,0.9847103549894771,0.9791539734230744,0.9607277523599365,0.963740725198131,0.9633690137048466,0.9817952347679846,0.9806288000944491,0.9857359031588327
395175,416,"Ukiah, CA",msa,CA,0.9829777595875396,0.9744307510405311,0.9746508089287004,0.981814995050419,0.9835917925261413,0.9836602145340191,0.9760548067775189,0.9725422475513895,0.9713700631661237,0.97290579020585,0.9771393928687321,0.9776453433854716,0.9742965991898447,0.9690608918613935,0.9678428145360387,0.9767801334224323,0.9814368194754444,0.9832108907457435,0.9756665789352895,0.9757907028046118,0.970180519370484,0.9740727212107139,0.9723049460194009,0.9809317677329464,0.9782426989441743,0.9798330246995229,0.9726800414665173,0.9821140037306683,0.982567577728578,0.9884053332243362,0.9822428682383418,0.9835533517447953,0.9855800646817006,0.9886516164778608,0.9893548058695081,0.989202755737498,0.9922936689273323,0.9965079365079365,1.0035075082353802,1.0052907849337043,1.005322237409014,0.9981642922198263,0.9932494915131515,0.9932180390378416,0.9968684759916493,0.9965902647208047,0.9880899611385338,0.9880899611385338,0.9914996964177293,0.9946219129362975,0.9946219129362975,0.9913574950908132,0.9942593916783253,0.987467868783957,0.9822934680640403,0.9765175955244768,0.97815649326622,0.9766815641312331,0.9730288652422252,0.9668123975650834,0.9645359980001608,0.9678447713662406,0.9792138641960076,0.9873918665903574,0.9885686712392671,0.9809433989081123,0.9821126155630105,0.9821652003308644,0.981830424056465,0.977721666488725,0.9690562014823868,0.9717188674901284,0.9693534559200238,0.9776072094601873,0.978820237636061,0.9826728541156512,0.9853737314315848,0.9796541642848963,0.9720981007331013,0.9720473288770557,0.9775594049521209,0.9820329408312242,0.9773283042681804,0.9714557439119971,0.9689526914089447,0.9738834545227574,0.976204723117601,0.9773924833479143,0.9732103497975869,0.9724574985138069,0.9770234563322936,0.9745943750152994,0.9761454988895393,0.9655886921202539,0.9672798377060537,0.9574596230054165,0.9618185199023997,0.9624794126267936,0.9742162868636678
753887,417,"Hermiston, OR",msa,OR,0.9890816821085956,0.9894731065139019,0.9867581838069769,0.9874004445648445,0.9900863463483529,0.9955813635784917,0.9825459818280261,0.9847555327977985,0.9830565542695516,0.9889891715880686,0.985415871783735,0.9871148503119819,0.9909655822236054,0.9893405600722674,0.9880085547442462,0.9912605872645712,0.9986679946719788,0.9959523051203436,0.9944515547451559,0.9920273123209137,0.9928076870698771,0.9943084374450648,0.992959094963647,0.9883523993463083,0.985915564666303,0.9890417858663801,0.9969158016144116,0.9993526362944167,0.9974975378279165,0.9974975378279165,0.9970988137449819,0.9996012759170654,0.9946263182405571,0.9950250423234918,0.9950250423234918,0.9972373258012569,0.9972373258012569,0.9972373258012569,1.0008952658628425,1.0010064140233403,1.0010064140233403,1.0001111481604978,1.0,1.0,0.9972455648926237,0.9917349935925787,0.9917349935925787,0.9944894286999549,1.0,1.0,1.0,1.0,0.9934426229508198,0.9934426229508198,0.9846541423152685,0.9912115193644487,0.990711352642208,0.9931132670725903,0.9835894575487808,0.9755683210128762,0.9819548872180451,0.9858687836424017,0.9922708256868269,0.9899312339455856,0.9955411470450386,0.9889047471212523,0.9912443388624933,0.9877263089592393,0.9909078340878272,0.9813289379312783,0.9848469678345323,0.9797828059711106,0.9822543815875032,0.9777950727803684,0.9884333706527088,0.9949129448024069,0.993549837306776,0.9899593045889626,0.9852960456884157,0.9860126997738217,0.9896032324916351,0.9860053488937516,0.9843478260869566,0.9843478260869566,0.9882800854838999,0.9950433705080545,0.9895971106436553,0.9945537401356007,0.9924351207304438,0.9978813805948432,0.9970444818760019,0.9953426619306335,0.9953426619306335,0.9901189545888687,0.9935064935064936,0.9908777387886024,0.9969383448492084,0.9948712452821088,0.9974999999999999
394469,418,"Clarksburg, WV",msa,WV,,,,,,,,,,,,,,,,,,,,,,,,,,,,,,,,,,,,,,,,,,,,,,,,,,,,,,,,,,0.9626698742134029,0.9616909040899726,0.9738897629859501,0.9678989795758118,0.9697130347414356,0.9726415446466897,0.9742787508771639,0.966810443984357,0.9649746116121923,0.9624606141758033,0.9692380373373793,0.9703511958161384,0.9747832075805705,0.967268127897022,0.9533835327468676,0.9452374379854769,0.9526317511641061,0.9629714216584376,0.9675622958613114,0.9706518906464079,0.9704795531640603,0.9664101069487514,0.9647295040939738,0.9711949030885126,0.977198695324189,0.9689920465169006,0.9665925077153549,0.9585452602807782,0.9671896618616351,0.9703575349576831,0.9824194675663652,0.9839486137075802,0.9813806608882728,0.9708760150575401,0.9679863246986379,0.9675885771126583,0.9751648825007936,0.9744739744928124,0.9697626771052598,0.9665985215345447,0.9768132390663352,0.9821594025646728
394964,419,"Parkersburg, WV",msa,WV,0.9701461410168858,0.9679491212472007,0.9657544385242268,0.9643183632709107,0.9690726805843712,0.9711935598243492,0.9746838787817674,0.96843282433236,0.967053007993187,0.964700909000499,0.9643578715179366,0.962275171510822,0.9615557142299266,0.9597495366746053,0.9627672389438223,0.9646312824832011,0.9686418373019455,0.9698752237984899,0.9694806648429276,0.9685357614157876,0.9615685281070908,0.9621682610063466,0.9607185284181609,0.9661091258023956,0.9650676365658558,0.9718255893297258,0.967543639395602,0.9660058370117542,0.964545707844677,0.9704401424793785,0.9738415633008864,0.9703114164717705,0.976538193958281,0.9756760854321831,0.9751775434202878,0.9664825533182627,0.9671454676397135,0.9746135567546869,0.9815769451251105,0.9900864302199613,0.9942857142857143,0.9990476190476191,0.9946586146586146,0.9828521435870416,0.9681462612341005,0.9595482526360919,0.959435267017566,0.9630264062083991,0.9690314372134301,0.9789544696644349,0.9900692128265428,0.9970511948085249,1.0,0.9962458228905597,0.9879918761128018,0.9785788559222605,0.9722320229306906,0.9636083325776469,0.9668702104131794,0.9660750675233066,0.9748226233532954,0.9720451942797328,0.9773188573107762,0.9840715281432697,0.986117110387967,0.9859924739110247,0.9809211407724954,0.9791200797199799,0.9699862537758092,0.9685918601277562,0.9669053937035135,0.973347527519065,0.9718519950579387,0.9706395001355593,0.9701875771882928,0.9711673666094728,0.9727477370752663,0.9713424682919234,0.970797620150489,0.972868698195957,0.9763125002974773,0.9773783908959222,0.9747724056149977,0.9747280620853497,0.972008260220953,0.9765079483517098,0.9732662512279214,0.9756744176644038,0.9740199701940138,0.97405720894093,0.977933177933178,0.9752580550059745,0.9769650201275738,0.9728929181173275,0.9770424049754013,0.9764480626230639,0.9800563684882285,0.9841301239250289,0.9847120214689552
394373,420,"Beaver Dam, WI",msa,WI,,,,,,,,,,,,,,,,,,,,,,,,,,,,,,,,,,,,,,,,,,,,,,,,,,,,,,,,,,,,,,,,,,,,,,,,,,,,,,,,,,,,,,,,,,,,,,,,,0.9902481799381312,0.9960585890017328,1.0067352507865106
394641,422,"Grants Pass, OR",msa,OR,,,,,,,,,,,,,,,,,,,,,,,,,0.9806856182681525,0.9824987442488794,0.9856922299815162,0.9915962688760489,0.9889784678289285,0.9924706376486525,0.995437196440454,0.9980549974875744,0.9975,0.9975,0.9946633800163505,0.9971633800163504,0.9971633800163504,1.0,1.0,1.0,1.0000006944458912,1.0000006944458912,1.0000006944458912,1.0,0.9992675576047932,0.9929358867081689,0.9910827218443686,0.9890042326418667,0.995335903538491,0.9971890684022914,1.0,1.0,1.0,0.9974959607266297,0.9926243614385545,0.985673427416442,0.9810302699672766,0.9769616915129458,0.9701588050293622,0.9698020523048204,0.9727271613272398,0.9800455904420501,0.9836564738907985,0.9866712698587167,0.9896344390273802,0.9864500851864063,0.9848980058899163,0.9836753924313872,0.9844514642607997,0.9795187214584096,0.975480680426832,0.9749327133682296,0.9814209054902788,0.9878227798716052,0.9907238658026346,0.9937207685315338,0.9894616040419448,0.9892703996282104,0.9875106515500406,0.9869208696051478,0.9872609699780875,0.9863487073682146,0.9884004510054937,0.984680987191271,0.9855649294604568,0.9840041713779595,0.9892698534795631,0.99105792189842,0.9944848473572794,0.991609757119952,0.9875653901723592,0.9860484554032941,0.9866730447559612,0.9880500337360959,0.9888597676917849,0.9857280159788342,0.9834934331619786,0.9811134653779913,0.9839503553803836
394511,424,"Cullman, AL",msa,AL,,,,,,,,,,,,,,,,,,,,,,,,,,,,,,,,,,,,,0.988140592533718,0.9893096536629384,0.9931916076142837,1.0,1.0,0.9969012064993331,0.9969235779228662,0.9969235779228662,0.9914213533438422,0.991398981920309,0.991398981920309,1.000023812925656,1.000023812925656,1.000023812925656,0.9989102564102564,0.9989102564102564,0.991502849002849,0.9825925925925926,0.978155174365909,0.9785233652687189,0.9784223551677087,0.9726322634799693,0.9685566639347726,0.968281376998653,0.9670639655969101,0.9674196555899922,0.9712385755779417,0.9786563855891135,0.9853955873292127,0.9824291548545835,0.976806085218685,0.9706939074447503,0.9776029036357801,0.9810802450704998,0.9803764338483539,0.9721750347888184,0.9671954579381139,0.9724568231230677,0.9789440311863787,0.984895633814935,0.9851201521275286,0.9831508795700206,0.9817668355278754,0.9762219508133517,0.9742625944999639,0.9731846170213879,0.9755428410276467,0.9707268583637229,0.9707258458326381,0.9697387268322398,0.9718547438394652,0.9638096342405126,0.9628347561002802,0.9669829247398974,0.9763159863377365,0.9767221299123774,0.9736329895022311,0.9688792247381182,0.9714700807323795,0.968731543886267,0.9710485332395278,0.9723411837354954,0.9776006922818407
395248,426,"Zanesville, OH",msa,OH,,,,,,,,,,,,,,,,,,,,,,,,,,,,,,,,,,,,,,,,,,,,,,,,,,,,,,,,,,,,,,,,,,,,,,,,,,,,,,,,,,,,,0.9710519483406347,0.975038680453054,0.9844951176582697,0.9871258554879928,0.987124499857245,0.9833862687599826,0.9861427467523048,0.9883806730664282,0.9925370788550943,0.9872909583209236,0.9813756178181756,0.9765444367902388,0.9788496083805865,0.9846919323315623,0.9915749215154364
394907,427,"New Castle, PA",msa,PA,,,,,,,,,,,,,,,,,,,,,,,,,,,,0.9579462290342367,0.9634835156608661,0.9828767582730671,0.9818831725474625,0.9822838233351665,0.9717645414536159,0.9691704267646148,0.9637550561390142,0.9638103948267395,0.9672347119095189,0.9790578241331317,0.9884162077775911,0.9949209687089963,0.9949209687089963,1.0,1.0,1.0,1.0,1.0,0.9905204753240335,0.9823497232813455,0.9823497232813455,0.9829639997303615,0.9911347517730497,0.9911347517730497,1.0,0.9975325433810127,0.9975325433810127,0.9875295121594304,0.9807571447871174,0.97293689613864,0.9720975587196885,0.9739299753035815,0.9725986805985611,0.9772188270168726,0.9754264055838863,0.984577948937384,0.9908001711596063,0.9929736810765749,0.984372662996884,0.9775403793486451,0.9845666982720701,0.9797061778902227,0.9751394770113789,0.9728313009107499,0.9862928393722884,0.9914073555140946,0.9846504909643171,0.9829829466427444,0.9892674150280207,0.9949513200832308,0.9966188644048035,0.9881063216797695,0.9786620057410419,0.9697731168521532,0.9665645287224821,0.973943720392007,0.9681594211973031,0.9751118348369389,0.973531775777913,0.9811172006761817,0.9821315760681203,0.9806108864445368,0.987698649629861,0.9914529914529915,0.9950617283950617,0.9874775196259885,0.9861132631457702,0.9903011595631147,0.988791794157262,0.9871765340792237,0.9778787075612185
394925,428,"Oak Harbor, WA",msa,WA,0.9963241436925646,1.0,1.0,1.0,1.0,1.0,0.9982608695652173,0.9949928957090082,0.9916029951323116,0.9890997013246702,0.9872673757942806,0.9875244442907766,0.9917668685332007,0.9968671679197995,1.0,1.0,1.0,1.0,1.0,0.9978351013350236,0.9978351013350236,0.9974103435457055,0.9995752422106818,0.9966263010359472,0.9970510588252653,0.9970510588252653,1.0,1.0,1.0,1.0,1.0,1.0,1.0025839793281655,1.0025839793281655,1.0034411849683174,1.0070973549460025,1.015330631103807,1.0309535752763892,1.0430467593038717,1.0463315817916752,1.0440909141795884,1.0323649596812137,1.0252198896574294,1.0156424121187868,1.0127379857291745,1.0120720965287757,1.0103415038890922,1.0127616287974572,1.0175596516397365,1.0284333595745256,1.0340061886535634,1.0262091391385975,1.0124040191814871,1.0007081127487385,1.0,0.9965700786282682,0.9965700786282682,0.9923787246673291,0.9958086460390607,0.9913961087137361,0.9955874626746753,0.9955874626746753,1.0,1.0,1.0,1.0,1.0,0.9943045135167322,0.9943045135167322,0.9905977692323328,0.9962932557156007,0.9947606886657923,0.9984674329501916,0.9984674329501916,1.0,0.998936735778841,0.998936735778841,0.998936735778841,0.9955555555555556,0.9952293976951512,0.991294212509966,0.9910310679226662,0.9913572257830706,0.9909216551861628,0.9938748582529948,0.9938748582529947,0.9982456140350878,0.9996487530734107,0.9996487530734107,0.9996487530734107,0.9955994132551007,0.9911986268879934,0.9864771915716571,0.9861829426358053,0.9905726177066133,0.9952940530229495,0.9980659438097637,0.998077055106063,0.998077055106063
395212,430,"Watertown, WI",msa,WI,,,,,,,,,,,,,,,,,,,,,,,,,,,,,,,,,,,,,,,,,,,,,,,,,,,,,,,,,,,,,,,,,,,,,,,,,,,,,,,,,,,,,,,,,,,,,,,,,,,0.9967894887875003
394847,431,"Meadville, PA",msa,PA,,,,,,,,,,,,,,,,,,,,,,,,,,,,,,,,,,,,,,,,,,,,,,,,,,,,,,,,,,,,,,,,,,,,,,,,,,,,,,,,,,,,,,0.966884998786833,0.9736451891910924,0.9748374420015541,0.9767504314857467,0.9888581656097891,0.9871763769978777,0.981789370861374,0.9701143649047382,0.9688969888939288,0.9656805243285667,0.9603283101201923,0.9616526198536204,0.9664563860062841,0.9738953376997769
394568,432,"Elmira, NY",msa,NY,,,,,,,,,,,,,,,,,,,,,,,,,,,,0.9753516126216479,0.9729099400137096,0.9717041724583799,0.9678632467191624,0.9804370214176483,0.9815425065451441,0.9798083596840949,0.9710637324423578,0.9739667368738015,0.9754840718298624,0.9742210008421922,0.9804542665622734,0.989775111784753,0.9997828100141603,1.0000854920064974,1.0,0.9961514647896502,0.9961514647896502,0.9956859154414195,0.9956003304944043,0.9956003304944043,0.9916249563566818,0.9896898801379272,0.9945418773032229,0.9989828007891765,1.0048519971652956,1.0,0.9918010752688172,0.9906895524826002,0.9836910835508674,0.9789555205475624,0.9683734760823176,0.9677715107035182,0.9723544228459584,0.9786132074887247,0.9862136417992566,0.9945652173913043,1.0,0.9952562417464351,0.9952562417464351,0.9952562417464351,0.9922312831667174,0.9855640145549378,0.9734428024337257,0.9665737575475345,0.9543731016310121,0.9674271352128825,0.9820648969323562,1.000932821460658,1.0,1.0,0.9967316624805195,0.9897288613600713,0.9858128958629025,0.9795739137173104,0.9754656037266475,0.9685475943713656,0.969556066173712,0.9744550385341961,0.9852890133866467,0.993787861249373,1.0,1.0,1.0,0.9958500669344043,0.9881075701966923,0.9857577631619628,0.9864726998176424,0.9890198162887008,0.984117916726008,0.9875529131359242,0.9927482934025779
394776,434,"Laurel, MS",msa,MS,,,,,,,,,,,,,,,,,,,,,,,,,,,,,,,,,,,,,,,,,,,,,,,,,,,,,,,,,,,,,,,,,,,,,,,,,,,,,,,,,,,,,,,,,,,,,,,,,,0.962194345343392,0.9708019116331633
394704,436,"Indiana, PA",msa,PA,,,,,,,,,,,,,,,,,,,,,,,,,,,,,,,,,,,,,,,,,,,,,,,,,,,,,,,,,,,,,,,,,,,,,,,,,0.9751192552052949,0.9732184918611021,0.9862941821869251,0.9880198195840101,0.9967562339286135,0.9967562339286135,0.9957187508789421,0.9899156986909637,0.991371302766655,0.9941269988747458,0.9979375741724371,0.9881702460470119,0.9748161615654904,0.9718623342418374,0.9801740582915713,0.9935281427730928,1.0,1.0,1.0,1.0,0.9895130585799211,0.9788644622585272,0.9655311289251939,0.9701003670964404,0.9670289758905503,0.9803623092238837,0.986280012472716
394859,437,"Midland, MI",msa,MI,0.9811190470491459,0.9837714061176044,0.9861526833408168,0.9875386385251647,0.989341737830006,0.98637142699806,0.9820352850664712,0.978497666751839,0.9778942756552386,0.9754548838228555,0.976892045516483,0.9756168566131299,0.9786633627209773,0.9797389991158862,0.9873222007049379,0.9926503270115226,0.9982413572832805,0.9956133087707553,0.9886401854694538,0.9812871187754745,0.9766873609221282,0.978325389391063,0.976367469120424,0.9745108130173564,0.9810028658492346,0.9844448540263492,0.99006596056209,0.99006596056209,0.9959349593495935,0.9971096096096096,0.9947436351767868,0.9947436351767868,0.9976340255671771,0.9973825195163019,0.9917325703736534,0.9917325703736534,0.9942217470338975,0.999871696176546,1.003659574964425,1.0055657703507166,1.0098613029967647,1.0109237125463728,1.009145820983535,1.0048502883374868,1.0,1.0,1.0,1.0075757575757576,1.0171658702165585,1.0321328274822723,1.034540394463299,1.0337375150252321,1.0208669938182187,1.0108836692614345,1.0020964360587001,1.0,1.0,0.999090909090909,0.999090909090909,0.999090909090909,1.0,1.007781954887218,1.0149183595845983,1.0177194800327776,1.017002496896972,1.0101329723703951,1.0073318519222159,1.0002668801708035,1.0,1.0,0.9974038171676707,0.991369522715945,0.9907610571074795,0.9933572399398086,1.0018166586791541,1.0057239274273475,1.0095511554207866,1.007163076402486,1.004066780997445,0.9961837339347822,0.9935726477193292,0.9933701399846422,0.9903337604723057,0.9849712934819318,0.978343613170041,0.9854358117516012,0.9933723196881091,1.0,1.0,1.0,1.0,1.0,0.9978476412591468,0.9943240330843759,0.9870776562727817,0.9836744594580793,0.9852902705964395,0.9925366474080337,0.9980922029635892
394755,438,"Kokomo, IN",msa,IN,,,,,,,,,,,,,,,,,,,,,,,,,,,,,,,,,,,0.9914815504383677,0.9824024324098334,0.9824024324098334,0.9909208819714657,1.0001333866880084,1.0001333866880084,1.000380483302785,1.0002470966147763,1.0002470966147763,1.0,1.0,1.0,1.0,0.9966629588431591,0.9966629588431591,0.9966629588431591,1.0,1.000117000117,1.000117000117,1.000117000117,1.0,0.9928954617949833,0.9860752188362657,0.9860752188362659,0.9844841048673695,0.9839982564269859,0.9839982564269857,0.9926939086008989,1.0,0.9957465860756659,0.992404898523452,0.9924048985234522,0.9966583124477862,0.9996526813003612,0.9931494296745483,0.9902693326607542,0.990616651360393,0.9971199029862059,1.0,1.0,1.0,1.0,1.0,1.0,0.9962453066332916,0.9962453066332916,0.9937432215623992,0.9974979149291077,0.9860036620555443,0.9885057471264368,0.9878991350548566,0.9954718193009687,0.9954718193009687,0.996078431372549,1.0,1.0,1.0,0.9953042328042327,0.9887464058480431,0.9827814935673413,0.98264494221667,0.9810320171301715,0.9811315652860356,0.9859638838324741,0.9941346358751622
394395,439,"Bloomsburg, PA",msa,PA,,,,,,,,,,,,,,,,,,,,,,,,,,,,,,,,,,,,,,,,,,0.9928894266882639,0.9984916675846224,0.9972338059494023,0.996479525662405,0.9862231154059948,0.9862231154059948,0.9759079504703777,0.9861643607267879,0.9861643607267879,1.0,1.001129943502825,1.001129943502825,0.9964835996251887,0.9879462487149565,0.9879462487149565,0.9824138824138825,0.9821250056552469,0.9742302688131416,0.975208514560341,0.9829047987263841,0.9887915034399753,0.9979919678714859,0.9979919678714859,1.0,1.0,1.0,1.0,0.9953051643192489,0.9860477054815145,0.9764058322032776,0.9677630320875353,0.9727611998772909,0.9772384508185362,0.9866441094717485,0.9832115938143836,0.9808621896888483,0.9793639245597819,0.9731560133023391,0.9732100095989535,0.9662945728589553,0.9729479140101476,0.9675874313555473,0.9722992679947141,0.9714620310659129,0.9818134080839566,0.9894472504571353,0.9923495170472717,0.9922934003244883,0.983084739739681,0.9882660868899401,0.9842553917027743,0.9802587701747365,0.9700253563538787,0.9694397537929191,0.9696557432956184,0.9798891571164763,0.9870107073898543,0.9944411068672722
394941,440,"Opelousas, LA",msa,LA,,,,,,,,,,,,,,,,,,,,,,,,,,,,,,,,,,,,,,,,,,,,,,,,,,,,,,,,,,,,,,,,,,,,,,,,,,,,,,,,,,,,,,,,,,,,,,0.9717432732309216,0.9815096318816616,0.9736663199931566,0.9620721170946057,0.9586909831752836,0.9720070755903807
394744,442,"Key West, FL",msa,FL,,,,,,,,,,,,,,,,,,,,,,,,,,,,,0.9313943840166292,0.9381791761708081,0.9513812701759866,0.9513949786487682,0.9561599851411623,0.9582835599610284,0.9610077771260369,0.9637024904834007,0.9668630028337106,0.9711801908835035,0.9765594813288615,0.9812563277097035,0.9853063170304907,0.9866082021735499,0.9858774975055365,0.9828043362126646,0.97965015859672,0.9753708082752107,0.9765257069474901,0.9777427405497878,0.9835605150510194,0.9856447189279526,0.9911091998022695,0.9878261982716428,0.9870319863480317,0.9776986530146984,0.9703650698148941,0.9588878801612006,0.9585710325536413,0.9596865410532223,0.9663413612895058,0.9634677327065888,0.9633744642201271,0.9615205524663265,0.9600240170100388,0.9581002208939614,0.960973942161095,0.9626486081288467,0.9636357280432302,0.9563928430895405,0.9580725958032056,0.9586092114635347,0.9608472204162029,0.9560534906302274,0.9520989979556632,0.9521829683963929,0.9549505737128459,0.958161411389607,0.9554376284680082,0.9509219789971368,0.9478394416039256,0.9473996368068867,0.9489994509561474,0.946354153737253,0.947399469065437,0.9488229579921303,0.9505250277089058,0.9487785657998424,0.9452570353263194,0.9450020318742159,0.9424396567340185,0.9409599390980604,0.9427445917072296,0.9478022814464396,0.950201355975636,0.9495302722957799,0.9475223745800734,0.9491574301719634,0.9491430418493826,0.9526813898614067,0.9530381368856959
395145,443,"Talladega, AL",msa,AL,,,,,,,,,,,,,,,,,,,,,,,,,,,,,,,,,,,,,,,,,,,,,,,,,,,,,,,,,,,,0.9629353043142537,0.9788070788726241,0.9743887229167271,0.9814326869682208,0.9800142472519089,0.9903823955243997,0.9978311850960941,0.9983860669540298,0.9907559686448709,0.9893375289285588,0.9825674990006759,0.9889519645133964,0.9849202204525979,0.9925538082388575,0.9860028076758809,0.9838733187570398,0.9777074700090845,0.9801983634966435,0.9763403791171478,0.9728571050580853,0.9754618999847082,0.9790100107090708,0.9788312199693885,0.969140185561184,0.9727130299530428,0.9761037602475712,0.9803965572664785,0.9741757108730301,0.9783297891023706,0.9812051334601165,0.982565995106044,0.9828871617337408,0.9858973141348731,0.9855229024653066,0.9807566593917753,0.9686172780229958,0.9635415980954009,0.9702697795640667,0.9853732216960917,0.9933652905518287
395133,444,"Stillwater, OK",msa,OK,0.9731127255910271,0.9776975670395768,0.9816240163615747,0.9840391891864116,0.9871494439008132,0.9850399694509132,0.9773384699853023,0.975300944333001,0.9735828985150662,0.9788574835731146,0.9741839188988098,0.9707612798241784,0.972545461768204,0.9755882912296842,0.9845888261660921,0.9846816061930825,0.9860199437450886,0.9807537261662539,0.9763490553234173,0.9743784002520668,0.9754316915331446,0.9733645227673491,0.9744491243210671,0.9741983502521251,0.9782711562117236,0.9812729882576733,0.9827126031591824,0.9867338028403748,0.987462974525429,0.9884647341247269,0.9840949964905397,0.9785509909465341,0.97852774450324,0.9820116200986146,0.9841483722353668,0.9803605272631127,0.9803517471405958,0.9867620035508522,0.995118549511855,1.0,1.0,0.9983230855226384,0.994110341973402,0.9871496091114244,0.9843820791443415,0.9825342166329719,0.9809267712556498,0.9800378823667609,0.9805336581546903,0.98910183639399,0.9944351697273234,1.0,1.0,0.9996022275258553,0.9940363648171354,0.9929955640643922,0.9866300515143824,0.982734808754456,0.974898762561633,0.9759477618715019,0.9807468626781436,0.9864055009904579,0.9880336725828385,0.9921966752488353,0.995414883882087,0.9955794293765411,0.9882353490739048,0.9771118785511016,0.9758046890086178,0.9789529356265111,0.9823690195325451,0.9785887686934706,0.9783017203162508,0.9815347846936548,0.9886676210947839,0.9883161718194216,0.9860730659708002,0.9793503374797791,0.9775748075881002,0.9771152021832638,0.9734510040625439,0.9751292618569507,0.9728180696308938,0.9750477240344612,0.9745422564057059,0.9788622128938166,0.9821581281836785,0.9827178571570178,0.9802169033134289,0.9791015134013351,0.9716832446927438,0.971743595287773,0.9715084855699047,0.9780663018277208,0.9757701813820447,0.9782084930240741,0.9775541272988644,0.9819785267861838,0.9862158149217771
394489,445,"Columbus, IN",msa,IN,0.977917733272602,0.9800675696772444,0.982119997400658,0.9854120313931923,0.9845642455989007,0.9834257855605942,0.9820963778707806,0.9822321556810221,0.9793988451549325,0.9789377203537133,0.9749959041912826,0.9767547138975711,0.9760145952242788,0.9823406081333635,0.9853679833346519,0.9892104351109373,0.987520879304337,0.9829918114144528,0.9810423051523601,0.9827447472459175,0.9860030933984838,0.9824701252396605,0.9773142003702295,0.9737940850549492,0.9782881217836632,0.9838756368296678,0.9879972366354456,0.9882294085226725,0.9886279256494843,0.9900513247717639,0.9897169906865685,0.9934323379286375,0.9921472312403116,0.9919344582631945,0.9860876541223611,0.9868312183826585,0.9914672645819601,0.9973140687227934,1.0,1.000098068059233,1.000098068059233,1.000098068059233,1.0,0.9974656529278377,0.9955776730662896,0.9955776730662897,0.9981120201384518,1.0,1.003313302766271,1.003313302766271,1.003414343485681,1.0008609662433878,1.0008609662433876,1.0007599255239779,1.0,0.9969496493392924,0.9902803149388655,0.9850354874616082,0.9790602912353646,0.97695769581123,0.9768747557074802,0.9828169692610981,0.9915888990856595,0.9969166666666668,1.0,0.9959654669298779,0.9959654669298779,0.9920182776009,0.9897353288436835,0.9842344211337061,0.9774129980574587,0.9778790441962494,0.9789355074617823,0.9842175060392484,0.986138331275447,0.9905827757198914,0.9950681728667679,0.9948884035284671,0.9936296175828195,0.9886297431562281,0.9927401229468784,0.9881169234888089,0.9875820668838647,0.9843730153447798,0.9849358518123266,0.9893280743294938,0.9874866208180736,0.9910905038880347,0.9932342290832857,0.9927291785782352,0.9892426784750974,0.9846373108397155,0.9843574489842909,0.9782229264434364,0.9725125704151735,0.9699847859145646,0.9738722848530715,0.9805250048537127,0.9872187576834989
394345,446,"Athens, TX",msa,TX,0.9581911165722348,0.9556054111440552,0.955138079184696,0.9618708121391016,0.9653779470920391,0.9652269697121588,0.9627047630735426,0.9617103957289291,0.9646257180606209,0.9641834396971171,0.9607428228352223,0.9597823974764288,0.9639173826615429,0.9669845614105362,0.9692009453531049,0.9680297333303874,0.9713277896758478,0.9744882340596117,0.977169991293239,0.9747193213921799,0.972370984797268,0.9717413330613737,0.9694459655740925,0.9605212309769863,0.9617979708164147,0.9651972572588757,0.9758757936097838,0.9751747842846931,0.9769062220278029,0.9776664908356517,0.983705811362593,0.9854908266997086,0.9856040139377296,0.9853965884824953,0.9806350756927532,0.9788739990409528,0.9799970012802093,0.9848867855764188,0.9935444139523569,0.994773519163763,1.0,0.9968402314196707,0.9968402314196707,0.9932560020289897,0.996415770609319,0.996415770609319,1.0,0.9954476479514417,0.9954476479514417,0.9954476479514417,1.0,1.0,0.993939393939394,0.9872631898382972,0.9812025837776911,0.9797221969585782,0.9733090370245874,0.9668993646384932,0.9634996579291588,0.9661497942110825,0.9692097440851247,0.9675967642567547,0.9751049087883171,0.9770420316327924,0.9791358196736674,0.9722132152273083,0.9699506768664786,0.9680111864096936,0.9702644397671222,0.9633343088581139,0.9656093274253017,0.9596692203105825,0.9658391322174844,0.9714344681864366,0.9767157503524286,0.9716353894560084,0.9652127943790766,0.9651387064160906,0.9700341225264598,0.9738935463190247,0.9663538776682543,0.9621405144948764,0.9479411093895277,0.9514684462501979,0.956106307044335,0.9656332048488911,0.9680735510538664,0.9696719526522681,0.9699110291745967,0.9722406044062094,0.9687404460280024,0.9674138353742734,0.9648501759665074,0.9619865728190047,0.9624357120575642,0.9599567069409365,0.9604857235014665,0.9636810625661177,0.9662926851217567
394452,447,"Centralia, WA",msa,WA,0.9922918155181751,0.9983746438010034,0.9999971424489212,1.0,1.0,1.0,0.99721059972106,0.9919053165729638,0.9862774659487726,0.9880879670730541,0.9905427373533238,0.9961705879775148,0.9971494871321732,1.0,1.0,1.0,1.0,1.0,1.0,1.0,1.0,0.995483288166215,0.9896608718634493,0.9896608718634493,0.9941775836972343,1.0,1.0,1.0,1.0,1.0002780094523214,1.0002780094523214,1.0020022058158344,1.001724196363513,1.001724196363513,1.0,1.0,1.0044444444444445,1.0049943618854325,1.0132050952162444,1.0147348240898106,1.0214645164617366,1.0132537831309245,1.0073697242582595,1.0000901144453456,1.0000901144453456,1.0,1.0,1.0,1.0034364261168385,1.0092167729376478,1.009743747594604,1.0063073214777656,1.0005269746569565,1.0,0.9994251882508478,0.996576185401845,0.9961145048847628,0.9947388296413563,0.9899790439120911,0.9899791149507919,0.9919296019433507,0.997822565951216,0.9982841754295974,0.9982841754295974,1.0,1.0,1.0,1.0,0.9926984126984127,0.9926984126984127,0.9908460463003391,0.9940825929515199,0.9896381485070754,0.9914905149051491,0.9955555555555556,1.0,1.0,0.9997856836690956,0.9970487113080061,0.9941389268791395,0.9900499361670109,0.9908466387616355,0.9891983072117734,0.9911760328594577,0.9896075306960977,0.9941656466748267,0.9964912280701754,1.0,0.9965199503800767,0.9965199503800767,0.9965199503800767,0.9938763744762227,0.9901511530397148,0.9859681465037672,0.9891058060675566,0.9928310275040643,0.9911733999140212,0.9941593658740091,0.9941593658740091
394682,449,"Hinesville, GA",msa,GA,0.9971014492753624,0.9922211500423326,0.9922211500423326,0.986689060021322,0.9905229986811369,0.9835528256000843,0.9811570725678632,0.9851019838657157,0.9920721569467682,0.9982363315696648,0.9982363315696648,0.9944889079234217,0.9962525763537569,0.993866012243955,0.995605331026454,0.9926873989300516,0.9929508207893226,0.994958925653067,0.9977197141440235,0.9958943793567782,0.9958943793567782,0.9920907141233662,0.9941630185532624,0.9941630185532624,0.9981238273921201,0.993887215470846,0.9902250242679912,0.9902250242679912,0.9940966804530204,0.9936970614068125,0.9936970614068125,0.9959381897509374,1.0,0.9974554707379135,0.99271406185697,0.99271406185697,0.9952585911190566,1.0,1.0008694428203295,1.0044982660447983,1.0089344880093198,1.0098766393918888,1.0062478161674202,1.004776710098793,1.005411191057113,1.0120150130399272,1.0171644851979647,1.0168727657828438,1.015099861674426,1.0114297180649385,1.0155253623188407,1.0170513528470115,1.016947333934482,1.010697333934482,1.0043404255319148,1.0,1.0,1.0,1.0,1.0,1.0,1.0,1.0,1.0,1.0,1.0,1.0,1.0,1.0,1.0,1.0,1.0,1.0,1.0,1.0,1.0,1.0,1.0,1.0,1.0,1.0,1.0,1.0,1.0,1.0,1.0,1.0,1.0,1.0,1.0,1.0,1.0,1.0,1.0,1.0,0.9992892679459843,0.9992892679459843,0.9992892679459843,1.0
394541,450,"DuBois, PA",msa,PA,,,,,,,,,,,,,,,,,,,,,,,,,0.9579971049104147,0.9453204471788336,0.9450233586464508,0.9459108992170884,0.962930263493513,0.9554097862478379,0.9581644590545325,0.9523835683212559,0.9535496409470161,0.9568033670845696,0.9675676241437277,0.9718329755726667,0.9687301417668451,0.9675102907053802,0.9709490804954677,0.982915393164768,0.9852053267765407,0.9939566002784394,0.9939566002784394,0.9905797101449275,0.9905797101449275,0.9861894479526875,0.9851145757097842,0.9755593812954348,0.9799496434876751,0.973778138918984,0.9833333333333334,0.9833333333333334,1.0,1.0,0.9961742459639852,0.9758712156609549,0.97101979055483,0.9562235706616082,0.9650756335541238,0.9610775011381248,0.962887227485883,0.9689601159461988,0.9693165911280236,0.9861288387095021,0.97863297119309,0.9819580948770582,0.9819580948770582,0.986905976180762,0.9834014865382269,0.9719717616779145,0.9717181086611038,0.982498038519506,0.989809524724334,0.9871889120140893,0.985081430454553,0.9891996691100372,0.9909208819714657,0.9813073838353071,0.9765751226841939,0.9849264386748827,0.9810220505777503,0.9822402555039638,0.9796677275088062,0.9855153628460398,0.9827401108948388,0.9805759600535251,0.9855795442829157,0.9918688524590165,0.9973333333333333,1.0,0.9917864476386037,0.9834060816389457,0.9785703304300079,0.9705237201897782,0.974042975078325,0.9570540028081277,0.9733141654097537,0.9749079563901719,0.9953437909804185
395205,451,"Warsaw, IN",msa,IN,,,,,,,,,,,,,,,,,,,,,,,,,,,,,,,,,,,,,,,,,,,,,,,,,,,,,,,,,,,,,,,,,,,,,,,,,,,,,,,,,,,,0.9769580722511808,0.9783372029147652,0.9848731506271835,0.9902782274316708,0.9960006880897537,0.9912112700417998,0.986361024429922,0.9794165799854776,0.9785835080735924,0.9849083492250855,0.9859592403684162,0.9805348062378533,0.983059522608484,0.9889530759095977,1.0,1.0
394986,452,"Plattsburgh, NY",msa,NY,,,,,,,,,,,,,,,,,,,,,,,,,,,,,,,,,,,,,,,,,,,,,,,,,,,,,,,,,,,,,,,,,,,,,,,,,,,,,,,,,,,,,,,,,,,,,,,,,0.9740977105577727,0.9656706999786818,0.9618058414596155
395126,453,"Statesboro, GA",msa,GA,0.9767324907243365,0.9628655432081,0.9680661984087551,0.9654152627097532,0.9696928835634925,0.9672631524364217,0.9777536694831591,0.9710164655334116,0.9697426480246852,0.964004321766347,0.9708381871037752,0.9698327248270416,0.968942948352626,0.9721048251656885,0.9735111462586756,0.9742515614928875,0.9733136714753465,0.9758087066897673,0.9777329795541628,0.9754860274867161,0.9732724093387656,0.9769299879801352,0.9786997774477025,0.97746237703454,0.9762719161966524,0.974845357859525,0.9760923026188225,0.976449087250762,0.9789959440579707,0.9836781401172111,0.9823552953178448,0.9821792690112942,0.9774847142188912,0.9809631392699122,0.9863751759947267,0.989486888017535,0.9910601441899769,0.9901406282133706,0.9961136093912698,0.9976909518325646,1.0,0.9983324068927182,0.9954306518076695,0.9935063413522495,0.9865159258015227,0.9894176808865712,0.987258658008658,0.9934835766423359,0.9934835766423357,0.9975669099756691,1.0,1.0,1.0,1.0,1.0,1.0,1.0,1.0,0.9881588743168243,0.9841339932337654,0.9841339932337654,0.9959751189169411,1.0,1.0,0.9957006229709573,0.9953537472482995,0.9933813606605284,0.9955060973416286,0.9871687689936679,0.9881520358979573,0.9870831178900575,0.9900648186727078,0.9910539383561895,0.9942974967120316,0.9942362040755616,0.9914525799327141,0.9872907434861952,0.9870480459041402,0.9852088948516622,0.9862833230434865,0.9843533086134721,0.9817875352730319,0.9848749435277263,0.9828783082105831,0.9841874601328221,0.9774185729619248,0.9835322210307761,0.9864250383594203,0.9867257420850993,0.9905452372698993,0.9876305716754912,0.9879271273245571,0.9793848195089515,0.9753673811959015,0.9740401451844297,0.9762456604999099,0.9774696734122142,0.9805825723075579,0.9831357855416977
394445,454,"Casper, WY",msa,WY,,,,,,,,,,,,,,,,,,,,,,,,,,,,,,,,,,,,,,,,,,,,,,,,,,,,,,,,,,,,,,,,,,,,,,,,,,,,,,,,,,,,,,,,,,,0.9867213804713805,0.9956374643874644,0.9967948717948718,0.9942859112213952,0.9929569893127611,0.9929569893127611,0.9899103943306823,0.9944444444444445,0.9944444444444445
395231,455,"Wilson, NC",msa,NC,0.9837731221498176,0.9942499235182162,0.9955424122837071,0.9925987440766963,0.9854407808425986,0.9846381011963583,0.9894579420112489,0.9966159052453468,0.9896174863387978,0.9835686435578558,0.9752373414872179,0.98561985514842,0.9896868612973746,0.9964383845370489,0.9939362159241399,0.9959180525561272,0.9954130502891062,0.9939480055667992,0.9904275312292042,0.9910823790574081,0.9951885391760062,0.9971130223190698,0.9940384510843461,0.9923466090559488,0.9906055590936395,0.9951100635981439,0.9936988980799134,0.9970359392367544,0.9970359392367544,1.0,1.000123502531802,1.0002823083123324,1.0002823083123322,1.0001588057805304,1.000123502531802,1.0002470050636039,1.0002470050636039,1.000123502531802,1.0002780094523214,1.0003613636241977,1.000639373076519,1.0005129476775554,1.0006862011525868,1.000919177903638,1.000936076503488,1.0006794688565803,1.0001684826532078,1.0001034162697962,1.000310339598028,1.0003616374332593,1.0002582211634632,1.000290786893286,1.0002394890580548,1.0002394890580548,1.0,0.9952038369304557,0.9952939513758011,0.9937932010006136,0.9933909803159754,0.980337902907667,0.9818386532828546,0.987037037037037,1.0,1.0,1.0,1.0,0.9951244547087503,0.9885463735770954,0.9885463735770954,0.9923103960821279,0.9941095046928748,0.994109504692875,0.9912878908025924,0.9911446532571514,0.9911446532571514,0.995077789933651,0.9977734520148857,0.9963142066532013,0.9938450708507321,0.991852209553146,0.9872508488542243,0.9819680466721974,0.9861874559548979,0.98919733511498,0.9917409397661427,0.9917409397661427,0.9921618398433237,0.9966680492517844,0.9929486700033555,0.9907475789523023,0.9860733587911534,0.9790992714637629,0.9770069992939497,0.9747424646789208,0.9793843071964471,0.9734869844201435,0.9764862118712111,0.977290484913779,0.9854813681046622
753881,456,"Glenwood Springs, CO",msa,CO,0.9764190262592282,0.9784937103102375,0.9878596207232683,0.9876441082362711,0.990320382039668,0.9865805244928508,0.9826541864184852,0.9752442991291201,0.9718151636772152,0.9744118943097667,0.9749882120825202,0.974378596255513,0.9734472008783843,0.9758297728223102,0.9796942727818866,0.9847659835313064,0.9853917254759396,0.9840087815190458,0.9809982228651281,0.9799313526906385,0.978292389519473,0.9769017118475127,0.9739256584498946,0.9743766967403386,0.9730006412856445,0.9778065456530718,0.9783622643592015,0.979148322942813,0.980388269060287,0.9829266219249835,0.9851805366839329,0.9821460809112925,0.9816324702281904,0.978573317062803,0.9776599482300337,0.9780056167377333,0.9779501166822332,0.9860191205776146,0.9896481277079922,0.9983249581239532,0.9983249581239532,0.9985152190051968,0.9966534207438221,0.9950581507750581,0.9951404072256819,0.9913999206336261,0.99299519060239,0.9917351447420636,0.9973374295954942,0.9973374295954942,1.0,1.0,0.9968798808615742,0.9900771597731387,0.9845404008697557,0.9780499990167805,0.9726964687157711,0.9661009028051915,0.9622906848216223,0.9659344867537355,0.9702344225028091,0.9766659141659512,0.979080575930403,0.9821914754334778,0.9851432823264474,0.9816425716920106,0.9762079064677763,0.9730558044029748,0.9748349741565491,0.9738800178314868,0.9695356004362883,0.969124354685706,0.9737768413596178,0.9789288670214907,0.9821226619857396,0.9820304196169641,0.9844418579143014,0.9831294309251705,0.982830982662652,0.9808150840244774,0.9781753180819591,0.9750743843942334,0.9700840390762341,0.9719301542251015,0.9756498733863048,0.982239818826789,0.9828852289000277,0.9820450514243362,0.975684360685182,0.970417101872448,0.9688976306816087,0.9700771251341523,0.9768846632898045,0.9737210525009332,0.9724665324003708,0.9672060243372415,0.9710146024178291,0.9739939759854379,0.9767425382744402
395085,457,"Seneca, SC",msa,SC,,,,,,,,,,,,0.9661656298083546,0.961735076021009,0.9594346834257701,0.962002337499435,0.966130463198949,0.9667619706133083,0.9654277837742108,0.9626840974105425,0.9638258624820729,0.9659553720608168,0.9697485506163961,0.9660867271174517,0.9629972802284913,0.9606817105862998,0.9656745336111895,0.9683020408551202,0.9669985292905036,0.9673366384152234,0.9716656371943005,0.9769074545869597,0.9803440813349654,0.9863957053932587,0.985405405440983,0.9850650130026005,0.978364845498413,0.980757967791298,0.9835710699107585,0.9882261836978543,0.9941013817357022,0.9979549462829084,1.0,1.0,1.0,0.9972968251888729,0.9972968251888729,0.9972968251888729,1.0,1.0,1.0,1.0,1.0,1.0,0.9940102485869077,0.9882959628726219,0.9816654817296623,0.978573948897519,0.974095714065531,0.9737817507640463,0.9716145073296586,0.9714576495332222,0.9721390459609651,0.9775651573378226,0.9808864232307336,0.980720354978502,0.9825962017609277,0.980735425321838,0.9797961205381395,0.9737426900584797,0.9733205919827501,0.9725589317345688,0.9722629214385584,0.975016166933798,0.9754182119892669,0.9783716611569702,0.9775982112610047,0.9771961662055357,0.9765065988197866,0.9732596624257503,0.9749172518171783,0.9760160469979011,0.9783116373287281,0.9750386281307687,0.9717155512076917,0.9743434561873544,0.9777492842883593,0.9814825685479592,0.9778160257182281,0.9771905245952145,0.9742834511618254,0.9756480100027001,0.9703560157172383,0.9716561338466247,0.9706108675061375,0.9729389579067681,0.9702048063073457,0.9720587262549869,0.9720375555129525,0.9743820866027512
394936,459,"Olean, NY",msa,NY,,,,,,,,,,,,,0.9274763069531359,0.9263585415022862,0.9453133121454114,0.9570427383088865,0.9495032826244639,0.9524418953749101,0.9539632484759575,0.9665056959069463,0.9614076203501551,0.9552715326822749,0.95087930561199,0.9552688079014233,0.9553456636803773,0.9491120362712265,0.9518140639325083,0.9547050177884371,0.9595523509340027,0.9539172699997988,0.9503400153227982,0.949509926935218,0.955429338627901,0.9619364744229021,0.9704020828885107,0.9681998919626519,0.9554405734407968,0.9501507896208091,0.9553491520180021,0.9789543022325944,0.9821338572908381,0.9904823638308485,0.9886902491355082,0.9902563526898986,0.9842986296354654,0.9860907443308059,0.9940422769455668,0.9874195854181558,0.9775993376302331,0.9643350575392361,0.9769154721210803,0.991694122087558,1.0159606487105695,1.0159606487105695,1.011334388915331,0.9992599479587275,0.9835381756862168,0.9677760883544627,0.9556751096058784,0.953935630161693,0.9649947446523438,0.9781679178255169,0.9956291695422129,1.0,1.0,0.9937017231134878,0.9937017231134878,0.9819370172311349,0.9788040280416254,0.9726454445158362,0.9699173967750007,0.9646427804980814,0.9632650913579802,0.9640021134263542,0.971890379320793,0.979426651986683,0.9853775437564248,0.9921951602149273,0.9854611534809204,0.9807427214242561,0.971163480488158,0.9704486976504704,0.9702721974390126,0.9710587402005668,0.9677548416002185,0.9733744607459484,0.9736201503734834,0.9725887881207523,0.9783640258477041,0.9869110343947128,0.9900940667397956,0.979123250097835,0.9692886698484949,0.9643359689199213,0.9574978085569744,0.9529892378011718,0.9510468587046427,0.964000970829021,0.968937253440365
394465,460,"Chillicothe, OH",msa,OH,,,,,,,,,,,,,,,,,,,,,,,,,,,,,,,,,,,,,,,,,,,,,,,,,,,,,,,,,,,,,,,,,,,,,,,,,,,,,,,,,,,,,,,,,,,,,,,,,0.9803093647060231,0.992424514200299,0.9977578475336323
395077,461,"Searcy, AR",msa,AR,,,,,,,,,,,,,,,,,,,,,,,,,,,,,,,,,,,,,,,,,,,,,,,,,,,,,,,,,,,0.983898389095415,0.9913333333333334,0.9913333333333334,1.0,1.0,1.0,0.998279607175722,0.9979323849534998,0.9979323849534998,0.9973433089556069,0.9835928666343047,0.9835928666343047,0.9781187987613743,0.9906291617175972,0.9860259871144225,0.9873992673992674,0.9851731019182152,0.9823520912942599,0.9887623477045163,0.9925758147728704,0.9956140350877193,0.9910993830730673,0.9804132113395306,0.9736880651407002,0.9746418068474542,0.9729599128282139,0.9753495793041657,0.9733659873544082,0.9811286854718029,0.9822310824879147,0.9812835319136921,0.9798824060425807,0.9794391795443081,0.9786848555645923,0.9758609397143606,0.9749142048226718,0.9758345038025215,0.9742152883516919,0.9740901632265668,0.9718817770443952,0.9723314018519499
394994,463,"Port Angeles, WA",msa,WA,0.984407201193742,0.9889463759687174,0.997323801012809,1.0,1.0,1.0,0.9955986407658427,0.9912439297603003,0.9858818230970785,0.9836219423366623,0.9830704484359999,0.9825846018828474,0.9814550794956735,0.9845209082399601,0.9896885893474906,0.9952897942342144,0.994906751592714,0.9930229211374549,0.9895155595794,0.9895652180232176,0.9911460364181952,0.9917307213662089,0.9902717231611629,0.9851780447100337,0.9902902788150989,0.993923037379746,0.9996660595021251,0.9973350571711227,0.9973350571711227,0.9976689976689976,1.0,1.0,1.0,1.0,1.0,1.0012269938650307,1.0012269938650307,1.0119652488985877,1.0225313057976542,1.0314364710095343,1.0234321095334002,1.0120562469211596,1.0066233039315018,1.0038894103740788,1.0035473329831097,1.0000751107608874,1.0028699301201238,1.0029622559994706,1.0050124498504844,1.0044957879619374,1.0043283513217034,1.0022781574706896,1.0,1.0,0.996421964355637,0.99466294940401,0.9847694943050754,0.9840556844558761,0.9780816916744954,0.9802293150811628,0.9791878272413918,0.985996535518105,0.9937423672103721,0.9990757005437055,0.9966944853542792,0.9966944853542792,0.9936636312595953,0.9969691459053162,0.9913669050089576,0.9930049778706778,0.9908247232645472,0.9915146834591514,0.9929074646921151,0.9950877192982457,1.0,1.0,0.9972865722865722,0.9945975286263602,0.9906932909016631,0.9902321154404877,0.9873369546439047,0.9858410941849983,0.9823042879636285,0.9845881623874201,0.9899882605710236,0.993825107248356,0.9971254372813593,0.9971254372813593,0.9948678440203865,0.9901387052571252,0.9863882790723314,0.9876250538610715,0.9923541926243327,0.98975541245992,0.9816387816387816,0.9778073640142605,0.9788205690294666,0.9908325810414786,0.9902947378668606
394350,464,"Auburn, NY",msa,NY,,,,,,,,,,,,,,,,,,,,,,,,,,,,,,,,,,,,,,,,,,,,,,,,,,,,,,,,,,,,,,,,,,,,,,,,,,0.986328331137842,0.986328331137842,0.9919626346453204,1.0014283507167854,1.001546858138093,1.0015890024313026,1.0002940384025258,0.9945968378433919,0.9853260443066182,0.9722690420429778,0.982691715031946,0.9824483078714733,0.9893224099298067,0.9728034241220294,0.9786147569773873,0.9847996773969582,0.9966136324546865,1.0001409693153567,1.0001389491010928,1.0,0.9894458578470345,0.9803437346814938,0.9685934944213589,0.9641408152919233,0.9691059319527527,0.9681375712589927
394699,465,"Huntsville, TX",msa,TX,,,,,,,,,,,,,,,,,,,,,,,,,,,,,,,,,,,,,,,,,,,,,,,,,,,,,,,,,,,,,,,,,,,,,,,,0.9474423025646287,0.9543107596763409,0.966660724896019,0.976755731971014,0.9719212024654319,0.9736177343477223,0.9656150346338519,0.9730937912845053,0.9628194622007715,0.9701587070683217,0.9662552779285853,0.9721813492976538,0.9675116125228423,0.9645325957418723,0.9594375835481515,0.9691627212039604,0.9720655144166658,0.977769275090184,0.9728016920968967,0.9722704652492163,0.9649277234018333,0.9647416866187816,0.9577439380448513,0.9576563159757815,0.9562671943122184,0.961189922934034,0.9710129947385534,0.9747793983493781
394738,466,"Keene, NH",msa,NH,,,,,,,,,,,,,,,,,,,,,,,,,,,,,,1.0079969219692062,1.0119867321980323,1.006132868866317,0.9936167356801994,0.9936167356801994,0.9935574645273516,1.0049571078431372,1.0076311564391105,1.0148134060222835,1.0168371018255888,1.0228210618876243,1.0285228469783692,1.0281458653147406,1.0243463876655916,1.0151388235799088,1.0085728353011765,1.0038153450117269,1.0001678981701934,1.0041380804981757,1.0105071156777334,1.0208025136582421,1.0270509078825885,1.0362510063738115,1.0350121782239161,1.024755767967506,1.0091075979781954,1.00002200440088,1.000034507242435,1.000012502841555,0.9928227560456812,0.9928102532041262,0.9930668608510341,1.0061784718896118,1.0145227470887452,1.0204103046060469,1.0230499591658258,1.0148168321271902,1.0097874941647644,1.0078399368552364,1.0077287886947384,1.0066139614929546,1.0,1.0,1.0005207482329874,1.0079281556403947,1.0189384399719132,1.0251094564213274,1.0191624384511033,1.008181526616247,1.0018847701082023,1.0004243806710191,1.0004896121153812,0.998634309688362,0.9932334767888303,0.993138872847806,0.9945991671004686,1.0000104662226452,1.0034111463586723,1.0034111463586723,1.0034006801360273,1.0,1.0000123757892565,1.0000123757892565,0.9953343573838881,0.9942704568838009,0.9891422517555958,0.9836467213877745,0.9846982460986052,0.9898264512268103,1.0
394674,467,"Heber, UT",msa,UT,0.9728972488528504,0.9724363336837863,0.9700653359225567,0.9729941196345728,0.9751453033535532,0.9764879686348373,0.9743540980333433,0.9691200878818744,0.9647387285005152,0.9604410981727801,0.962413952431514,0.9650352947456353,0.967993397906846,0.9688961064005405,0.971812363741666,0.9721299337677781,0.9743789294844403,0.9720295461827325,0.9721358233266897,0.9690466218104148,0.9688457884442588,0.9674973174973175,0.9690516539654471,0.9718514320861121,0.9755799562951855,0.9735205693220054,0.9658987211618791,0.9629049639778953,0.9657762061775047,0.9761754536691436,0.9806000014137156,0.983912334093333,0.9833696944711127,0.9835130492242711,0.9807767376760282,0.9806502966937148,0.9864587382820057,0.9941225860621327,1.0,1.0,1.0,0.9970760233918128,0.9953216374269006,0.9912775197798417,0.9892632247830907,0.9875544072847995,0.9915985249318583,0.9965367965367965,1.0,1.0,1.0,0.995878924954663,0.9892122582879964,0.9783614616472303,0.9716895259398791,0.9647804350307881,0.9605652780173654,0.9602004923181394,0.9590266518109655,0.9576350555106017,0.9562251297545935,0.9619657188285159,0.9707312115840502,0.9761046891876561,0.9755068321944501,0.9734097971812631,0.9685765503766449,0.9674307282068167,0.96479557799478,0.9650583635213618,0.9625059577431494,0.9628088656084568,0.9632604401776786,0.9654171374090673,0.9660935506518363,0.9692195474620435,0.9713203451800401,0.9714016301325695,0.9688235704292891,0.9643576559166457,0.964600417451147,0.9654153629011327,0.9686779645911825,0.9685736511333145,0.9682212555662705,0.9677175671561082,0.9703963020873504,0.9701545091392555,0.9718651817243026,0.9696893790443563,0.9708587247620857,0.9699370673565838,0.9705347442677118,0.9674553000917725,0.9656561792635001,0.9650664726737935,0.9697081354280842,0.9712611212947957,0.9718743969080713
395010,468,"Quincy, IL",msa,IL,,,,,,,,,,,,,,,,,,,,,,,,,,,,,,,,,,,,,,,,,,,,0.9831728736692417,0.98888557806913,0.9891867828884071,0.9843206028397452,0.9825662824300467,0.9905984109441031,0.9957982579930986,1.000529860839847,0.999457666415258,0.9991239994149245,0.9921937988414044,0.9920538720538721,0.9838795353449522,0.9844266733920902,0.9742837123414212,0.9735278503989834,0.9772126340149597,0.9885677162777498,0.9974979149291077,0.9986413043478262,0.9898213824602177,0.990017576299731,0.9882569861607894,0.997076908048398,0.9931677491410662,0.9858106529658381,0.9789864382878658,0.9715360222326256,0.9719113940979591,0.9735174330194253,0.9846808141424838,0.9947818242434939,1.0,1.0,0.9931881445511288,0.990558483886356,0.9878750633010336,0.9848249858110488,0.9830686815635409,0.973684300156088,0.9762937128962932,0.9784558082755864,0.9849618750069601,0.9895667046254721,0.9917905741584595,0.9902410298947885,0.9863817607112626,0.9827846384091043,0.9838718215486347,0.9844264003599186,0.975801454953985,0.9721637155907348,0.9682141357588021,0.9704294610987874,0.9751759909398062,0.9791785764765826
395062,469,"Sandusky, OH",msa,OH,0.9606298693543985,0.9625947883336449,0.9704513311934525,0.9783242673792625,0.9744765949334262,0.9640967803306043,0.9597026955175334,0.9675189533664827,0.9768760571347596,0.9758513388629094,0.9689575147349198,0.9650149061099554,0.9607651737514624,0.9691240756144652,0.9733071212530326,0.9844473127082175,0.9802383171904397,0.975916683929297,0.9690960788138788,0.9734913046540606,0.9728658905238521,0.9660093975370944,0.9592915078855903,0.9596353201329073,0.973593702852134,0.9720656280336466,0.9744599844742222,0.9779261452894787,0.9888058342788634,0.992342360829782,0.9906613724005564,0.9871156849652035,0.985656451348336,0.9820366566510946,0.981612678384368,0.9750550882504588,0.9792900907730316,0.9861357990405409,0.998234255444379,1.0,1.0002223704692017,1.0002223704692017,0.9978488504039579,0.9976264799347563,0.9976264799347563,1.0,0.9961551954893562,0.9870760774608217,0.9870760774608217,0.994942199800923,1.0098854088953422,1.0100907120632687,1.0060693942338113,0.999721861060119,1.0006196244577987,0.9916941005312508,0.9827546922268088,0.9787709672249884,0.9876964911515363,0.9909870498050982,0.992445721382432,0.992445721382432,0.998132759495762,0.9995547463546423,0.9995547463546423,1.0,1.0,0.9944351697273234,0.9944351697273234,0.9986456960431128,1.0042105263157894,0.9995543199078399,0.9885410725036151,0.9885410725036151,0.9885995777621392,0.9948068480943523,0.9970280852889936,1.001625786438419,0.9934493073700801,0.9862341691142859,0.9859196507989548,0.9915936871910503,0.9880670303968113,0.9801467792751309,0.9832446727075969,0.9917652305629886,1.0,1.0,0.9951695680474671,0.9951695680474671,0.9887045290781362,0.9849339429509779,0.9749262447215706,0.9696953772581532,0.9724387975216476,0.9747326158034829,0.9846455379450955,0.9886656078527944,0.9919033756235146
394593,470,"Findlay, OH",msa,OH,0.9804111915827991,0.9763297709515889,0.9774184175531895,0.9797953938431974,0.9838988096213942,0.9818044400053529,0.97552986160693,0.976055997157094,0.9784122196072572,0.9778617951647325,0.9747460034737303,0.9735898595686701,0.9770979975400933,0.9793700592746887,0.9803729492144648,0.9831253105087909,0.9856486121548907,0.9829464093964969,0.9802414100421158,0.9787546564414721,0.9788687452926669,0.9782218732769349,0.9748929327723087,0.975579463929274,0.9797230003112357,0.9856489262371616,0.9879318744456359,0.9874434739572354,0.9888315523232213,0.990879272103755,0.9892023831730675,0.9870324118029664,0.9830946358004095,0.980997972012371,0.9796378907724942,0.9832474244985961,0.9906839808803256,0.9961592884576511,1.0001588057805304,1.0001588057805304,1.0001588057805304,1.0,1.0,0.9926478148565295,0.9890582974937243,0.9834241707833643,0.9886917196958572,0.9922812370586623,0.9979153637690223,1.0,1.0,1.0002451340883463,0.9990064903236489,0.9990064903236489,0.9915036184294364,0.9901759662146642,0.987001363040061,0.9879517792831822,0.9896784447000995,0.9924653608156966,0.9943736683143557,0.9952688729571572,0.9956565600161631,1.000055574080249,1.0,1.0,0.9949968730456535,0.9940709471197277,0.9869215557150609,0.9833506693560577,0.9786586177538937,0.9769455189075075,0.9794502419308411,0.985068219458931,0.9939307097099839,1.0,1.0,0.9956858243144149,0.9956858243144149,0.9956858243144149,1.0,1.0,0.9834354760399776,0.9757592722716595,0.9646400413997479,0.9789472634456392,0.9866234672139574,0.9966398534050117,0.9935336705036032,0.9912604265845307,0.9869235713867605,0.9843532859366914,0.9835112650582559,0.9830735509990162,0.9849686417047717,0.9880839065022794,0.983746602908356,0.9897852824682093,0.9897852824682093
394614,471,"Frankfort, KY",msa,KY,,,,,,,,,,,,,,,,,,,,,,,,,,,,0.9965803195151578,0.9973331626557433,0.9973331626557433,0.9973331626557433,0.9966457198715263,0.9931129502437077,0.9862340391152324,0.9819737478191674,0.9828786621811682,0.9834926265596607,0.9911071979841996,0.9937350532500172,1.0,1.0,1.0,0.998908694070571,0.998908694070571,0.9933531385150155,0.9914742074316543,0.9866735159312275,0.9864074507729729,0.984224813988868,0.9890255054892947,0.9948471262031049,1.0,1.0,1.0,1.0,0.9978245105148659,0.9857586651595763,0.9761173167075725,0.9620782311897477,0.9663145854619576,0.9662471960498836,0.9783894729854793,0.9862189640685589,0.9937943685993034,0.9967123765550854,0.9915027713454801,0.9875754986182074,0.9860087002944146,0.9835362747758968,0.9826835208479722,0.9744756475347124,0.9758780087566287,0.9812692987299387,0.9869160808844665,0.9891113959687342,0.9890648385329746,0.9929893207156901,0.9915546092737356,0.9880139659632713,0.9840293819870419,0.9820224880528979,0.981999072828556,0.9808598727346943,0.9788347341564184,0.9751703049716524,0.9734399547118904,0.9807046855546226,0.9836663833141953,0.9857995108804302,0.9848801337195185,0.9862249859707695,0.9844116568965022,0.9781016292711251,0.9751342764405667,0.9744481463402281,0.9763652787175056,0.9754095881376793,0.9808869762934957,0.9807185139480175
394516,472,"Danville, IL",msa,IL,,,,,,,,,,,,,,,,,,,,,,0.9113358187257768,0.9145370992379819,0.9295468458266759,0.9450414872565757,0.9458320444677297,0.9557964980854341,0.9477730564614052,0.949905578226773,0.9541370181153069,0.9655755923679515,0.9650799986513978,0.9632045888942146,0.9470070441992605,0.9402939366443975,0.9294111551805022,0.9440152697105976,0.9487011033310155,0.9634151442956777,0.9719498632272856,0.9783205452047284,0.9760563541091191,0.9782452329739785,0.977833405036289,0.9767713421267796,0.9625479233492884,0.9572687876353699,0.9568653152902957,0.9662782707558827,0.9788037832813953,0.9923076923076923,0.9959115561118065,0.9919899874843555,0.989485813861651,0.9842355880338163,0.9795642179281416,0.9676539771364316,0.9655624357044172,0.957277737306741,0.9600171457645198,0.9595673450325507,0.9708427412669939,0.9745911723383562,0.980419560160075,0.9828563067950489,0.9886597394297914,0.9947113634880846,0.9970430611958282,0.993941543049285,0.9844177335254755,0.9727708324476239,0.9692648011052757,0.9689904563773375,0.9673938790385049,0.9682350244268424,0.9766950839698306,0.9907723589401557,0.990132771662085,0.9897531312355158,0.9897531312355158,0.9882822648646714,0.9812041249620868,0.9704738184681743,0.9593872622000053,0.9612288871463118,0.9631953339602717,0.9842818902284408,0.9912361403200475,1.0,1.0,0.9907407407407408,0.9785083248386002,0.9710667030782716,0.9744523645915678,0.982262072226414,0.9826861501270933,0.9800391900176647,0.9785694233008653,0.9788423365709434
394298,473,"Aberdeen, WA",msa,WA,0.979395721127602,0.9793205675031658,0.9870043204098486,0.9915233542391354,0.9952751371782375,0.9903024632528101,0.9888755962233905,0.9872177364412904,0.9882378411967573,0.9842549839861562,0.9821411673117114,0.9768946275295679,0.9823026825096074,0.9847779825369493,0.9933999464332626,0.9915051631836259,0.9935934877599887,0.9932498225027041,0.9969627875705225,0.9944819228565196,0.9946920011155794,0.9872478323810882,0.9873981842587415,0.9837799119837528,0.9909775323947727,0.9954244473475242,0.9961400822095006,0.9949578923551172,0.9949578923551172,0.9975182607691441,0.998946998946999,0.998946998946999,1.0,1.0,1.0,1.0,1.0,1.0,1.001961575710147,1.0061141766562254,1.0074802968748047,1.0055187211646577,1.0013661202185793,1.0,1.0,1.0,1.0,1.0,1.0,1.0,1.0,1.0,1.0,1.0,0.9930137215528783,0.9833298006036088,0.9775627879161809,0.9759530778246207,0.9736790601600765,0.9701310388708589,0.975601579380867,0.9799190373389886,0.9884636552909806,0.9881592445919205,0.9927694222173097,0.9908956598886757,0.986304128242078,0.9855321499035599,0.9760428971718031,0.9794355709848851,0.9775881348395821,0.988294014175875,0.9919520314045241,0.9944831551209427,0.9959107068696936,0.9959564010633768,0.9990749948610826,0.9990749948610826,0.9968019785092955,0.9929260095170475,0.9908812576318473,0.9883278412630868,0.9878032235104356,0.9897380369611591,0.9954894748206239,0.9992539248015072,0.9993638632359838,0.9958474330189352,0.9964835697829514,0.9901378091235439,0.9863509801457547,0.9797329225374517,0.9804638431789882,0.980670850528324,0.9758745585129542,0.9774489944904214,0.9799391229303032,0.9909104094909127,0.9933916539873776
395106,475,"Somerset, PA",msa,PA,,,,,,,,,,,,,,,,,,,,,,,,,,,,0.9426900340278573,0.946339124614747,0.9597503221257818,0.961886526517818,0.9686958100849546,0.9657263062872965,0.9648493289903536,0.9554408401215325,0.9619248448938397,0.9748500149618669,0.98225130812784,0.981110964507191,0.981110964507191,0.9908079342041606,1.0,0.9947916666666666,0.9877055744495767,0.9800865268305291,0.9852948601638624,0.9828571428571428,0.9904761904761905,0.979258970527729,0.9817183719056377,0.9817183719056378,0.9929355918540992,1.0,0.9933333333333333,0.9863653251701674,0.97863478574412,0.9815977487070828,0.9813514279167895,0.9890819673428369,0.9865964579607759,0.9794567199285892,0.9794567199285892,0.9799316473000683,0.9942857142857143,0.9842522694696608,0.9826497330811321,0.9804275108589099,0.9833581825107377,0.986645975584523,0.9888681978067453,0.9861670494023436,0.9795294117647059,0.9726577065712251,0.9824616281398525,0.9879199614731858,0.9947916666666666,0.9947916666666666,0.991747936984246,0.9859809242968182,0.9818656979593695,0.9901177609751235,0.9869958847736626,0.9759595959595959,0.9695800106326423,0.9686774989255328,0.9755900414360653,0.973034918859239,0.9744581186184172,0.9811467036625006,0.9866626081474773,0.982230590643686,0.972397742642103,0.9662478922309224,0.9689383077279606,0.9710622840671838,0.9806309378971677,0.9790167705859361,0.9797046012737667,0.9758363873215191
753893,477,"Jefferson, GA",msa,GA,0.9863538059921576,0.9927030123413639,0.9968253968253968,0.9944011544011544,0.9922528787589028,0.9922528787589028,0.9910637517161173,0.992765513704308,0.9864956724344668,0.9864786055082222,0.9869771618372765,0.9878007432427185,0.991431179635991,0.9907891639372242,0.9933781328306018,0.990347712187202,0.9940926782353648,0.9902747810228897,0.9927049615702512,0.9877592763133011,0.9893473087960425,0.9869445458890779,0.9892359853114913,0.9926310936349195,0.993716923665105,0.9949947815111866,0.9966868288885132,0.996826224083553,0.996920138888889,0.996920138888889,0.9986979166666666,1.0,1.0,0.9977832697876131,0.9977832697876131,0.9977832697876131,1.0026455026455026,1.0045560717511937,1.0059160571473236,1.0041209444446582,1.0054227714085062,1.005022736743861,1.0041723468010235,1.0009599507314846,1.0,1.0,1.0,1.0,1.0042767941151312,1.0087516559208696,1.0148252536343387,1.011104942546475,1.006630080740737,1.0005564830272677,1.0,0.996415770609319,0.991365265558814,0.9848139404570849,0.9833633005262512,0.9884138055767563,0.9949651306784854,1.0,1.0,1.0,0.9984917043740573,0.9981166574931972,0.9946802313763587,0.9961885270023014,0.9956579551242098,0.9953906775373446,0.9953906775373446,0.9951267056530214,0.9957878094111862,0.9957878094111862,0.9969574000544611,0.9986197377501725,0.9975086266390614,0.9975086266390614,0.9940324388823933,0.9895161057791038,0.9895161057791038,0.9908600237858374,0.9919465655227108,0.9895570792622568,0.9930696112620186,0.9958183990442055,0.9982078853046595,0.9956946781445836,0.9958197094023981,0.9954249837900399,0.9950145206091179,0.9919537032144122,0.9916060383293687,0.9924398445115369,0.989220829927609,0.9836140140758043,0.9813497418050258,0.9892966572211854,0.9919421598666882
394736,478,"Kapaa, HI",msa,HI,0.9659586164721349,0.9720118567981384,0.9759262125800663,0.9792279147941659,0.9749966142045089,0.9730586181179172,0.9722973558474601,0.9722465093432758,0.9675034191525304,0.9709026393342253,0.9690195500847958,0.9757230464018308,0.9703320300550673,0.9733799044276069,0.9703625226030027,0.971904610730268,0.9717351868792746,0.976225020078071,0.9781647379038111,0.9790333488990043,0.9776643206750797,0.978445883178548,0.974795666969395,0.9766706552310521,0.9767895816547215,0.9804635519092271,0.9664925306200417,0.9596266403907435,0.9581935896707631,0.9674947236813657,0.9719080933693807,0.9740116002425839,0.9759738151433462,0.9807047721617691,0.9766420876878316,0.9757084738156702,0.9754631556499311,0.9794573930510567,0.9840558617902562,0.9840024771682425,0.9860807415640251,0.9901402814828343,0.9951338199513383,1.0,1.0,0.9968637992831542,0.9968637992831542,0.9968637992831542,1.0,1.0,1.0,1.0,1.0,1.0,1.0,1.0,1.0,0.9933237958989031,0.9884579376289034,0.9794489286198944,0.9800089247699209,0.9762127161432654,0.9768359809174737,0.9734040522443447,0.9820661191409998,0.9825288299858742,0.9840769666100736,0.9840769666100736,0.9838715175352343,0.9834857733004334,0.9751000290656325,0.9774055432491431,0.9753764935966959,0.9760155325920238,0.9747651426424774,0.9786435057417621,0.975710836592183,0.9780644308111857,0.9731559402829829,0.972816093343535,0.9667831691832913,0.9733815638435607,0.9736480970000173,0.9718484839168302,0.9667271936587273,0.9665479821891932,0.9688304576654888,0.9664799442250861,0.9631056922214557,0.9624098098938672,0.9613278052398945,0.9618114746010379,0.9621994764651299,0.9681034079489592,0.9691427977500426,0.9657344900064597,0.9620935001401204,0.962621028056101,0.9661578029343391
394955,479,"Palatka, FL",msa,FL,,,,,,,,,,,,,,,,,,,,,,,,,,,,,,,,,,,,,,,,,,,,,,,,,,,,,,,,,,,,,,,,,,,,,,,,,,,,,,,,,,,,,,,,,,,,,,,,0.9583346945183605,0.9628852128947365,0.961413639661663,0.9523430365739824
394683,481,"Hobbs, NM",msa,NM,,,,,,,,,,,,,,,,,,,,,,,,,,,,,,,,,,,,,,,,,,,,,,,,,,,,,,,,,,,,,,,,,,,,,,,,,,0.9250889154770295,0.9492233612923268,0.9667205459770115,0.9759384230719835,0.9840867191513141,0.9726601211823774,0.9731862357279487,0.9640261640678771,0.9640475369324607,0.9613859977232071,0.9645486892134644,0.96566393684034,0.9684454299872817,0.9720386340332062,0.9761389202205394,0.9691101445229325,0.9709326329683604,0.9699483268387548,0.9754377210213642,0.9748576299954591,0.9731774607485422,0.9720637054288696,0.9752540590431674,0.9752694531318374,0.9847253110549428,0.99064039408867
395088,482,"Shawnee, OK",msa,OK,,,0.9799902974273248,0.9766401801944081,0.9724036168104204,0.9701979955980323,0.9712861472784007,0.9734063085459864,0.9747209072443354,0.9746284265596382,0.9696442215754332,0.967293922898234,0.9645718801536661,0.9709916593675629,0.9732684890586795,0.977640957348933,0.9789475517386079,0.978662320054716,0.9799463770312632,0.9797181073724959,0.9807305684316859,0.9751862858768109,0.9694144342787894,0.9656245971068299,0.967917406422741,0.9718496110618485,0.9781769317410648,0.9788186449393813,0.9816075964008991,0.9799981390834865,0.983264549315841,0.9809918220431139,0.9830423768438988,0.9831277346691946,0.9874590670020277,0.9853511327775677,0.9885353124323356,0.9925373134328358,1.0,0.9991063449508489,0.9991063449508489,0.9991063449508489,1.0,0.9912280701754387,0.9902756892230578,0.9821874539289399,0.9852697624076118,0.9796861956475743,0.9848048689520854,0.9873864871899721,0.9932530908595524,0.9962226528491588,0.999330655957162,0.9957008350433588,0.9870750768474,0.9846382421673949,0.9889374071240361,0.9931187208755504,0.9905064599483205,0.9879053326678703,0.9862891710517089,0.9826195119815004,0.9819526654057413,0.9880132714663473,0.9967320261437909,0.9912609238451936,0.9824425816935181,0.9726201532820639,0.9797719278495688,0.9790664604774347,0.9854611495073033,0.9854686722636411,0.9868277675524489,0.9902555069340346,0.9833131409328645,0.9839188488448399,0.9747445369182345,0.9770504317010668,0.9777060501960269,0.9859709956479431,0.9843481835172706,0.9805011477870731,0.97502853924839,0.9733437919045541,0.9765686114340735,0.9769982054950651,0.9815136677734656,0.9826995987958703,0.9868862351926303,0.9818316893562784,0.9820936175022177,0.9731066738857956,0.9773892201467475,0.9788114715248386,0.9762308263635483,0.9716343540769846,0.9653008365702829,0.9700688975785633,0.9773072310052768
786258,483,"Fort Payne, AL",msa,AL,,,,,,,,,,,,,,,,,,,,,,,,,,,,,,,,,,,,,,0.990385277634611,0.9825945152528637,0.9849027198849845,0.9919523531135259,0.9906522064043642,0.9871543975423824,0.9871543975423825,0.9870163479972621,0.9907710413639705,0.9804147134720976,0.9841791912338103,0.9841791912338101,0.9945355191256832,1.0,1.0,0.991542772861357,0.9858864436239861,0.9780739436239863,0.9821323868822084,0.9812427014873112,0.975896063853261,0.9680056222406838,0.9645516368729519,0.962678769551396,0.96521133553768,0.9686783468615078,0.9780197252435431,0.9826564714852598,0.9738999334290203,0.9706177493214323,0.9613835956007835,0.9608205087942064,0.9602417572283198,0.969021688205047,0.9794411279997862,0.9835686569480168,0.9795096856712459,0.9731781535331425,0.9706866195496356,0.9706021218961515,0.9766972705499485,0.9755473909151945,0.9740204751758851,0.9682865236325112,0.9675480489809597,0.9709106957123206,0.9767872366931316,0.9746239671900905,0.9772602522006366,0.9681750791660222,0.971236501322923,0.958584998536904,0.9590127421995166,0.9576261134534656,0.967394588744034,0.9677621652477987,0.9708633648357842,0.9746572030083912,0.9833039556405359,0.9858655240837396,0.9823058607031347,0.9788749106506547
394884,484,"Mount Airy, NC",msa,NC,,,,,,,,,,,,,,,,,,,,,,,,,,,,,,,,,,,,,,,,,,,,,,,,,,,,,,,,,,,,,,,,,,,,,,,,,,,,,,,,,,,,,,,,,,,,,,,,0.9534798981285261,0.9582762454825958,0.9652499604792905,0.9678392568296528
394647,486,"Greeneville, TN",msa,TN,0.9562768288181659,0.9648553281712671,0.9688835790953944,0.972594827549606,0.9701702535480047,0.970524447403775,0.9669272177710395,0.9588821213654724,0.9605168099410508,0.9607262288750027,0.9698567925628354,0.9709815798039454,0.9729242853077417,0.9710947285074321,0.9725233078287069,0.9697889332828568,0.9684484519558695,0.9711736860977788,0.9748633534934766,0.9763157263762321,0.9731269734934931,0.9724299265277434,0.9711282949645863,0.9692544417228103,0.9673636849325938,0.9661587936402142,0.9642040155624318,0.9675124742504604,0.9704586636745277,0.9751930097128977,0.97884013258544,0.9795586210561584,0.9855397164305794,0.9834026369671566,0.9856451305153019,0.9838495058324037,0.9882486224532231,0.9889291862865518,0.9921713342095507,0.9926891346322626,0.993050614242005,0.987120295487372,0.9816683304565091,0.9827034070932775,0.9818281691108347,0.9817859151732501,0.9823144780890223,0.9795962253022886,0.986845754082918,0.9904761904761905,1.0,0.9943722943722944,0.9915935903598457,0.9842343091443174,0.9851001100101183,0.9859294962837754,0.9838643900844858,0.977355057690374,0.9660990933163202,0.9683670356817556,0.9668177600172595,0.9686594057664683,0.968148594360226,0.9766123898338908,0.9841801911763332,0.9834772672725013,0.9803444124051474,0.9735139729165375,0.9741297501448783,0.975325602270539,0.9739036840092585,0.9663448588135685,0.9618391297464964,0.9703785505877561,0.9776061206095145,0.9785124659061477,0.9754494963244716,0.9769338343654662,0.9764102715577799,0.9747970730328804,0.9712534657607014,0.965409969825742,0.9638393384438687,0.9616950404871026,0.9710289705443719,0.9759849563575291,0.9813911926666531,0.9789204610957288,0.9746957681850409,0.9662920024699716,0.9602061163846538,0.9588651341400061,0.9650678590507255,0.9684879099544825,0.96748970274958,0.9633964006631452,0.9674749839207349,0.967457426210745,0.9675628628605671
394655,488,"Greenwood, SC",msa,SC,,,,,,,,,,,,0.9765442004484656,0.981861686260651,0.982498828357428,0.983391272407209,0.9825612835355325,0.9813807459368723,0.9808656474478994,0.9751583547402777,0.9704533328947876,0.9685666023909824,0.9690985475875858,0.9666525377215045,0.9660962001571423,0.9716469910852917,0.9801574659322457,0.9823790139078379,0.9861668926957167,0.9853692016855167,0.987994482323075,0.9869528156564084,0.9868805129555884,0.9826322653465157,0.9774108839964809,0.9749428304042916,0.980175154970989,0.9812186977681852,0.9884301604459026,0.9851746674821881,0.9903941727016933,0.9925723813854782,1.0,0.9933184855233853,0.9926660279331286,0.9886707790399205,0.9941917525009218,0.9845877998347682,0.9820471010155579,0.9755589723095616,0.9858153825659718,0.9923513302783901,1.0,0.9958222559817699,0.9896207055941729,0.9896207055941729,0.9898768809849522,0.9876128229069406,0.9799499876578984,0.9711064471549201,0.9701823842590264,0.966416648079497,0.9733266971709403,0.9742152994474321,0.9758663856529016,0.9776919889738105,0.97867426106634,0.9833235411612367,0.9829419003792003,0.9904606973716815,0.9892148363384878,0.9884546690111989,0.9829326479962202,0.9776132575790538,0.9741575238081109,0.9727158020080214,0.9775443306815822,0.9861713292799276,0.9835215739588373,0.9848077013059614,0.9819048839189298,0.9839513691013883,0.9795272047196789,0.9719929469526543,0.971931558841096,0.975650055395409,0.9817378498535804,0.9893662509188387,0.9896052742342798,0.9908825004882472,0.9831305625037511,0.9825093409069198,0.963717596065683,0.9686801337712391,0.9691015077759734,0.97820613640522,0.976566536615778,0.9737503406045711,0.980730823698186,0.9760094969691826
394764,489,"Lake City, FL",msa,FL,,,,,,,,,,,,,,,,,,,,,,,,,,,,,,,,,,,,,,,,,,,,,,,,,,,,,,,,,,,,,,,,,,,,,,,,,,,,,,,,0.9696486187969722,0.9737294454512778,0.9721516755231017,0.9682693198122312,0.9698891016746193,0.9704651687078741,0.975919070214203,0.9747232645028531,0.9789664042746419,0.9772687989657062,0.9714997863922014,0.9663667869755473,0.9696907638940253,0.9675354668339088,0.9658574900616896,0.9640199494122567,0.9708325194918098,0.9754168343995042,0.9775598731558154,0.975864655256904
394752,490,"Klamath Falls, OR",msa,OR,,,,,,,,,,,,,,,,,,,,,,,,,,,0.9847542114048132,0.9843014637691189,0.9875813664716501,0.9927047179068712,0.9951498214017183,0.9954172214611477,0.9938606881068616,0.9938606881068616,0.9952114045901223,0.9919107950872657,0.9919107950872657,0.9951428571428571,1.0,1.0,1.0,1.0,1.0,0.9995436890712807,0.9956541585325213,0.9956541585325213,0.9943673237180949,0.9967113643628541,0.991209823597901,0.9929529693410467,0.9944984592350469,1.0,1.0,0.9961239407894027,0.9903768143526209,0.9837088138190743,0.9784345462322861,0.9820939899968338,0.9720395825036249,0.9698386967704605,0.9648841259215676,0.9738181101235909,0.9805821666908381,0.9853606963862714,0.993149120211004,0.9942089393136365,0.9919064530936677,0.9829184937721136,0.9797072685448898,0.9684004627175359,0.9719239411647731,0.970910565268171,0.978653499840374,0.9803351018633982,0.9832553635876465,0.9855657488370984,0.9893486276883908,0.9896296252296622,0.9875502000641939,0.9875502000641939,0.9833609016926775,0.984639594157931,0.9783895941579311,0.9782942298829619,0.977251823385496,0.9801673402303851,0.9868581709254237,0.9886598457722505,0.987567309510597,0.9841419829916459,0.9830032737143867,0.9821392878401457,0.9784049963224063,0.9771698638585242,0.9739372297730083,0.9755292762179114,0.9788132831101818,0.9834928079586013,0.9857404093464951
394877,491,"Morehead City, NC",msa,NC,0.9560984999981837,0.9572499027129132,0.9626445915262142,0.9660235249934658,0.9666969784945155,0.9672578968563341,0.9695545242262374,0.9703798095275671,0.9689170863209062,0.9602901786235357,0.9602927662134545,0.9580632567305928,0.9607724319885859,0.96206474832515,0.9701535499149999,0.974052092829477,0.9720467815757278,0.9688285302741085,0.9677857209727244,0.9691001242184928,0.965893495777025,0.9607857495322762,0.9591745843164362,0.9595795490228088,0.9634245056874556,0.9663317708208163,0.9662711147203558,0.9684506304216449,0.9685643384751912,0.9745502868850083,0.9779042452329728,0.9787884764982775,0.976849275536086,0.9777517843887716,0.9806599313558695,0.9827189374605384,0.9850211563680191,0.9879372516376397,0.9942265598137402,0.9979035639412999,1.0,1.0,0.9964539007092199,0.9964539007092199,0.9964539007092199,1.0,1.0,1.0,1.0,1.0,1.0,1.0,1.0,1.0,0.9959794589178358,0.9889087518471286,0.9755754185137953,0.9711282013962754,0.9658532294546368,0.9677416414718042,0.9666855901476789,0.9742625519449554,0.9825321337560663,0.9886718485252226,0.990978797416005,0.986869754636678,0.9871664348225228,0.9843090542106392,0.988225044386683,0.9838636693837968,0.9829197703032655,0.9809548290782706,0.97896626931417,0.9762889289199695,0.9764879178630927,0.9767859833098823,0.9779753002015782,0.9741276086636447,0.9707099417803424,0.9701683151250046,0.9705500466146226,0.9730059872859206,0.9705456187131244,0.968399560834515,0.9715921080685129,0.9738795663502441,0.9782229764949558,0.974793086881571,0.971562788914431,0.9685428906746049,0.9685266039797441,0.9716018207573202,0.969787297432196,0.9691156431384123,0.9663263898432994,0.9674010081491566,0.9700190127445752,0.9728819471478518,0.9716980066396491
394472,492,"Clearlake, CA",msa,CA,,,,,,,,,,,,,,,,,,,,,,,,,,,,,,,,,,,,,,,,,,,,,,,,,,,,,,,,,,,,,,,,,,,,,,,,,,,,,,,,,,,,,,,,,,,,,,,,0.9811300766475338,0.9829646580218663,0.9839078762825718,0.9795346243120658
394305,493,"Alamogordo, NM",msa,NM,,,,,,,,,,,,,,,,,,,,,,,,,,,,,,,,,,,,,,,,,,,,,,,,,,,,,,,,,,,,,,,,,,,,,,,,,,,,,,,,,,,,,,,1.0023227719794892,0.99860529986053,0.9966583124477862,0.9902480560375296,0.9844571254187944,0.9812697571020405,0.9843332932981067,0.9841826694121737,0.9852292691407906,0.9848520193909351,0.9861750605486579,0.9916575166890088,0.99266039821768
395027,494,"Roanoke Rapids, NC",msa,NC,,,,,,,,,,,,,,,,,,,,,,,,,,,,,,,,,,,,,,,,,,,,,,,,,,,,,,,,,,,,,,,,,,,,,,,,,,,,,,,,,,,,,,,,,,,,,,,,,,,0.9653423766063857
394587,495,"Farmington, MO",msa,MO,0.9625404784622765,0.9648761002331024,0.9728081352874097,0.9804116631850551,0.9797414793181596,0.9767141244914058,0.9751477084513055,0.972980813031315,0.9700677804920868,0.96957856947656,0.9718476402643558,0.9707201258824875,0.9713193096634276,0.9755077587547895,0.9778733991424039,0.9753724268224161,0.9740265053862344,0.9744716498869878,0.9727064404774076,0.9737190285566566,0.9729114429525826,0.9770958122050984,0.9675214314851236,0.972052379822518,0.97137226448395,0.9781403930483394,0.9721096208647525,0.975174610690081,0.9787208120586529,0.9817628785153535,0.9807854127775667,0.979857640236927,0.9796898766545293,0.9857731046096756,0.9885659901312374,0.9965024980677453,0.988169164734412,0.9916666666666667,0.9916666666666667,1.0,1.0,0.9982620293706014,0.9982620293706014,0.9982620293706014,0.9920734251147266,0.9920734251147266,0.9920734251147266,0.9924747733880622,0.9924747733880622,0.9913249516104378,0.9988501782223755,0.9988501782223755,0.9991662034463591,0.9991662034463591,0.9929933639401862,0.9886250796614942,0.9790115815253357,0.969991821377517,0.9647272128813721,0.9706163162316833,0.9778724079491669,0.9871405706307842,0.989636895241193,0.9939766047879649,0.9951751314348254,0.9964032016102639,0.9922526233205845,0.9869131877751993,0.9821512830132946,0.9826443180791687,0.9771073339597139,0.9812025720549519,0.979982337397307,0.9908587570621469,0.9915254237288136,0.9975214804346496,0.995749182956328,0.9843585778764026,0.9800417867248735,0.9763936717230259,0.9818933603738026,0.9867267326955477,0.985921986609101,0.9820039791115365,0.9839659175066707,0.9901910760732866,0.9951642487910622,0.9888749406149616,0.9846552632086909,0.9819792773284268,0.9882685855045276,0.9869449318342918,0.9868373725110938,0.9787072912102808,0.9765583145944795,0.9702144499848947,0.9783445312857078,0.9808087877791692,0.9922007221467976
394897,496,"Muskogee, OK",msa,OK,,,,,,,,,,,,,0.9657241130566337,0.9619071261098981,0.9859400162141201,0.9810050928228208,0.9841699085920935,0.9805084606634451,0.9840866922359708,0.9829023803888776,0.9879660118411487,0.9900122377056921,0.9939127821189725,0.9939127821189725,0.989337367871533,0.9784926814076611,0.9736153568646224,0.9790997886648437,0.9871377931601524,0.9920151177031911,0.9872850016523204,0.9898951705583837,0.9898951705583837,0.9903436380875502,0.9907939463428984,0.9869916649740772,0.9893713591255149,0.9915930615582095,0.9953953429270307,1.0,1.0,1.0,1.0,1.0,0.9947517649400535,0.9947517649400535,0.9947517649400535,0.9874169040835707,0.9874169040835707,0.9844839707181968,0.9970670666346261,0.9970670666346261,0.9976190476190476,0.9976190476190476,0.9903388824339414,0.987703112406867,0.9777528636506481,0.9802643116206852,0.9773544591434385,0.9755676186977796,0.978743627565935,0.9816280296221808,0.9900094141260721,0.9907683259193449,0.9886879916258654,0.9913767332291433,0.992210529782784,0.9909526709056333,0.9822152452856084,0.9699884946372203,0.9761465396448341,0.9767155307082769,0.9889422813566652,0.9880353094194163,0.9968707070707071,0.9865347897580455,0.9848587477849162,0.9793201471293268,0.9766601684091566,0.9772983075443831,0.9730329866313451,0.975856375508611,0.9760438891968479,0.9748680544946958,0.9791102428956288,0.9741059215158758,0.9773079000088775,0.9761835450421703,0.9849770723104058,0.987132360128344,0.987337243812315,0.9791419757679903,0.9732106239683324,0.9715848212477592,0.9671042323874922,0.9786580741469894,0.9765961185522576,0.9869655727459522,0.984728436280628
394826,497,"Marion, IN",msa,IN,,,,,,,,,,,,,,,,,,,,,,,,,,,,,,,,,,,,,,,,,,,,,,,,,,,,,,,,,,,,,,,,,,,,,,,,,,,,,,,,,,,,,0.9884394152939482,0.997855611150822,1.0,1.0,1.0,0.9965606794412859,0.9965606794412859,0.9965606794412859,0.9925723813854782,0.9925723813854782,0.9766993655124624,0.967032967032967,0.9588622149902789,0.9747352308632949,0.9866212852296542
394586,498,"Faribault, MN",msa,MN,,,,,,,,,,,,,,,,,,,,,,,,,,,,,,,,,,,,,,,,,,,,,,,,,,,,,,,,,,,,,,,,,,,,,,,,,,,,,,,,,,,,0.9866434131688423,0.9918462109670941,0.9926346846049449,1.0,1.0,1.0,1.0,0.9974842767295597,0.9906758843438435,0.9906758843438435,0.9898827319141527,0.9913460064547511,0.9879534963065622,0.9876725534468439,0.9930176712919617,0.9964101814401508
394922,501,"North Wilkesboro, NC",msa,NC,,,,,,,,,,,,,,,,,,,,,,,,,,,,,,,,,,,,,,,,,,,,,,,,,,,,,,,,,,,,,0.9752206329328615,0.9771152362840342,0.9836511839964525,0.9961793279184583,1.0000680410968226,1.0000680410968226,0.9927006427404658,0.9830191035074848,0.9746277934463509,0.9750028231606511,0.9647268971449305,0.9624879870086461,0.9643745934333428,0.9777280698728038,0.9726007143126463,0.9701876795375247,0.9669675296889674,0.9714232128946506,0.9685253432204651,0.9647450617628283,0.9626540971718637,0.9624221675171364,0.9637317958873606,0.9593608076801655,0.959005736112263,0.9621745157461584,0.9651115212693709,0.9627223320158103,0.9572875494071146,0.9620809444179009,0.9640916877396198,0.9715158342942013,0.974902889564237,0.9780082968500995,0.9742073387013152,0.9700445969024871,0.9699460940575285,0.9691500070127977,0.9662072738318909
394885,502,"Mount Pleasant, MI",msa,MI,,,,,,,,,,,,,,,,,,,,,,,,,,,,,,0.9780928677419528,0.9772572461629477,0.977083579757093,0.9832346271596398,0.9861887319821282,0.9858476653127758,0.982132034741335,0.9777917629077204,0.980168693375851,0.9896925028996605,1.0,0.9990892531876138,0.9990892531876138,0.9990892531876138,0.9961538461538462,0.9961538461538462,0.9897800557598826,0.9878882859337651,0.985666063711543,0.9920398541055065,0.9977777777777778,1.0,1.0,1.0,0.9901960784313726,0.9799825222568136,0.979499430469374,0.9840550876378539,0.9842343676088205,0.9777782563366569,0.9830265207368045,0.9847274636070634,0.9916666666666667,0.9843155795204014,0.9926489128537347,0.9926489128537347,0.997953216374269,0.9915921201255323,0.9829714304703598,0.9817502402398818,0.9819527529628292,0.9761225755659787,0.9793905494221878,0.9815087289075728,0.9959595959595959,0.9959595959595959,1.0,0.9975669099756691,0.9948835468271898,0.9924144110247205,0.9833969830068936,0.981621037348238,0.9729072450702723,0.9718577631124301,0.9676442599461286,0.967662312938334,0.9715488675601828,0.9759966406187871,0.9871615157070166,0.994874060184267,0.9990990990990992,0.994825594825595,0.9943229869545659,0.9838391731941455,0.9820495697809868,0.9834530785529166,0.982961172909533,0.9829726565379029,0.9775773374334328,0.9820171091248184
394827,504,"Marion, OH",msa,OH,,,,,,,,,,,,,,,,,,,,,,,,,,,,,,,,,,,,,,,,1.0186483529742225,1.0268979110442524,1.017722026805837,1.0109621164136064,0.9964864299003099,0.9964030548794661,0.9961559582646897,0.9914336252992659,0.9788411940525635,0.9754741906855603,0.9848865890749576,0.9977264568589571,1.0010934602259605,1.0003585846977952,0.997888184950539,0.9963084061195754,0.998185182315423,1.0004081455253817,1.0019879243563454,0.9909208819714657,0.9809826053311742,0.9740455773465317,0.9831246953750662,0.9932535571116032,1.0029695207638847,1.0052483622217472,1.0060916074471138,1.0033126717794745,0.995944771797439,0.994910941475827,0.9884353060541011,0.9857059348293177,0.9857059348293177,0.9856456225386251,0.9909881596631355,0.9909881596631355,0.9952492083261069,0.9977251009505531,0.9964747102034446,0.993562777454437,0.993562777454437,0.9900549860043388,0.9952418178027934,0.9906756077571313,0.992982809562181,0.992982809562181,0.9975490196078431,0.9992498124531132,0.9966939174048569,0.9966939174048569,0.9896183849978725,0.9861635705414437,0.9834719783742031,0.9912976983280739,0.991371051815647,0.9796845674271606,0.9780620687792428,0.982341358640281,0.9967194351960081,0.9983419338439258
394360,505,"Baraboo, WI",msa,WI,,,,,,,,,,,,,,,,,,,,,,,,,,,,,,,,,,,,,,,,,,,,,,,,,,,,,,,,,,,,,,,,,,,,,,,,,,,,,,,,,,,,,,,,,,,,,,,,,,,0.9986211141889813
395016,506,"Red Bluff, CA",msa,CA,,,,,,,,,,,,,,,,,,,,,,,,,,,,,,,,,,,,,,,,,,,,,,,,,,,,,,,,,,,,,,,,,,,,,,0.968658977680373,0.9746978685918292,0.9865467045872357,0.988105485434798,0.9859739694371007,0.9801780117747384,0.9865879278905761,0.9843112664554776,0.99010722411784,0.9889084640448585,0.9948539922401469,0.9885248783160964,0.9840675532173823,0.9785067433413767,0.9807547172659659,0.9854862973988147,0.98895431135197,0.9882045334770352,0.9919463426999288,0.9871079346794609,0.988325483086829,0.979742701212314,0.9842858187552027,0.9830682703478346,0.9916510522223497,0.9879995540821617,0.9868184479084615,0.9814103849782748,0.9869405687594219,0.9849065918780663
394825,507,"Marinette, WI",msa,WI,,,,,,,,,,,,,,,,,,,,,,,,,,,,,,,,,,,,,,,,,,,,,,,,,,,,,,,,,,,,,,,,,,,,,,,,,,,,,,,,,,,,,,,,,,,,,,,,,0.9588386964765715,0.9679733472165752,0.9743802917037926
845163,508,"Jasper, AL",msa,AL,,,,,,,,,,,,,,,,,,,,,,,,,,,,,,,,,,,,,,,,,,,,,,,,,,,,,,,,,,,,,,,,,,,,,,,,0.9921461056022095,0.9796461056022094,0.9782006463586445,0.9821193651961294,0.9871670492707015,0.9798769794359203,0.969973175514014,0.969826707244913,0.9657685821341565,0.9681404318955645,0.9658194494963661,0.9777583877510937,0.975207980112382,0.9742750335278144,0.9596904416965565,0.9618018347291271,0.9608065946910473,0.9732479396982076,0.9636850117166169,0.9606238740239003,0.9583128719848036,0.9623835767572397,0.9613649800320415,0.9594557225317297,0.9689698952068438,0.9733323507764468,0.9741706077427678,0.9731732055771211
395040,509,"Roswell, NM",msa,NM,,,,,,,,,,,,,,,,,,,,,,,,,,,,,,,,,,,,,,,,,,,,,,,,,,,,,,,,,,,,,,,,,,,,,,,,,,0.9637080423594968,0.9660328780176658,0.9879436777062433,0.9909095746739425,0.9965212469522814,0.9889322197954838,0.9823099627421924,0.9823099627421924,0.9747474747474748,0.9718131030980194,0.9633839843240729,0.9700343082258588,0.9739004763058604,0.9764421491923608,0.9799682160639808,0.9868747168607993,0.985602258213639,0.9791135377945702,0.9745596180847119,0.9758298123445271,0.9787719824473742,0.9734674029096656,0.9669239261584357,0.9712235193665943,0.9750258278625289,0.9811652290031941
395092,510,"Shelton, WA",msa,WA,0.995483288166215,0.9955439052481087,1.0000606170818938,1.000181011254987,1.0003363860872225,1.0005620888984674,1.0004416947253738,1.000225702811245,0.999999290749961,0.999999290749961,0.999562040773219,0.9995627500232579,0.9992745448950529,0.9991855776433306,0.9988680635190367,0.9989148387419463,0.999236392811086,0.9992941843530744,0.9992984834566819,0.9992533688382289,0.999205905040606,0.9989970040962621,0.9992467818740399,0.9995539682539683,1.0,1.0,1.0,1.0,1.0,1.0024912805181863,1.004224309324493,1.004224309324493,1.0032617468670184,1.001528718060712,1.0015641866001175,1.0059803443462587,1.0159820610215087,1.0334123459067608,1.0391633765326562,1.0438736711935734,1.0390661456170172,1.0318146836287132,1.023218880243616,1.010644006567391,1.0061995621229467,1.0000833541718763,1.002020202020202,1.0063883469892054,1.0142430352562648,1.018908051549188,1.02250010558516,1.014647235509836,1.0079620171967107,1.0000018181917356,1.0,0.9955232952287444,0.9925088860068424,0.99221700042599,0.9952444298349269,0.9920312489454871,0.9923231345263394,0.9937724098886583,1.0,1.0,1.0,1.0,1.0,1.0,0.9977777777777778,0.9939018087855297,0.9939018087855297,0.9950928234093802,0.9989687924016283,0.9989687924016283,1.0,1.0,1.0,1.0,1.0,1.0,0.9955555555555556,0.9935918834887908,0.9935918834887908,0.9960983434371111,0.998062015503876,0.9976245363464488,0.9995625208425728,0.9995625208425728,0.9966020061429198,0.9956403787601501,0.9902448254977997,0.9926274936843819,0.9918954041335651,0.9902507190046617,0.985993636942295,0.9843428722705304,0.9913831106617842,0.993144506584882,0.996488988190233
395105,513,"Somerset, KY",msa,KY,,,,,,0.9598754049423871,0.9613857992450363,0.9590304485025888,0.9581135031545139,0.9600365331770089,0.9592172807448532,0.9544424830147401,0.9529661517279823,0.9559656993371953,0.9611445006515057,0.9586934238414743,0.9550586379782137,0.9563738346365779,0.9585678231758884,0.963231745661666,0.9585929452637196,0.9546225917631652,0.9555825696629546,0.9592859693918183,0.9624704666983138,0.9649066291734738,0.9678414420708114,0.9696100808994633,0.9671621191749171,0.9678455206291257,0.9668194468677376,0.9702385866222861,0.9711198444312847,0.9752193377549636,0.9697967011203247,0.9699137532590525,0.9664457673497328,0.9745096660117681,0.9781460296481318,0.9815161228740288,0.9776094395835088,0.973640771176198,0.971695838554484,0.9758987140396748,0.9737673896200719,0.9744567040327015,0.9682435748749256,0.9660908209188884,0.9632141195334684,0.9656102617445086,0.9735284804509957,0.9779696627500215,0.9746536562083365,0.9668540123770434,0.9606004738750363,0.9582547447137769,0.9553309633804075,0.9526468921181146,0.949247672855106,0.9528453086359149,0.9587213535474556,0.9653757705622712,0.9652323396959487,0.9637732271139807,0.9643095435739201,0.9654699641506995,0.9636700045130384,0.9658005982730904,0.9636147546035714,0.9671146784505483,0.962679102392822,0.9612953365578848,0.958146968684869,0.9529809258554353,0.9577949523041465,0.9629905741243,0.9691826138271709,0.9592181259399659,0.9527541016315029,0.9497266832308684,0.9527099897991983,0.9545671598571568,0.9549057993632474,0.9578031550862719,0.9577015098995437,0.9563967283489642,0.957778230182519,0.958661023353478,0.9623446264887218,0.9634224871045172,0.9614546124335198,0.9544880216264909,0.9506621866315156,0.9482728343057207,0.9570194378517719,0.958647369844817,0.9650043282806605,0.9666869694255835,0.967732919214495
394496,514,"Coos Bay, OR",msa,OR,0.9841447034517604,0.9828982379230107,0.9763344743630634,0.9784690920068136,0.9853652750496876,0.9897342575469134,0.9866256437970361,0.97887370581254,0.9758537618142427,0.9751350757824856,0.9733504440898524,0.9734356118894846,0.9735845079085387,0.9724621628569858,0.9759548273722943,0.9781219487705649,0.9856122398973244,0.9871702440529676,0.9874780462900303,0.9831160666915624,0.9813467904825157,0.9779317806054874,0.980411878755373,0.9785663184513318,0.9833544542916502,0.9836430545802505,0.9862648424339536,0.9856687172476647,0.9856834372005608,0.9886155078616427,0.9905608875848001,0.9953080723938087,0.992740119574501,0.9968553459119497,0.9968553459119497,1.0,1.0,1.0,1.0,1.0,1.0,1.0,1.0,1.0,0.9982552805443176,0.9957274727420348,0.9957274727420348,0.9960833033088283,0.9986111111111112,0.9986111111111112,1.0,1.0,0.996961616407881,0.9932486513400626,0.9932486513400626,0.9900239869154802,0.9834407881987627,0.9752103355238656,0.9761400502072336,0.9842227001028806,0.9857864861111111,0.9902090726320583,0.9924225865209472,0.9955139905543802,0.9964247373667664,0.9871396862989855,0.985586743804014,0.9771639380919556,0.9770794481084422,0.9782393992683933,0.9776892451162588,0.9748072796642561,0.9717636673973429,0.9745144050393136,0.9797236580214838,0.9857522400875262,0.9852404555757417,0.9896018305438968,0.9819644250578493,0.981486148371656,0.9766482299321463,0.9770954845947282,0.9796941578649859,0.9872129548574672,0.9904882870954245,0.9904593717114764,0.9858457615615341,0.988129979349341,0.9923812685765023,0.9917118095465702,0.9894720838733893,0.9831877527568875,0.9801344681854026,0.9764695603068914,0.9741481213717265,0.9726805535544583,0.9738128212698696,0.9744556087477306,0.984259530316358
394836,516,"Martinsville, VA",msa,VA,,,,,,,,,,,,,,,,,,,,,,,,,,,,,,,,,,,,,,,,,,,,,,,,,,,,,,,,,,,,,,,,,,,,,,,,,,,,,,,,,,,,,,,,,,,,,,,,0.9734321402815608,0.9691407681569073,0.9730735701838129,0.9743640956321608
394787,518,"Lewiston, ID",msa,ID,,,,,,,,,,,,,,,,,,,,,,,,,,,,,,,,,,,,,1.0067857568179113,1.0067857568179113,1.0052472952794496,1.00591727661688,1.00591727661688,1.000789071488675,1.0,1.0,1.0,1.0,1.0,1.0,1.0,1.0034130090392321,1.0041369824308595,1.0041369824308595,1.0007239733916273,1.0,0.9960638833950912,0.9883781551448468,0.9781217448884366,0.9757685533172448,0.9801216082354758,0.9812594774584514,0.9802016506738626,0.9830957275146478,0.9922142685480825,0.999561403508772,0.9941061008183194,0.9941061008183194,0.9863023104058334,0.9870904473701544,0.9836145305084107,0.9868047107709543,0.9870801403841298,0.9905560572458735,0.9951696673958158,1.0,0.996415770609319,0.996415770609319,0.9925558866289531,0.9937322627134663,0.9904829072510575,0.9893992884065647,0.9918071417127324,0.9866153703582402,0.9855065157102719,0.981794574200106,0.9859322809670976,0.9876879772467116,0.9851106105807771,0.9859864385141482,0.9902830997073613,0.9935311135558799,0.9939771910629965,0.9912789799228121,0.986979213863036,0.9849413749310107,0.977779642093604,0.9820374890721721,0.9838318509685194,0.988908975732483,0.9919921891412731
394759,519,"Laconia, NH",msa,NH,,,,,,,,,,,,,,,,,,,,,,,,,,,,,,,1.0005134224492795,1.0006499377049691,1.0001365152556896,1.0001365152556896,1.0000282123621442,1.0000282123621442,1.0000282123621442,1.0086111111111111,1.016434632978496,1.0253665041682423,1.0244321791280588,1.0218020176942784,1.0128970886711441,1.0052203026002164,1.0000269421666121,1.0000314375535868,1.001587511800558,1.006819890994156,1.0145450663036601,1.0227750692715842,1.0245978965217972,1.02237244122626,1.01287152585036,1.0058163194065488,1.0002851618389947,0.9938841896487552,0.9907159388566925,0.9880492721900258,0.9941650825412706,0.9924768833268379,0.9951435499935046,0.9920549643469525,0.9969627042954903,0.9969633247872665,1.0000519104338186,1.0000006204917762,1.0,1.0,0.9936507936507937,0.9911208889619942,0.9854916167464736,0.9905582397903124,0.9892238414078873,0.9948531136234081,0.9958856552551633,0.9997499583263877,0.9998134624859102,1.0000635041595223,0.9977298374452298,0.9935511069482589,0.9847425765820095,0.9770816644188013,0.9758122753716343,0.9768142053053209,0.9834635034181861,0.9888481188028014,0.9937082364528159,0.9970535172174516,0.9970535172174516,0.9978812763435206,0.9934368318990763,0.9893691684790958,0.9842673558106038,0.9823644257599531,0.9822392170625333,0.9849090746685282,0.9912564491636234,0.9933488607723223,0.9978995394912985
394629,520,"Georgetown, SC",msa,SC,0.954084188659099,0.9605969660374489,0.9607663907699804,0.9644347882648607,0.9668584100433212,0.967493005411292,0.9660003331002837,0.9633377626957778,0.9642838048307745,0.9586859715339746,0.9566565382735343,0.9548933639175442,0.9592670992573376,0.9608702998334807,0.9614611371162333,0.9631611105814679,0.964135172128303,0.965615086296408,0.9654220744837057,0.9614383682210645,0.9585687630787322,0.9520980491849915,0.9513177576447726,0.9500932005156928,0.9557868138859988,0.9610782516435251,0.9623278039399747,0.9614025320036222,0.9633729723804502,0.9684345188093579,0.9728611422978136,0.972567850767946,0.9718463885367479,0.9720634507768863,0.9733673317402243,0.9731018582739499,0.9751900241673287,0.978911040695681,0.9855271219591809,0.9921019107827744,0.9965109755552352,0.9996841772818191,1.0,0.9947921793627802,0.9947921793627802,0.9921096689319032,0.9923895695926594,0.9923895695926594,0.9882716770366926,0.9931995970131563,0.9931995970131563,1.0,0.995867479162289,0.9872148215603113,0.9792783136238032,0.9762477201148195,0.9739690601711763,0.974136823753574,0.9712932997712526,0.9728180808850618,0.9707324563071332,0.972812519750876,0.9707079913472144,0.9755815173673758,0.9769721445402307,0.9793952064529295,0.9764761029766248,0.977883845560838,0.9774414228608886,0.9759074069849198,0.9701735001708339,0.9739579669334875,0.9758339969338238,0.9792680103865639,0.9748421862457125,0.9732309048390632,0.9699383077487637,0.9739442420017302,0.9726604939997204,0.976094022998745,0.973573375300267,0.9756883714363318,0.9698393355994215,0.969676274523731,0.9689808163925698,0.9714503521436394,0.9708876894482209,0.9708331195299018,0.9729101302384914,0.971569662283991,0.9716171928170331,0.9691394665449371,0.9657077575538594,0.9628787844049261,0.962098812940987,0.9674174340463543,0.9686445455334831,0.9717854315659036,0.972062806289297
395063,522,"Sanford, NC",msa,NC,,,,,,,,,,,,,,,,,,,,,,,,,,,,,,,,,,,,,,,,,,,,,,,,,,,,,,,,,,,,,,,,,,,,,,,,,,,,,,,,,,,,,,,,,,,,,,,,,0.9840833662189491,0.9911009100785982,0.9900025789918042
394570,523,"Enid, OK",msa,OK,,,,,,,,,,,,,,,,,,,,,,,,,,,,,,,,,,,,,,,0.9814301854648484,0.9795591558332407,0.9857818002876547,0.9931892076950621,0.9901586078381327,0.9875402351743711,0.9875402351743711,0.9863220293732115,0.990700689291406,0.9837473758246825,0.9897096453764357,0.9897096453764357,0.9935807222806448,0.9969177634374858,0.9969177634374858,1.0,0.9995713060874536,0.9930353583750353,0.9816494141269002,0.9772266829333217,0.9741491325095816,0.9785862311591863,0.9743597244465795,0.9756297836458475,0.9825786292443778,0.9900767822321458,0.9915437885789133,0.9850078408664951,0.9842024080099215,0.9841691431971377,0.9867526940233239,0.9835262334325221,0.9827390687868794,0.9754193239661872,0.9735893744841978,0.9727939068467077,0.979235130679236,0.9809296260027828,0.9894219556888223,0.984764749563983,0.9841558201325135,0.9751789567615822,0.97989266311269,0.9762393994307318,0.9767692192669002,0.9710948290608906,0.969119370822913,0.9682412997694034,0.9726295015629348,0.9799194436703703,0.9856984589678627,0.9871294353988391,0.985048447845374,0.9811596028982358,0.9761180526439196,0.9774538985872135,0.9724750497216835,0.9749199928074082,0.9724901555058268,0.9800268708746279,0.9798332570879391
394889,524,"Mount Vernon, OH",msa,OH,,,,,,,,,,,,,,,,,,,,,,,,,,,,,,,,,,,,,,,,,,,,,,,,,,,,,,,,,,,,,,,,,,,,,,,,,,,,,,,,,,,,,,,,,,,,,,,,,,,0.9987328264639189
395199,525,"Walla Walla, WA",msa,WA,,,,,,,,,,,,,,,,,,,,,,,,,,,,,,,,,,,,,,,,,,,,,,,,,,,,,,,,,,,,,,,,,,,,,,,,,,,,,,,,,,,,0.9813735848749315,0.9802980362583993,0.9831924625913847,0.9920420201135087,0.9962921719046441,0.9978947368421053,0.9901427988576091,0.989246741509939,0.9839863038854008,0.9825241910781836,0.9764467477285038,0.9786403737813397,0.9826379277078493,0.985546387754793,0.9841825147719714,0.982180045122111
394701,527,"Hutchinson, KS",msa,KS,,,,,,,,,,,,,,,,,,,,,,,,,,,,,,,,,,,,,,,,,,,,,,,,,,,,,,,,,,,,,,,,,,,,,,,,,,,,,,,,,0.9658971338844594,0.9685185350301283,0.9826136054239587,0.9827572866059292,0.9933853059296007,0.9902874303241722,0.9950593617144617,0.9950593617144617,0.9981572373198903,1.0,1.0,0.9958530767529687,0.9944100753099674,0.9897277028747604,0.9864410392611215,0.9806831858405635,0.9853655582757703,0.9927991451364405,1.0
394693,528,"Hudson, NY",msa,NY,0.9604452284246864,0.9779463040399756,0.9758775899814855,0.9747305134438123,0.9611202725601751,0.966460175605297,0.9640404843245293,0.9637298529120848,0.9559979063525162,0.9501321782023536,0.9531485278853701,0.953793322356022,0.9604997175009305,0.9552705022717154,0.9585614159294565,0.9644563565261365,0.9721098141795942,0.9687665830385278,0.9667943924048661,0.9636761431745858,0.966518234839219,0.9654898942504269,0.9624430940598439,0.9542947206940791,0.9490239377721931,0.9553830478749218,0.9653128030409862,0.9725885649793456,0.9777347805685439,0.9808210034520523,0.9892653452297274,0.9891989743506656,0.9875918765970629,0.9817947751477875,0.9735421365943515,0.9702816296641465,0.9691162491509399,0.9776469303643216,0.9824790029982492,0.985638708789534,0.9973283054725343,1.0019722640537683,1.0057750402249657,0.9958385615800399,0.9926594425161155,0.9926594425161155,0.9962634673351838,0.990386882251144,0.9891028555433885,0.9891028555433885,0.9980635157019879,1.0004871435493445,1.0004871435493445,0.9995035517428251,0.9943637893876587,0.9898372395676115,0.9914732889643875,0.9924401610890681,0.98725924566416,0.9730748485010395,0.9611958178812765,0.969861616459565,0.9779847436770911,0.9878626748272232,0.9844164343626032,0.9821328391259945,0.98716722768651,0.9916551348177968,1.0,0.9894031609255501,0.9742802875796146,0.9578449685127165,0.9549737941191528,0.9601380683826224,0.9663277985129444,0.9797958119809578,0.9897544110634239,0.9975669099756691,0.990762800293421,0.990762800293421,0.9876279615872395,0.99374478604612,0.9781892304905645,0.9722060041055652,0.9640032469677499,0.966225469189972,0.9747177317264325,0.9780419113788957,0.9874536760847782,0.9841982671688049,0.9813696038428117,0.977715414894505,0.9772957096555227,0.9797905306754865,0.9739261548638346,0.955757404959925,0.9519932444284557,0.9532368912991368,0.97304866845583
395124,529,"Starkville, MS",msa,MS,,,,,,,,,,,,,,,,,,,,,,,,,,,,,,,,,,,,,,,,,,,,,,,,,,,,,,,,,,,,,,,,,,,,,,,,,,,,,,,,,,,,,,,,,,,,,,,,0.9672079203653934,0.9677526661113774,0.9724346831505978,0.9777497865429826
394443,530,"Carlsbad, NM",msa,NM,,,,,,,,,,,,,,,,,,,,,,,,,,,,,,,,,,,,,,,,,,,,,,,,,,,,,,,,,,,,,,,,,,,,,,,,,,,,,,,,,,,,,,,,,,,,,,,,,0.9906554019457245,1.0,0.996078431372549
394631,531,"Gillette, WY",msa,WY,,,,,,,,,,,,,,,,,,,,,,,,,,,,,,,,,,,,,,,,,,,,,,,,,,,,,,,,,,,,,,,,,,,,,,,,,,,,,,,,,,,,,,,,,,,0.9564851415348065,0.9609381125263846,0.9846780411977433,0.9866412110385029,0.9887008952522733,0.9925958827162562,0.991900695546521,0.9926912480402272,0.9934606760987038
395136,532,"Sturgis, MI",msa,MI,,,,,,,,,,,,,,,,,,,,,,,,,0.9753816578086564,0.9871031545264296,0.9879281330178483,0.9861635385896247,0.9884783534044396,0.9934261078250435,0.9902313724706003,0.9870758447126781,0.9881488200681646,0.9968444722420777,0.9964609950282699,0.9855648420373871,0.9855648420373871,0.9891038470091171,1.0,1.0,1.0074074074074073,1.0021076759116407,1.0021076759116407,0.9933653332485933,0.9986650647443599,0.9986650647443599,1.0,1.0,0.9986994931305855,0.9888254720206094,0.9888254720206094,0.9901259788900237,0.9901185770750988,0.9901185770750988,0.9847250101294921,0.988758479838019,0.9797005088235263,0.9783002087110805,0.9777379055171984,0.9832381412507182,0.9900320083087707,0.9901912711289951,0.9929072555682171,0.989851134064235,0.9961021276542669,0.9969438784960177,1.0,1.0,0.9925925925925926,0.9859912854030503,0.979448138607363,0.973814189547566,0.9804154967371085,0.9820311522972358,0.990545465638398,0.990545465638398,0.9927195565456769,0.9907530931782128,0.9907530931782128,0.9904057183126951,0.9867982147051914,0.9768441422829763,0.971214758746616,0.971594638441153,0.9761137677235071,0.9781942868539799,0.987915417260453,0.9857313127812665,0.9881942646368774,0.9829111004729348,0.9842180342053318,0.9787735767089859,0.9775350876667784,0.9731907917246544,0.9828219369650751,0.9786806758497743,0.989337085678549,0.9811253271577128,0.9917882414791638
395044,533,"Rutland, VT",msa,VT,,,,,,,,,,,,,,,,,,,,,,,,,,,,,,,0.9730261498962894,0.978734033374256,0.974609220393443,0.9792582714595791,0.9796338608270991,0.9836115951784326,0.9812253331220506,0.9881592567727949,0.9881762957623512,0.9969099202164996,0.9977054651647893,1.0,1.0,1.0,1.0,0.9901602229188436,0.9870352229188436,0.9857847018684059,0.9956244789495624,0.9987494789495623,1.0,1.0011804944786475,1.001685544983698,1.001685544983698,1.0005050505050506,0.9957498482088646,0.9872403631140138,0.9834643952488618,0.9798714097850952,0.9842993886245268,0.9880753564896788,0.9870689362224567,0.9911504424778762,0.9911504424778762,1.0,0.9988851727982162,0.9988851727982162,0.9988851727982162,0.9899543378995433,0.9899543378995433,0.984663332608538,0.9868893911447104,0.9868893911447102,0.9839182881736073,0.9917378917378917,0.9917378917378917,0.9963963963963964,0.9882795132795134,0.9882795132795134,0.9805929172027373,0.9765146783684009,0.9631431406415624,0.9638845530500237,0.963501058649042,0.969910020222704,0.9706377204805268,0.9796706361704267,0.9833119585685491,0.9931330455826443,0.9891599492524644,0.9837092731829574,0.9669588544224883,0.9654686424059605,0.9614814015766145,0.9683080759338444,0.9582694658952343,0.9607722262927315,0.9568602959407556,0.9755953498706419
394509,534,"Crossville, TN",msa,TN,0.9560154252683875,0.9641701265003246,0.966977412360187,0.970666039929139,0.9690706076638774,0.9695103802386317,0.9654116702240022,0.9624225786453663,0.9598167833566441,0.9583667127430724,0.9538954969439774,0.9545186283562902,0.9554404913509664,0.9616333133073351,0.9637296846145252,0.9679975173223948,0.9704785368938844,0.9686747850901326,0.9706786434486268,0.9709181693295315,0.9722919479730141,0.971320309317552,0.968011571820455,0.966851012793177,0.9674467862523932,0.9729221228024038,0.9721428026200986,0.9716462236913669,0.9676713214776117,0.9719917672767237,0.9749166745160522,0.9802895377082533,0.9826045369690238,0.9806221018658773,0.9827456533299544,0.9839585745930147,0.9828838273245576,0.9831717301474603,0.9877942262953803,0.9972023068971706,0.9988098363168115,0.9988098363168115,0.9934334922307899,0.9873181581269578,0.9830199515166124,0.9781398853462236,0.9788611797904071,0.9784913860196912,0.9866564191847242,0.9932015762731871,0.9924017025587565,0.9905638699141691,0.983935014476559,0.9894028885720508,0.9878123322501327,0.9822736611721643,0.9720172509157541,0.9658655173078454,0.9693855936313652,0.9717317205193966,0.9738917695159756,0.9762889577863083,0.9765456008864053,0.9804073122675229,0.982151165898169,0.9800338697545028,0.9744673560028989,0.9693040726842758,0.9659499377475157,0.964807075725056,0.9637166775200193,0.971890753617641,0.9744796166724856,0.9761454762425946,0.973376012276756,0.9728898540276596,0.9722879280344531,0.9686262734302397,0.9690289960186894,0.9697936267633884,0.9684374316164153,0.9692936899784632,0.9697829220771306,0.964521231045242,0.9645973302619413,0.9643964039009344,0.9757701851206191,0.9729485995068557,0.9732068397394901,0.9688293906305091,0.9707343433705228,0.9700655485687785,0.972023002102126,0.9697397529438768,0.967474857569937,0.9676123859570663,0.9693172197305789,0.9718258967711509,0.9717255737309616
845162,535,"Granbury, TX",msa,TX,,,,,,,,,,,,,,,,,,,,,,,,,,,,,,,,,,,,,,,,,,,,,,,,,,,,,,,,,,,,,1.0118791631368993,0.9944617774247639,0.9920191420238303,0.99131807453864,0.9867199934491939,0.9820897636497943,0.9831564041375712,0.9773822630047949,0.9755504573501707,0.9722293847983288,0.9720640408829849,0.9732167737534464,0.9764460663477363,0.9825836324853024,0.9837512083298808,0.9855030113924564,0.9822814266752008,0.9807710318646233,0.9750328646814554,0.9754525170315613,0.9755450094224151,0.9748748154188877,0.9751281852374749,0.9764278824009075,0.9784733054201133,0.9756043794742641,0.9760878946441999,0.9783296315405693,0.9810952650681554,0.9795623793099325,0.9782556611383467,0.9781047623685807,0.9754400336864101,0.9713431218520957,0.9662241120820617,0.9654392768713818,0.9725708165041018,0.9779925800107278,0.9837511508353872
395049,537,"Salina, KS",msa,KS,,,,,,,,,,,,,,,,,,,,,,,,,,,,,,,,,,,,,,,,,,,,0.9931972789115647,0.9950235711637269,0.9950235711637269,0.9950235711637269,1.0,1.0,1.0,1.0017791405237109,1.0017791405237109,1.003751527111482,1.0019723865877712,1.0019723865877712,1.0,1.0,0.991869918699187,0.991869918699187,0.991869918699187,0.9970922459893048,0.9970922459893048,0.9970922459893048,1.0,1.0,1.0,1.0,0.999387505104124,0.9928515573917057,0.983643628780792,0.980560654382112,0.98241510122193,0.9916230298328438,0.9899421550413781,0.9946236559139785,0.9946236559139785,0.9980039920159681,0.9950757965039275,0.9950757965039275,0.9899319373255745,0.9836564513650261,0.9773273374409756,0.9789269115630672,0.9881305930356564,0.9925549450549451,0.998095238095238,0.998095238095238,1.0,1.0,1.0,0.9929078014184397,0.9865877955521544,0.9865877955521544,0.9853595806970222,0.9875030935147708,0.9840081265418655,0.9831961198872338,0.985756039663568,0.9892510066364734
753903,538,"Marietta, OH",msa,OH,,,,,,,,,,,,,,,,,,,,,,,,,,,,,,,,,,,,,,,,,,,,,,,,,,,,,,,,,,,,,,,,,,,,,,,,,,,,,,,,,,,,,,,,,,,,,,,,,,,0.9794003319704515
394591,539,"Fergus Falls, MN",msa,MN,,,,,,,,,,,,,,,,,,,,,,,,,,,,,,,,,,,,,,,,,,,,,,,,,,,,,,,,,,,,,,,,,,,,,,,,,,,,,,,,,,,,0.9652963173524305,0.9717611365001764,0.9734682693971136,0.981467352708505,0.9916820702402958,0.9936073059360732,0.9868650076926665,0.9819394542297989,0.9789406139021914,0.9801612647557886,0.9782918012311138,0.9806424842903789,0.9798661286079916,0.9787246376590261,0.9779999212257277,0.9788872012285686
394362,540,"Barre, VT",msa,VT,,,,,,,,,,,,,,,,,,,,,,,,,,,,,,,,,,,,,,,,,,,,,,,,,,,,,,,,,,,,,1.0012594458438286,1.0,1.0172239108409322,1.0378728783925546,1.0448882288127812,1.0412500230469155,1.028127260946027,1.0211119105258006,1.007526205450734,0.9970876428960261,0.988364221439158,0.9883642214391583,0.991276578543132,1.002554347826087,1.002554347826087,1.002554347826087,1.0005907536022256,1.0010683085210412,1.0003181209741543,0.999727367371929,0.9992498124531132,0.9919401266551526,0.9870739466064907,0.9786979577744758,0.9867578311193234,0.9870443739069202,0.9934881958925962,0.9934881958925962,0.9980678331536611,0.9972471416007037,0.9908368851904471,0.9865605824559945,0.9781081677856113,0.9794679191453626,0.9764978450682209,0.9824438588786415,0.9852647095255791,0.9866704522111824,0.9879257074664377
394618,541,"Fremont, OH",msa,OH,,,,,,,,,,,,,,,,,,,,,,,,,,,,,,,,,,,,,,,,,,,,,,,,,,,,,,,,,,,,,,,,,,,,,,,,,,,,,,,,,,,,,,,,,,,,,,,,,0.9867705886609768,0.9904287721444369,0.9975555534372065
394939,542,"Oneonta, NY",msa,NY,,,,,,,,,,,,,,,,,,,,,,,,,,,,,,,,,,,,,,,,,,,,,,,,,,,,,,,,,,,,,,,,,,,,,,,,,,,,,,,,,,,,,,,0.9731849815922761,0.9800209453293354,0.9800209453293354,0.9906635546674973,0.9842272576994482,0.9760971763986351,0.9713783646797606,0.9722938089671408,0.9804238902679537,0.9688922442065432,0.963892319874781,0.9490775050599662,0.9663257749003988
394490,543,"Columbus, MS",msa,MS,,,,,,,,,,,,,,,,,,,,,,,,,,,,,,,,,,,,,,,,,,,,,,,,,,,,,,,,,,,,,,,,,,,,,,,,,,,,,,,,,,,,,,,,,,,0.9736874236874237,0.9733845769278839,0.9741654498017801,0.979289785003735,0.9899123630895704,0.9914891975943023,0.9847474221673123,0.9855514687112058,0.9866833543163342
394923,544,"Norwalk, OH",msa,OH,,,,,,,,,,,,,,,,,,,,,,,,,,,,,,,,,,,,,,,,,,,,,,,,,,,,,,,,,,,,,,,,,,,,,,,,,,,,,,,,,,,,,,,,,,,,,,,,,0.9884489374279797,0.9912373899714954,0.9917517533280545
394336,546,"Ardmore, OK",msa,OK,,,,,,,,,,,,,,,,,,,,,,,,,,,,,,,,,,0.9803669731871955,0.9839223856298793,0.9838462463114025,0.9750128027087758,0.9736992961673376,0.9816403058099922,0.9881057428870755,0.9897237827282351,0.9836814866557276,0.984772171684142,0.9862769543542953,0.9807362388437912,0.9742760803615317,0.96868263834126,0.9776288395244807,0.97424013597665,0.9847845732480079,0.9844133684350863,0.9969919847872873,0.987353374605199,0.9833067160965712,0.9762145175150109,0.9747420165859882,0.9625260487173591,0.9524365315416364,0.9480026800428828,0.9557431188938775,0.9650092673688389,0.9660488488098226,0.9697359142938949,0.9776514815762168,0.9771621154668862,0.9778696767788727,0.9718090707182667,0.9739857706781657,0.9695383350380696,0.9623296333755865,0.9605792582455587,0.9591406658037108,0.9575479777730845,0.9643349169754348,0.9644865081302815,0.9732233871706448,0.9774953478949513,0.9824341506753553,0.982023319676289,0.9709315810294304,0.9731373321592359,0.9694193548414617,0.9702325873884406,0.9692578788440565,0.9748438034931878,0.9691111995474172,0.9687535703386357,0.9647520348114691,0.9781506492238524,0.9796497772522591,0.9746968499967394,0.9660040533368751,0.959506912123901,0.9651879581351993,0.9577805507277919,0.9556524244350545,0.9490214574499024,0.9683324715207418,0.9716344784930895
394456,549,"Charleston, IL",msa,IL,,,,,,,,,,,,,,,,,,,,,,,,,,,,,,,,,,,,,,,,,,,,,,,,,,,,,,,,,,,,,,,,,,,,,,,,,,,,,,,,,,,,0.9673746453570464,0.9790062419344938,0.9848536235347085,0.9876337212544989,0.9759378148217502,0.9725047891920804,0.9718108103548494,0.9753766354867849,0.9744811699006467,0.9674597564276204,0.961733024795408,0.9648492533094988,0.9568224974566558,0.9685011488575063,0.960403463728616,0.9831481682994075
394592,550,"Fernley, NV",msa,NV,0.9947149853169992,0.9986950848194868,1.0,1.0,0.9982780898112589,0.9982780898112589,0.9953510802284796,0.995295212639443,0.9916869010804036,0.9927995537143858,0.9912196841609142,0.9948279957199538,0.9933743788125415,0.9923449067264003,0.9923449067264003,0.9952625750836278,0.9981001946069851,0.9961234767691791,0.9964737822681607,0.9966896821088499,0.9951010698724586,0.9906759988731851,0.9920095989265292,0.9909528939634615,0.9937079582827083,0.9937079582827083,0.9955552315875568,0.9972252382675836,0.9972252382675836,1.0,1.0,1.0,1.0,1.0,1.0,1.000061751265901,1.0038403687364499,1.008968573864655,1.0147401559320874,1.0177274167622377,1.0152836887492869,1.0094503554159535,1.0027629269465872,1.0000784498313329,1.0000784498313329,1.0,0.9995573262505534,0.9995573262505534,0.9995573262505534,1.0,1.0,1.0,1.0,0.9976247987117551,0.9934581320450886,0.9888988509979783,0.9858866921522909,0.9900533588189574,0.9943128796742212,0.9943454874654494,0.9916789249521343,0.9874124750983188,0.9899706554969542,0.9926372180102693,0.9972034280559314,1.0,1.0,0.9992498124531132,0.9992498124531132,0.9961387013420021,0.9968888888888889,0.996548405402338,0.9996595165134491,0.9978997684352793,0.9982402519218301,0.9982402519218301,1.0,1.0,0.9990571159175977,0.9990571159175977,0.9958825127429946,0.9958837772397094,0.9908397513195122,0.9940143544941153,0.9913959216158715,0.9964399475360689,0.9964399475360689,1.0,1.0,1.0,1.0,0.998705596107056,0.998705596107056,0.998705596107056,1.0,1.0,1.0,1.0,1.0
394444,551,"Carson City, NV",msa,NV,,,,,,,,,,,,,,,,,,,,,,,,,,,,,,,,,,,,,,1.0054498407429382,1.0117990470921445,1.018993291696461,1.0135434509535228,1.0071942446043165,1.0,1.0,1.0,1.0,0.9973391403899479,0.9973391403899479,0.9973391403899479,1.0,1.0,1.0,1.0,0.9967832730197025,0.9900775577197379,0.9860631330072116,0.9822253358326799,0.9797109135901291,0.9808811972332583,0.9790143912988744,0.9764002093147625,0.9792443503841595,0.9869159145410203,0.9970691303777759,0.9945333379282122,0.9957831038605648,0.9957534864573742,0.9932013256459994,0.9878618901006142,0.9830955909308212,0.9808304678334611,0.9838352730286518,0.9903122932915068,0.9946993724557434,0.9970340028059379,0.9918660441496071,0.9904460764313886,0.9866520384910092,0.9872537871016777,0.9916397520139585,0.9929389079494335,0.9948126031862642,0.9897620981357592,0.9907721991458603,0.9897193956026319,0.9947699006531368,0.9959379693901974,0.995935006321881,0.9924766397350228,0.9927933519927654,0.9937911096889187,0.9926215567250251,0.9893358288829298,0.9898384743772072,0.9928866150969954,0.9961723429390906,0.9937253854882852,0.9938203833244456,0.9938203833244456
394432,553,"Calhoun, GA",msa,GA,,,,,,,,,,,,,,,,,,,,,,,,,,,,,,,,,,,,,,,,,,,,,,,,,,,,,,,,,,,,,,,,,,,,,,,,,,,,,,,,,,,,,,,,,,,,,,0.9856551491353952,0.9825187910658354,0.9811930985393472,0.9873437817052597,0.9926742770400468,0.9994826694257631
753877,554,"Cullowhee, NC",msa,NC,,,,,,,,,,,,,,,,,,,,,,,,,,,,,,,,,,,,,,,,,,,,,,,,,,,,,,,,,,,,,,,,,,,,,,,,,,,,,,,,,,,,,,,,,,,,,,,,,,0.9480923520182628,0.9567205364174658
394737,555,"Kearney, NE",msa,NE,,,,,,,,,,,,,,,,,,,,,,,,,,,,,,,,,,,,,,,,,,,,,,,,,,,,,,,,,,,,,,,,,,,,,,,,,,,,,,,,,,,,,0.9813404615690978,0.9818812236545321,0.9841351497738419,0.9901327615024655,0.9918914129033479,0.9949080041552333,0.9921091007687178,0.9960765048571032,0.9951652544921473,0.9972467985271093,0.9912534829184508,0.9897723887857991,0.9847727876802052,0.9873886066534032,0.986441748741154
394582,556,"Fairmont, WV",msa,WV,,,,,,,,,,,,,,,,,,,,,,,,,,,,,,,,,,,,,,,,,,,,,,,,,,,,,,,,,,,,,,,,,,,,,,,,,,,,,,,,,,,,,,,,,,,,,,,,,0.9808368552327714,0.978857254254196,0.9845989579452161
394940,557,"Ontario, OR",msa,OR,,,,,,,,,,,,,,,,,,,,,,,,,,,,,,,,,,,,,,,,,,,,,,,,,,,,,,,,,,,,,,,,,,,,,,,,,,,,,,,,,,,,,0.9814782315686906,0.9826701905593392,0.986099140884536,0.9910836963073931,0.9904714712962889,0.9855627518150804,0.9834571358549701,0.9839023907970681,0.9821120737966534,0.9833669163797712,0.9848330852168533,0.9831510475693835,0.9814141386098868,0.9815492726079516,0.9904861081301529
394621,558,"Gaffney, SC",msa,SC,,,,,,,,,,,,,,,,,,,,,,,,,,,,,,,,,,,,,,,,,,,,,,,,,,,,,,,,,,,,,,,,,,,,,,,,,,,,,,,,,,,,,,,,,,,,,,,,,,0.9719554984576453,0.9768655913086927
395131,560,"Sterling, IL",msa,IL,,,,,,,,,,,,,,,,,,,,,,,,,,,,,,,,,,,,,,,,,,,,,,,,,,,,,,,,,,,,,,,,,,,,,,,,,0.9812820303383955,0.9930926286331102,0.9990633979134899,0.9975467143947842,0.9974858631650608,0.9985580575896499,0.9879595916140796,0.9784151535360271,0.9724735990313588,0.972274025826939,0.9702649637292312,0.9719964594109033,0.9743034838801917,0.9724489096142631,0.9766589684372594,0.9812204068022674,0.9873345173639004,0.9873345173639004,0.9927807772282996,1.0,0.9932980599647266,0.9827390537535464,0.9714803567263486,0.9658366177492762,0.9686815316510637,0.9799402286782617,0.9906598914304449
394411,561,"Branson, MO",msa,MO,0.9670307277989365,0.9681405143777998,0.9699246740013584,0.9702331441255686,0.9695844176846146,0.9708928579468808,0.9723590358863369,0.9707361277375252,0.9680668477293585,0.9623116893854665,0.9596940309945884,0.9607234270612307,0.9629679086045436,0.9685057471264368,0.9715362913567581,0.9730550763287805,0.97242015569386,0.9703520054640107,0.9693998943317416,0.9688417522641655,0.9722051523558947,0.9728769844294872,0.9715571922247629,0.96807116089958,0.9676873558409348,0.9731835878260212,0.9751424257586532,0.9762167080332382,0.9756542197623496,0.9772323440740539,0.9803169110802692,0.9832964211510266,0.9843883969971171,0.9852922317936246,0.9830776088725747,0.9845974386214132,0.9843282266546506,0.9900313395868556,0.994537061854135,1.0,1.0,1.0,1.0,1.0,1.0,1.0,1.0,1.0,1.0,1.0,1.0,1.0,0.9944247419414292,0.9923671287727048,0.9882164397579333,0.985027301888571,0.9758377417024985,0.9692245418283812,0.9680145132038849,0.9715097485741854,0.9726100719573706,0.9724266346779777,0.9737048541117721,0.9746327874335678,0.9738453756335494,0.9733799977909768,0.9773422123318373,0.9776774063880813,0.9763105800274715,0.9726282789344266,0.9739790992507641,0.9692371259230194,0.9706346977111787,0.9708820222460735,0.9722340118949536,0.9714683576887594,0.9689726269310851,0.9749255465870034,0.9755189386271598,0.9770067547468257,0.9714592967255959,0.967793552848684,0.9620850921010417,0.9619723020093968,0.9639199091389821,0.9718274770812069,0.9762377049779051,0.9779398740276083,0.974155156915521,0.9720003099633852,0.9680984147571422,0.9701800645132105,0.9681842491280054,0.9704971797803807,0.970675753645145,0.9722364133924833,0.968394648121107,0.9689476132487513,0.9715078520294624
394446,562,"Cedar City, UT",msa,UT,,,,,,,,,,,,,,,,,,,,,,,,,,,,,,,,,,,,,,,,,,,,,,,,,,,,,,,,,,,,,,,,,,,,,,,,0.9802394651986258,0.9863000712592318,0.9861244075654958,0.985731590712298,0.983318579444744,0.9863994879698539,0.986838109529263,0.9838121153578113,0.986089996191491,0.9873641898478521,0.9844706005915667,0.9834297884052438,0.9795465941041582,0.979335955617943,0.9749864097474318,0.978197780308792,0.9786020283027786,0.9834080044294771,0.9826371404737699,0.9864471213322852,0.9795261791426769,0.9752156586012385,0.9739736322895745,0.9816105679539735,0.9854341832257753,0.986482595140662,0.9849805771623096,0.9872052870877691
394951,564,"Oxford, MS",msa,MS,,,,,,,,,,,,,,,,,,,,,,,0.9638977615903185,0.9667172863173575,0.969842707400986,0.9740521873647467,0.9688789160195292,0.9717073385906829,0.9724454648605502,0.9749094261011995,0.9721684859210148,0.9716623224726956,0.9725359122188832,0.9714838463451576,0.9708016174572975,0.9736028064555654,0.9724026200770387,0.9740855525292019,0.9758372475192085,0.9796911013730624,0.982656433153459,0.9850450366133002,0.9865527390059583,0.9868620742515458,0.9845272347714481,0.9879578039837282,0.9853975851261332,0.9904044352942737,0.9928735710967427,1.0,1.0,1.0,1.0,0.9962225789192081,0.9962225789192081,0.9962225789192081,0.9975482985191723,0.9953326808106224,0.9940158083826388,0.9919004427963994,0.9941160605049494,0.9944990354233368,0.9970507360601438,0.9960645427662582,0.9912513138390727,0.9894788014814541,0.9826218575204376,0.9855678635090399,0.9826874085468146,0.9863111365190161,0.9870398833022822,0.989886835641871,0.9889156127599081,0.984664589857522,0.9884859712680377,0.9894330769756126,0.9891431573778772,0.9834562922019608,0.9799183354130591,0.9793411020146626,0.9759233023835981,0.9757275776523803,0.974902095151683,0.9751387370061337,0.972699278316675,0.9731542777521422,0.9728479887780668,0.9758428559022653,0.9754014916998663,0.976235016506615,0.9765437427108443,0.9775111347827302,0.9741942373862855,0.9708881003053141,0.9704420724504373,0.9710171578675589,0.9746295960495727,0.9761404794098919,0.9791871483265692
394721,565,"Jasper, IN",msa,IN,,,,,,,,,,,,,,,,,,,,,,,,,,,,,,,,,,,,,,,,,,,,,,,,,,,,,,,,,,,,,,,,,,,,,,,,,,,,,,,,,,,,0.9784245179286467,0.9778995002676157,0.9794865589768267,0.9852507259706758,0.9855011172069825,0.9921606427647741,0.9894574756538428,0.9887032456082743,0.9842051589327642,0.980106829229908,0.9774322489106982,0.9758193721407071,0.9736560737706181,0.9788061986476414,0.9859358378373688,0.9953586882496186
394556,566,"Edwards, CO",msa,CO,,,,,,,,,,,,,,,,,,,,,,,,,,,,0.9776133538129695,0.9775741333956907,0.9734032024142681,0.9740947563170347,0.9725888018593217,0.9721118882246893,0.9709561696058984,0.9720012107241877,0.9707402959989174,0.9741613019379479,0.9822913832387609,0.9887139297232167,0.9958095943510358,0.9958095943510358,1.0,0.9996480112636396,0.9996480112636396,0.9996480112636396,0.9954022988505747,0.9944494891527665,0.9944494891527665,0.9990471903021918,1.0,1.0,1.0,1.0,0.9939338792841977,0.9853868707371892,0.9759529084730382,0.9734159774472771,0.9671734524334211,0.9653923779098683,0.9637044243604264,0.9680520222367727,0.9721473671221759,0.9731791131539219,0.9780304451558223,0.9822515863334852,0.9855584646403636,0.9838818446275793,0.9767678797076614,0.9759175395716069,0.9721092361786715,0.9743439740454495,0.9714855924530553,0.9744803114605846,0.9735248197262333,0.978358112366609,0.98023737005982,0.985148754917204,0.9825208268882286,0.9815795201329683,0.9778017605157432,0.9745627103643022,0.9720784393505998,0.9675171855870229,0.9737349649036027,0.9761728236230541,0.9778625174701197,0.97535585351589,0.9741288213467324,0.9743011559575221,0.9714082856061655,0.9669266669551394,0.9686785279858231,0.9652217378623661,0.9654614302715568,0.9621679762388954,0.9629226932200273,0.9649426231957882,0.9662732186094479,0.9687369366441945
394547,567,"Durango, CO",msa,CO,,,,,,,,,,,,,,,,,,,,,,,,,,,,,,,,,,,,,,,,,,,,,,,,,,,,,,,,,,,,,,,,,,,,,,,,,0.9792521411641326,0.978242854552612,0.9834983172022514,0.9848348405914106,0.985860987838605,0.9845215644076509,0.9829026471877107,0.9843703967709102,0.9821521925927975,0.9824861993268043,0.9808388575516771,0.9815857544675041,0.980484287700259,0.9813329360451138,0.9832372145207288,0.9884076789569715,0.9844404074010148,0.9815953632209853,0.9760107982696656,0.9760999546547878,0.976139547635401,0.9748892934288249,0.9678369659618995,0.9702476512172575,0.9764548928244988,0.9864856932404361,0.9859021264803988
394750,568,"Kinston, NC",msa,NC,,,,,,,,,,,,,,,,,,,,,,,,,,,,,,,,,,,,,,,,,,,,,,,,,,,,,,,,,,,,,,,,,,,,,,,,,,,,,,,,,,,,,,,,,,,,,,,,,,,0.9893356013014877
395157,570,"Tiffin, OH",msa,OH,,,,,,,,,,,,,,,,,,,,,,,,,,,,,,,,,,,,,,,,,,,,,,,,,,,,,,,,,,,,,,,,,,,,,,,,,,,,,,,,,,,,,,,,,,,,,,,,,,,0.9935181744465041
394366,571,"Batesville, AR",msa,AR,,,,,,,,,,,,,,,,,,,,,,,,,,,,,,,,,,,,,,,,,,,,,,,,,,,,,,,,,,,,,,,,,,,,,,,,,,,,,,,,,,,,,,,,,,0.9636378991364284,0.9587522537689229,0.9602390688154405,0.9617462778924555,0.9717963160200744,0.9736805608876807,0.9784410281743594,0.9728895924227011,0.9685571748667078,0.9658231188655444
394566,573,"Elko, NV",msa,NV,,,,,,,0.9857277987751094,0.9842230250100618,0.9885399546790766,0.9881926356482397,0.9899735069183446,0.9896328776940315,0.9932297263982052,0.9952367339159792,0.9971603163191949,0.9962343903932688,0.994074563179446,0.9958965947188938,0.9962585048523774,0.9955780741940766,0.9908464632746123,0.9902284459701277,0.9911566579531503,0.996905921013972,0.9968930690339853,0.9976046347310099,0.996088794197434,0.9972836792743474,0.9984841594664241,1.0,1.0,1.0,1.0,1.0,1.0,1.0,1.0,1.0,1.0,1.000966183574879,1.0041919900264922,1.0041919900264922,1.0032258064516129,1.0,1.0,1.0,1.0,1.0,1.0,1.0011398826402247,1.0011398826402247,1.0011398826402247,1.0,0.9969120268428228,0.9969120268428228,0.9944965679056246,0.995226416604965,0.9929741643527127,0.995389623289911,0.9977477477477477,1.0,1.0,0.9978354978354979,0.9978354978354979,0.9978354978354979,1.0,1.0,0.9963012308082732,0.9946831078309267,0.9903541035019224,0.9875169249812311,0.9857933604063636,0.9901223647353677,0.9946682626965423,0.9980099502487563,0.9980099502487563,0.9968253968253968,0.9968253968253968,0.9938492063492065,0.9909632034632034,0.9909632034632034,0.993939393939394,1.0,1.0,1.0,1.0,1.0,1.0,1.0,1.0,1.0,1.0,1.0,1.0,0.9970304380103935,0.9970304380103935,0.9970304380103935,1.0,1.0
394517,574,"Danville, KY",msa,KY,,,,,,,,,,,,,,,,,,,,,,,,,,,,,,,,,,,,,,,,,,,,,,,,,,,,,,,,,,,,,,,,,,,,,,,,,,,,,,,,,,,,0.9566978781830091,0.9680511534815811,0.9574389505612434,0.9640226157499003,0.9663587219095361,0.978144907389729,0.9808504297148729,0.9756647657056797,0.9647184353524466,0.9580413347758244,0.9567717053958349,0.9657011603187223,0.9699248540585451,0.9744348328327304,0.9735855832505332,0.9739127590615801
394632,575,"Glasgow, KY",msa,KY,,,,,,,,,,,,,,,,,,,,,,,,,,,,,,,,,,,,,,,,,,,,,,,,,,,,,,,,,,,,,,,,,,,,,,,,,,,,,,,,,,,,,,,,,,,,,,,,,0.9506114730320512,0.9489414727275046,0.953147993318379
395122,576,"St. Marys, GA",msa,GA,0.9832019043162744,0.9809233534746097,0.9824515946408998,0.9830189567357586,0.9883757159187896,0.9891502052100548,0.9908041592852559,0.984209467427406,0.9809823151758635,0.9783937050603718,0.9749763562841139,0.9766904481225116,0.9755510990953139,0.982396617254845,0.9840973811059811,0.9870458666425256,0.9894614614273883,0.9906227025494266,0.990490580241179,0.987453543395899,0.9850430078324571,0.9853137942226988,0.9853220210123675,0.9882358248436027,0.9905846911505548,0.9892308539530422,0.9897747322077639,0.9901309041791019,0.9926536182488194,0.995284343168701,0.996804343805243,1.0,0.9972532862468119,0.9940299895923715,0.9924502107614078,0.9937676724898222,0.9969909691442626,0.9985707479752263,1.0,1.0,1.0,1.0,1.0,1.0,1.0,1.0,1.0,1.0000833541718763,1.0000833541718763,1.0000833541718763,1.0034100596760442,1.0034100596760442,1.0034612001076695,1.0000511404316252,1.0000511404316252,1.0,1.0,1.0,0.9965942954448702,0.9911298145705532,0.9911298145705532,0.9945355191256832,1.0,1.0,1.0,1.0,1.0,0.9988299988299989,0.9988299988299989,0.9988299988299989,0.9941927990708478,0.9941927990708478,0.9941927990708478,1.0,1.0,0.99987320907823,0.9965754708505696,0.9940214165330481,0.9937951001101851,0.9919994597300358,0.991875827972708,0.988959790196131,0.9902659004719504,0.9929435865467998,0.9954170191542602,0.9981694478863886,0.9981694478863886,0.998965160400138,1.0,1.0,0.9947148784541616,0.990328913541881,0.9877849286391195,0.9898338042302653,0.994219769142546,0.9900970873786408,0.9872183729448624,0.9836205156971115,0.9882810441797822
394402,577,"Boone, NC",msa,NC,,,,,,,,,,,,,0.9457396712245815,0.956295929979087,0.9566727427002846,0.9585361839223201,0.96423654714925,0.9675951017947716,0.9661999388513692,0.9616509218311992,0.9570639932309648,0.9595240918354605,0.9599888703394547,0.9565829145728643,0.960598050877572,0.9601654058431571,0.9651889592281512,0.9632712012005973,0.9678795301760146,0.9702430996713396,0.9742972821251504,0.9786189453859705,0.9826960421084713,0.9842377404993372,0.9890737266308481,0.9874494872712134,0.9930895614827163,0.9930895614827163,1.0,1.0,1.0,1.0,1.0,0.9965606794412859,0.9965606794412859,0.9965606794412859,1.0,0.9977740678909294,0.9977740678909294,0.9977740678909294,1.0,1.0,1.0,0.9952380952380953,0.9885714285714285,0.9797791580400276,0.9764109815011194,0.9710538025580053,0.970236297522184,0.9651068073442474,0.9670540119968081,0.969328824238847,0.9760524480051784,0.9787941256372149,0.9800458391066748,0.9781610553336463,0.9779772216663485,0.9759200612077489,0.9778048449807771,0.9697160611482861,0.9631733933466956,0.9582550855857197,0.9660195291557899,0.9717740358431324,0.9767343538147983,0.9809641216026722,0.9830198407975668,0.982147295794691,0.9789383592874029,0.97399123879794,0.9721713695965074,0.9659946040759303,0.962916997655681,0.962078286705076,0.967045229685913,0.9713621276456058,0.975624646834786,0.9765521923569743,0.9755179076368684,0.9723816746860875,0.9688905484841154,0.9684836564644203,0.9640490995493294,0.9580972190248479,0.9569459037751721,0.9557695060494785,0.9602896043588652,0.9613415654108263,0.9648936976132547
395204,578,"Warrensburg, MO",msa,MO,0.9882067191675405,0.9869740471949243,0.9869462445036543,0.9861599295148306,0.9883160356525685,0.9848507131115828,0.9816463249955573,0.9788833987314804,0.9791034441895444,0.977921660705627,0.9786711226994305,0.9795464478037897,0.9798700193351205,0.9826754325031328,0.9844003430679177,0.986356153131053,0.9854936687551472,0.9857561173328104,0.988884113051511,0.9849623656431433,0.9858584407648424,0.9792598835065247,0.9822531439551186,0.9795221735901367,0.9803227971877705,0.9788068014544248,0.9833270364837321,0.9873316604225005,0.9912546428993568,0.9926552031954046,0.9955499207304167,0.9941664043778525,0.9946549482960724,0.9924374122610359,0.9911401580985997,0.9912832813043196,0.9924588298936614,0.9969062392776952,0.9977272727272727,1.0,1.00442025399967,1.00442025399967,1.00442025399967,0.9984496124031007,0.9973567162282374,0.9958484206022947,0.9940318048321907,0.995124701007054,0.9935451473200431,0.9969121506870464,0.9969121506870464,1.0,1.0,1.0,1.0,0.9938904417383907,0.9867982431568304,0.9791690015921756,0.977238980385634,0.978046710581918,0.9787045285084824,0.9807917270242523,0.9838662847528097,0.9908377083908998,0.9967900893432807,1.0,1.0,0.9927864190466282,0.9873418102366348,0.9833084202429552,0.9844087737920465,0.9871867159353732,0.9881008201379373,0.9909778015875254,0.9914222460319698,0.9945415318230851,0.9977777777777778,0.9974554707379135,0.9917579221952577,0.9892703600062028,0.983255910121075,0.9804064501167223,0.9775392599630729,0.9760991323707003,0.979595635867204,0.9793749658353018,0.9893740725748886,0.9944245776253937,1.0,0.9948717948717949,0.9939991945227548,0.986494504091235,0.9863409469243583,0.9821670904259209,0.9863930923328503,0.9871001473316618,0.9884836005161358,0.9866340839125208,0.9912087912087912
394634,579,"Gloversville, NY",msa,NY,,,,,,,,,,,,,,,,,,,,,,,,,,,,,,,,,,,,,,,,,,,,,,,,,,,,,,,,,,,,,,,,,,,,,,,,,,,,,,,,,,,,,,,,,,,,,,,,,0.9902281201602335,0.9895858594023658,0.9816869652475474
394604,580,"Fort Leonard Wood, MO",msa,MO,0.9936978368250724,0.984780639372843,0.9744682341559793,0.9779692768827276,0.9805636196233848,0.9886926187267115,0.9914937391748908,0.9911350794098482,0.9864621553911931,0.9774069438375363,0.983461891898111,0.9855776946624258,0.9865481227988103,0.9816477214237317,0.9804058752957978,0.9820419151062213,0.9818973653089982,0.9818191327442031,0.982487529530243,0.9825441520564535,0.982941889856915,0.9829751102409426,0.9836517336981355,0.9835572066833148,0.9803805905565485,0.9810938232466547,0.9843491334507277,0.9900435428941773,0.9916550114717954,0.9896977877355528,0.9912595277483692,0.9900072747857518,0.9925298502165149,0.9941974433237967,0.9961265332472563,0.9970574885946041,0.9970574885946041,0.998994221970976,1.0,1.0,1.0,1.0,1.0,1.0,1.0,0.9968238843893918,0.9968238843893918,0.9968238843893918,1.0,1.0,1.0,1.0,1.0,1.0,1.0,1.0,1.0,0.9973226238286479,0.9923226238286479,0.9900237732539353,0.9919835319154201,0.9946740630932492,0.9969729136679618,0.9976905311778291,1.0,0.996078431372549,0.996078431372549,0.996078431372549,1.0,0.9939935064935065,0.9911569669812798,0.9901566335367983,0.9955106694530351,0.9983472089652619,0.9993475424097434,1.0,0.9994096980288338,0.9994096980288338,0.9994096980288338,1.0,1.0,0.9945355191256832,0.9918772670698406,0.9918772670698406,0.993646256443788,0.9963045084996304,0.9963045084996304,1.0,1.0,0.9968327650712562,0.9927336539469191,0.9865608144407463,0.9897280493694899,0.9938271604938271,1.0,0.9988899962999876,0.9988899962999876,0.9976079450179364,0.9987179487179487
394993,581,"Poplar Bluff, MO",msa,MO,,,,,,,,,,,,,,,0.9462044636601874,0.9675402623024548,0.9641641243631046,0.9690984888124788,0.9617085966167367,0.9616677946677132,0.9572023899462896,0.9625181911435104,0.96802138615173,0.9672436688881311,0.9664044807538611,0.9626049354802242,0.9695690824443711,0.9660637471685511,0.9642834548813912,0.9679304571616439,0.9696037092126867,0.9717710666099214,0.9685687558249438,0.966046744470713,0.9704939291058282,0.9709545645872063,0.9732658576097942,0.9707757979387255,0.9709554619204807,0.9794395991983924,0.9830025171560904,0.9860629279118106,0.981959463116033,0.9789079705544054,0.9746940522249973,0.9735140417037194,0.9724795127599707,0.9780718388990595,0.9792735961768221,0.9820212483771087,0.9740291662154362,0.974720702272465,0.9749738002597251,0.9809052763607916,0.9759833743222447,0.9751342942270499,0.9705014337118364,0.9665078267281961,0.9619551730756738,0.9548971603615525,0.9540915018373916,0.9578349959815297,0.9641417986294633,0.9677980844228563,0.9672225532388611,0.9661481268243337,0.9623436730198799,0.9630701225326912,0.9508265876626153,0.9525002045655899,0.952127158554867,0.9669848035564721,0.9710314357289908,0.9682494367558752,0.9739460815319245,0.9729934283929325,0.9772011944591753,0.9685439842937894,0.966949398360319,0.9707454057578916,0.9747498746794786,0.9731910049015354,0.9559979399145427,0.9558860694431045,0.9609562165790352,0.9775473383382279,0.9717270946950638,0.9673243096155476,0.9588458028738048,0.9652824604201591,0.9676080360188141,0.9668120131189254,0.9688840906946519,0.9666080151454969,0.97451653864688,0.976554722531095,0.9785762587864713,0.9711990073789875,0.9696228755772833
394562,582,"Elizabeth City, NC",msa,NC,0.9729220348272536,0.97478917388085,0.9808732029198222,0.9831858312592988,0.9873709220758732,0.9837568833992888,0.9852482721018084,0.9784609157335308,0.9792586289556274,0.9778050950037026,0.9796004946391971,0.9760874920639876,0.9729326198971072,0.9659325075876185,0.969813224816257,0.9729478119844576,0.9794680405500449,0.9802981266409961,0.9801278023470171,0.9809193821662352,0.9828606852788341,0.9799524516256394,0.9737206819009606,0.9680742259232612,0.9676309593700254,0.9792482468395702,0.9825606317729271,0.9916375309480427,0.9915559515441729,0.9923515589876389,0.9934658187133595,0.9886792527689711,0.9894052214244521,0.9875004595196901,0.986722574194248,0.9908110894718755,0.9927158513766372,0.9996124031007753,1.0,1.0001852881230313,1.000229744422489,1.000229744422489,1.0000444562994577,1.0,1.0,1.0,0.9992248062015504,0.9992248062015504,0.9992248062015504,1.0,1.0000925121025819,1.0020763565132127,1.0020763565132127,1.0019838444106308,1.0,0.9988472389856469,0.9988472389856469,0.9912714814098894,0.9835004989381573,0.9804632931674663,0.9880390507432238,0.996962794229309,1.0,1.0,1.0000396919901564,1.0000396919901564,1.0000396919901564,1.0,0.9943977591036415,0.9943977591036415,0.9930647327411224,0.9953587140504604,0.9953587140504604,0.9966917404129795,1.0,1.0,1.0,0.9965986394557823,0.9917552565647325,0.9904219232313992,0.9829824588152785,0.9859266095090273,0.9847370594783557,0.9955778844386942,0.9974771166359951,1.0,1.0,1.0,1.0,0.9977690135013498,0.9926854986139135,0.9916503019265429,0.9917307507907843,0.9897879467547958,0.98441288703191,0.9865634246663185,0.9930895768675029,0.9994998332777593,0.9994998332777593
394967,583,"Payson, AZ",msa,AZ,0.972290619621476,0.9791070876649609,0.9792456616130587,0.9777712905734702,0.977240505644112,0.973556267177265,0.9708181840043991,0.9692294070274435,0.9665635246837935,0.9663809548933805,0.965927157610011,0.968100168980241,0.9693458686659006,0.9705213050657218,0.9724404221071516,0.9712607420953548,0.9730556462076924,0.9727739560668475,0.9725672384688254,0.9722658926919602,0.9718612709212741,0.9723621926969953,0.9682828653238823,0.9694177175282034,0.9669545848012074,0.9715830223570391,0.9681319942026065,0.9725577098924112,0.9738298407115332,0.981417141871762,0.9847011259898296,0.9876053189705191,0.987408126110746,0.9919683649531804,0.995780421690769,1.0,1.0,1.0,1.0,1.0,1.0,1.0,1.0,0.9939600737341648,0.9900385051067139,0.9900385051067139,0.996078431372549,0.9949992498492044,0.9923871837892112,0.9917151407784585,0.9967158909292541,0.9967221707040332,0.9924559421098476,0.9803347299886355,0.9750249489915278,0.9728649198866358,0.9696015166232327,0.9654680218564925,0.9553685481606574,0.958852466311871,0.9611396235990283,0.9671977371441649,0.970404085097169,0.9687210685429077,0.9716249253288805,0.9712489798246978,0.9743613803095617,0.9729350558198885,0.9721775897128785,0.9733949181786953,0.9732531251742967,0.9754455185773988,0.9715570430535875,0.9744881123885379,0.9731949084484551,0.9767704778482006,0.9765706911194748,0.975789452235221,0.9718215393287605,0.9710697391445162,0.9723594312709462,0.9693178645017255,0.964622348401098,0.9629639627623625,0.9664725791789608,0.9698727195770056,0.9656291760328785,0.9641707503941251,0.9631980211539538,0.9683858286216532,0.971341949933019,0.9725387251885707,0.9721199812008617,0.9744805402061765,0.970018689125029,0.9726630246752354,0.9693959565246469,0.9766929703790378,0.9753089154635249
394344,584,"Athens, TN",msa,TN,,,,,,,,,,,,,,,,,,,,,,,,,,,,,,,,,,,0.9649470901029217,0.9788031312340272,0.9879549114331723,1.0,1.0,1.0,1.0,1.0,0.998234255444379,0.9925509065753738,0.9925509065753738,0.9896429408539866,0.9911012508081599,0.9911012508081599,0.9952809509579602,0.9995059898727924,0.9995059898727924,1.0,0.9974309569685292,0.989668598943663,0.9755228982262739,0.9670833881052555,0.9639275956208525,0.9636360028959038,0.9572086586124953,0.9570156980106538,0.9574044601630809,0.969632024265645,0.9762079879844658,0.9847191756187398,0.9773488925998719,0.9786386847776928,0.9773920799453449,0.9732956921287951,0.9670188127187108,0.9670000401182598,0.9743463950748888,0.9736725512680701,0.9756617946188401,0.9796147718719671,0.9861038569078125,0.9819960045562647,0.9813861139707057,0.9739028733886134,0.9732446398801683,0.9724038170425381,0.9718976224487289,0.9723862769554783,0.9737664024732631,0.9732949220430944,0.976906379079209,0.9671319387914012,0.9735220700152207,0.9758765220700152,0.9840055065511194,0.9826910857473368,0.9776295297348389,0.971900732585429,0.9734257773743656,0.9702528900259444,0.9747328198420501,0.970667668364691,0.9729415069910935,0.9746637859093136,0.9802940901787958
394571,585,"Enterprise, AL",msa,AL,,,,,,,,,,,,,0.9755554682301085,0.9757094768545915,0.9743518537793366,0.9755218205546377,0.9752933607446965,0.9747462219151894,0.9769132116953075,0.9765041459181956,0.9763417834903869,0.9786545824138767,0.9806532508915984,0.9837465240487552,0.9808888668361208,0.9809002423362401,0.9772446114399406,0.9772472132937261,0.9777869719373938,0.98342011701277,0.9877602975294212,0.9883187741951539,0.9882788141551938,0.9884048645753619,0.9846906313480108,0.979433021574272,0.9803959586778968,0.9867509440626808,0.9957115175393834,0.9976897569063468,1.0,1.0,1.0,1.0,0.9971199029862059,0.9939310078445814,0.9909412222395945,0.9938213192533887,0.9970102143950131,1.0,1.0,1.0,1.0,1.0,1.0,1.0,1.0,0.9919349593495935,0.9919349593495935,0.9811822711775505,0.989247311827957,0.9868519445770794,0.9976046327491224,0.9976046327491224,1.0,1.0,1.0,0.9964984166753662,0.9936198904807778,0.985420851747388,0.9829369803435503,0.9813412336074899,0.9843202929372509,0.9881939326162614,0.9886999515786563,0.9933634479550175,0.9881623092825623,0.9909105551174288,0.9865650773603827,0.9928830062066769,0.9879054776647683,0.9857579482592675,0.9780949644768807,0.978873989661559,0.9797530137341767,0.9805077919377315,0.9811556362164636,0.9856383386205803,0.9894888841712853,0.9929777259645959,0.9864665649464932,0.9853293764325205,0.9814298547008367,0.9813978846190087,0.978222478737716,0.977742113219893,0.9803232905187794,0.9835603646895885,0.9842698197561726
394339,586,"Ashland, OH",msa,OH,,,,,,,,,,,,,,,,,,,,,,,,,,,,,,,,,,,,,,,,,,,,,,,,,,,,,,,,,,,,,,,,,,,,,,,,,,,,,,,,,,,,,,,,,,,,,,,,,0.9889776234567901,0.9905967466462103,0.985075913312877
395073,587,"Scottsboro, AL",msa,AL,,,,,,,,,,,,,,,,,,,,,,,,,,,,,,,,,,,,,,,,,,,,,,,,,,,,,,,,,,,,,,,,,,,,,,,,,,,,,,,,,,,,,,,,,,,,,,,,,,0.9612991156519891,0.9598692874987665
394861,588,"Milledgeville, GA",msa,GA,,,,,,,,,,,,,,,,,,,,,,,,,,,,,,,,,,,,,,,,,,,,,,,,,,,,,,,,,,,,,,,,,,,,,,,,,,,,,,,,,,,,,,,,,,,,,,,,,,,0.9542288179635313
394742,589,"Kerrville, TX",msa,TX,,,,,,,,,,,,,,,,,,,,,,,,,,,,,,,,,,,,,,,,,,,,,,,,,,,,,,,,,,,,,,,,,,,,,,,,,,,,,,,,,,0.977124323602376,0.9697026915679793,0.9632141994834345,0.9629070508504275,0.9700627318082592,0.9666864256343981,0.9650128159199234,0.967338103820223,0.9702675404999007,0.9684432049528587,0.9603468568565106,0.9566823429229115,0.9545688992600753,0.9633438900709942,0.9668924548546457,0.9721453986427582,0.9730486768321421,0.9760880592819768
394363,590,"Bartlesville, OK",msa,OK,,,,,,,,,,,,,0.9583984567268473,0.960177383645091,0.9756061114213798,0.9714028986324639,0.9830512185373542,0.9786086218066528,0.9814727247980454,0.9760631425621303,0.9812993900864826,0.9804204726291111,0.9812091816369982,0.9804754290164531,0.9826268340303811,0.9829731543767014,0.9864025960132405,0.9850155913358964,0.9879630210723169,0.9878323423996663,0.9924009902724444,0.9904059414884049,0.9933964867006169,0.9952380952380953,0.9926866288052696,0.989999514694856,0.989999514694856,0.9973128858895864,1.0002084636230977,1.0002560962800473,1.0003541643392804,1.0001457007161827,1.000098068059233,1.0,1.0,1.0,1.0,1.0,1.0,1.0,1.0002782415136338,1.0002782415136338,1.0002782415136338,1.0,1.0,1.0,0.997828447339848,0.997828447339848,0.997828447339848,0.994079988029584,0.994079988029584,0.994079988029584,1.0,1.0,0.9964231136580707,0.9964231136580707,0.9964231136580707,0.9943038758146664,0.9862036518213341,0.9862036518213341,0.9912053315622232,0.9935684458968773,0.9902017893065501,0.987351423085661,0.9891553960678398,0.9910632634532072,0.9946080741185406,0.9958115458172309,0.9935666313184871,0.9935666313184871,0.9888888888888889,0.98853078234353,0.9824332213679202,0.9898406287753275,0.9939024390243901,1.0,0.9976985388750096,0.9953000233693966,0.9953000233693966,0.9976014844943872,0.9968253968253968,0.9923135734481073,0.9841428214054192,0.9844413095199084,0.9802140567423915,0.9844840485944761,0.9841220385238098,0.9866119275281416,0.9871069831636149
394503,592,"Corsicana, TX",msa,TX,,,,,,,,,,,,,,,,,,,,,,,,,,,,,,,,,,,,,,,,,,,,,,,,,,,,,,,,,,,,,,,,,,,,,,,,,,,,,,,,,,,,,,,,,,,,,,,0.9753812902699616,0.9653531047672331,0.9730367205864422,0.9703106075618217,0.9760770416543437
394652,593,"Greenville, OH",msa,OH,,,,,,,,,,,,,,,,,,,,,,,,,,,,,,,,,,,,,,,,,,,,,,,,,,,,,,,,,,,,,,,,,,,,,,,,,,,,,,,,,,,,0.9734804738040174,0.9693706356516261,0.9733387190922483,0.9718580569019885,0.9748388073399261,0.9751204329632651,0.9855557348896946,0.9899496827180734,0.9862812027542764,0.978961044626852,0.9746026701841184,0.9792914159517442,0.9693135128274605,0.9709580955323373,0.9714180558529749,0.9866386730784936
395029,594,"Rochelle, IL",msa,IL,,,,,,,,,,,,,,,,,,,,,,,,,,,,,,,,,,,,,,,,,,,,,,,,,,,,,,,,,,,,,,,,,,,,,,,,,,,,,,,,,,,,,,,,,,,,,,,,0.9816847416892784,0.9799415573373983,0.9841345161036733,0.9949451955105445
786250,595,"Alexander City, AL",msa,AL,,,,,,,,,,,,,,,,,,,,,,,,,,,,,,,,,,,,,,,,,,,,,,,,,,,,,,,,,,,,,,,,,,,,,,,,,,,,,,,,,,,,0.963609919259396,0.96758849562189,0.9751323083639593,0.9726553980202611,0.9651518464252722,0.9601858082212305,0.9558459356325187,0.9618627012682334,0.957104164530309,0.9641704038616172,0.9642715470134444,0.9688468067970376,0.9675093289433297,0.9682928564363683,0.9737082595846145,0.9704443706957256
394838,598,"Mason City, IA",msa,IA,,,,,,,,,,,,,,,,,,,,,,,,,,,,,,,,,,,,,,,,,,,,,,,,,,,,,,,,,,,,,,,,,,,,,,,,,0.9650936866182617,0.9628769403569063,0.9748344336402236,0.9757810078767001,0.9759933123875114,0.9743839694701183,0.9756447307743105,0.9717707236768408,0.9707113402710887,0.9604436585917818,0.9634820072505969,0.9603166474822539,0.9622105243476264,0.9635224964472303,0.9722391623853476,0.9801566867420662,0.981477336050158,0.9767725907269446,0.9756995810023877,0.9718545391160354,0.9712773385388348,0.9695857056278893,0.9697127058818897,0.9689135093636722,0.9661607009010872,0.9702639114946997,0.975514400599803
394717,599,"Jacksonville, TX",msa,TX,,,,,,,,,,,,,,,,,,,,,,,,,,,,,,,,,,,,,,,,,,,,,,,,,,,,,,,,,,,,,,,,,,,,,,,,,,,,,,,,,,,,,,,,,,,,,,,,,0.9493121494555895,0.9551805513003696,0.9647083121038125
394625,600,"Galesburg, IL",msa,IL,,,,,,,,,,,,,,,,,,,,,,,,,,,,,,,,,,,,,,,,,,,,,,,,,,,,,,,,,,,,,,,,,,,,,,,,,,,,,,,,,,,,,,,,,,,,,,,,0.9550340698456088,0.9572958391385008,0.9645109713017078,0.9774007651902719
394954,601,"Pahrump, NV",msa,NV,,,,,,,,,,,,,,,,,,,,,,,,,,,,,,,,,,,0.993142161224594,0.9918321811416511,0.993566381456905,0.9959304476507583,1.0,1.0,1.0,1.0,1.0,0.9968253968253968,0.9968253968253968,0.9968253968253968,0.9956621276780387,0.9956621276780387,0.9937098497100675,0.9980477220320286,0.9980477220320286,0.9988763246016608,0.9979669581269714,0.9979669581269714,0.991752312202229,0.9851635859430093,0.9799787085594963,0.9866190308132432,0.9876356420656709,0.982405725561936,0.9750061533758045,0.9769469173209978,0.9794788685082757,0.9800787504062,0.9795536118128022,0.982461330134663,0.9829362486899061,0.9813948428931814,0.9761658856386376,0.9772947468142169,0.9755477898600932,0.9803851451957875,0.9787602578300253,0.9854706410941216,0.9860754626291758,0.9900427629194753,0.9916865985359137,0.9918822932521563,0.9915471210998112,0.9864189159716061,0.9866339454021499,0.9860474381774248,0.9866373456303498,0.9909885262454682,0.9913464759872713,0.9943696221474,0.9880225954050083,0.9886290498126321,0.9896441179805592,0.9952409571760642,0.9967142128568538,0.9935881729907637,0.9843881117814316,0.9787115457682556,0.9764288397566788,0.9847289234963962,0.9866875838027559,0.9925964130276475,0.994246578044149
394963,602,"Paris, TX",msa,TX,,,,,,,,,,,,,,,,,,,,,,,,,,,,,,,,,,,,,,,,,,,,,,,,,,,,,,,,,,,,,,,,,,,,,,,,,,,,,,,,,,,,,0.9439532744308249,0.9543827580658051,0.972343652651077,0.9691431800854264,0.9675892147303645,0.960217390107078,0.9553684185739065,0.9515740816893189,0.9446160473340243,0.9498661225601609,0.9374161045962747,0.9419475617683858,0.9455145316274906,0.9611042009817409,0.9684148098364335
395234,603,"Winona, MN",msa,MN,,,,,,,,,,,,,,,,,,,,,,,,,,,,,,,,,,,,,,,,,,,,,,,,,,,,,,,,,,,,,,,,,,,,,,,,,,,,,,,,,,,,,,,,,,,,,,,,,0.9865147058319731,0.9946030936596975,1.0095468602931288
753905,604,"Newport, OR",msa,OR,0.9635266266109118,0.9700411991626102,0.9697284643372998,0.9733399336033797,0.9744146115053153,0.9772784341175983,0.9783984623991523,0.9746861680574005,0.9725660577746487,0.9678990965481473,0.9665327276837727,0.9662777774470129,0.9718594738076037,0.9758372955897819,0.9781451206408288,0.9792914990167757,0.9771365018930585,0.9740473985420112,0.9690806738457178,0.9717375400349025,0.9753880385948626,0.9767922957048304,0.9727334710761949,0.9688203930529946,0.9719990070083099,0.9750263573967288,0.975965287627662,0.974424301577948,0.976283075753631,0.9789285147257284,0.9807467858938447,0.9815560473018016,0.9880291493631389,0.9922493896064756,0.9976842925309183,0.9976842925309183,1.0,1.0,1.0,1.0,1.0,1.0,1.0,1.0,1.0,0.9957805907172995,0.9912760862127951,0.9912760862127952,0.9954954954954954,1.0,1.0,1.0,1.0,0.9958847736625515,0.9896057860342488,0.9828030649458134,0.9783527257727176,0.9764073084331848,0.970027355321997,0.9709411154020847,0.9760208662818699,0.9865990643476055,0.9939842031113951,0.9919414089472681,0.9878785516144625,0.9797418569365913,0.9786579071494211,0.9702498637316924,0.9654650120823517,0.9618911217953983,0.9673857122749997,0.9707254404203933,0.9711189329054846,0.9722251430391188,0.9728428586568345,0.9757407411127647,0.9772708729395067,0.9806792258675102,0.9821826342022848,0.9819299225078176,0.9817999578582023,0.9749457010039455,0.9718335787923417,0.9664223233810864,0.9655038662884867,0.9696997843151155,0.9723529276319757,0.9782349701587489,0.9777885845268703,0.9776534537126874,0.9738351726844737,0.9733027200586787,0.9713778032640398,0.977590360921824,0.9746981768966512,0.9748955400341637,0.9707844312171726,0.9721088483513999,0.9751806159369854
395091,606,"Shelbyville, TN",msa,TN,,,,,,,,,,,,,,,,,,,,,,,,,,,,,,,,,,,,,,,,,,,,,,,,,,,,,,,,,,,,0.9928954617949833,0.9934499626092056,0.9796330368751813,0.9796330368751813,0.9861830742659757,1.0,0.9950490047489139,0.9863909960909053,0.9832544121159978,0.9866540303468918,0.9920412357340972,0.9859692542303428,0.9822103990495462,0.9794466780264596,0.9876871892940855,0.9888719058056129,0.994906430099503,0.9913699798060343,0.9928065066599189,0.9893083670376207,0.988366611677726,0.9857850831421077,0.9837352340751441,0.985927525685575,0.99119804305677,0.9852955137038739,0.9885494819578421,0.9828997644437178,0.992640880776474,0.9826017451630659,0.9808976186586394,0.9776995080992604,0.9800803675875732,0.9838439897092967,0.9822155542656592,0.9884756240637896,0.9884426575548199,0.9924026135104117,0.9899695270302561,0.9896506107967392
753911,608,"Ozark, AL",msa,AL,,,,,,,,,,,,,,,,,,,,,,,,,,,,,,,,,,,,,,,,,,,,,,,,,,,,,,,,,,,,,,,,,,,,,,,,,,,,,,,,,,,,,,,,,,,,,,,,,0.974829199972672,0.9823688825123545,0.9785518904916426
394628,610,"Gardnerville Ranchos, NV",msa,NV,,,,,,,,,,,,0.9788931861707487,0.980439856509117,0.9872282686213704,0.9852288117034629,0.9891751354110744,0.9841374309086981,0.986828562407169,0.9821413024491115,0.9839083924654289,0.9814670441823682,0.9795338687839489,0.9784646738829551,0.9808743544336082,0.9853806767365406,0.9888120696660224,0.9849316358818717,0.9833752844647962,0.9861188486536676,0.9931056869901617,0.996775004805918,0.9932569749026637,0.9919541759550734,0.9908955326446143,0.9920776118379339,0.994750118410033,0.9976640492900656,1.0,1.0022178322290352,1.0059454533767225,1.0069903854561373,1.0047725532271021,1.0010449320794148,0.9993527508090615,0.9993527508090615,0.995742388600645,0.9955292377055436,0.9934657456420516,0.997076107850468,0.997936507936508,1.0,1.0,0.9967119330606055,0.9861056190779721,0.9786421230412595,0.9734211657605633,0.9782471329223874,0.9756426359087428,0.9735579399022051,0.9709525424882136,0.9748546867906155,0.9782799482358819,0.9820036878086782,0.985787236640748,0.9878790300439371,0.9879473141085208,0.984285938885639,0.9823712452693107,0.9799571111784645,0.9770015934197338,0.9725480310980691,0.9722528080607232,0.9749626927821206,0.9813311047622751,0.9810050745066675,0.9833136925909668,0.983683668150677,0.9862193975240877,0.985668597600528,0.9856537433221079,0.9821105501483984,0.9726746904765936,0.967396078531315,0.9698201396016088,0.9811776170907994,0.9891985073409341,0.9954110180521593,0.9937784660077104,0.9888262588073552,0.9833468683855225,0.9742559912946197,0.9739919300935798,0.9711327755915017,0.974776375161556,0.971932806227133,0.9750081932563068,0.9786372889589735,0.9841848463836729,0.9831586961023092
394437,612,"Ca±on City, CO",msa,CO,,,,,0.960221961806836,0.9866407208920437,0.9887340002021437,0.9868394753096797,0.9951473925104306,0.9899737493773996,0.984739012823363,0.9816701700883524,0.9823557469585884,0.9868770793474869,0.9902770059020979,0.9909821693469875,0.9923549808988904,0.9858809363544045,0.9853002551707085,0.9818187093787863,0.9815561573653241,0.9823799572880617,0.9846234838066504,0.9891597049965313,0.9933610307019342,0.9926141751801866,0.9875331046699009,0.9875331046699009,0.987520716632321,0.9949483352468427,0.9914350348955127,0.9927514907857872,0.9927514907857873,0.9916135372295697,0.9910476708236352,0.9838124422840587,0.9884636961916065,0.9927647714604236,1.0,1.0,1.0,1.0,1.0,1.0,0.9949986107252015,0.9865111902947681,0.9856673084382278,0.9906686977130265,0.99915611814346,1.0,1.0,1.0,0.9954617023247199,0.9911772121790472,0.9848400765643449,0.9811165832455805,0.9794481507716638,0.9735566711197761,0.9747596385844091,0.9729606232195022,0.9766295541416176,0.9773353433322486,0.9811657126892938,0.987572080926964,0.9878697363462766,0.9886091430167802,0.9883815067426323,0.9842057811304775,0.9821796097540917,0.9738078739630011,0.9766104515212701,0.9724246624713505,0.9754850429510858,0.9750019725762225,0.9821129899366442,0.9864711093755535,0.9889542055459514,0.9866711005231202,0.9864140573129467,0.9857574060641502,0.9842115787640303,0.9821145280888081,0.9827762345412897,0.9775407300490304,0.9753858749329226,0.9752137479957911,0.9820567853293275,0.9866958154987046,0.9882211591673409,0.9866650576112392,0.9848608174513553,0.9805985258626828,0.9777236044568766,0.9689338398649582,0.971076228087551,0.9737568601304759,0.9793029089520494,0.9774422974768359,0.977980394307535
394906,614,"New Castle, IN",msa,IN,,,,,,,,,,,,,,,,,,,,,,,,,,,,,,,,,,,,,,,,,,,,,,,,,,,,,,,,,,,,,,,,,,,,,,,,,,,,,,,,,,,,,0.9716317461757779,0.9819709381166201,0.9943166171289658,0.9978612377962216,0.9893889962618485,0.9843736618593275,0.9798528619043863,0.9784713490845781,0.9786590593599754,0.9797037248547031,0.9835235516889131,0.9883511758160369,0.9880851780507395,0.988363042991268,0.9877219963914047
394478,615,"Clovis, NM",msa,NM,,,,,,,,,,,,,,,,,,,,,,,,,,,,,,,,,,,,,,,,,,,,,,,,,,,,,,,,,,,,,,,,,,,,,,,,,,0.9754010900298294,0.9784126984126984,0.9875888963123449,0.9875303957896815,0.9895862715327581,0.9872745617596506,0.9836157043714078,0.9782523350882794,0.9766468576140096,0.9774390454568885,0.9787982893774577,0.9828199271547734,0.9794183043725475,0.9858109984364746,0.9879162775122204,0.9930959646800517,0.9930959646800517,0.988661881396436,0.9897425418961334,0.9804100917196846,0.9828114203560773,0.9792247027811611,0.9856903707199782,0.9834979939722629,0.9866130232512207,0.9867202332225538
394919,616,"Norfolk, NE",msa,NE,,,,,,,,,,,,,,,,,,,,,,,,,,,,,,,,,,,,,,,,,,,,,,,,,,,,,,,,,,,,,,,,,,,,,,,,,,,,,,,,,,,,,,,,,,,,,,,,,,0.9713127039225716,0.9747027433703034
394431,617,"Cadillac, MI",msa,MI,,,,,,,,,,,,,,,,,,,,,,,,,,,,,,,,,,,,,,,,,,,,,,,,,,,,,,,,,,,,,,,,,,,,,,,,,,,,,,,,,,,,,,,,,,,,,,,,,0.9759065907510922,0.9884274739090957,0.9944047697915682
395043,618,"Ruston, LA",msa,LA,,,,,,,,,,,,,,,,,,,,,,,,,,,,,,,,,,,,,,,,,,,,,,,,,,,,,,,,,,,,,,,,,,,,,,,,,,,,,,,,,,,,,,,,,,,,,,,,,0.9712820553070204,0.9709852822415478,0.9867574850572566
395097,619,"Sidney, OH",msa,OH,,,,,,,,,,,,,,,,,,,,,,,,,,,,,,,,,,,,,,,,,,,,,,,,,,,,,,,,,,,,,,,,,,,,,,,,,,,,,,,,,,,,,,,,,,,,,,,,,,0.9718191874511627,0.9767287481746769
395008,620,"Pullman, WA",msa,WA,,,,,,,,,,,,,,,,,,,,,,,,,,,,,,,,,,,,,,,,,,,,,,,,,,,,,,,,,,,,,,,,,,,,,,,,,,,,,,,,,,,,,,,,,,,,,,,,0.9768902189082117,0.9851644023466597,0.9931868696223206,0.9969747484101994
394391,623,"Blackfoot, ID",msa,ID,,,,,,,,,,,,,,,,,,,,,,,,,,,,,,,,,,,,,,,,,,,,,,,,,,,,,,,,,,,,,,,,,,,,,,,,,,,,,,,,,,,,,,,,,,,,,,,,0.9921905833136001,0.9863689066554976,0.986206405211695,0.9894426511663875
395017,624,"Red Wing, MN",msa,MN,,,,,,,,,,,,,,,,,,,,,,,,,,,,,,,,,,,,,,,,,,,,,,,,,,,,,,,,,,,,,,,,,,,,,,,,,,,,,,,,,,,,0.9907953855494839,0.9907953855494839,0.994074074074074,1.0,1.0,0.9921568627450981,0.9886404325280495,0.9837345804339334,0.984798056671886,0.986512685087133,0.9859722773168498,0.9875436050004657,0.9871007378909319,0.9918605213406994,0.9970688546740326,0.9983638559690341
395144,626,"Tahlequah, OK",msa,OK,,,,,,,,,,,,,,,,,,,,,,,,,,,,,,,,,,,,,,,,,,,,,,,,,,,,,,,,,,,,,,,,,,,,,,,,,,,,,,,,,,,,,,,,,,,,,,,,,,0.9674346528788326,0.9856164710606506
394739,627,"Kendallville, IN",msa,IN,,,,,,,,,,,,,,,,,,,,,,,,,,,,,,,,,,,,,,,,,,,,,,,,,,,,,,,,,,,,,,,,,,,,,,,,,,,,,,,,,,,,,,,,,,,,,,,,0.9772341414403245,0.9832252452287333,0.9923437862621679,0.9949398767283005
394876,628,"Montrose, CO",msa,CO,,,,,,,,,,,,,,,,,,,,,,,,,,,,,,,,,,,,,,,,,,,,,,,,,,,,,,,,,,,,,,,,,,,,,,,,0.9733495546706558,0.9776750075299963,0.980292487038327,0.9834160544482042,0.9850166729436074,0.9848453358527657,0.9861662128873331,0.9780862586832736,0.9719459078060805,0.9730443408799104,0.9761549138865074,0.9781622702868602,0.9774283628682537,0.9789410271177689,0.9841055923630219,0.9825550492296463,0.981479224052109,0.9808238631437547,0.9801580287700551,0.9794726965966132,0.9743956320357,0.9706640809357278,0.9723180407752824,0.976074915284246,0.9764611856195825,0.9748112681440024,0.9749005474811927,0.9805367824804253
394477,631,"Clinton, IA",msa,IA,,,,,,,,,,,,,,,,,,,,,,,,,,,0.9680645934851064,0.9750481472267856,0.976438108616747,0.9790147582513754,0.9785045274643137,0.9764624570832433,0.9762399958445274,0.974909262885235,0.9769946233095957,0.9751629826648581,0.9790087124522323,0.9796830768130681,0.9851876427056189,0.9893439134183698,0.9984700007378523,1.0022246941045607,1.0022246941045607,0.9952380952380953,0.9952380952380953,0.9858860578299457,0.9887241457392147,0.9825494976878743,0.9833545265490155,0.9852783434016511,0.989784470874571,0.9983314794215795,0.9931159211460457,0.9942286803313576,0.9943621204371169,0.9977003320292966,0.9967746119409236,0.9838206590146515,0.9755458682284068,0.9678423129697414,0.9714162157572267,0.9765178481763205,0.9857028849164674,0.9853359968133364,0.9844561094110474,0.9844561094110474,0.9813832005093346,0.9753627146596165,0.9649159976001828,0.9659273986814184,0.9597228666716574,0.9568134793345244,0.9603585311818569,0.9697598797064583,0.9831159841030251,0.9877516653400651,0.9889609700944885,0.9821427882763069,0.98563706114857,0.9894027807248881,0.9869430137561137,0.9752680077994781,0.9698234943134416,0.9673306559197744,0.9673306559197745,0.97263263823529,0.9812215263499743,0.9777450171550948,0.9769835531492025,0.9736877618409937,0.9803714850453676,0.9749535075777008,0.9770603674940618,0.9761216941523848,0.9752907049945473,0.9658250574649129,0.9674500395077409,0.9679653720999218,0.9800880540290741
753916,632,"Sandpoint, ID",msa,ID,,,,,,,,,,,,,,,,,,,,,,,,,,,,,,,,,,,,,,0.999717992103779,1.0,1.0,1.0,0.9971795011938026,0.9971795011938026,0.9971795011938026,1.0,0.9917984768599882,0.9813522671427813,0.9777794761928563,0.9859809993328681,0.9964272090500751,0.9962159154145799,0.9962159154145799,0.9841738336131968,0.9756351167023508,0.9661113071785411,0.9633069378918625,0.962969729526575,0.9522301145316409,0.9521180048758175,0.9572592177448899,0.9649440259114325,0.9650877718405028,0.9669568513188597,0.9686558380414313,0.9766805293994559,0.9717292424304845,0.9721038215550637,0.9698230267559157,0.9650182960346184,0.9579155748335366,0.9536531597561414,0.9578103672809112,0.9647856994563959,0.9682255776907946,0.9754880565413195,0.9819355819871646,0.9836251941454139,0.9795585863149934,0.9761442320063806,0.9696707002586139,0.9671245582150302,0.9626756338373613,0.9725172573168755,0.9773248102287321,0.9762338444237647,0.9743680016378403,0.9721592474290861,0.9793307430367643,0.9789250164914699,0.9800874096538631,0.9741671041157166,0.9703246939720414,0.9694994655606061,0.9704018155143065,0.9726554995945857,0.9707717954641529,0.9729717946886102,0.9716103700277947,0.975591044795398
753865,633,"Bardstown, KY",msa,KY,,,,,,,,,,,,,,,,,,,,,,,,,,,,,,,,,,,,,,,,,,,,,,,,,,,,,,,,,,,,,,,,,,,,,,0.9821632552575478,0.9745940303844999,0.9781929122852685,0.9845846054187349,0.9856178825793643,0.986030189601894,0.9827515010773039,0.9808436279899625,0.982480574990292,0.9823876478397118,0.9898364437638493,0.982033640402709,0.9808761905464692,0.9743370828879585,0.9836772195914772,0.9848179414636956,0.9896053899360758,0.9855702529032371,0.9866979682807638,0.9861443223095131,0.9860747981571537,0.9824161608219918,0.9784540038237219,0.9793118910223911,0.980088381946981,0.9805906578084848,0.979299146570978,0.9817628005237772,0.9815785672491021,0.9881906424663907
395201,634,"Wapakoneta, OH",msa,OH,,,,,,,,,,,,,,,,,,,,,,,,,,,,,,,,,,,,,,,,,,,,,,,,,,,,,,,,,,,,,,,,,,,,,,,,,,,,,,,,,,,,,,,,,,,,,,,,,,,0.9842178189039105
394987,635,"Plymouth, IN",msa,IN,,,,,,,,,,,,,,,,,,,,,,,,,,,,,,,,,,,,,,,,,,,,,,,,,,,,,,,,,,,,,,,,,,,,,,,,,,,,,,,,,,,,,,,,,,,,,,,,,,,0.98403128742394
394789,636,"Lewistown, PA",msa,PA,,,,,,,,,,,,,,,,,,,,,,,,,,,,,,,,,,,,,,,,,,,,,,,,,,,,,,,,,,,,,,,,,,,,,,,,,,,,,,,,,,,,,,,,,,,,,,,0.9943041109460129,0.9943041109460129,0.9932318104906938,0.9879408051996884,0.9879408051996884
394377,638,"Bellefontaine, OH",msa,OH,,,,,,,,,,,,,,,,,,,,,,,,,,,,,,,,,,,,,,,,,,,,,,,,,,,,,,,,,,,,,,,,,,,,,,,,,,,,,,,,,,,,,,,,,,,,,,,,0.9807651224882057,0.9782725232240895,0.9828821355163889,0.985677054741941
395087,639,"Seymour, IN",msa,IN,,,,,,,,,,,,,,,,,,,,,,,,,,,,,,,,,,,,,,,,,,,,,,,,,,,,,,,,,,,,,,,,,,,,,,,,,,,,,,,,,,,,,,,,,,,,,,,,0.9688413633593882,0.9688708062814172,0.9783997884145398,0.9821049524759952
394426,640,"Burley, ID",msa,ID,,,,,,,,,,,,,,,,,,,,,,,,,,,,,,,,,,,,,,,,,,,,,,,,,,,,,,,,,,,,,,,,,,,,,,,,,,,,,,,,,,,,,,,,,,,,,,,,0.984194585915497,0.9893705693523499,0.9853808635215792,0.9858145148658982
394548,641,"Durant, OK",msa,OK,,,,,,,,,,,,,,,,,,,,,,,,,,,,,,,,,,,,,,,,,,,,,,,,,,,,,,,,,,,,,,,,,,,,,,,,,,,,,,,,,,,,,,,,,,,,,,,,,0.9733497121724631,0.9765569247057178,0.9894191535127342
394500,644,"Cornelia, GA",msa,GA,0.9778329064440267,0.9753302758314396,0.9805053474015786,0.9782235523290231,0.9840448328960051,0.986605582596343,0.9854576931957336,0.9819061333849094,0.9750436976453093,0.9807418706053017,0.9755376336189302,0.9824154626178222,0.9732563320553829,0.97634696633923,0.9747908152196657,0.9778275097637396,0.9761430957767354,0.9777387412775974,0.9775464074253867,0.9762261149252384,0.9755366991413634,0.9745086466181059,0.9758742660240508,0.9765526260020537,0.9811066217595834,0.9858832628197648,0.9846426860271548,0.9846985878635302,0.98188147717197,0.9824387460645001,0.9835701728964059,0.9870244975951251,0.9903221549353253,0.9922275839265765,0.9870084304893442,0.9857305114643341,0.9873165810174385,0.9948353780099198,0.999666295884316,1.0,0.9997543342458061,0.9994455779163013,0.9971780042201562,0.9974236699743502,0.9977324263038548,1.0,0.9948873838073463,0.9948873838073463,0.9950207704953549,1.0001333866880084,1.0001333866880084,1.0,1.0,0.9932993989436625,0.9899711439337011,0.9899711439337011,0.9928107411290347,0.9909290346927109,0.9835012839637106,0.9786484785174535,0.9838584399637389,0.9865242859308344,0.9862290862290862,0.9862290862290862,0.9858261558261558,0.9877553690057859,0.9821920759076738,0.987356911072509,0.9910966935418345,0.9906358902544042,0.9867902914088056,0.9901303047688591,0.9901423771063049,0.987842568966896,0.9878425689668963,0.98924098286505,0.9953863898500576,0.9866770759541588,0.9874487492785028,0.9818422856443828,0.9823327609087151,0.9740534856131015,0.970136139723412,0.9702984612804251,0.9751810231836305,0.9792841153825081,0.9812890083987682,0.9843609919501081,0.9805224500157809,0.9814458689458689,0.9762511418312031,0.9795986230095165,0.9813057755061426,0.9763372555037799,0.9689157002513924,0.9630774936237122,0.9721827470103332,0.9803799735126445,0.9829558576674761
753889,645,"Hillsdale, MI",msa,MI,,,,,,,,,,,,,,,,,,,,,,,,,,,,,,,,,,,,,,,,,,,,,,,,,,,,,,,,,,,,,,,,,,,,,,,,,,,,,,,,,,,,,,,,,,,,,,,,,,0.9739831960057249,0.9799781961306057
394961,647,"Paragould, AR",msa,AR,,,,,,,,,,,,,,,,,,,,,,,,,,,,,,,,,,,,,,,,,,,,,,,,,,,,,,,,,,,,,,,,,,,,,,,,,,,,,,,,,,,,,,,,,,,,,,,,,0.9815159512404725,0.9862899083374742,0.9804544909264941
394427,649,"Burlington, IA",msa,IA,,,,,,,,,,,,,,,,,,,,,,,,,,,,,,,,,,,,,,,,,,,,,,,,,,,,,,,,,,,,,,,,,,,,,,,,,,,,,,,,,,,,,,,,,,,,,,,,,0.935680631530938,0.9330509356989894,0.9521899444145454
394817,650,"Madisonville, KY",msa,KY,,,,,,,,,,,,,,,,,,,,,,,,,,,,,,,,,,,,,,,,,,,,,,,,,,,,,,,,,,,,,,,,,,,,,,,,,,,,,,,,,,,,,,,,,,,,,,,,,0.9651522948470926,0.958745050821039,0.9578756181428102
786259,655,"Grand Rapids, MN",msa,MN,,,,,,,,,,,,,,,,,,,,,,,,,,,,,,,,,,,,,,,,,,,,,,,,,,,,,,,,,,,,,,,,,,,,,,,,,,,,,,,,,,,,,,,,,,,,,,,,,,,0.9897742997296896
395208,656,"Washington, NC",msa,NC,,,,,,,,,,,,,,,,,,,,,,,,,,,,,,,,,,,,,,,,,,,,,,,,,,,,,,,,,,,,,,,,,,,,,,,,,,,,,,,,,,,,0.9564723642834109,0.9637436745314809,0.9719470826376234,0.9769479235843814,0.9678039485831641,0.9635290133011983,0.964267089723753,0.9674882976081731,0.9646797812140413,0.9598976487240657,0.9622311456967378,0.9619003904933171,0.9576596992394878,0.955335229808857,0.9614696498873064,0.9654977227290354
394616,657,"Freeport, IL",msa,IL,,,,,,,,,,,,,,,,,,,,,,,,,,,,,,,,,,,,,,0.9458272792560903,0.9524819433286481,0.9658735165846576,0.9842206531158864,0.9845243631939405,0.9941378613300991,0.9941378613300991,0.9956321839080461,0.9843414474440993,0.9748176379202899,0.9684327658402009,0.9717689568496021,0.9812927663734116,0.9920454545454546,0.9981950166764765,0.9956390577390993,0.9895936126692639,0.9832278439500995,0.9821912958307664,0.977340587909719,0.9724803261395323,0.9594061665295759,0.9570970374076135,0.9611795053591906,0.9655004930135117,0.9709897257436406,0.9799382716049383,0.992283950617284,1.0,0.9886553219886554,0.9782386553219887,0.9694667254974273,0.9694254592606368,0.9709808796079717,0.97537226890412,0.977554531679666,0.9864157779989977,0.986337009720276,0.9893014305619324,0.9876040804921974,0.9827247195833041,0.9889639802142368,0.9879963782643916,0.9884943193264822,0.9807725391909091,0.9772069616154737,0.9759466801684011,0.9756615156551792,0.9818920452501949,0.990907279021129,0.998914223669924,0.9985293121995622,0.9946640932785521,0.9862782082173626,0.9797671578079784,0.9804524614076326,0.9783321382548774,0.9759168465620395,0.9582717385248941,0.9583912119966755,0.9677024655692593,0.9896132652578368
395037,659,"Rolla, MO",msa,MO,,,,,,,,,,,,,,,,,,,,,,,,,,,,,,,,,,,,,,,,,,,,,,,,,,,,,,,,,,,,,,,,,,,,,,,,0.9792323704861947,0.9750740756460017,0.981481817244014,0.99221851675401,1.0,0.9950248756218905,0.9896485315358691,0.9822775241648616,0.9809830560664822,0.9777013914944949,0.9788448087541605,0.9801470809692118,0.9803193264436225,0.978298377936074,0.974770741482398,0.9774761578451864,0.9796792368220354,0.9843179825147321,0.983750966937775,0.9811632181339389,0.9772345742377434,0.9731187483864335,0.9706651116877714,0.965972248246313,0.9738682727057729,0.9849551178503121,0.9923823311598784,0.9880494294425439
394482,660,"Coldwater, MI",msa,MI,,,,,,,,,,,,,,,,,,,,,,,,,,,,,,,,,,,,,,,,,,,,,,,,,,,,,,,,,,,,,,,,,,,,,,,,,,,,,,,,,,,,,,,,,,,,,,,,,0.9710739761367106,0.9698035214765799,0.9700990897739298
394695,662,"Huntingdon, PA",msa,PA,,,,,,,,,,,,,,,,,,,,,,,,,,,,,,,,,,,,,,,,,,,,,,,,,,,,,,,,,,,,,,,,,,,,,,,,,,,,,,,,,,,,,,,,,,,,,,,,,,,0.9753482053198638
394567,663,"Ellensburg, WA",msa,WA,,,,,,,,,,,,,,,,,,,,,,,,,,,,,,,,,,,,,,,,,,,,,,,,,,,,,,,,,,,,0.9848679206843318,0.9832622500521125,0.9875833448725856,0.9935103244837759,1.0,0.9982301694182586,0.9919035877728474,0.9905056685745284,0.9870178756021163,0.9842120371562034,0.9772174450569109,0.9798295659655617,0.9864923832811684,0.9879330184879218,0.9878984541317495,0.9805641353388395,0.986309738812086,0.9889898058137611,0.993260921849583,0.9904519237476667,0.9821740211589408,0.9828406466430843,0.9801892506959456,0.9767712468519231,0.9758370863301292,0.9825037529967959,0.9918039458818887,0.9914159955331394,0.9914159955331394,0.9902306456294259,0.9875972604301678,0.97723401256692,0.9791034799549606,0.9794926163908834,0.9820318746076815,0.9795768040043438,0.9821613904705093,0.9899853801169591,0.9941520467836257,0.9963716675394662
394990,664,"Ponca City, OK",msa,OK,,,,,,,,,,,,,,,,,,,,,,,,,,,,,,,,,,,,,,,,,,,,,,,,,,,,,,,,,,,,,,,,,,,,,,,,,,,,,,,,,,,,,,,,,,,,,,,,0.961365379815696,0.962728772193581,0.9620165214813303,0.9720361059077415
394779,665,"Lawrenceburg, TN",msa,TN,,,,,,,,,,,,,,,,,,,,,,,,,,,,,,,,,,,,,,,,,,,,,,,,,,,,,,,,,,,,,,,,,,,,,,,,,,,,,,,,,,,,,,,,,,,,,,,,0.9697513559247403,0.9744004058174546,0.9736009386726917,0.9718493229208445
394842,666,"McAlester, OK",msa,OK,,,,,,,,,,,,,,,,,,,,,,,,,,,,,,,,,,,,,,,,,,,,,,,,,,,,,,,,,,,,,,,,,,,,,,,,,,,,,,,,,,,,,,,,,,,,,,,,,0.9547934801905958,0.9591345979754596,0.9607778207478702
394886,667,"Mount Pleasant, TX",msa,TX,,,,,,,,,,,,,,,,,,,,,,,,,,,,,,,,,,,,,,,,,,,,,,,,,,,,,,,,,,,,,,,,,,,,,,,,,,,,,,,,,,,,,,,,,,,,,,,,,,,0.9744765945097518
395228,668,"Willmar, MN",msa,MN,,,,,,,,,,,,,,,,,,,,,,,,,,,,,,,,,,,,,,,,,,,,,,,,,,,,,,,,,,,,,,,,,,,,,,,,,,,,,,,,,,,,,,,,,,,,,,,,,0.9843816638112911,0.9832452173141265,0.9930281360918555
394895,670,"Muscatine, IA",msa,IA,,,,,,,,,,,,,,,,,,,,,,,,,,,,,,,,,,,,,,,,,,,,,,,,,,,,,,,,,,,,,,,,,,,,,,,,,,,,,,,,,,,,,,,,,,,,,,,,,0.9784391341707449,0.9816661410819622,0.9928490691623972
394785,671,"Lewisburg, PA",msa,PA,,,,,,,,,,,,,,,,,,,,,,,,,,,,,,,,,,,,,,,,,,,,,,,,,,,,,,,,,,,,,,,,,,,,,,,,,,,,,,,,,,,,,,,,,,,,,,,,,,,0.9757267876952334
394349,672,"Auburn, IN",msa,IN,,,,,,,,,,,,,,,,,,,,,,,,,,,,,,,,,,,,,,,,,,,,,,,,,,,,,,,,,,,,,,,,,,,,,,,,1.0,0.9981818181818182,0.9943458393458394,0.9943458393458394,0.9934220443733048,0.9958287711845101,0.9958287711845101,0.9985707479752263,0.9974656529278377,0.9974656529278377,0.9974656529278377,0.9928104575163399,0.9875021684187489,0.9863634191740737,0.9935529616577338,0.9988612507553247,1.0,1.0,1.0,0.995,0.9900248756218906,0.9837082359279946,0.9887082359279947,0.9923782725392569,0.997306023344264,0.997306023344264,0.9986111111111112,1.0
394545,673,"Duncan, OK",msa,OK,,,,,,,,,,,,,,,,,,,,,,,,,,,,,,,,,,,,,,,,,,,,,,,,,,,,,,,,,,,,,,,,,,,,,,,,,,,,,,,,,,,,,,,,,,,,,,,,0.955635285988793,0.9581088715513658,0.9690618813159206,0.9788558698333135
395081,674,"Sedalia, MO",msa,MO,,,,,,,,,,,,,,,,,,,,,,,,,,,,,,,,,,,,,,,,,,,,,,,,,,0.9892436915585324,0.9811494060824014,0.9781446651734457,0.9852641602019023,0.9907160283710255,0.9941563021807873,0.9847529256865633,0.9824570713886328,0.9775766156794349,0.9749834197657754,0.9691690031986707,0.9710231493087317,0.9762170006281798,0.9869696888002228,0.9870078109099819,0.988979614124021,0.9808979208632284,0.9796545701112375,0.9844854879856336,0.9836782923575376,0.9891773910337623,0.9846111809881002,0.9850738439929158,0.9807182558941637,0.9812440618994218,0.983426084949751,0.9897153931258517,0.9937557971662557,1.0,0.9960761232097313,0.9908420133602368,0.985144007662231,0.9823432780971464,0.981404548440468,0.9871025541384738,0.9849932106569274,0.9831327555444398,0.9831327555444398,0.9878344739763808,0.9958677685950413,0.9919461999675904,0.9865403698210646,0.9798242871615858,0.9752214998835842,0.9847595614350686,0.9903533096388797,0.9928793793403905,0.9851371325535325,0.9847267476470236,0.9830516986906476
394448,675,"Cedartown, GA",msa,GA,,,,,,,,,,,,,,,,,,,,,,,,,,,,,,,,,,,,,,,,,,,,,,,,,,,,,,,,,,,,,,,,,,,,,,,,,,,,,,,,,,,,,,,,,,,,,,,,,0.9907409886521781,0.9875814656397792,0.9885705853232608
394297,677,"Aberdeen, SD",msa,SD,,,,,,,,,,,,,,,,,,,,,,,,,,,,,,,,,,,,,,,,,,,,,,,,,,,,,,,,,,,,,,,,,,,,,,,,,,,,,,,,,,,,,,,,,,,,,,,,,0.963862646883716,0.9684954288661674,0.9737149464086964
395032,678,"Rock Springs, WY",msa,WY,,,,,,,,,,,,,,,,,,,,,,,,,,,,,,,,,,,,,,,,,,,,,,,,,,,,,,,,,,,,,,,,,,,,,,,,,,,,,,,,,,,,,,,,,,,0.9930919350998871,0.9914772260745656,0.9853043865683927,0.9845689422374427,0.9867025333360032,0.9869814632154571,0.9837002599407537,0.9812081720024105,0.9809402545904758
395129,680,"Stephenville, TX",msa,TX,,,,,,,,,,,,,,,,,,,,,,,,,,,,,,,,,,,,,,,,,,,,,,,,,,,,,,,,,,,,,,,,,,,,,,,,,,,,,,,,,,,,0.9600903622670137,0.9648703356568525,0.9684215784215784,0.9737162837162837,0.9770411852583539,0.9707975917377848,0.9673208191268564,0.9645302851779771,0.9643773553252788,0.9625763730058227,0.9650519807887554,0.9631554821992762,0.96710556285267,0.9694018077360376,0.9719723878893859,0.9717931354325561
395230,682,"Wilmington, OH",msa,OH,,,,,,,,,,,,,,,,,,,,,,,,,,,,,,,,,,,,,,,,,,,,,,,,,,,,,,,,,,,,,,,,,,,,,,,,,,,,,,,,,,,,,,,,,,,,,,,,,0.9742551439652397,0.9843662550763509,0.9889830783852522
394424,683,"Bucyrus, OH",msa,OH,,,,,,,,,,,,,,,,,,,,,,,,,,,,,,,,,,,,,,,,,,,,,,,,,,,,,,,,,,,,,,,,,,,,,,,,,,,,,,,,,,,,,,,,,,,,,,,,,,,0.9817806900526277
394319,684,"Alma, MI",msa,MI,,,,,,,,,,,,,,,,,,,,,,,,,,,,,,,,,,,,,,,,,,,,,,,,,,,,,,,,,,,,,,,,,,,,,,,,,,,,,,,,,,,,,,,,,,,,,,,,,0.9819569970781211,0.9808821485340523,0.996125882869892
394624,687,"Gainesville, TX",msa,TX,,,,,,,,,,,,,,,,,,,,,,,,,,,,,,,,,,,,,,,,,,,,,,,,,,,,,,,,,,,,,,,,,,,,,,,,,,,,,,,,,,,,,,,,,,,,,,,,,0.967427725564353,0.9713513461546402,0.9714176124765846
394845,690,"McMinnville, TN",msa,TN,,,,,,,,,,,,,,,,,,,,,,,,,,,,,,,,,,,,,,,,,,,,,,,,,,,,,,,,,,,,,,,,,,,,,,,,,,,,,,,,,,,,,,,,,,,,,,,,0.9806891243226511,0.9667208348180555,0.9625301517563097,0.9606572855583253
394341,691,"Astoria, OR",msa,OR,,,,,,,,,,,,,,,,,,,,,,,,,,,,,,,,,,,,,,,,,,,,,,,,,,,,,,,,,,,,,,,,,,,,,,,,,,,,,,,,,,,,0.9680137385715376,0.9657174060404182,0.9810152221802312,0.9851770655299864,0.990127193719959,0.9908466699412699,0.9902313168259168,0.9832328579625712,0.9841686946590676,0.9799696959003121,0.9827981869522114,0.9809387122176503,0.9863591246978194,0.9839997026777021,0.9875406015037594,0.9838775978407557
394833,696,"Marshalltown, IA",msa,IA,,,,,,,,,,,,,,,,,,,,,,,,,,,,,,,,,,,,,,,,,,,,,,,,,,,,,,,,,,,,,,,,,,,,,,,,,,,,,,,,,,,,,,,,,,,,,,,,,0.9733536209263663,0.9755922953490704,0.9836992765261017
394384,697,"Big Rapids, MI",msa,MI,,,,,,,,,,,,,,,,,,,,,,,,,,,,,,,,,,,,,,,,,,,,,,,,,,,,,,,,,,,,,,,,,,,,,,,,,,,,,,,,,,,,,,,,,,,,,,,,,0.9665046514370017,0.9756563015686073,0.9842208727013441
394354,698,"Austin, MN",msa,MN,,,,,,,,,,,,,,,,,,,,,,,,,,,,,,,,,,,,,,,,,,,,,,,,,,,,,,,,,,,,,,,,,,,,,,,,,,,,,,,,,,,,,,,,,,,,,,,,,,0.9836550868180595,0.983297858906652
395219,700,"West Plains, MO",msa,MO,,,,,,,,,,,,,,,,,,,,,,,,,,,,,,,,,,,,,,,,,,,,,,,,,,,,,,,,,,,,,,,,,,,,,,,,,,,,,,,,,,,,,,,,,,,,,,,,0.9567411404588898,0.9502056879520334,0.9594598417069659,0.9542141194710859
394881,703,"Moscow, ID",msa,ID,,,,,,,,,,,,,,,,,,,,,,,,,,,,,,,,,,,,,,,,,,,,,,,,,,,,,,,,,,,,,,,,,,,,,,,,,,,,,,,,,,,,,,,,,,,,,,,,,,1.0,1.0
394981,708,"Pittsburg, KS",msa,KS,,,,,,,,,,,,,,,,,,,,,,,,,,,,,,,,,,,,,,,,,,,,,,,,,,,,,,,,,,,,,,,,,,,,,,,,,,,,,,,,,,,,,,,,,,,,,,,,0.9561176667551474,0.9668426920143167,0.9620085319131593,0.9633086402555211
394663,709,"Hannibal, MO",msa,MO,,,,,,,,,,,,,,,,,,,,,,,,,,,,,,,,,,,,,,,,,,,,,,,,,,,,,,,,,,,,,,,,,,,,,,,,,,,,,,,,,,,,,,,,,,,,,,,,0.9657268972344136,0.9593342488332044,0.9680853149003895,0.9734243955755315
394315,711,"Alexandria, MN",msa,MN,,,,,,,,,,,,,,,,,,,,,,,,,,,,,,,,,,,,,,,,,,,,,,,,,,,,,,,,,,,,,,,,,,,,,,,,,,,,,,,,,,,,,,,,,,,,,,,,,,0.980550354209652,0.9843523313901698
395227,715,"Williston, ND",msa,ND,,,,,,,,,,,,,,,,,,,,,,,,,,,,,,,,,,,,,,,,,,,,,,,,,,,,,,,,,,,,,,,,,,,,,,,,,,,,,,,,,,,,,,,,,,,,,,,,,,,0.9977234779162224
394715,719,"Jacksonville, IL",msa,IL,,,,,,,,,,,,,,,,,,,,,,,,,,,,,,,,,,,,,,,,,,,,,,,,,,,,,,,,,,,,,,,,,,,,,,,,,,,,,,,,,,,,,,,,,,,,,,,,,0.9763820836238372,0.9806711133042004,0.9905081212910138
394300,720,"Ada, OK",msa,OK,,,,,,,,,,,,,,,,,,,,,,,,,,,,,,,,,,,,,,,,,,,,,,,,,,,,,,,,,,,,,,,,,,,,,,,,,,,,,,,,,,,,,,,,,,,,,,,,0.9789426903341774,0.9747015474656903,0.9736258107822714,0.9759681531246137
394422,721,"Brownwood, TX",msa,TX,,,,,,,,,,,,,,,,,,,,,,,,,,,,,,,,,,,,,,,,,,,,,,,,,,,,,,,,,,,,,,,,,,,,,,,,,,,,,,,,,,0.9622907385872238,0.9590120500626337,0.9710977199112417,0.9680691038157336,0.9653127130620556,0.9619830947710555,0.9672881078066625,0.9776994088405493,0.9782854363924622,0.9753476854929262,0.9769954372497546,0.9755542372550994,0.9735988028103223,0.9694974574519416,0.9648237365029506,0.9658169905392358,0.9674787912500126,0.9713954014219359
394507,722,"Crawfordsville, IN",msa,IN,,0.9735109053625726,0.9742157044219063,0.9807535832470906,0.9851058230320353,0.9812864477118518,0.9706479385626446,0.9667112600455052,0.9617237227701422,0.9639773617458612,0.9552130976708835,0.9607339304274228,0.9644214385252258,0.9778538413391669,0.979742929260388,0.984384308345056,0.9887038633111627,0.9889383435056834,0.9833416371993994,0.963758190289703,0.9636372531256301,0.9641249107238443,0.9716006235094983,0.9704667888274198,0.9696345808920258,0.9720091413915358,0.973290456389127,0.9832485048624652,0.9885957135747169,0.9908224913315739,0.9908224913315737,0.9893605030274802,0.9885061156625016,0.978291398130711,0.9781834252005694,0.9805425629822615,0.9907572805140522,0.996713206660568,1.0,1.0,1.0,1.0,0.9966629588431591,0.991534753714954,0.9822237667503358,0.9855608079071766,0.9816098950068474,0.9883763527093792,0.9883763527093791,0.9974554707379135,1.0,1.0,1.0,0.9998334998334998,0.9922759015899336,0.9877941088728468,0.9727142322277528,0.9734225154028259,0.9706766979059305,0.9801680613228304,0.9834989159699242,0.989142400787875,0.9948974141825692,0.9984158746039687,0.9993020009306655,0.9993020009306655,0.9957559016398854,0.9918798583993285,0.9871776640419617,0.9907237633327419,0.9864005360045883,0.9876433777550858,0.9809780177603123,0.9898752873983575,0.9876203542909409,0.9942857142857143,0.9942857142857143,1.0,1.0,0.9978569842327337,0.995484060540964,0.9862248012817049,0.9795650502618031,0.9748457753720124,0.9841050346312716,0.9929078014184397,1.0,0.9935098773035197,0.9879171401156907,0.985314120939844,0.9863424502336461,0.9858489395998299,0.9822504083880795,0.9829918044167164,0.9784294895166613,0.9772029414147072,0.9767185008394903,0.9840667335281874,0.9895511974210427
395072,724,"Scottsbluff, NE",msa,NE,,,,,,,,,,,,,,,,,,,,,,,,,,,,,,,,,,,,,,,,,,,,,,,,,,,,,,,,,,,,,,,,,,,,,,,,,,,,,,,,,,,,,,,,,,,,,,,,,,,0.9665810439754067
394554,729,"Easton, MD",msa,MD,,,,,,,,,,,,,,,,,,,,,,,,,,,,0.9601269230339056,0.9602837272413253,0.9673018184796849,0.9712171715553565,0.9762986353461293,0.9727227639883457,0.974423387858014,0.9760640159842109,0.9768112900677353,0.978676782753921,0.9805543052220709,0.9900634413949566,0.99678414386034,1.0,1.0,0.9966996699669967,0.9951981684654951,0.9898232556921157,0.988832413668904,0.982740900743678,0.976198891487776,0.9760307547368562,0.9780178884150826,0.9899348104443643,0.9943941192514991,1.0,0.9986413043478262,0.9902436220846242,0.9825315398224134,0.9739604289346113,0.9689779183529001,0.9675575805237867,0.9741338450898702,0.9811368154446646,0.9902692355359889,0.9844976101113329,0.9825305199093125,0.9825305199093125,0.991119781627261,0.9994640943193999,0.9888257964470594,0.9831888626214867,0.9636589116423616,0.9645884716506243,0.9707613111567971,0.9902912621359223,0.9956393484673592,0.9956393484673592,0.9956393484673592,0.9946101589937206,0.9879434923270539,0.9773087488027743,0.9762988855083982,0.9735342860990431,0.9819318931579984,0.9749893755910864,0.9800716593811676,0.973419906957603,0.9756510177140595,0.9698306177375944,0.9717264996334763,0.9717079501992342,0.9734474062234942,0.9688574016334895,0.975420852133181,0.9740247241326646,0.9763686284737524,0.9657833233678993,0.9646572082748711,0.9664516624066666,0.9730233031592022,0.976541982663036
394948,730,"Owatonna, MN",msa,MN,,,,,,,,,,,,,,,,,,,,,,,,,,,,,,,,,,,,,,,,,,,,,,,,,,,,,,,,,,,,,,,,,,,,,,,,,,,,,,,,,,,,,,,,,,,,,,,,,0.9760028329815484,0.987721067503324,0.993533918374423
394617,735,"Fremont, NE",msa,NE,,,,,,,,,,,,,,,,,,,,,,,,,,,,,,,,,,,,,,,,,,,,,,,,,,,,,,,,,,,,,,,,,,,,,,,,,,,,,,,,,,,,,,,,,,,,,,,,0.978782058645136,0.982647458920174,0.976514599587437,0.9814929149011015
394382,736,"Bennington, VT",msa,VT,,,,,,,,,,,,,,,,,,,,,,,,,,,,,,,,,,,,,,,,,,,,,,,,,,,,,,,,,,,,,,,,,,,,,,,,,,,,,,,,,,,,,,,,,,,,,,,,,0.9645662759607009,0.9772158547614928,0.983115559776242
394745,744,"Kill Devil Hills, NC",msa,NC,0.9618461824939297,0.9666043265496898,0.9669159819829254,0.9671788839027714,0.9649834440682322,0.9640250033881358,0.9653777162412345,0.9657032668480764,0.9667160761231995,0.9684417602545451,0.9673351775696001,0.9663022217890896,0.9599534370717092,0.9608836696298488,0.9620399039984244,0.9652387439496125,0.9660588331417946,0.9647390316500527,0.9650393444953832,0.9652926005625927,0.9676113645911683,0.9669039605715747,0.9665899728295558,0.9668755714448043,0.966681876945728,0.9682269859826045,0.96665049301834,0.9672876313706023,0.9682538455002225,0.9715618299888988,0.976136095698877,0.9792352097568952,0.9812742576769029,0.9832023568160171,0.9836208481332118,0.9850975968158294,0.9865770788979233,0.9921918936140347,0.9965205288796103,1.0,1.0,1.0,1.0,0.9971401439482911,0.9971401439482911,0.9939954898602409,0.9930024935598477,0.991140296166924,0.9942849502549743,0.9981378026070763,1.000030558935601,1.000030558935601,0.9956737681258921,0.9927414893369924,0.9873955773873068,0.9847324358810537,0.9781962322683727,0.9745331352090494,0.9716239895108271,0.9707526346262911,0.9751166979377229,0.9778510547538911,0.982711103970967,0.9828959874979807,0.9860311687771875,0.9875363228124966,0.9849949262049517,0.9860842291109707,0.979771893952691,0.9767883452345476,0.9676510990415887,0.9659526753092665,0.9676903506188118,0.9713232575533746,0.9763827690559204,0.9774354842654015,0.976363521157113,0.9749772701443346,0.9742920734376491,0.9727275017060131,0.9705148432681229,0.9714840100928185,0.970786397651802,0.9753809245739076,0.9736894208954888,0.9755636345131063,0.9730726320369602,0.9732169770663068,0.9713857952154186,0.9710374265515075,0.9707018232779392,0.9737718628894245,0.9717172882505801,0.9686906753987433,0.970028592637386,0.9697111323199256,0.9730754352175258,0.9699154378919678,0.9690041664135949
395137,745,"Sulphur Springs, TX",msa,TX,,,,,,,,,,,,,,,,,,,,,,,,,,,,,,,,,,,,,,,,,,,,,,,,,,,,,,,,,,,,,,,,,,,,,,,,,,,,,,,,,,,,,,,,,,,,,,,,,,0.9879875234299784,0.9761274009208677
394702,746,"Hutchinson, MN",msa,MN,,,,,,,,,,,,,,,,,,,,,,,,,,,,,,,,,,,,,,,,,,,,,,,,,,,,,,,,,,,,,,,,,,,,,,,,,,,,,,,,,,,,,,,,,,,,,,,,0.9789658123938886,0.9849614845749066,0.9943658732896402,1.0
394696,748,"Huntington, IN",msa,IN,,,,,,,,,,,,,,,,,,,,,,,,,,,,,,,,,,,,,,,,,,,,,,,,,,,,,,,,,,,,,,,,,,,,,,,,,,,,,,,,,,,,,,,,,,,,,,,,0.9797797760674775,0.9802409738812153,0.9869246399487949,0.9922117028302466
395192,750,"Vincennes, IN",msa,IN,,,,,,,,,,,,,,,,,,,,,,,,,,,,,,,,,,,,,,,,,,,,,,,,,,,,,,,,,,,,,,,,,,,,,,,,,,,,,,,,,,,,,,,,,,,,,,,,,0.9596632679690836,0.964103183987362,0.9693984156762706
394920,752,"North Platte, NE",msa,NE,,,,,,,,,,,,,,,,,,,,,,,,,,,,,,,,,,,,,,,,,,,,,,,,,,,,,,,,,,,,,,,,,,,,,,,,,,,,,,,,,,,,,0.961287743977747,0.9696419628582816,0.9734119829534835,0.9844974625873503,0.9817796854856363,0.9808320064480697,0.9761752049162681,0.9671676888856536,0.9717167746368468,0.9681342744867237,0.9628374507154186,0.9608055046153101,0.964911046787131,0.9729984557869846,0.9813199836886882
394992,754,"Pontiac, IL",msa,IL,,,,,,,,,,,,,,,,,,,,,,,,,,,,,,,,,,,,,,,,,,,,,,,,,,,,,,,,,,,,,,,,,,,,,,,,,,,,,,,,,,,,,,,,,,,,,,,,,,,0.9837521709435922
394781,755,"Lebanon, MO",msa,MO,,,,,,,,,,,,,,,,,,,,,,,,,,,,,,,,,,,,,,,,,,,,,,,,,,,,,,,,,,,,,,,,,,,,,,,,,,,,,,,,,,,,,,,,,,,,,,,,,0.974230367216354,0.9788354519878815,0.9893853745946015
394413,759,"Brenham, TX",msa,TX,,,,,,,,,,,,,,,,,,,,,,,,,,,,,,,,,,,,,,,,,,,,,,,,,,,,,,,,,,,,,,,,,,,,,,,,,,,,,,,,,,,,,,,,,,,,,,,,0.944201513088729,0.9367752732896077,0.9526191162280989,0.9471532316630356
394430,764,"Butte, MT",msa,MT,,,,,,,,,,,,,,,,,,,,,,,,,,,,,,,,,,,,,,,,,,,,,,,,,,,,,,,,,,,,,,,,,,,,,,,,,,,,,,,,,,,,,,,,,,,,,,,,,0.9662667255643891,0.9739180046837213,0.9936797018647733
394569,767,"Emporia, KS",msa,KS,,,,,,,,,,,,,,,,,,,,,,,,,,,,,,,,,,,,,,,,,,,,,,,,,,,,,,,,,,,,,,,,,,,,,,,,,,,,,,,,,,,,,,,,,,,,,,,,0.9600816469355896,0.9637742865505592,0.9689864517601997,0.977117898721028
394713,768,"Jackson, WY",msa,WY,,,,,,,,,,,,,,,,,,,,,,,,,,,,,,,,,,,,,,,,,,,,,,,,,,,,,,,,,,,,,,,,,,,,,,,,,,,,,,,,,,,0.9557430842573362,0.9619503999453043,0.9605083914912504,0.9682853193625179,0.962636582506653,0.9654331025814477,0.9637083807623861,0.9662621997583388,0.9592907103054343,0.9549861843488433,0.9534679160345676,0.9537135349158024,0.943484570188275,0.9428481855550169,0.9422845406151458,0.9587735300807972,0.9658152908603803
395211,773,"Watertown, SD",msa,SD,,,,,,,,,,,,,,,,,,,,,,,,,,,,,,,,,,,,,,,,,,,,,,,,,,,,,,,,,,,,,,,,,,,,,,,,,,,,,,,,,,,,,,,,,,,,,,,,,,0.9776938732077772,0.9801479672066842
394331,774,"Angola, IN",msa,IN,,,,,,,,,,,,,,,,,,,,,,,,,,,,,,,,,,,,,,,,,,,,,,,,,,,,,,,,,,,,,,,,,,,,,,,,,,,,,,,,,,,,,,,,,,,,,,,,,0.9824732757037147,0.9814122515054935,0.9843857870392432
394535,775,"Dixon, IL",msa,IL,,,,,,,,,,,,,,,,,,,,,,,,,,,,,,,,,,,,,,,,,,,,,,,,,,,,,,,,,,,,,,,,,,,,,,,,,,,,,,,,,,,,,,,,,,,,,,,,,,0.9857538440899197,0.9927048371369972
395149,777,"Taos, NM",msa,NM,,,,,,,,,,,,,,,,,,,,,,,,,,,,,,,,,,,,,,,,,,,,,,,,,,,,,,,,,,,,,,,,,,,,,,,,,,,,,,,,,,,,,,,,,,,,,,,,,0.9533255610393349,0.9524889478337754,0.9606768992420657
394491,780,"Columbus, NE",msa,NE,,,,,,,,,,,,,,,,,,,,,,,,,,,,,,,,,,,,,,,,,,,,,,,,,,,,,,,,,,,,,,,,,,,,,,,,,,,,,,,,,,,,,,,,,,,,,,,,,0.9619038678696111,0.9834656394313827,0.986562403363243
395150,781,"Taylorville, IL",msa,IL,,,,,,,,,,,,,,,,,,,,,,,,,,,,,,,,,,,,,,,,,,,,,,,,,,,,,,,,,,,,,,,,,,,,,,,,,,,,,,,,,,,,,,,,,,,,,,,,,,0.9581030515696884,0.9678497481129228
394786,783,"Lewisburg, TN",msa,TN,,,,,,,,,,,,,,,,,,,,,,,,,,,,,,,,,,,,,,,,,,,,,,,,,,,,,,,,,,,,,,,,,,,,,,,,,,,,,,,,,,,,,,,,,,,,,,,,0.9774396927915993,0.9769088207556137,0.9814044313665967,0.9878980237259419
394533,785,"Dickinson, ND",msa,ND,,,,,,,,,,,,,,,,,,,,,,,,,,,,,,,,,,,,,,,,,,,,,,,,,,,,,,,,,,,,,,,,,,,,,,,,,,,,,,,,,,,,,,,,,,,,,,,,,0.9786276019405431,0.9781463348730274,0.9782288073049847
786262,786,"Pella, IA",msa,IA,,,,,,,,,,,,,,,,,,,,,,,,,,,,,,,,,,,,,,,,,,,,,,,,,,,,,,,,,,,,,,,,,,,,,,,,,,,,,,,,,,,,,,,,,,,,,,,,,0.9745469125526754,0.9739345493430359,0.9772327334534232
394613,790,"Frankfort, IN",msa,IN,,,,,,,,,,,,,,,,,,,,,,,,,,,,,,,,,,,,,,,,,,,,,,,,,,,,,,,,,,,,,,,,,,,,,,,,,,,,,,,,,,,,,,,,,,,,,,,,,,0.9914559249030317,0.9897306055188005
394433,799,"Cambridge, MD",msa,MD,,,,,,,,,,,,,,,,,,,,,,,,,,,,,,,,,,,,,,,,,,,,,,,,,,,,,,,,,,,,,,,,,,,,,,,,,,,,,,,,,,,,,,,,,,,,,,,,,0.9864145443803537,0.9851941375780863,0.9895198555355078
394962,800,"Paris, TN",msa,TN,,,,,,,,,,,,,,,,,,,,,,,,,,,,,,,,,,,,,,,,,,,,,,,,,,,,,,,,,,,,,,,,,,,,,,,,,,,,,,,,,,,,,,,,,,,,,,,,,,0.9588901204488153,0.969799125643295
394383,805,"Berlin, NH",msa,NH,,,,,,,,,,,,,,,,,,,,,,,,,,,,,,,,,,,,,,,,,,,,,,,,,,,,,,,,,,,,,,,,,,,,,,,,,,,,,,,,,,,,,,,,,,,,,,,,,,0.9582910791969389,0.9712251637349548
394670,807,"Hastings, NE",msa,NE,,,,,,,,,,,,,,,,,,,,,,,,,,,,,,,,,,,,,,,,,,,,,,,,,,,,,,,,,,,,,,,,,,,,,,,,,,,,,,,,,,,,,,,,,,,,,,,,,,0.9692645534954037,0.974427134786049
753871,811,"Breckenridge, CO",msa,CO,,0.9838286991526318,0.9858991657471764,0.98724283839354,0.9846342583516633,0.9840562663531364,0.981737173841152,0.9815607541414559,0.976723580960048,0.9736281531682766,0.9735246469452118,0.9766529850071116,0.9774814115577187,0.9791371670247639,0.9789795675087826,0.9816514203882766,0.983268451238413,0.9825549463956454,0.9801870856711087,0.9763996285345349,0.9760372186542549,0.976008972968748,0.9785830557621282,0.9779474479273523,0.9789457535233335,0.9760510827954185,0.9740037107353382,0.9730576252769428,0.9757094549559914,0.9806311340629978,0.9852422398338975,0.9873782948897455,0.9892246262218332,0.986703195674204,0.990579164666452,0.99407685471045,1.0000175447830586,1.0000175447830586,1.007887915153429,1.0104444113165043,1.0104444113165043,1.0035631606296158,1.0009891196834817,1.0009891196834817,1.0,1.0,1.0,1.0101010101010102,1.0101010101010102,1.0127256820170205,1.0064463214005466,1.0064463214005466,1.000293795494873,0.9906917991895275,0.9818176322193444,0.9755884783797105,0.9726731730266067,0.9719801747391846,0.9699400811192063,0.969396141642898,0.9729199464668992,0.9809302378598136,0.9845675886136762,0.9880448725782017,0.9843821405897204,0.9816161806492589,0.9780497150807511,0.9779105495368858,0.9788812274426802,0.9744596797705043,0.9741253539692855,0.9739071768417288,0.975183317764535,0.9779383924981307,0.9789967155075328,0.9815912891900611,0.9799051660358309,0.9769387335612016,0.9758701706811332,0.9746362233355407,0.9721080471625446,0.9668391518137075,0.9670436151724081,0.9694088552904304,0.973997681372476,0.974810540099222,0.9783074249857749,0.9770975589588256,0.9760874579487245,0.9717206376552981,0.9702513998224239,0.9692716451946007,0.9693401769530743,0.9680481872889916,0.964219861108734,0.9618236128755407,0.964517975786657,0.968054827267396,0.9728091434269596
394855,817,"Miami, OK",msa,OK,,,,,,,,,,,,,,,,,,,,,,,,,,,,,,,,,,,,,,,,,,,,,,,,,,,,,,,,,,,,,,,,,,,,,,,,,,,,,,,,,,,,,,,,,,,,,,,,,,,0.9640559495227535
394846,820,"McPherson, KS",msa,KS,,,,,,,,,,,,,,,,,,,,,,,,,,,,,,,,,,,,,,,,,,,,,,,,,,,,,,,,,,,,,,,,,,,,,,,,,,,,,,,,,,,,,,,,,,,,,,,,,0.9956448316661288,0.9977435970982276,0.9977435970982276
394751,821,"Kirksville, MO",msa,MO,,,,,,,,,,,,,,,,,,,,,,,,,,,,,,,,,,,,,,,,,,,,,,,,,,,,,,,,,,,,,,,,,,,,,,,,,,,,,,,,,,,,,,,,,,,,,,,,,,0.974114687513106,0.9713905701067418
394320,824,"Alpena, MI",msa,MI,,,,,,,,,,,,,,,,,,,,,,,,,,,,,,,,,,,,,,,,,,,,,,,,,,,,,,,,,,,,,,,,,,,,,,,,,,,,,,,,,,,,,,,,,,,,,,,,,,,1.0
395206,825,"Washington Court House, OH",msa,OH,,,,,,,,,,,,,,,,,,,,,,,,,,,,,,,,,,,,,,,,,,,,,,,,,,,,,,,,,,,,,,,,,,,,,,,,,,,,,,,,,,,,,,,,,,,,,,,,,0.9740864847217899,0.9868371521882401,0.9901545774006717
394606,827,"Fort Morgan, CO",msa,CO,,,,,,,,,,,,,,,,,,,,,,,,,,,,,,,,,,,,,,,,,,,,,,,,,,,,,,,,,,,,,,,,,,,,,,,,,,,,,,,,,,,,,,,,,,,,,,,,,,,0.9891398066871645
394892,832,"Mountain Home, ID",msa,ID,,,,,,,,,,,,,,,,,,,,,,,,,,,,,,,,,,,,,,,,,,,,,,,,,,,,,,,,,,,,,,,,,,,,,,,,,,,,,,,,,,,,0.9877377176787975,0.9901186700597499,0.990834296495707,0.9954881948233011,0.9944878613788197,0.9968978771670898,0.9920425419746056,0.9923607471789779,0.9927531348580049,0.9951287634415187,0.9932712091419452,0.9932712091419452,0.9930062579031782,0.9955459404428608,0.9955459404428608,1.0
394864,833,"Mineral Wells, TX",msa,TX,,,,,,,,,,,,,,,,,,,,,,,,,,,,,,,,,,,,,,,,,,,,,,,,,,,,,,,,,,,,,,,,,,,,,,,,,,,,,,,,,,,,,,,,,,,,,,,,,0.9371263419398487,0.9550915360496212,0.9667997981390535
394795,834,"Lincoln, IL",msa,IL,,,,,,,,,,,,,,,,,,,,,,,,,,,,,,,,,,,,,,,,,,,,,,,,,,,,,,,,,,,,,,,,,,,,,,,,,,,,,,,,,,,,,,,,,,,,,,,,,,,1.3316239316239316
753923,849,"The Dalles, OR",msa,OR,,,,,,,,,,,,,,,,,,,,,,,,,,,,,,,,,,,,,,,,,,,,,,,,,,,,,,,,,,,,,,,,,,,,,,,,,,,,,,,,,,,,,,,,,,,,,,,,,,,0.9897730181761406
394649,850,"Greensburg, IN",msa,IN,,,,,,,,,,,,,,,,,,,,,,,,,,,,,,,,,,,,,,,,,,,,,,,,,,,,,,,,,,,,,,,,,,,,,,,,,,,,,,,,,,,,,,,,,,,,,,,,,0.9788862946227094,0.9731177410757098,0.9661991629058052
753909,854,"Ottawa, KS",msa,KS,,,,,,,,,,,,,,,,,,,,,,,,,,,,,,,,,,,,,,,,,,,,,,,,,,,,,,,,,,,,,,,,,,,,,,,,,,,,,,,,,,,,,,,,,,,,,,,,,0.9939142716777205,1.0,0.9928571428571429
395110,858,"Spearfish, SD",msa,SD,,,,,,,,,,,,,,,,,,,,,,,,,,,,,,,,,,,,,,,,,,,,,,,,,,,,,,,,,,,,,,,,,,,,,,,,,,,,,,,,,,,,,,,,,,,,,,,,0.9623276827431749,0.9658634282680545,0.970983591733134,0.9723774874312835
394830,860,"Marshall, MN",msa,MN,,,,,,,,,,,,,,,,,,,,,,,,,,,,,,,,,,,,,,,,,,,,,,,,,,,,,,,,,,,,,,,,,,,,,,,,,,,,,,,,,,,,,,,,,,,,,,,,,,,1.0140963706181096
394322,864,"Altus, OK",msa,OK,,,,,,,,,,,,,,,,,,,,,,,,,,,,,,,,,,,,,,,,,,,,,,,,,,,,,,,,,,,,,,,,,,,,,,,,,,,,,,,,,,,,,,,,,,,,,,,,0.9804966341097642,0.9803064917018275,0.9684396953991241,0.9619635838277351
753884,866,"Hailey, ID",msa,ID,,,,,,,,,,,,,,,,,,,,,,,,,,,,,,,,,,,,,,,,,,,,,,,,,,,,,,,,,,,,,,,,,,,,,,,,,,,,,0.9620683646180472,0.9688528263290941,0.9746012357884615,0.9732093261108382,0.9723691736456231,0.9749367633198442,0.9775219550170259,0.9753182659019745,0.9737363418632677,0.973153591280517,0.9771183037162171,0.9769814268425746,0.9773447087848041,0.9754304193713521,0.9704304193713521,0.9690786571120983,0.9671716347824683,0.9697954634303932,0.9661356266316116,0.9707298967123806,0.9708601873302029,0.9761877102976287,0.9764954489463301
753921,867,"Steamboat Springs, CO",msa,CO,,,,,,,,,,,,,,,,,,,,,,,,,,,,,,,,,,,,,,,,,,,,,,,,,,,,,,,,,,,,,,,,,,,,,,,,0.9637379245563084,0.9804095148614453,0.987569396459108,0.9898015633392937,0.9835528539009678,0.9864264171193585,0.9824900308771277,0.9785473785473786,0.9680544923685167,0.9692093191870604,0.9701163486655183,0.9746249618868966,0.9769126255876075,0.9777646698121109,0.9744499782819508,0.9723333998494234,0.970957411214365,0.9706224643339931,0.9684504669831583,0.9680673819152553,0.9666481324852478,0.9592377309520964,0.9590763501538224,0.9572759521657161,0.9678369792421991,0.9684711732792439,0.9699727337838623,0.9693516951881401
394869,869,"Moberly, MO",msa,MO,,,,,,,,,,,,,,,,,,,,,,,,,,,,,,,,,,,,,,,,,,,,,,,,,,,,,,,,,,,,,,,,,,,,,,,,,,,,,,,,,,,,,,,,,,,,,,,,,,,0.9851286596114103
395004,872,"Prineville, OR",msa,OR,,,,,,,,,,,,,,,,,,,,,,,,,,,,,,,,,,,,,,,,,,,,,,,,,,,,,,,,,,,,,,,,,,,,,,,,,,,,,,,,,,,,,,,,,,,,,,,,,0.9836299229989766,0.988124872493926,0.9912962962962962
845169,874,"Rockport, TX",msa,TX,,,,,,,,,,,,,,,,,,,,,,,,,,,,,,,,,,,,,,,,,,,,,,,,,,,,,,,,,,,,,,,,,,,,,,,,,,,,,,,,,,,,,,,,,,,,,,,,,0.9486203186695482,0.9564151032500471,0.9623814202305981
394868,878,"Mitchell, SD",msa,SD,,,,,,,,,,,,,,,,,,,,,,,,,,,,,,,,,,,,,,,,,,,,,,,,,,,,,,,,,,,,,,,,,,,,,,,,,,,,,,,,,,,,,,,,,,,,,,,,,,,0.981152975745328
395112,922,"Spirit Lake, IA",msa,IA,,,,,,,,,,,,,,,,,,,,,,,,,,,,,,,,,,,,,,,,,,,,,,,,,,,,,,,,,,,,,,,,,,,,,,,,,,,,,,,,,,,,,,,,,,,,,,,,,,,0.9700557604816376
